date,VolStress,SqStress,TailVolBreadth,TailLossBreadth,TailGainBreadth,AvgCorr60,AvgCorr30
2017-01-02,0.006352619461274482,6.530357644179134e-05,,,,,
2017-01-03,0.00584152416862553,6.411345751109804e-05,,,,,
2017-01-04,0.003374030408425427,2.4173015204681065e-05,,,,,
2017-01-05,0.002913184977298755,1.4421288625966719e-05,,,,,
2017-01-06,0.0016839323673194634,4.839884310793469e-06,,,,,
2017-01-09,0.004987925056309861,3.62430903758205e-05,,,,,
2017-01-10,0.004880754436484602,4.93362441942192e-05,,,,,
2017-01-11,0.003395206351934442,1.6966477138379184e-05,,,,,
2017-01-12,0.005121501154690964,4.4237680873115494e-05,,,,,
2017-01-13,0.008600205638577335,9.92521250909622e-05,,,,,
2017-01-16,0.006620799638947,5.828921250892366e-05,,,,,
2017-01-17,0.004125229894716847,2.575606536941944e-05,,,,,
2017-01-18,0.0026972381997790785,1.0081786298783702e-05,,,,,
2017-01-19,0.00371206884769706,2.0253610009202016e-05,,,,,
2017-01-20,0.0035816039980266444,1.939454525803709e-05,,,,,
2017-01-23,0.005484215697493548,4.132069353475593e-05,,,,,
2017-01-24,0.005657683545600017,5.202313808205681e-05,,,,,
2017-01-25,0.011133056484169448,0.00018300400913595562,,,,,
2017-01-26,0.003345222602542155,1.7807881808052292e-05,,,,,
2017-01-27,0.005103800185337626,9.156277746346485e-05,,,,,0.3424561103386437
2017-01-30,0.013196096707242491,0.00024055660322519617,,,,,0.4187911785258786
2017-01-31,0.006132227351757143,5.1074653081522746e-05,,,,,0.416048693196065
2017-02-01,0.007801348195337924,8.293005951497751e-05,,,,,0.41101869354531906
2017-02-02,0.004842386261717782,3.1622022276272084e-05,,,,,0.39684833437796724
2017-02-03,0.006772784289941401,5.8770280660468595e-05,,,,,0.4076646778087099
2017-02-06,0.008836998542950964,0.00010183322488425342,,,,,0.40554311998714015
2017-02-07,0.0034295235485633895,1.4811380961601515e-05,,,,,0.40049137104374816
2017-02-08,0.003320038747639262,3.112081795570077e-05,,,,,0.39538014975099145
2017-02-09,0.008333750613698489,9.249695412676829e-05,,,,,0.3933723213492872
2017-02-10,0.005226872952255721,5.641923066579233e-05,,,,0.38719259670262046,0.38719259670262046
2017-02-13,0.007453520283003279,6.60136784845555e-05,,,,0.38813475956088445,0.38909409858194327
2017-02-14,0.0035843526880549328,2.1567237785065244e-05,,,,0.38409576683894336,0.3768904403698644
2017-02-15,0.005642331487885346,4.0903255055549426e-05,,,,0.37786755916129466,0.37519443653217527
2017-02-16,0.0035288606724832817,2.2604143667339675e-05,,,,0.37351510897585105,0.37514793817736863
2017-02-17,0.005153428377418693,4.192487711976878e-05,,,,0.3644136051725869,0.36676355431220453
2017-02-20,0.005201069883607193,4.787764799982535e-05,,,,0.3669569511308064,0.37458434942576774
2017-02-21,0.007726509487011263,9.26531891728247e-05,,,,0.37317614073170735,0.38933114661941554
2017-02-22,0.005136847244297661,4.467538127031383e-05,,,,0.36805095390147236,0.3845134749429541
2017-02-23,0.004531197327384764,3.417772404780621e-05,,,,0.366714864836354,0.37604492114842475
2017-02-24,0.008896363820377536,0.00010757410468091202,,,,0.3892539334366112,0.4141369899370472
2017-02-27,0.0031752948808194915,2.7601159878429884e-05,,,,0.3855466160635973,0.4054801123892204
2017-02-28,0.00428561837841971,4.823795075173544e-05,,,,0.37696143590840636,0.39958706937794775
2017-03-01,0.01714984696716924,0.00036387836697060623,,,,0.4140414748776963,0.4432907303454347
2017-03-02,0.003088465372329564,1.5134741823136198e-05,,,,0.4114145140151616,0.4461635012619053
2017-03-03,0.004960206677046804,4.2109703248693585e-05,,,,0.4037440646558638,0.4384129927091684
2017-03-06,0.004091927360296282,2.4976242763882916e-05,,,,0.40741482472319973,0.4351957005798771
2017-03-07,0.0035170042425722975,4.2154807379254195e-05,,,,0.4050036233685412,0.4414014909222109
2017-03-08,0.002837398487816594,1.5426366683212888e-05,,,,0.40412334840352493,0.426682679006043
2017-03-09,0.004845917783882027,4.456346649894995e-05,,,,0.39652742068291585,0.419791548410763
2017-03-10,0.0041114830158041245,2.6830217648355948e-05,,,,0.3945631927967111,0.4260547990161884
2017-03-13,0.003188159823771835,2.7345545774353418e-05,,,,0.3924722179346991,0.38312952540149686
2017-03-14,0.00494147150986083,4.506381220507146e-05,,,,0.39766233868673734,0.39642500111693285
2017-03-15,0.0050384882203292096,4.996219288558897e-05,,,,0.3956360039578335,0.3989894412628114
2017-03-16,0.00811099655549011,9.851067518360831e-05,,,,0.3980438147087146,0.41156047516130556
2017-03-17,0.0049720260156623725,4.1738597727615436e-05,,,,0.3972272051301126,0.40715614231537367
2017-03-20,0.003418059716413209,2.251483234674988e-05,,,,0.39761469466850136,0.4089870629797954
2017-03-21,0.00605634067189894,5.3194072931430554e-05,,,,0.4022193059801999,0.4204105607851338
2017-03-22,0.0065498736079365625,7.756954022429408e-05,,,,0.4105951231558025,0.44293618059016
2017-03-23,0.006486942755268288,5.4195742375388816e-05,,,,0.40913475093009627,0.440616963328565
2017-03-24,0.0032865372040725063,3.459950776605315e-05,,,,0.40746562550339066,0.44598617061855605
2017-03-27,0.006575142010645732,7.027083193045674e-05,1.0,3.0,1.0,0.40679899580240214,0.43696077456942084
2017-03-28,0.00909227324613549,0.00013477128892136876,3.0,0.0,5.0,0.4034904205656926,0.43536413842273736
2017-03-29,0.005446511095918865,6.869181265955353e-05,1.0,1.0,0.0,0.40228562656931954,0.4380591337764604
2017-03-30,0.005722674913833153,8.221407053358515e-05,2.0,1.0,1.0,0.4018009222916059,0.43820698097493493
2017-03-31,0.00705412101194659,6.988155966081065e-05,0.0,1.0,1.0,0.3965079340689233,0.43942703570047725
2017-04-03,0.007979247981311338,9.44423616253877e-05,1.0,2.0,1.0,0.39038578956606534,0.41958857145556827
2017-04-04,0.004531755717865144,5.3236878715611555e-05,1.0,1.0,0.0,0.3922469284718425,0.41037253682778935
2017-04-05,0.005690296988033881,5.1964619586956006e-05,0.0,0.0,1.0,0.3898095597905547,0.41180674451303556
2017-04-06,0.004089488298043155,2.4250405655583787e-05,0.0,0.0,0.0,0.38670665505371404,0.4107882031913871
2017-04-07,0.004763858981124408,5.445620610346314e-05,1.0,0.0,1.0,0.39443375178677065,0.383441937929248
2017-04-10,0.0032549515060602786,1.7241492160355662e-05,0.0,0.0,0.0,0.3910968462761638,0.38485042713911266
2017-04-11,0.0043218303003627525,2.9709772737643028e-05,0.0,0.0,0.0,0.3952655192596776,0.39599064698011166
2017-04-12,0.004234353375646698,3.5672384498726864e-05,0.0,0.0,1.0,0.3942238619799957,0.29425601709642857
2017-04-13,0.004073629614735873,2.5680874516038396e-05,0.0,0.0,0.0,0.3958775403967255,0.29319578261590884
2017-04-14,4.269977146227695e-06,3.4642139175682933e-10,0.0,0.0,0.0,0.39771358149488245,0.30647089486326484
2017-04-17,0.0,0.0,0.0,0.0,0.0,0.3929006225795851,0.29715013972853976
2017-04-18,0.010357637951790058,0.00014846928287382848,5.0,8.0,1.0,0.4032024001880594,0.3319418243037028
2017-04-19,0.0059934894839021565,5.723941795693882e-05,1.0,0.0,1.0,0.3873797756739208,0.3277558691789331
2017-04-20,0.004181122487840212,3.266848625277168e-05,1.0,0.0,2.0,0.3846471823612217,0.32962837305499343
2017-04-21,0.002926513580396978,1.5034093177487134e-05,0.0,0.0,0.0,0.3887085976372721,0.33020994353156635
2017-04-24,0.021967259547677174,0.0006361683146781886,13.0,0.0,14.0,0.4137005996014311,0.44024751496493464
2017-04-25,0.006270579486165308,7.752575706164188e-05,1.0,0.0,2.0,0.4102958523029216,0.42611149872294285
2017-04-26,0.004256612584888689,3.713552643062736e-05,0.0,0.0,0.0,0.41003131001606774,0.4239889491573917
2017-04-27,0.005250708934326086,5.987553460778367e-05,1.0,2.0,0.0,0.41912249879710556,0.43165849995583216
2017-04-28,0.004295707205851759,3.460441440650095e-05,0.0,0.0,2.0,0.413248943031485,0.4266168882319116
2017-05-01,0.0,0.0,0.0,0.0,0.0,0.4157941936312292,0.42793515266917803
2017-05-02,0.007926496634653116,0.00010783156467559038,2.0,0.0,5.0,0.41969007196996677,0.42574073574121296
2017-05-03,0.00473747210292388,6.488548423605234e-05,1.0,1.0,1.0,0.41761284516210734,0.4056640032472359
2017-05-04,0.008024375301090833,9.921533584718477e-05,5.0,0.0,6.0,0.4163704745325138,0.40498825497382496
2017-05-05,0.008457058019958458,8.98553757163378e-05,1.0,0.0,4.0,0.42376649992142057,0.41314303289204973
2017-05-08,0.0028704339918984054,1.828229916808638e-05,0.0,1.0,0.0,0.42095433249082165,0.40725409276494623
2017-05-09,0.006654558202763517,7.563490956992119e-05,1.0,0.0,1.0,0.42092355009192217,0.40986026828068634
2017-05-10,0.0033906891690701434,3.0229767134285604e-05,0.0,0.0,0.0,0.42267919655643915,0.4092128561814013
2017-05-11,0.00455759332864325,3.346451943256055e-05,1.0,2.0,0.0,0.42377666770475997,0.4167039689566566
2017-05-12,0.004083884970414178,3.3090543914969925e-05,0.0,0.0,2.0,0.42550165805525103,0.42103206948226424
2017-05-15,0.004518656282164588,3.3975389568879094e-05,1.0,0.0,1.0,0.42352270288220245,0.4374112497188358
2017-05-16,0.004791411439923945,3.981702458926554e-05,1.0,1.0,1.0,0.4171376605023635,0.43389356756195707
2017-05-17,0.010142941077731346,0.00015855426761209978,9.0,11.0,0.0,0.42694607023372133,0.4492447270142
2017-05-18,0.007387954845112928,7.813663952789458e-05,1.0,6.0,0.0,0.4306732250616343,0.4561313635271506
2017-05-19,0.009528254624582382,0.00012628155890361166,2.0,0.0,4.0,0.42400075722177033,0.45751108164080845
2017-05-22,0.004020563345576801,3.0521667396217685e-05,1.0,1.0,0.0,0.422681093860661,0.45411793031125147
2017-05-23,0.005548192129122825,4.8402342808997045e-05,1.0,1.0,1.0,0.42018254369828695,0.4391808664999997
2017-05-24,0.004162935438306417,4.5535063328365443e-05,1.0,1.0,0.0,0.38820462272649237,0.43645392849113357
2017-05-25,0.002537074598196906,1.8518616021908798e-05,0.0,0.0,0.0,0.38883167837287824,0.43848156679741135
2017-05-26,0.003535357293980234,2.5573279637975702e-05,0.0,0.0,0.0,0.3911785030361411,0.43333062367852654
2017-05-29,0.0034527830854408884,3.2437785067725226e-05,1.0,1.0,0.0,0.38816203737121463,0.4328201536707946
2017-05-30,0.004013849752106408,2.5942445804519148e-05,0.0,0.0,0.0,0.38634263953206754,0.42584960980280623
2017-05-31,0.004587223629927572,3.395414741383854e-05,0.0,2.0,0.0,0.38306722571756413,0.42505598240191855
2017-06-01,0.005464961960730447,4.6142091328346185e-05,1.0,0.0,2.0,0.38779315794558816,0.4273406153837967
2017-06-02,0.00447872516903887,3.459775340597949e-05,0.0,0.0,1.0,0.38832499054831876,0.42664016142140476
2017-06-05,0.0036207473320851668,2.6142317159743436e-05,0.0,0.0,0.0,0.3910455815943485,0.35383309060317053
2017-06-06,0.005745571319814446,4.848191253315912e-05,0.0,2.0,0.0,0.38446350792347594,0.35349634229039645
2017-06-07,0.0031627348254776983,1.501579147713604e-05,0.0,0.0,0.0,0.3844225887007864,0.3535646641588053
2017-06-08,0.00528730416948716,4.413927063871299e-05,0.0,1.0,0.0,0.37804493535709177,0.32478131168040003
2017-06-09,0.006471578293527368,5.689743969826192e-05,2.0,1.0,1.0,0.37077655526799597,0.3195463867548522
2017-06-12,0.008716449459376482,9.058054364154383e-05,2.0,8.0,0.0,0.37168139924138394,0.32486175068115164
2017-06-13,0.005260502179557547,4.17401907594848e-05,0.0,0.0,0.0,0.36901439160328703,0.31406427060492226
2017-06-14,0.003991531717608781,2.796661501600706e-05,0.0,1.0,0.0,0.35954406539053946,0.31680078913540943
2017-06-15,0.006291180300637204,5.855910136242119e-05,1.0,5.0,0.0,0.3669674986071961,0.3288983994261231
2017-06-16,0.005391401519531489,3.652158639112635e-05,0.0,0.0,0.0,0.3675840403465018,0.3092142260459678
2017-06-19,0.008839980785407832,9.772898297728732e-05,1.0,0.0,3.0,0.3702661206909267,0.3310589123659985
2017-06-20,0.006227109041134841,5.42866238836115e-05,1.0,2.0,0.0,0.37161892077713665,0.3283478665672223
2017-06-21,0.003991044643965421,2.7835033720308254e-05,0.0,0.0,0.0,0.37211599629338993,0.3274479641326294
2017-06-22,0.004272691151243227,2.7450645407247187e-05,0.0,0.0,0.0,0.37787843830437684,0.3319404446878709
2017-06-23,0.004204442106451638,2.8198822641881434e-05,1.0,1.0,0.0,0.3815970531825931,0.3321067174640024
2017-06-26,0.005185212161492299,4.1423791470492125e-05,1.0,1.0,0.0,0.38742511905165966,0.3359106643305868
2017-06-27,0.006220294004837116,5.4905423981986364e-05,1.0,3.0,0.0,0.3870864195193648,0.34057189453724157
2017-06-28,0.003982755436738837,2.7509737784250692e-05,0.0,0.0,0.0,0.3875960705989224,0.3212256978473555
2017-06-29,0.010828236510642242,0.00019917360631657792,7.0,9.0,0.0,0.40144934285547784,0.349429750067913
2017-06-30,0.004182911594252285,2.621196898192197e-05,0.0,0.0,0.0,0.3964390364505607,0.3214616483321072
2017-07-03,0.009633702466630504,0.00011845104934146643,5.0,0.0,9.0,0.39985665869434367,0.34533612121710744
2017-07-04,0.003859953518116486,2.4207764404708938e-05,0.0,0.0,0.0,0.39543697335541633,0.35209059866826103
2017-07-05,0.0055233695995314976,7.478611706437523e-05,1.0,0.0,1.0,0.3951335096640154,0.3613481023024401
2017-07-06,0.004755936096170503,3.0020205704991646e-05,0.0,2.0,0.0,0.39513642338209887,0.3581919145405275
2017-07-07,0.003526446977220067,1.8706422722588636e-05,0.0,0.0,0.0,0.3955673467748296,0.36069349316116983
2017-07-10,0.005116365418247969,3.148888311689653e-05,0.0,0.0,0.0,0.3967524020600205,0.366748748132783
2017-07-11,0.003345830455893247,1.8684018792157483e-05,0.0,1.0,0.0,0.3963586393665848,0.3712905735855359
2017-07-12,0.010474605239087375,0.0001476967967936035,7.0,0.0,7.0,0.4047751921286357,0.3992129489358685
2017-07-13,0.004869730371320523,3.700554326058582e-05,0.0,0.0,1.0,0.40600101533138766,0.3964153655629133
2017-07-14,0.0023190494721215173,8.238416188397737e-06,0.0,0.0,0.0,0.4061647654055053,0.39152161497932614
2017-07-17,0.0033149986604382904,1.9645298143296962e-05,0.0,0.0,1.0,0.36541436596552673,0.3887117559805563
2017-07-18,0.007404328939897543,7.122922993670366e-05,1.0,5.0,0.0,0.37320164583456206,0.41082919909650684
2017-07-19,0.0048917015386613985,3.192540654015221e-05,1.0,0.0,1.0,0.37611221886316976,0.4167288402246171
2017-07-20,0.004888858147812825,4.018311764575606e-05,1.0,1.0,2.0,0.36490072957640024,0.41800375720205907
2017-07-21,0.008458525509477881,9.455481946901659e-05,2.0,6.0,0.0,0.37387712569763626,0.4321794383064191
2017-07-24,0.0044295962405340615,2.8652681584537836e-05,1.0,1.0,0.0,0.3713702768421001,0.4313996590584378
2017-07-25,0.005449390122188089,4.660877944841818e-05,1.0,1.0,2.0,0.3601094567647956,0.4178245926796789
2017-07-26,0.0062930798986189475,5.6982763518591095e-05,1.0,1.0,2.0,0.36396351127673715,0.42126778446743135
2017-07-27,0.004725395929664279,3.289790452167436e-05,0.0,1.0,0.0,0.3601811843789205,0.4047387697162654
2017-07-28,0.006230791141459834,5.600925074335989e-05,2.0,4.0,0.0,0.3546515250995044,0.41161765981746967
2017-07-31,0.0036821547771721647,2.0397994428086186e-05,0.0,0.0,0.0,0.35443068516649,0.3873650320360923
2017-08-01,0.005932957156220226,4.451024918650939e-05,0.0,0.0,2.0,0.35479258432198857,0.3958578761559975
2017-08-02,0.004296322817992392,2.5840300102389577e-05,0.0,0.0,0.0,0.3558036240654145,0.3985650209333299
2017-08-03,0.0038220963545529834,2.4588407169159418e-05,0.0,0.0,1.0,0.35801383200489023,0.3990205882253868
2017-08-04,0.006553668926116997,5.7841412352810565e-05,0.0,0.0,4.0,0.36384212871440913,0.4086763224021172
2017-08-07,0.003784167672222712,1.8372422625824758e-05,0.0,0.0,0.0,0.36612829575293715,0.40784635586162743
2017-08-08,0.0032121645794863825,2.2387678455196833e-05,0.0,0.0,0.0,0.37019333776442853,0.409594232039106
2017-08-09,0.007257237435837844,6.687932777393905e-05,0.0,5.0,0.0,0.3685398998363952,0.42593924514904613
2017-08-10,0.007507715346749509,7.453440966457119e-05,1.0,7.0,0.0,0.3693889026695331,0.40280242842135794
2017-08-11,0.008300700419455498,9.110988231929408e-05,4.0,6.0,0.0,0.37036254254405243,0.4235722546797354
2017-08-14,0.008967641179006993,0.00010815005895565806,2.0,0.0,6.0,0.3854397892449524,0.43561742298462935
2017-08-15,0.003257871118024447,2.759649074024751e-05,1.0,0.0,1.0,0.38733614030571345,0.4340186715013495
2017-08-16,0.006720497404994001,5.775840819805909e-05,0.0,0.0,0.0,0.39737662376291477,0.4475516916305393
2017-08-17,0.006514136862085445,5.5899590994550235e-05,0.0,1.0,0.0,0.4017268334453285,0.45508217250416394
2017-08-18,0.006317049413057633,5.145188586180211e-05,0.0,4.0,0.0,0.41044962970934595,0.4655770728334285
2017-08-21,0.0038550167767490663,1.982615165914377e-05,0.0,0.0,0.0,0.41129349340788507,0.46257290247418525
2017-08-22,0.007248408286387321,6.572944104119203e-05,2.0,0.0,4.0,0.4198942570640869,0.4745238454616827
2017-08-23,0.0035006027154113107,1.9097560012502693e-05,0.0,0.0,0.0,0.4228500411383284,0.45883956217155913
2017-08-24,0.004705785220517082,5.1442449821258996e-05,1.0,0.0,1.0,0.4219246102370409,0.45756634037132055
2017-08-25,0.0033269388258258857,1.8526909602745086e-05,0.0,0.0,0.0,0.41886741863008903,0.45563494812806193
2017-08-28,0.004953468620948557,4.776822392581608e-05,1.0,0.0,1.0,0.41594925269109106,0.45264639874663737
2017-08-29,0.009670432275308774,0.00011139929523587197,1.0,7.0,0.0,0.43677290560126375,0.4793209256553999
2017-08-30,0.006296108334017964,4.7420731020016476e-05,0.0,1.0,0.0,0.4363092644983463,0.46416670927528975
2017-08-31,0.006891842188749713,6.82201136544355e-05,1.0,1.0,2.0,0.43973167943152625,0.46583051727001645
2017-09-01,0.006626425742304414,5.330583593255644e-05,0.0,0.0,1.0,0.4420921182177262,0.46248009763248776
2017-09-04,0.005297765902623325,3.484095694124956e-05,0.0,1.0,0.0,0.4490913307794931,0.47863088647630964
2017-09-05,0.0031428899010003293,1.4477053652194335e-05,0.0,0.0,0.0,0.44603852879415795,0.4857785161478089
2017-09-06,0.0032324766232395027,1.3938646107057294e-05,0.0,0.0,0.0,0.4474836027478527,0.4856708708756747
2017-09-07,0.003975976410262015,2.1854765713012454e-05,0.0,0.0,0.0,0.4407287664837583,0.4895139895060864
2017-09-08,0.0028170150550019812,2.150453494741752e-05,1.0,1.0,0.0,0.4400726870198433,0.4857769258222128
2017-09-11,0.010083391523060925,0.00013235326077552304,3.0,1.0,5.0,0.4373761423076644,0.5011031974401776
2017-09-12,0.004806354965041203,2.6657578703606996e-05,0.0,1.0,0.0,0.43564471805523547,0.4883528666181355
2017-09-13,0.0033381029685153095,2.174985953874146e-05,0.0,1.0,0.0,0.4356503246166617,0.48537083448072754
2017-09-14,0.00451687334662475,4.9674386146656885e-05,2.0,3.0,0.0,0.4311236976071427,0.4759726840677384
2017-09-15,0.004599967779202726,3.8209223860344114e-05,1.0,2.0,0.0,0.43682480304329563,0.47129977010400437
2017-09-18,0.005977632377599693,6.396040149144804e-05,1.0,3.0,0.0,0.428758935305349,0.45698842696606295
2017-09-19,0.0024622708020853984,1.7787182908207227e-05,0.0,0.0,1.0,0.4305499190670419,0.4546256349498858
2017-09-20,0.002790165922765235,1.7323017280923532e-05,1.0,0.0,1.0,0.4328419055149084,0.4517451974194855
2017-09-21,0.003969305021705665,2.9843344513395207e-05,0.0,0.0,0.0,0.4185355333757973,0.4489563184894429
2017-09-22,0.0026717081470627514,1.2798097816085706e-05,0.0,0.0,0.0,0.4194785734965649,0.43568164320669106
2017-09-25,0.00549858430770177,0.00010971094772264894,1.0,1.0,0.0,0.41266698627558096,0.40435060932828415
2017-09-26,0.0032777350043404177,3.0276731780996716e-05,1.0,1.0,0.0,0.41279399268437955,0.4117044654408038
2017-09-27,0.0048682289303299455,4.260291900785637e-05,2.0,0.0,2.0,0.41075321111114566,0.3889175160093543
2017-09-28,0.004925092828412487,5.108047857169261e-05,1.0,0.0,1.0,0.41511192284609444,0.3902837516217096
2017-09-29,0.005176787911243103,3.484562911579594e-05,0.0,0.0,0.0,0.4138058905222798,0.37776033345876936
2017-10-02,0.005634388610312793,4.526536603890387e-05,0.0,1.0,1.0,0.4070053057129677,0.3710270492314468
2017-10-03,0.003492461180098161,2.028989985009951e-05,0.0,1.0,0.0,0.40648606995058123,0.351120169659744
2017-10-04,0.005329503627747013,7.66608999420963e-05,1.0,2.0,0.0,0.3880967303291067,0.3481495643845302
2017-10-05,0.005624198720290028,6.029453514553686e-05,1.0,0.0,1.0,0.38534955611321003,0.3486868055774538
2017-10-06,0.005096574652900318,3.371440694792684e-05,0.0,0.0,2.0,0.38103473464642934,0.3427725370124854
2017-10-09,0.0028204403396435416,1.1876747065267154e-05,0.0,0.0,0.0,0.38195224329340494,0.355839385119386
2017-10-10,0.0032227490966598013,1.6761706376476796e-05,0.0,0.0,0.0,0.3751498260985401,0.29418976798965935
2017-10-11,0.0050242682663089325,4.927379898017943e-05,0.0,0.0,1.0,0.37302129773781384,0.28570603581970094
2017-10-12,0.0030435746134360848,1.5747437117170456e-05,0.0,0.0,0.0,0.3771336232451822,0.28094414258257233
2017-10-13,0.0033918237699472067,2.7779181843872387e-05,0.0,0.0,1.0,0.3704110788389977,0.2620110322151355
2017-10-16,0.002602269185215608,1.1389394507566083e-05,0.0,0.0,0.0,0.371767490342596,0.23341775804323642
2017-10-17,0.0027650511108999218,1.2851097398854979e-05,0.0,0.0,0.0,0.37818313368761014,0.23815108598055246
2017-10-18,0.0031687874714188694,1.504183719881038e-05,0.0,0.0,0.0,0.3771495477050725,0.24150658979726863
2017-10-19,0.005077634417076485,4.30657254751708e-05,0.0,1.0,0.0,0.3869570233475541,0.26856983463454737
2017-10-20,0.003981338779104922,3.122403964163712e-05,0.0,1.0,0.0,0.3807050363349428,0.2605190105593703
2017-10-23,0.0033430355623017376,2.948077663752438e-05,0.0,1.0,0.0,0.3812474159245715,0.1871686090574895
2017-10-24,0.005636972636389088,7.236340530202343e-05,2.0,1.0,1.0,0.37127489618622267,0.18137966058759036
2017-10-25,0.005612647227971694,4.345522872151257e-05,1.0,1.0,1.0,0.36730657335381073,0.18351673328837903
2017-10-26,0.008710017094918565,0.0001205855740199916,6.0,1.0,6.0,0.35510129171631244,0.17848787885556297
2017-10-27,0.006828216930852823,6.74278330619796e-05,1.0,1.0,3.0,0.34604727749985786,0.16176434187093167
2017-10-30,0.005172268552551473,5.712798386729851e-05,1.0,0.0,1.0,0.34265674747474856,0.1604599887746398
2017-10-31,0.005166142794315931,4.7159909903426544e-05,1.0,0.0,1.0,0.3385873447239222,0.1564486074290835
2017-11-01,0.004167313619059514,3.947795981604916e-05,1.0,0.0,1.0,0.32930195773729554,0.14984824594806465
2017-11-02,0.004686048569622187,3.614031856843291e-05,0.0,0.0,2.0,0.31794228988254614,0.14672020966815266
2017-11-03,0.00540282547744835,4.747218645984581e-05,1.0,2.0,0.0,0.2996338080509821,0.14572031532265264
2017-11-06,0.0036065572927085634,2.448430105882999e-05,0.0,1.0,0.0,0.28196933775539135,0.1450104602757173
2017-11-07,0.00572903487697039,4.7985607167218096e-05,0.0,0.0,0.0,0.28756131655473727,0.1521825493223669
2017-11-08,0.00408902901864511,2.836264990999918e-05,0.0,0.0,1.0,0.2766390018146494,0.1498955359323909
2017-11-09,0.007902698127876964,8.235335713150971e-05,3.0,5.0,0.0,0.2808594426056918,0.1814651174543257
2017-11-10,0.005635197405770629,4.937775728445371e-05,1.0,1.0,0.0,0.2748166696829274,0.19147468605083853
2017-11-13,0.006107712477317743,6.0172871951300143e-05,1.0,2.0,0.0,0.2858506116302746,0.21530046096803768
2017-11-14,0.003996359468425207,2.119619498298702e-05,0.0,0.0,0.0,0.27182691339761267,0.2111356066483322
2017-11-15,0.005782061611750089,5.0089582273094305e-05,0.0,3.0,0.0,0.2801894138654452,0.22942838586240638
2017-11-16,0.006253069577701466,7.466909574907044e-05,2.0,1.0,1.0,0.28012571137081127,0.22509003532431335
2017-11-17,0.006157016965036642,5.3774154687918775e-05,0.0,0.0,0.0,0.27576351982904995,0.2215365751586029
2017-11-20,0.0037231200165446466,1.9260825360887937e-05,0.0,0.0,0.0,0.28142868604176213,0.22675753874893004
2017-11-21,0.0047066209102967745,3.5331072170484674e-05,0.0,0.0,0.0,0.259023093672467,0.23976302461433088
2017-11-22,0.003892228562864805,3.017318877268228e-05,0.0,1.0,1.0,0.25358521484228863,0.2338035997934539
2017-11-23,0.0027193557844516873,9.288945501573116e-06,0.0,0.0,0.0,0.2512868603286015,0.2335055333852009
2017-11-24,0.0028770817035643653,1.3531186632889401e-05,0.0,0.0,0.0,0.24360621163769972,0.23158418895501864
2017-11-27,0.00493117793177095,3.353720179126133e-05,0.0,0.0,0.0,0.23816435446357662,0.23851389689461674
2017-11-28,0.0051329819629563475,3.333251182253127e-05,1.0,0.0,2.0,0.24217482470525742,0.24867606704481762
2017-11-29,0.005879502910435123,6.501377246697791e-05,1.0,2.0,0.0,0.2381272888426947,0.2383192301388762
2017-11-30,0.003889735245990952,2.2744190950222415e-05,0.0,1.0,0.0,0.2413280523272856,0.2282776188381123
2017-12-04,0.00837565971643902,8.846652615829151e-05,4.0,0.0,5.0,0.2470269533977966,0.24263753672085064
2017-12-05,0.0038551090790806455,3.0939515691108214e-05,0.0,1.0,0.0,0.2231075656456191,0.24651339044551068
2017-12-06,0.003596709893222688,1.943752542233149e-05,0.0,1.0,0.0,0.22557024635489076,0.26262811559202315
2017-12-07,0.004169490380428938,3.4877261418094574e-05,1.0,0.0,1.0,0.22612064441906335,0.2672638505278923
2017-12-08,0.00604975281960798,5.4681916563745996e-05,0.0,0.0,1.0,0.23125726427905738,0.27536667646368695
2017-12-11,0.004978952808262368,4.22231547424634e-05,1.0,2.0,0.0,0.2226874261248375,0.27522158601613017
2017-12-12,0.004804383066193299,3.572215966941485e-05,0.0,0.0,0.0,0.22907218909468957,0.2901167820105793
2017-12-13,0.005103964251088178,4.3225067373614676e-05,0.0,1.0,0.0,0.22890605217229415,0.2870157040817165
2017-12-14,0.006636018465498585,6.518023890434837e-05,1.0,0.0,1.0,0.22670390263003076,0.2832853764640328
2017-12-15,0.003548616159380034,2.012324143542685e-05,0.0,0.0,0.0,0.22541095428463467,0.2848025778272795
2017-12-18,0.011488598126487136,0.00019182552059307038,3.0,0.0,7.0,0.24657806709273672,0.3320967346781689
2017-12-19,0.003087262929845081,2.059818027037387e-05,1.0,0.0,1.0,0.24521986422201714,0.3279280409666683
2017-12-20,0.004523652761360165,2.968025101759866e-05,0.0,2.0,0.0,0.24617210712139173,0.32884694359227956
2017-12-21,0.005201167937886135,3.8102353629021264e-05,1.0,0.0,2.0,0.25108437259072874,0.33792916868288597
2017-12-22,0.0034796220012164604,2.7420941894078522e-05,0.0,0.0,1.0,0.2457960335009226,0.31726895503743574
2017-12-25,0.0,0.0,0.0,0.0,0.0,0.24606563279970528,0.31240654582285554
2017-12-26,0.0,0.0,0.0,0.0,0.0,0.24834235367456262,0.28360648670888855
2017-12-27,0.0033393480241197026,2.429332772141439e-05,0.0,1.0,0.0,0.2474732147285648,0.28418930379075086
2017-12-28,0.0036647103674040523,2.2573267376621686e-05,0.0,0.0,0.0,0.24663284836724156,0.2616939138095467
2017-12-29,0.004756912786502482,2.8599655209203653e-05,0.0,1.0,0.0,0.24532742500471136,0.2638673843118392
2018-01-01,0.0,0.0,0.0,0.0,0.0,0.24940821224134863,0.27660831792665674
2018-01-02,0.004243732184394386,4.219836633199328e-05,2.0,0.0,3.0,0.24823208308868328,0.272569387824387
2018-01-03,0.005894674140332185,5.716633511272056e-05,1.0,0.0,2.0,0.2583631728070782,0.27815119013101036
2018-01-04,0.012252208245952237,0.00019692772430959378,8.0,0.0,9.0,0.29285771529149696,0.3430666604029577
2018-01-05,0.005536932279161539,4.26280481874536e-05,0.0,0.0,0.0,0.2976633780622479,0.3494349892511112
2018-01-08,0.003964200033805189,2.0950259244836347e-05,0.0,0.0,0.0,0.29872580074963123,0.3475417261330489
2018-01-09,0.004606093057195848,2.7523935889638215e-05,0.0,0.0,0.0,0.2975239514001794,0.3329036159464041
2018-01-10,0.0050295818589553305,4.0719429046881574e-05,1.0,0.0,1.0,0.2927152148506398,0.32330302754543416
2018-01-11,0.004523781891745381,3.998920419125902e-05,1.0,0.0,1.0,0.28973913673636986,0.3276493468180245
2018-01-12,0.0038734281156348645,2.4747622272898573e-05,0.0,0.0,2.0,0.2865567862340087,0.32912533863830257
2018-01-15,0.00240094829055155,9.972640321881425e-06,0.0,0.0,0.0,0.2887116293406679,0.33332349599056593
2018-01-16,0.0030905826283253064,2.4545481197467106e-05,0.0,0.0,1.0,0.288816197156493,0.3195743543308162
2018-01-17,0.004333580891819852,2.8296317566899987e-05,0.0,1.0,1.0,0.2939695652330874,0.3154562830636963
2018-01-18,0.0032320908818533945,1.4837509629188726e-05,0.0,0.0,0.0,0.2941286742847861,0.3200098672602605
2018-01-19,0.005278678811993234,3.979419861821687e-05,0.0,0.0,1.0,0.3060979507271048,0.32651747700344874
2018-01-22,0.006740051929250353,7.73203449477154e-05,2.0,0.0,2.0,0.31384042670375234,0.33374990634713675
2018-01-23,0.004514152995646866,3.774664159930907e-05,0.0,0.0,1.0,0.3189840482963128,0.32873683642606566
2018-01-24,0.0066112902790328035,5.9252163635071775e-05,1.0,5.0,0.0,0.32894387100804684,0.34747920966920653
2018-01-25,0.006795760175678056,7.466439703064384e-05,3.0,6.0,0.0,0.33587783269228483,0.36724254882437873
2018-01-26,0.004159452170721684,2.4939714190401927e-05,0.0,0.0,0.0,0.33917676663227375,0.36591635846832987
2018-01-29,0.003296657718162858,1.7010400162259338e-05,0.0,0.0,0.0,0.34574128475997123,0.3630427363411768
2018-01-30,0.009394747668448576,0.00010623903270286968,2.0,9.0,0.0,0.36493946415995526,0.41470083977496675
2018-01-31,0.0035490260777804507,2.120925753842931e-05,0.0,0.0,0.0,0.3630904408417719,0.4078242969368455
2018-02-01,0.0059448857019714805,6.129853989782935e-05,2.0,1.0,1.0,0.35352648264762604,0.3860919511741903
2018-02-02,0.011386335824175989,0.00014700304527307358,7.0,11.0,1.0,0.3616943382996981,0.4215101829276208
2018-02-05,0.012334461887847849,0.00019814902172086125,9.0,10.0,0.0,0.3815450320171568,0.4523787531560465
2018-02-06,0.024284831429980145,0.0006246541096248992,17.0,19.0,0.0,0.5007659098939503,0.619478609254186
2018-02-07,0.0186931223776628,0.00038948319160796147,14.0,0.0,16.0,0.5437603139770422,0.6661843654564161
2018-02-08,0.016328977522107848,0.00032737697418408674,12.0,13.0,0.0,0.5559724545959278,0.676529837104975
2018-02-09,0.011116789606430226,0.00013181643403321907,2.0,11.0,0.0,0.57581028860971,0.6941164935407745
2018-02-12,0.010427068518745308,0.00012505923801592547,4.0,0.0,10.0,0.5865470860035021,0.6951418572616448
2018-02-13,0.004834886998563785,3.6156692041915815e-05,0.0,1.0,0.0,0.5841359025327308,0.69460009530654
2018-02-14,0.006739737331477538,6.52153154467658e-05,1.0,0.0,3.0,0.5786277201041486,0.6874120781955294
2018-02-15,0.006177782129526343,6.143614135087401e-05,1.0,0.0,2.0,0.5797042262238102,0.6762177356684703
2018-02-16,0.008751453130546313,9.216409669010443e-05,1.0,0.0,2.0,0.584016792838156,0.6794085174736859
2018-02-19,0.004291894392276204,2.6561416895074853e-05,0.0,1.0,0.0,0.5862592349397404,0.6802955634455456
2018-02-20,0.004536141485268895,3.1171821130973e-05,0.0,0.0,1.0,0.5845046107453484,0.6795190559568184
2018-02-21,0.004238749434785258,2.889823561617018e-05,0.0,1.0,0.0,0.5804623835746212,0.678402183388469
2018-02-22,0.0037874812490276077,2.2008966989469824e-05,0.0,0.0,0.0,0.5854392280693904,0.6797265200885414
2018-02-23,0.004043726610464809,2.897721923239984e-05,0.0,0.0,0.0,0.5838701733159662,0.672302453098304
2018-02-26,0.004317207267761057,2.6482287960564405e-05,0.0,0.0,0.0,0.586635031871944,0.6722083377760051
2018-02-27,0.002716615000637468,1.1170067016987674e-05,0.0,0.0,0.0,0.5869580839697138,0.6738661411390173
2018-02-28,0.006153966973630915,6.074150856034787e-05,1.0,1.0,2.0,0.5822424513739327,0.6685804922625603
2018-03-01,0.01023127587448476,0.0001379236670213436,4.0,8.0,0.0,0.5875072181536733,0.6672726794970371
2018-03-02,0.015249423003266132,0.00030152587070129164,13.0,13.0,0.0,0.5950286804638186,0.6645378911360871
2018-03-05,0.00795425346277309,9.225430404247887e-05,2.0,1.0,4.0,0.5925151075376982,0.6561434190619871
2018-03-06,0.006951371684671835,9.203706856776063e-05,3.0,0.0,4.0,0.5904654087587415,0.6571643693639874
2018-03-07,0.004690129254658241,3.365253451655374e-05,0.0,0.0,0.0,0.5915803406240963,0.6610574749867273
2018-03-08,0.008817067273262568,9.889321408642687e-05,1.0,1.0,4.0,0.5935298096382511,0.6640853438787523
2018-03-09,0.004241446591491329,3.117370959534206e-05,0.0,0.0,0.0,0.5950021366293382,0.6636904304234721
2018-03-12,0.004575428441260337,3.5569100400233264e-05,0.0,0.0,0.0,0.5952560626173263,0.6607645838857948
2018-03-13,0.006636782455271457,5.988452669488871e-05,1.0,3.0,0.0,0.596104315145988,0.6550153455610325
2018-03-14,0.003588465734444163,2.5127670269636874e-05,0.0,1.0,0.0,0.5956911733046061,0.655340960054474
2018-03-15,0.004737834000916483,3.2581922359586466e-05,0.0,0.0,1.0,0.5939635996569352,0.6629129300132214
2018-03-16,0.00510246606612201,4.4552081953968375e-05,1.0,1.0,1.0,0.5916228417174214,0.6591291365489655
2018-03-19,0.010845296368282856,0.00015683216310654957,4.0,9.0,0.0,0.5935016793358987,0.6607997363642248
2018-03-20,0.005629598222535907,4.289578684628136e-05,1.0,1.0,0.0,0.5879252917770987,0.5685634797869735
2018-03-21,0.0046541244748300285,4.4158653893754064e-05,2.0,0.0,2.0,0.5873660933003416,0.4951355886922849
2018-03-22,0.01458918371212412,0.00024099027889098331,11.0,16.0,0.0,0.6010849757305119,0.5039389995505524
2018-03-23,0.00741115951815307,7.59650235057541e-05,2.0,5.0,0.0,0.6024724174510351,0.47997606755122424
2018-03-26,0.00650631263473489,5.3252711504142405e-05,1.0,1.0,0.0,0.6007604078440172,0.4599070969137498
2018-03-27,0.008373431559884365,8.875106952999944e-05,2.0,0.0,4.0,0.605886602282354,0.4807948381901776
2018-03-28,0.004811216830959811,4.189963698644091e-05,0.0,2.0,0.0,0.6007788926569885,0.47709211451614525
2018-03-29,0.006058023907287532,5.525026268441953e-05,0.0,1.0,4.0,0.5875826300630593,0.46717115191087827
2018-03-30,0.0002050868486744967,7.991516944854822e-07,0.0,0.0,0.0,0.5869041368462142,0.451752965326916
2018-04-02,0.0003316835747066748,2.0902658808737683e-06,0.0,0.0,0.0,0.5872934976593301,0.4515007393365539
2018-04-03,0.006327623485265645,5.9877314575711565e-05,1.0,1.0,1.0,0.5822238709888493,0.44142038192589955
2018-04-04,0.005511350007585473,5.0813965259487326e-05,1.0,2.0,0.0,0.5846593901460005,0.44237449792158207
2018-04-05,0.02011046478705197,0.0004508544214111074,16.0,0.0,17.0,0.612159460504995,0.526331331081015
2018-04-06,0.0046530513410969945,3.291947974844946e-05,1.0,1.0,0.0,0.6096875198653791,0.5303133834258009
2018-04-09,0.003631153743465594,4.460234873440449e-05,1.0,1.0,0.0,0.6061337839684008,0.5227799948951898
2018-04-10,0.0069002897606967,6.216279769784228e-05,1.0,0.0,2.0,0.6071763192506353,0.5256636203704651
2018-04-11,0.0053801055975264645,4.455355122754084e-05,0.0,0.0,0.0,0.6096494440965752,0.53622437465522
2018-04-12,0.007820494034548752,8.201113133086231e-05,0.0,1.0,3.0,0.6090389581575023,0.533351679240745
2018-04-13,0.002304646387847635,8.576484459174305e-06,0.0,0.0,0.0,0.6074487416187826,0.5171515163758232
2018-04-16,0.0037947011221793367,2.7071931936807796e-05,0.0,0.0,0.0,0.6055484129472742,0.5258209344469207
2018-04-17,0.006450416373307782,7.189213722714814e-05,0.0,0.0,4.0,0.6070359860974137,0.5260369708686816
2018-04-18,0.006001614303246814,5.3215658086075886e-05,2.0,0.0,4.0,0.6109619518188223,0.5339782425613642
2018-04-19,0.0033451393269273537,1.5378932565757084e-05,0.0,0.0,0.0,0.6140714464610835,0.5383170526859314
2018-04-20,0.0044935159085073865,3.102782918453798e-05,0.0,1.0,0.0,0.6118385976528952,0.5345882240660561
2018-04-23,0.004093361896397231,2.0887655913791233e-05,0.0,0.0,0.0,0.612375436497143,0.5379145082158915
2018-04-24,0.0041676414908716,2.516854403932924e-05,0.0,0.0,0.0,0.607723250084968,0.5352202146213151
2018-04-25,0.00800293176094686,0.00010371851814714072,2.0,2.0,0.0,0.6062172572218857,0.5345206662902794
2018-04-26,0.008602975286281967,0.00010936970863303415,2.0,1.0,3.0,0.6082451884355096,0.5314098030661579
2018-04-27,0.004622539279459191,4.181982869900264e-05,1.0,1.0,1.0,0.6042795996236099,0.5314231556905872
2018-04-30,0.0034137999616064944,1.9920776108777447e-05,0.0,0.0,1.0,0.6015114275130288,0.5147775722439373
2018-05-01,0.00013797581452283,1.8358266138636134e-07,0.0,0.0,0.0,0.5441604453226948,0.5249658098277956
2018-05-02,0.00582483654464196,5.333929479769879e-05,1.0,0.0,2.0,0.5055930362242915,0.5280966029284591
2018-05-03,0.007301426832058355,7.689135344568818e-05,2.0,3.0,0.0,0.4896432315230769,0.47160592030633697
2018-05-04,0.008066027966190931,9.847275620610479e-05,1.0,2.0,1.0,0.46465068748294985,0.4449737693582696
2018-05-07,0.00655419756830709,6.296783429839301e-05,0.0,0.0,1.0,0.4512378152128474,0.4289681449828182
2018-05-08,0.005667454054761936,5.255309388145982e-05,1.0,2.0,1.0,0.448184625564148,0.4027776908083918
2018-05-09,0.005422962733116365,5.591385617575554e-05,2.0,1.0,2.0,0.4465270488225613,0.40074430494758184
2018-05-10,0.00331144557563755,1.8669088066021866e-05,0.0,0.0,0.0,0.445995524116934,0.40592128112110065
2018-05-11,0.005733070160475768,6.235476989129161e-05,1.0,0.0,3.0,0.43585138395643847,0.39702141513416106
2018-05-14,0.004682942703041704,6.486065124579546e-05,2.0,0.0,2.0,0.4276282837665727,0.38499925162848214
2018-05-15,0.00608583990687584,8.809102794544016e-05,2.0,3.0,0.0,0.4259515335531671,0.39433290198063203
2018-05-16,0.005143812878092478,6.274925452958367e-05,1.0,2.0,0.0,0.42416265245504803,0.3877730112875871
2018-05-17,0.006433856032841786,5.3879832702459405e-05,1.0,0.0,2.0,0.4253192650243106,0.25876162038348666
2018-05-18,0.006151688483780086,6.639593221696816e-05,0.0,3.0,0.0,0.42658247579241065,0.25630719300408633
2018-05-21,0.00586972712517762,6.227604299505544e-05,1.0,2.0,2.0,0.4205489526598372,0.25561464777946474
2018-05-22,0.006157309474690614,6.166526630307886e-05,1.0,0.0,2.0,0.4206099031982384,0.24424101109026075
2018-05-23,0.011917651209589016,0.0001674974356756187,2.0,9.0,0.0,0.4416670531605286,0.30156040830625946
2018-05-24,0.006795785179799121,6.722772875239896e-05,0.0,1.0,0.0,0.43760737764722013,0.3055396813655207
2018-05-25,0.005843253190606745,6.886580064583679e-05,1.0,3.0,0.0,0.41848261441604995,0.299286843801524
2018-05-28,0.005078126049793057,5.7985202311207596e-05,2.0,2.0,0.0,0.42244735262316235,0.308324872781382
2018-05-29,0.013237308656955318,0.00023144189170500254,7.0,10.0,0.0,0.43858033016063164,0.35817432997417664
2018-05-30,0.007873103106146563,9.915651401225436e-05,2.0,1.0,2.0,0.4313113845485009,0.33343005575103335
2018-05-31,0.004991461842410622,4.490515012380777e-05,0.0,0.0,1.0,0.4264886861381187,0.3202478106846269
2018-06-01,0.009862931999704163,0.00013964705003324807,2.0,0.0,7.0,0.4302738091177849,0.34013760186111636
2018-06-04,0.006222753289304182,9.383131206365626e-05,2.0,0.0,2.0,0.4296114827222521,0.3388337757036841
2018-06-05,0.007643958470022679,9.882947577689656e-05,2.0,1.0,2.0,0.4237132060001764,0.33677076350182583
2018-06-06,0.004475231015021984,3.552087161192112e-05,0.0,1.0,0.0,0.42260335631436274,0.3305814157762754
2018-06-07,0.003490442170409508,3.076589128035768e-05,0.0,0.0,2.0,0.42189183663081303,0.31961969278602553
2018-06-08,0.004852833556397715,5.1455036587656964e-05,1.0,2.0,0.0,0.42588177614220646,0.32574868570535664
2018-06-11,0.00818541614259829,0.0001235428525804321,1.0,0.0,3.0,0.4104570436636288,0.3212945462085635
2018-06-12,0.003030194640467493,1.3016775436490427e-05,0.0,0.0,0.0,0.41305474941026565,0.3178966055149901
2018-06-13,0.0031874520352119093,2.161411218505431e-05,0.0,0.0,0.0,0.4154728004081995,0.31694531035331
2018-06-14,0.00812942972832707,9.764194164638907e-05,3.0,1.0,3.0,0.3902903384893328,0.32842059850815897
2018-06-15,0.01028426075030339,0.00013568749544060752,3.0,5.0,0.0,0.40043137570133636,0.3654450727237939
2018-06-18,0.007990211291573256,9.34340551994529e-05,1.0,2.0,0.0,0.399583931650796,0.3728712409394125
2018-06-19,0.006481361299226005,6.330858587518605e-05,0.0,0.0,0.0,0.39332833641882836,0.3823588101848128
2018-06-20,0.004252077883342727,3.34096957375964e-05,0.0,0.0,1.0,0.3957394937966126,0.3865285032537359
2018-06-21,0.007810592530438891,8.503471008856237e-05,1.0,3.0,0.0,0.40064825766290685,0.38438119309580693
2018-06-22,0.007458526808989718,8.721701500797318e-05,3.0,0.0,5.0,0.4005852820339728,0.39464664083831735
2018-06-25,0.013730040037776213,0.0002484776794850074,10.0,11.0,0.0,0.4082330797253735,0.41132813756572145
2018-06-26,0.0033126384534506855,2.5766266178178667e-05,1.0,1.0,0.0,0.41271947118434965,0.41508753020990236
2018-06-27,0.005996897734054295,4.791919675653987e-05,1.0,0.0,2.0,0.41459646923034604,0.42445944527315765
2018-06-28,0.00825876427489617,0.00010731764050162787,2.0,2.0,0.0,0.3685371301509013,0.42441379643439503
2018-06-29,0.0081777056108572,0.00010113591478928138,2.0,0.0,4.0,0.3745433658002571,0.44130172742274687
2018-07-02,0.00852026952819719,7.678105309625807e-05,1.0,3.0,0.0,0.39093141587548497,0.46682162818504847
2018-07-03,0.006267977001174757,6.266312270164128e-05,0.0,0.0,2.0,0.38611946413195225,0.46443726162863475
2018-07-04,0.005094962635234486,3.745794758482251e-05,0.0,0.0,0.0,0.3802853378857536,0.43690463952894165
2018-07-05,0.006516811321336699,5.537102329249477e-05,0.0,1.0,0.0,0.3768895907699442,0.4333280340745298
2018-07-06,0.004065009903855932,2.670500337704235e-05,0.0,0.0,0.0,0.3765408243757918,0.43953991139208126
2018-07-09,0.005636239911809457,4.194484102908609e-05,0.0,0.0,0.0,0.3786304136102349,0.43994339963930496
2018-07-10,0.005504273210750105,4.29115723331764e-05,0.0,0.0,0.0,0.37969550715992856,0.4120223129067105
2018-07-11,0.010328976536282772,0.00012792914532078713,3.0,9.0,0.0,0.3851501221807419,0.4407748961837206
2018-07-12,0.006217462499565697,5.013371832034755e-05,0.0,1.0,0.0,0.3840423054083909,0.44436174603463635
2018-07-13,0.00424407849817966,3.2072855062384606e-05,1.0,1.0,0.0,0.38322579858181144,0.4270033583191023
2018-07-16,0.004122882433968627,2.572896491733276e-05,0.0,0.0,0.0,0.3820275135108422,0.42928758112451093
2018-07-17,0.004665467174596647,3.839201523752996e-05,1.0,0.0,1.0,0.3826158096022779,0.43798414043118844
2018-07-18,0.004838034944270416,4.034682304845526e-05,1.0,0.0,1.0,0.3833243461391504,0.44352881685280415
2018-07-19,0.00472522515945676,3.8211820530487154e-05,1.0,1.0,0.0,0.3803580274087113,0.4456876798171817
2018-07-20,0.004801106991287394,4.9637301836364306e-05,0.0,1.0,1.0,0.3783213033697623,0.4385619836836255
2018-07-23,0.0040476906528245735,2.7641365174702125e-05,1.0,0.0,1.0,0.37640728980445703,0.4481340923472156
2018-07-24,0.007431458500466728,7.53735776446492e-05,0.0,0.0,3.0,0.3819074169266135,0.45719380743465043
2018-07-25,0.0037004450911784885,2.6027199042492524e-05,0.0,0.0,0.0,0.38215344266617274,0.45574771973113204
2018-07-26,0.0073624756169487,8.707021669403139e-05,1.0,0.0,4.0,0.3863974443157451,0.4572708947544289
2018-07-27,0.00548908236453465,3.932319479471587e-05,1.0,0.0,1.0,0.391600834449625,0.4308744435145655
2018-07-30,0.0036560220011658466,2.548858779620106e-05,0.0,0.0,0.0,0.39285859579199156,0.4271785339165856
2018-07-31,0.005220207063352642,3.9179505821295716e-05,0.0,1.0,1.0,0.39356911285243035,0.4113995204259261
2018-08-01,0.005170878707545091,4.939920157157317e-05,0.0,2.0,0.0,0.39245915290642447,0.40648645190229044
2018-08-02,0.008437509301759029,8.861092486930131e-05,0.0,3.0,0.0,0.3933866143461853,0.4076118946684358
2018-08-03,0.006412227951463123,6.125275112506216e-05,0.0,0.0,3.0,0.40053009391499594,0.4110715579398432
2018-08-06,0.002964748673035183,2.1357505921492267e-05,0.0,0.0,1.0,0.4052920613180617,0.3772764548553029
2018-08-07,0.005324640185177596,4.407594495782606e-05,1.0,0.0,1.0,0.4115456959303665,0.3861232253364945
2018-08-08,0.00324958543422713,1.917717562650452e-05,0.0,0.0,0.0,0.4115867741494198,0.3793568717345481
2018-08-09,0.0037315972041209265,2.484999519494986e-05,0.0,1.0,0.0,0.4089762416478158,0.3541592200475268
2018-08-10,0.013319995250957938,0.0002352568082447268,6.0,10.0,0.0,0.4282832031140254,0.40377183592607585
2018-08-13,0.006589949263955164,8.922534269049161e-05,1.0,2.0,0.0,0.43576257300188775,0.37734808034905765
2018-08-14,0.0030568930832036885,1.363448693675555e-05,0.0,0.0,0.0,0.4354361726454274,0.3825250444428611
2018-08-15,0.008440973635023684,0.00011802705376875089,6.0,8.0,0.0,0.42050948777553976,0.4058210682093476
2018-08-16,0.008193752572293524,9.101580783240004e-05,0.0,1.0,2.0,0.4164952304253037,0.40580781524183895
2018-08-17,0.003482537347118926,2.739313655744829e-05,0.0,1.0,0.0,0.41870813666800116,0.40441313096206655
2018-08-20,0.005279881950711618,3.982072239997686e-05,1.0,0.0,1.0,0.422547540990295,0.41243665160166443
2018-08-21,0.00632654970943197,6.894089794097413e-05,1.0,0.0,2.0,0.4041406086670311,0.40980999877440566
2018-08-22,0.0047512729470187256,4.862900424037515e-05,0.0,1.0,1.0,0.4081360957304303,0.3734353311207819
2018-08-23,0.003384985495603282,2.668616703670856e-05,0.0,0.0,0.0,0.4116046677173824,0.37213754604614147
2018-08-24,0.0032534075757560195,1.9302318315580843e-05,0.0,0.0,1.0,0.4046005982307067,0.378940434855728
2018-08-27,0.0072478901204697565,8.379564227559311e-05,1.0,0.0,1.0,0.41208175859845436,0.39212267501934045
2018-08-28,0.004280513506532351,2.711612615790369e-05,0.0,0.0,0.0,0.4172965638224636,0.3950936381223561
2018-08-29,0.0036075051561891337,2.1348842019452843e-05,0.0,0.0,0.0,0.4184623203149172,0.3928720608142406
2018-08-30,0.005051472942307923,3.769001724103011e-05,0.0,0.0,0.0,0.42183421771059637,0.4017687790884127
2018-08-31,0.007527407414509278,7.03203193739762e-05,0.0,1.0,0.0,0.42875067412872536,0.43002779267180713
2018-09-03,0.0033448535785819467,1.6928604343972775e-05,0.0,0.0,0.0,0.43500555245714334,0.43476081253387006
2018-09-04,0.007756435306408069,9.021801516969088e-05,0.0,3.0,0.0,0.4341003134019016,0.4214453166556429
2018-09-05,0.009434738796265288,0.0001131092373643642,2.0,3.0,0.0,0.4443621608695002,0.445484605942662
2018-09-06,0.005432970453030659,4.427430363682205e-05,1.0,1.0,0.0,0.4433922790679975,0.4382513028877321
2018-09-07,0.003909070547562854,2.717873445124693e-05,0.0,0.0,0.0,0.4320548533627754,0.43937208359366425
2018-09-10,0.006190270513706733,8.175738692081827e-05,2.0,0.0,2.0,0.43241503709032675,0.4451941689791043
2018-09-11,0.00438605870531391,5.699041657832391e-05,1.0,1.0,0.0,0.42789946038069604,0.45134819182500824
2018-09-12,0.00507520383748565,3.866512821067075e-05,0.0,0.0,1.0,0.4253851000813816,0.4527955320831548
2018-09-13,0.003710285826806454,2.986765318604692e-05,0.0,0.0,0.0,0.4235786509740119,0.4503526518158698
2018-09-14,0.003745940635278818,1.8519639687717798e-05,0.0,0.0,0.0,0.4214249844910619,0.4319548399972266
2018-09-17,0.0036805084626740105,2.7866824745021796e-05,0.0,0.0,0.0,0.4054285831284474,0.4283497673319902
2018-09-18,0.005502692320012582,3.888255898731362e-05,0.0,0.0,1.0,0.41249554172612873,0.4286831152705668
2018-09-19,0.00379698391375929,2.2748048657304114e-05,0.0,0.0,0.0,0.4107164767697742,0.4371401251333487
2018-09-20,0.005549439562690915,4.416966651127107e-05,0.0,0.0,1.0,0.40215521812404953,0.4401130856918783
2018-09-21,0.006505742446529327,7.855718614440127e-05,2.0,0.0,2.0,0.3896884085537025,0.3777706187633216
2018-09-24,0.0054778271564402785,4.7069186066191086e-05,1.0,1.0,0.0,0.36690335038539246,0.35433126541872983
2018-09-25,0.005331716637649922,5.431025666437547e-05,1.0,1.0,2.0,0.3666710966930089,0.34873473011743417
2018-09-26,0.002615648303448082,1.204520696751937e-05,0.0,0.0,0.0,0.3704873702789368,0.3282375823651785
2018-09-27,0.004691552369076923,3.557033884807653e-05,0.0,0.0,1.0,0.3754804977564004,0.33558954409443004
2018-09-28,0.010971242798328104,0.00018971526994433096,2.0,4.0,1.0,0.3840368355537046,0.36112832320150223
2018-10-01,0.0038050507139257604,2.0837769652690705e-05,0.0,0.0,0.0,0.38291513217756007,0.34990727628980595
2018-10-02,0.004967191150676669,3.906954512159743e-05,0.0,0.0,0.0,0.378846429031705,0.33910998402646675
2018-10-03,0.006832640884398073,6.899326024514905e-05,0.0,2.0,1.0,0.35538359562637517,0.32981328540575694
2018-10-04,0.007278676700406366,7.497389396997247e-05,1.0,4.0,0.0,0.35516403785534145,0.33321851961721766
2018-10-05,0.008808127451219646,0.00010524581003973825,1.0,3.0,0.0,0.36723794985893726,0.34574113504931125
2018-10-08,0.010943297010951605,0.00015977243732822013,3.0,6.0,0.0,0.3885201112205807,0.3632773079839924
2018-10-09,0.005943015246717219,6.604721440182603e-05,1.0,1.0,0.0,0.3893082910181512,0.36418336944093627
2018-10-10,0.014960708190563762,0.00029565580014669817,10.0,11.0,0.0,0.4139331771764245,0.40710312924761616
2018-10-11,0.017349408328692962,0.0003373236444064365,12.0,14.0,0.0,0.46243567514364486,0.4873219915082203
2018-10-12,0.005019679449671241,4.584910734671169e-05,1.0,0.0,2.0,0.4613285190671985,0.4758174088751341
2018-10-15,0.0038525289728767774,2.3298807060944807e-05,0.0,0.0,0.0,0.4642889016851743,0.4802090884697032
2018-10-16,0.014641417450749556,0.0002612441710463589,7.0,0.0,12.0,0.47912105597383947,0.5225462325166018
2018-10-17,0.005603102151943502,5.5113597759355116e-05,0.0,2.0,1.0,0.47583876020727556,0.5051672473908223
2018-10-18,0.007574557199042104,8.576435969826643e-05,2.0,3.0,0.0,0.4755895377491226,0.510463315359644
2018-10-19,0.005283685254473045,5.1027809601581906e-05,1.0,1.0,1.0,0.47213112706847266,0.504336414986391
2018-10-22,0.004916508336872551,4.152022056077928e-05,1.0,1.0,0.0,0.4693826684479304,0.49539389222739
2018-10-23,0.015028854146681331,0.00028944679809286096,11.0,12.0,0.0,0.48927673092620777,0.5209649853022957
2018-10-24,0.007163506589645947,0.00010144162765076759,1.0,2.0,1.0,0.4870085647161766,0.5145837952058295
2018-10-25,0.0071921168755910815,7.88414418367303e-05,2.0,1.0,4.0,0.4816626709319327,0.5066814218592819
2018-10-26,0.009168892820551649,0.0001275521689059337,1.0,2.0,1.0,0.46967054212111237,0.4960492736377297
2018-10-29,0.008834710702889284,0.00010315809180786329,0.0,0.0,5.0,0.4745678350965907,0.5085589859149935
2018-10-30,0.004650194953079699,3.081096240753391e-05,0.0,1.0,0.0,0.46814221278062856,0.49510405082724546
2018-10-31,0.01202641434704853,0.0001923221327257633,6.0,0.0,10.0,0.4751497892896193,0.500290473603321
2018-11-01,0.005004479762219083,8.254857366561056e-05,2.0,1.0,1.0,0.4725057523308157,0.4952363806644931
2018-11-02,0.006291621086399246,7.244977920522822e-05,1.0,0.0,3.0,0.4575169230759855,0.4945516288587935
2018-11-05,0.00428409746041914,4.2873206689210744e-05,0.0,0.0,0.0,0.4531419321191344,0.496595587938536
2018-11-06,0.003928149452032143,3.2632270904695414e-05,0.0,0.0,1.0,0.4518630338869146,0.49710169031301477
2018-11-07,0.01120699217790669,0.0001571476825567709,3.0,0.0,9.0,0.4623503268732791,0.5163103673997131
2018-11-08,0.004292665464226914,3.195140803023602e-05,0.0,1.0,0.0,0.4624369969038899,0.5095423827867906
2018-11-09,0.00538664659647783,3.959185180873818e-05,0.0,0.0,0.0,0.461545470712443,0.5098612499068635
2018-11-12,0.0077489517050329864,8.121303458348104e-05,2.0,2.0,0.0,0.46294599669071657,0.5161935268529131
2018-11-13,0.006094299702095886,5.577336822718743e-05,0.0,1.0,0.0,0.4563161195332727,0.5109991597466101
2018-11-14,0.0070805670836649485,7.494691613145307e-05,0.0,2.0,1.0,0.4545823085265201,0.5114703974610604
2018-11-15,0.007090136736319863,0.00011837448474188326,1.0,1.0,0.0,0.45178136434475896,0.5098578689491456
2018-11-16,0.004454524095120664,3.9565590597018785e-05,0.0,1.0,0.0,0.4483333727503773,0.5036696579051154
2018-11-19,0.007698389196706728,8.081020513818748e-05,0.0,2.0,0.0,0.4452186161457099,0.4939970145656232
2018-11-20,0.015730879300763848,0.0003062649260793742,6.0,10.0,0.0,0.4699855463297064,0.5295629765274468
2018-11-21,0.011582693058457634,0.0001645662961214442,1.0,0.0,9.0,0.4846688303360235,0.535881440217323
2018-11-22,0.0071482942995052595,6.272761152099833e-05,0.0,1.0,0.0,0.487432784004466,0.49517049193627705
2018-11-23,0.004701351726761291,3.569336077339265e-05,0.0,1.0,1.0,0.4822574160102019,0.4960482687358337
2018-11-26,0.009557722021898307,0.0001396929611279026,3.0,0.0,7.0,0.4829267792425999,0.49242652573914675
2018-11-27,0.0038080707208931635,2.122105476687754e-05,0.0,0.0,0.0,0.4848129694860603,0.4630316861315884
2018-11-28,0.003138735026569344,2.6885883377991905e-05,0.0,0.0,1.0,0.4802037927206656,0.4690139598109793
2018-11-29,0.006789456925867626,8.395607454159334e-05,2.0,0.0,3.0,0.48708715632403404,0.47480452137186935
2018-11-30,0.003568829406685406,3.21583435181396e-05,0.0,0.0,1.0,0.4862906667510868,0.4763714934265576
2018-12-03,0.014284936672152202,0.0002847797323882998,6.0,0.0,10.0,0.5058014084450907,0.5144035976432496
2018-12-04,0.009489842044126237,0.00012697040929928672,2.0,3.0,0.0,0.5042236196819755,0.48173532898757854
2018-12-05,0.008207299244816441,9.150730806699801e-05,0.0,3.0,0.0,0.5080689785855498,0.49703094462866826
2018-12-06,0.02498427878521469,0.0007421989832430871,14.0,15.0,0.0,0.548144518339805,0.584902135619687
2018-12-07,0.007719469064833754,7.928105431216515e-05,1.0,0.0,1.0,0.5453410424465361,0.586856767746278
2018-12-10,0.015200350857036206,0.0002793342628348406,5.0,8.0,0.0,0.5589203827317113,0.6051842488298287
2018-12-11,0.010314646392974157,0.00013876411746015406,1.0,0.0,9.0,0.5579085006189071,0.6105188441702611
2018-12-12,0.013354618986849724,0.00023931027310987406,6.0,0.0,10.0,0.5631526643889504,0.6176631336677728
2018-12-13,0.00509249904381978,4.032419887788725e-05,1.0,0.0,1.0,0.5620917178107595,0.6191058776612806
2018-12-14,0.003918171551044219,2.0105545872879445e-05,0.0,0.0,0.0,0.5658753302835291,0.6261851758186979
2018-12-17,0.01084221868932953,0.00013485019712124988,0.0,2.0,0.0,0.5678833092611866,0.6275638596717747
2018-12-18,0.007381910426412867,6.897132090937138e-05,0.0,1.0,0.0,0.5666852968281698,0.6241253875172194
2018-12-19,0.013696147171389087,0.000826042294609168,2.0,2.0,0.0,0.5329337316537378,0.5655306523489722
2018-12-20,0.015830474309947995,0.00029492520321665084,9.0,10.0,0.0,0.5408948714548755,0.5814698389575238
2018-12-21,0.007897450480381754,0.00019290094471294015,1.0,2.0,1.0,0.5417511718533151,0.5775554970583971
2018-12-24,0.0064034316745674785,0.0002758644918315241,1.0,0.0,1.0,0.5399282193568448,0.5737571308518568
2018-12-25,0.0,0.0,0.0,0.0,0.0,0.5419366689341807,0.5835197835101928
2018-12-26,0.0,0.0,0.0,0.0,0.0,0.5472665168452003,0.5960807034139787
2018-12-27,0.012569399788009767,0.00019673458772547604,3.0,6.0,0.0,0.5502669186219526,0.6024468087872051
2018-12-28,0.014249542009214472,0.0002391168680091097,4.0,0.0,12.0,0.5603095170878354,0.6226259175174692
2018-12-31,0.00409299456483258,4.941289665807749e-05,1.0,0.0,1.0,0.5547603173855677,0.6183871535628254
2019-01-01,0.0,0.0,0.0,0.0,0.0,0.5578789295242644,0.603743677487488
2019-01-02,0.005948874992131773,6.103345715799597e-05,2.0,2.0,0.0,0.546789383030876,0.5771327664079361
2019-01-03,0.006910614739923615,9.107691536469185e-05,1.0,2.0,1.0,0.527295791363212,0.5693545570059025
2019-01-04,0.023290795033395116,0.0006195233455621276,14.0,1.0,14.0,0.5411270898146778,0.5864799129560618
2019-01-07,0.005435922551200973,5.233676941898627e-05,0.0,0.0,1.0,0.5400419684698761,0.5897008254326067
2019-01-08,0.007004616900428143,8.518289460285918e-05,1.0,1.0,1.0,0.532678171068914,0.5897935240824813
2019-01-09,0.0075153921309742385,7.290432082280688e-05,0.0,0.0,1.0,0.533877455793907,0.5891942370874715
2019-01-10,0.002945424061448879,1.451633167414383e-05,0.0,0.0,0.0,0.5330732525445562,0.5844777074418093
2019-01-11,0.004208338377062114,3.798453542788213e-05,1.0,1.0,0.0,0.5348243745707488,0.5864407971340886
2019-01-14,0.006959579779831695,0.00012784500089337296,1.0,1.0,0.0,0.5388698297269577,0.5725908281737686
2019-01-15,0.0059638609190526895,5.288626044839088e-05,1.0,0.0,3.0,0.5285952678436285,0.5812371407142359
2019-01-16,0.006376228505225416,5.6128414059722194e-05,0.0,0.0,0.0,0.5336454038408959,0.5804002075787666
2019-01-17,0.004005649489031049,2.8501080656842327e-05,0.0,0.0,1.0,0.5353777662107676,0.5283750137303417
2019-01-18,0.01265661832048638,0.00021642335834012232,5.0,0.0,10.0,0.5438385804978404,0.5456578925573483
2019-01-21,0.0039510143918487445,2.88877571305632e-05,0.0,0.0,0.0,0.5414025703797493,0.5184494117129993
2019-01-22,0.005214185777223388,4.3843039095850574e-05,0.0,0.0,0.0,0.5413491752763305,0.5142631600184617
2019-01-23,0.004818976624933323,4.8474623759469034e-05,1.0,0.0,1.0,0.5388640999363109,0.495889521535567
2019-01-24,0.004319418940225408,3.7549319857716325e-05,1.0,0.0,1.0,0.5419053824071305,0.502533592991087
2019-01-25,0.007757242646143017,8.603012096648981e-05,0.0,0.0,2.0,0.5433902253441549,0.4985937368569201
2019-01-28,0.007931693660564629,7.830082936872123e-05,0.0,0.0,0.0,0.545497836512352,0.4950756274054475
2019-01-29,0.005057947759623865,3.7060559832987145e-05,0.0,0.0,1.0,0.5459113510802835,0.4970609622663639
2019-01-30,0.005326777276091981,4.601826762100565e-05,1.0,0.0,2.0,0.5385187296923832,0.5108451844966583
2019-01-31,0.0049824048739218925,5.2790164943363676e-05,1.0,1.0,1.0,0.5370173514609642,0.46480940661633385
2019-02-01,0.005046156110707345,3.674157788775693e-05,0.0,0.0,1.0,0.5373021807410862,0.4581161979771132
2019-02-04,0.004645101992134842,8.573802653161996e-05,1.0,1.0,1.0,0.5347402281235183,0.47057884179972337
2019-02-05,0.012209281297191139,0.00017428777181662327,3.0,0.0,10.0,0.5413165783469954,0.47569184449781315
2019-02-06,0.0051192036534942345,3.6169448066871934e-05,0.0,0.0,1.0,0.5451211720806024,0.4702929419327317
2019-02-07,0.01397336337037329,0.0002418744111073646,6.0,7.0,0.0,0.5521670219937126,0.47318160020394173
2019-02-08,0.0074231715101087505,7.17992735316253e-05,0.0,1.0,1.0,0.5535118183078078,0.45277609938384705
2019-02-11,0.007694369669122128,8.719402119870705e-05,1.0,1.0,0.0,0.5512292725988428,0.45408343959055525
2019-02-12,0.0073145341692530605,8.656237778324332e-05,1.0,0.0,1.0,0.5376078628507254,0.45333670433785905
2019-02-13,0.006547153954528493,6.84523892527544e-05,1.0,0.0,2.0,0.5289021760447349,0.4551044981391078
2019-02-14,0.005671269155393043,4.433899061027843e-05,1.0,0.0,1.0,0.526083351202521,0.4649292074624282
2019-02-15,0.010621106310645074,0.0001495087567594126,4.0,0.0,7.0,0.5296210085452886,0.41635130474966786
2019-02-18,0.004509372888865776,4.552293771840839e-05,0.0,0.0,2.0,0.5319207052132627,0.4216320569630723
2019-02-19,0.002532325121266426,1.1927663324945742e-05,0.0,0.0,0.0,0.5329905798583507,0.42777239405156026
2019-02-20,0.00622635285888572,6.391010731700132e-05,1.0,0.0,2.0,0.5339605594206844,0.4259486203812061
2019-02-21,0.0054924850911615255,4.890569163439539e-05,0.0,0.0,0.0,0.5293801396690582,0.4187600252966392
2019-02-22,0.0035153973342637534,2.1606205456462962e-05,0.0,0.0,1.0,0.5312843473146891,0.4162108850991678
2019-02-25,0.004579859122695271,4.233778206919397e-05,1.0,0.0,1.0,0.5222795845728945,0.39823553419881186
2019-02-26,0.0029054464611313804,1.379945869827417e-05,0.0,0.0,0.0,0.5273317681005961,0.4042932090808068
2019-02-27,0.004387764563985772,3.162350140985268e-05,0.0,0.0,0.0,0.5272090747456757,0.4154620314998474
2019-02-28,0.00505838240687782,3.996275302751376e-05,1.0,0.0,1.0,0.48225334075747156,0.41025562934558696
2019-03-01,0.0054244252037249805,5.004164331435554e-05,1.0,0.0,2.0,0.4846380660160027,0.3826757772327484
2019-03-04,0.00501723736334566,5.222251907866764e-05,1.0,1.0,1.0,0.4612080369643377,0.3700336741117036
2019-03-05,0.0031477483509419627,2.1957902650506722e-05,0.0,0.0,1.0,0.46089115966504685,0.37251014598873566
2019-03-06,0.0048893486572594526,3.6490132248853536e-05,0.0,0.0,0.0,0.44854487438748186,0.3714828286608784
2019-03-07,0.006819051074414489,6.110434005383153e-05,0.0,1.0,0.0,0.45621530316959885,0.38935661026220403
2019-03-08,0.007134202879036644,6.472813323790136e-05,0.0,0.0,0.0,0.460820075148788,0.41314264074486795
2019-03-11,0.005721719696858301,5.0320440725474886e-05,0.0,0.0,1.0,0.45672337043507866,0.4052840531893471
2019-03-12,0.0030744785349868273,1.761107183510059e-05,0.0,1.0,0.0,0.4581714464613277,0.40639610409291155
2019-03-13,0.005618192208896267,4.616860741723949e-05,0.0,0.0,1.0,0.47047737697378145,0.41450203303403343
2019-03-14,0.0066194754365358375,7.206906900302803e-05,0.0,0.0,3.0,0.4465664560947573,0.4252336089963303
2019-03-15,0.006473115547757149,6.335427942335478e-05,0.0,0.0,2.0,0.44267473170302796,0.42466855801567294
2019-03-18,0.005431945927337978,4.691965898715026e-05,0.0,0.0,1.0,0.4508426470876563,0.427255390372218
2019-03-19,0.006408223802137891,7.307995527084091e-05,1.0,0.0,1.0,0.44850862972191385,0.4072521625065824
2019-03-20,0.0072074603187029665,7.456880746716166e-05,1.0,2.0,0.0,0.44970796185119455,0.4198762638452632
2019-03-21,0.0037352022634662887,2.3051766907771747e-05,0.0,0.0,0.0,0.4338505296607488,0.3722205496306382
2019-03-22,0.014072132675251337,0.00023034407947766035,7.0,10.0,1.0,0.4311635244547974,0.4108548577397006
2019-03-25,0.0042561206840201595,2.6934915319821097e-05,0.0,0.0,0.0,0.4382524332496282,0.42893616165117376
2019-03-26,0.00473428619876856,3.21762177938084e-05,0.0,0.0,0.0,0.4372521065840458,0.42305415646544875
2019-03-27,0.002912058729093836,1.703368016542371e-05,0.0,0.0,0.0,0.44100204176135077,0.43129948455001216
2019-03-28,0.003122326242483752,1.8484679215659022e-05,0.0,0.0,0.0,0.4462486273719207,0.4319785198155136
2019-03-29,0.008190850787370718,8.692574751231265e-05,1.0,0.0,3.0,0.40569458284740434,0.4077571314118367
2019-04-01,0.011998979265001286,0.00017021822478308698,3.0,0.0,4.0,0.4170779919501223,0.43132856208943976
2019-04-02,0.004280685324618099,2.8744193319142898e-05,0.0,0.0,0.0,0.4192521602342198,0.42739955198391066
2019-04-03,0.009327976514108409,0.00011666140313548287,1.0,0.0,6.0,0.42431030404903103,0.44047815280337577
2019-04-04,0.0032686288476400094,1.6379452499126246e-05,0.0,0.0,0.0,0.42494243925299197,0.44999924438973665
2019-04-05,0.004993523157736864,4.352671087444156e-05,0.0,0.0,0.0,0.42136022088983655,0.44577878444472135
2019-04-08,0.004031030269975358,3.29476567053822e-05,0.0,0.0,0.0,0.4101684548708004,0.4408932552305241
2019-04-09,0.005402238347829275,3.8445134674579304e-05,0.0,1.0,0.0,0.41262296576449187,0.44034312546558385
2019-04-10,0.0043963726752399394,3.2727912375582013e-05,0.0,0.0,2.0,0.4138819226087699,0.4335215033586123
2019-04-11,0.004299020444537274,3.227714035246877e-05,0.0,0.0,0.0,0.4144938711516945,0.43438699417759513
2019-04-12,0.005079249305096798,3.815875194466742e-05,0.0,0.0,0.0,0.40262229410945455,0.43698331353737974
2019-04-15,0.003341341550062809,2.2098880974686638e-05,0.0,0.0,0.0,0.4018613403892294,0.4355414857316522
2019-04-16,0.0035961407067027365,1.776595044679319e-05,0.0,0.0,0.0,0.40306743628944575,0.4387914485426523
2019-04-17,0.0036200494338843696,1.8027780006427465e-05,0.0,0.0,0.0,0.4065341190881185,0.4467595478930394
2019-04-18,0.0036776196635612004,1.9149657706025102e-05,0.0,0.0,0.0,0.40764001875756184,0.42752096630974884
2019-04-19,0.00045235676746700976,3.887906256390845e-06,0.0,0.0,0.0,0.4124855135337441,0.40228466738145185
2019-04-22,0.0003240678348812353,1.9953792704876203e-06,0.0,0.0,0.0,0.4063890059910877,0.401722048763294
2019-04-23,0.004664355814885346,3.103024268994296e-05,0.0,0.0,0.0,0.4045763803311672,0.3945101140387304
2019-04-24,0.005552033514733458,4.2672549503897626e-05,0.0,2.0,0.0,0.40964656751351997,0.40218857295653165
2019-04-25,0.00505279673697063,3.716540539321136e-05,0.0,0.0,0.0,0.41220370618417485,0.3965496459144773
2019-04-26,0.0021176683850810426,1.2614416940025299e-05,0.0,0.0,1.0,0.41290591399703663,0.3994222823081486
2019-04-29,0.002965110531791101,2.0932758806884e-05,0.0,0.0,0.0,0.4137148958952482,0.3944759788762852
2019-04-30,0.004155244404413622,3.2151563762388685e-05,0.0,0.0,0.0,0.39848982745417677,0.39363793178750905
2019-05-01,0.00023436917652624718,1.0436493072062331e-06,0.0,0.0,0.0,0.40273786422805813,0.3924923221566905
2019-05-02,0.006156227331974266,5.266629721571148e-05,0.0,1.0,0.0,0.38505163260675285,0.4034473359441586
2019-05-03,0.0027913177857050485,1.7272542581429015e-05,0.0,0.0,0.0,0.3786070633180008,0.34049241718568
2019-05-06,0.009690769656785999,0.00012613208886089568,2.0,4.0,0.0,0.4045906657832426,0.3761835958587117
2019-05-07,0.011989996054820184,0.00017716577503512895,3.0,7.0,0.0,0.41038201054415524,0.39855268111290576
2019-05-08,0.0048026768387558335,4.235919070962567e-05,0.0,1.0,0.0,0.41204607226090384,0.3944721349819401
2019-05-09,0.014677713856880057,0.0002560033220122701,6.0,11.0,0.0,0.4385714754424252,0.44582643039808206
2019-05-10,0.005122583578893631,4.232611793391122e-05,0.0,0.0,0.0,0.4298391030870642,0.4505150276334576
2019-05-13,0.012426288675513507,0.00017679225787944701,2.0,4.0,0.0,0.45375572045391116,0.47471983157926945
2019-05-14,0.009314671320688358,0.00010243679273305229,0.0,0.0,2.0,0.44865565138208047,0.4634812032752901
2019-05-15,0.0041091892740083265,2.6648624337756265e-05,0.0,0.0,0.0,0.4466419858291839,0.4393077926465325
2019-05-16,0.010270217824232092,0.00013386287965780892,1.0,0.0,7.0,0.46328815154376624,0.473927030983501
2019-05-17,0.003536207909936666,2.0874002100591155e-05,0.0,0.0,1.0,0.46405717930534035,0.4769315638203471
2019-05-20,0.009379781644506993,0.0001273186023565789,1.0,2.0,0.0,0.46637394801025833,0.48656795817729515
2019-05-21,0.0060799075465114896,5.9920149898977246e-05,0.0,0.0,1.0,0.467173827469974,0.4938219731037113
2019-05-22,0.00352605720776546,2.7168901173954346e-05,0.0,0.0,0.0,0.4636419729555762,0.4860471382160151
2019-05-23,0.01332769942237988,0.00022562015518205365,7.0,9.0,0.0,0.4776509280808272,0.5021970238069019
2019-05-24,0.006125524376981632,4.647167684957753e-05,0.0,0.0,1.0,0.4852343138885152,0.5200734902918895
2019-05-27,0.006180569794437041,0.00019920247148584195,1.0,0.0,1.0,0.4814545312183372,0.5082972697016752
2019-05-28,0.006069668976575851,9.417452098128632e-05,1.0,0.0,2.0,0.475724309956937,0.5001843188046454
2019-05-29,0.011391984827669321,0.0001647653555396937,1.0,6.0,0.0,0.482772915549376,0.5005979052915428
2019-05-30,0.007364825334507097,0.00010720430413396253,2.0,0.0,2.0,0.4766383890765854,0.5012067369496386
2019-05-31,0.008026848754880876,8.680406240712918e-05,1.0,2.0,0.0,0.4656265672608969,0.48972151567406824
2019-06-03,0.004233092786402715,3.1945859221110134e-05,0.0,0.0,0.0,0.46165218317546414,0.48655142570097776
2019-06-04,0.008913675510987552,0.00013109727516380138,1.0,1.0,4.0,0.4528669789734076,0.47734249756922764
2019-06-05,0.004165426451176732,3.0942407439101666e-05,0.0,0.0,1.0,0.4529333641441363,0.4818460179984029
2019-06-06,0.0037448824785320787,2.5158451656873928e-05,0.0,0.0,0.0,0.4487065387549884,0.4834900617345616
2019-06-07,0.008028601932360043,7.633469252910693e-05,0.0,0.0,3.0,0.4512818683509128,0.48531980545121817
2019-06-10,0.00538809913094415,7.71716508395206e-05,1.0,0.0,3.0,0.45297228706394554,0.4966316832932374
2019-06-11,0.006647243906810514,6.174793524810872e-05,1.0,0.0,2.0,0.45648129608201504,0.5072299802818672
2019-06-12,0.006190818749330322,5.7273521180693165e-05,0.0,1.0,0.0,0.4603272300539129,0.5107615818011377
2019-06-13,0.004126135777176371,3.052427076543739e-05,0.0,0.0,0.0,0.46106844020502,0.5084996455913349
2019-06-14,0.004292692455334462,2.3816317139860753e-05,0.0,0.0,0.0,0.45275582385880614,0.5104239060457034
2019-06-17,0.003957019210595968,2.6365775785723214e-05,0.0,1.0,0.0,0.44738468912859375,0.4934235920974127
2019-06-18,0.012349657229956507,0.00019414841302342994,3.0,0.0,11.0,0.4533415281330223,0.4952017677656232
2019-06-19,0.003090038534217246,1.7268998622826648e-05,0.0,0.0,0.0,0.4531942709755698,0.4959639493507543
2019-06-20,0.0037764950469508377,2.232135395858363e-05,0.0,0.0,0.0,0.4528230637539578,0.47228109455636713
2019-06-21,0.0033500694184824703,2.0757847987882026e-05,0.0,0.0,0.0,0.4534421828715478,0.47164330869906507
2019-06-24,0.00542645530347892,4.690219321821647e-05,0.0,1.0,0.0,0.44460194027856503,0.42708356035327794
2019-06-25,0.004568950334087914,3.398696750188436e-05,0.0,0.0,0.0,0.44561315266489315,0.444209351569912
2019-06-26,0.0033218624743856302,1.822866967950584e-05,0.0,0.0,0.0,0.43700148304613406,0.4432342764141317
2019-06-27,0.004428763052900648,3.248388655004309e-05,1.0,1.0,0.0,0.43594771305871616,0.4235842523332489
2019-06-28,0.006201308424390723,4.847407368237269e-05,0.0,0.0,1.0,0.44261158907917947,0.4276327471666274
2019-07-01,0.007795862600317031,7.831444128108315e-05,0.0,1.0,1.0,0.44562486879811214,0.41084914920218046
2019-07-02,0.0032890930351770166,1.7878536136001758e-05,0.0,0.0,0.0,0.44449533187024026,0.40624623683577105
2019-07-03,0.008422919306639187,0.00010598639028998985,2.0,0.0,3.0,0.44568141463403327,0.4121870518735792
2019-07-04,0.004193906603238128,2.909380262340268e-05,0.0,0.0,0.0,0.44897874613874916,0.3704794038172009
2019-07-05,0.004876053895885553,3.089505517515875e-05,0.0,0.0,0.0,0.4522240940430922,0.3720255572085516
2019-07-08,0.004606272873999308,3.9495266207127136e-05,0.0,0.0,0.0,0.45270492876537993,0.38014049587857507
2019-07-09,0.008003590151187994,0.00014853966311025239,1.0,1.0,0.0,0.45913334327419697,0.4068936262223384
2019-07-10,0.0039027712282504105,4.2582058346893906e-05,0.0,0.0,1.0,0.458238897047241,0.3871619358902515
2019-07-11,0.00414754131354992,2.732437516986218e-05,0.0,0.0,1.0,0.4584844817677228,0.3847302913590957
2019-07-12,0.0027602022329335477,1.2839527607138004e-05,0.0,0.0,0.0,0.45809756317759476,0.3907200490202919
2019-07-15,0.004058350877975517,2.556268313328645e-05,0.0,0.0,0.0,0.45597480871851864,0.39272912370283064
2019-07-16,0.004315970808167398,2.4386757280656782e-05,0.0,0.0,0.0,0.4583426895840892,0.40515055822493096
2019-07-17,0.006740122647823105,5.854204736554742e-05,0.0,0.0,0.0,0.4612722364408235,0.41749498441189514
2019-07-18,0.005721996026317125,5.250787314682224e-05,1.0,1.0,1.0,0.4594940081728205,0.4153433068818564
2019-07-19,0.00580776414608698,5.9099008402856527e-05,0.0,1.0,1.0,0.4559173200860179,0.3984240123114397
2019-07-22,0.0035024229824077656,1.9979054465611945e-05,0.0,0.0,0.0,0.4553309714937375,0.38619844223991123
2019-07-23,0.007938332450095559,8.655754513833256e-05,0.0,0.0,3.0,0.4592658691116748,0.37923161320071624
2019-07-24,0.003917423108824954,2.8038237531631346e-05,0.0,1.0,0.0,0.4562103304339925,0.35637845873304685
2019-07-25,0.005220676122914734,4.409788328767699e-05,0.0,0.0,0.0,0.4539516313939432,0.3549044883244964
2019-07-26,0.004454461214814368,2.5501769891572134e-05,0.0,0.0,0.0,0.4524095084578314,0.34378420544044486
2019-07-29,0.003821958308592449,3.2158301861700816e-05,1.0,0.0,1.0,0.4355738725124735,0.33735994486215687
2019-07-30,0.01175601313903195,0.00019269462686373785,4.0,7.0,0.0,0.4396560089580953,0.3476215181322021
2019-07-31,0.005304779755137592,5.450206568855722e-05,1.0,0.0,1.0,0.4381406004559976,0.3431896793223195
2019-08-01,0.005443651231061935,4.3487953421972406e-05,0.0,0.0,0.0,0.4164685478096123,0.3349255845022126
2019-08-02,0.016806026903365353,0.00039683918385626134,8.0,10.0,0.0,0.4354065984764378,0.3968656008737868
2019-08-05,0.017607547269468875,0.00039952340431162237,10.0,11.0,0.0,0.43992878045635525,0.45436655979678237
2019-08-06,0.004835516871305678,2.895974521226155e-05,0.0,0.0,0.0,0.4457085845879386,0.4550057395067241
2019-08-07,0.004985705820105234,2.9712260203042485e-05,0.0,0.0,0.0,0.4430806539809744,0.4505733127696653
2019-08-08,0.012565124513401468,0.00018897812157441622,4.0,0.0,8.0,0.4467933137271622,0.48218507176772674
2019-08-09,0.008742397366073138,0.00011345185525004469,1.0,1.0,0.0,0.44765836434417217,0.4733575352591512
2019-08-12,0.004800488921038705,3.181054749719026e-05,0.0,0.0,0.0,0.4441031263022684,0.4755181138778162
2019-08-13,0.005869016012207007,5.337612907268618e-05,0.0,0.0,0.0,0.44105735868586116,0.47345797414313023
2019-08-14,0.017589419186601576,0.00036407294811120636,8.0,16.0,0.0,0.46569533977118105,0.49925129648639816
2019-08-15,0.003788510580183871,2.6062462016831916e-05,0.0,0.0,0.0,0.4577661236028676,0.4894543348529637
2019-08-16,0.01007970019580275,0.00012474991500589376,1.0,0.0,5.0,0.4489921029431668,0.48169931057237214
2019-08-19,0.011755004293396055,0.00022949481687546165,1.0,0.0,4.0,0.45822311140808303,0.4964214392766012
2019-08-20,0.006122653423250368,6.717765667607251e-05,1.0,1.0,0.0,0.4614367741872618,0.49265139250000445
2019-08-21,0.009849691276546505,0.00012327532119479908,0.0,0.0,4.0,0.46402453409396804,0.5031882226248299
2019-08-22,0.004953068636940725,3.80426696993426e-05,0.0,0.0,0.0,0.46597676542630223,0.501633835286923
2019-08-23,0.007662463713986717,8.080123780533785e-05,0.0,0.0,0.0,0.4706727067879411,0.4972911303060614
2019-08-26,0.0031921745128939854,1.549832574908142e-05,0.0,0.0,0.0,0.4713804737608852,0.49781823621836113
2019-08-27,0.006721228995075522,8.0819953008575e-05,1.0,1.0,2.0,0.4752967010735807,0.48987773929167516
2019-08-28,0.006410486040329846,7.399783577822364e-05,1.0,2.0,0.0,0.474140400586805,0.4857402578400748
2019-08-29,0.011068740284728578,0.00014742554582951873,0.0,0.0,6.0,0.48996282225838433,0.5227453255959814
2019-08-30,0.008594701436413575,0.00012370034305842916,2.0,0.0,3.0,0.4868590001725238,0.5219398353757646
2019-09-02,0.003764126813967416,2.1140992667960947e-05,0.0,0.0,0.0,0.48246711123572905,0.5228485277026594
2019-09-03,0.005214669474662823,4.430584219170828e-05,0.0,0.0,0.0,0.47824307476529815,0.520426062998683
2019-09-04,0.007798165141782361,8.203056527275504e-05,0.0,0.0,1.0,0.4801444691032348,0.5330761399900553
2019-09-05,0.00937024015465666,0.00012513493951299637,1.0,0.0,3.0,0.4830727535192841,0.5390100925100584
2019-09-06,0.0029895886080882838,1.8191462262887324e-05,0.0,0.0,0.0,0.48160698765166515,0.5402709660730789
2019-09-09,0.005054640214769441,5.823075836912155e-05,1.0,0.0,1.0,0.4795824238220751,0.5402130614065792
2019-09-10,0.005977461843008052,5.474502029787938e-05,0.0,1.0,2.0,0.47204580853580386,0.5343037859960177
2019-09-11,0.0051438333079191975,4.6704701453956076e-05,0.0,0.0,1.0,0.4730415100033181,0.5434220065889385
2019-09-12,0.004506223171799337,2.9360386973408616e-05,0.0,0.0,0.0,0.4729540826122768,0.5481924760582795
2019-09-13,0.004817433559390659,3.5270716335858584e-05,0.0,0.0,1.0,0.47458767167435334,0.5345909988089964
2019-09-16,0.007826438695189735,7.308796812099075e-05,0.0,0.0,0.0,0.46969327533250826,0.48932148839594813
2019-09-17,0.004936826599331829,4.195242395090689e-05,0.0,0.0,0.0,0.4697453736477826,0.49237473705459817
2019-09-18,0.005047928209949382,3.533744570521094e-05,0.0,0.0,0.0,0.46899638596857224,0.4919845877108432
2019-09-19,0.005092580056032578,3.435714095277635e-05,0.0,0.0,0.0,0.4712461326952195,0.4728083595304546
2019-09-20,0.004028652413773265,2.772969884165669e-05,0.0,1.0,0.0,0.4664751632745864,0.4682443619037456
2019-09-23,0.009240821907045952,9.957531370651895e-05,1.0,1.0,1.0,0.46442815133654214,0.455398028585979
2019-09-24,0.003680592572309945,2.883394541671869e-05,0.0,0.0,0.0,0.4640191227242306,0.4561291631589383
2019-09-25,0.00605490014510205,4.946148238170449e-05,0.0,1.0,0.0,0.4604244913127564,0.3952367045599969
2019-09-26,0.004773669948069229,3.282159947606797e-05,1.0,0.0,1.0,0.46177655346974555,0.3917811581194137
2019-09-27,0.0064498003056883135,5.059193666158868e-05,1.0,0.0,1.0,0.46803455988217557,0.41090419341725837
2019-09-30,0.004640313528891517,2.8146885506914784e-05,0.0,1.0,0.0,0.46598582292625546,0.39446223814896675
2019-10-01,0.007722915494149257,7.525203811029387e-05,0.0,1.0,0.0,0.4686941535227785,0.4101103926008942
2019-10-02,0.022195685942981398,0.0005695594609252725,14.0,16.0,0.0,0.5080652544265083,0.5091703588418818
2019-10-03,0.004709500107241915,4.187180790029087e-05,1.0,1.0,0.0,0.5083754701287864,0.5093737023940855
2019-10-04,0.007021815086572403,6.0617186084637377e-05,0.0,0.0,0.0,0.509204775774845,0.5095439011767673
2019-10-07,0.006858395471907031,6.587498360669222e-05,0.0,0.0,1.0,0.5135484538418896,0.5166291282429223
2019-10-08,0.008215320459050128,8.033564293565126e-05,0.0,0.0,0.0,0.5177019080675814,0.5403051987609028
2019-10-09,0.0043122941063818915,2.7684181886434768e-05,0.0,0.0,0.0,0.5181068021592952,0.5428778262464277
2019-10-10,0.007064710764261453,6.19264679501172e-05,0.0,0.0,0.0,0.5221888721537906,0.5201403894189207
2019-10-11,0.016137083824890278,0.00032401296397339404,6.0,0.0,11.0,0.5434194921246809,0.5641648074632096
2019-10-14,0.004923178120067069,5.014108946505937e-05,1.0,0.0,1.0,0.5403489093381209,0.5594731964123806
2019-10-15,0.007891700962730772,9.524300203419658e-05,1.0,0.0,1.0,0.5416389594244242,0.5595689330182481
2019-10-16,0.0028770544542346017,1.2569634728721752e-05,0.0,0.0,0.0,0.5443187046061125,0.5570702971547583
2019-10-17,0.004183401522570784,2.4154130480748496e-05,0.0,0.0,0.0,0.5461926061831515,0.5553266297861325
2019-10-18,0.003548559539998991,1.7810055713116938e-05,0.0,0.0,0.0,0.5478356518288593,0.5554230359011829
2019-10-21,0.0066655352764011825,5.828712202412575e-05,0.0,0.0,1.0,0.5529205600012825,0.5703084234960202
2019-10-22,0.0048120540722720205,4.394106600849546e-05,1.0,0.0,1.0,0.5466387951079759,0.5710934527209879
2019-10-23,0.00374502000791229,2.5338634093355182e-05,0.0,0.0,0.0,0.5497612932337625,0.5668006813280004
2019-10-24,0.00627624836701627,6.875615888703656e-05,1.0,1.0,2.0,0.5505676326018055,0.562168220190858
2019-10-25,0.004567477333195706,3.2632506293276125e-05,0.0,0.0,0.0,0.5403320254863387,0.555262801721092
2019-10-28,0.0040894599078791114,3.679173217700898e-05,0.0,0.0,1.0,0.5235015280604386,0.5696317605918504
2019-10-29,0.003653496580909866,2.2788895207996473e-05,0.0,0.0,0.0,0.5211012641805527,0.5646691493060897
2019-10-30,0.003981704689536654,2.522370304002625e-05,0.0,1.0,0.0,0.5208707459904574,0.5649966159854022
2019-10-31,0.007337328220234836,7.005877832801301e-05,1.0,2.0,0.0,0.5121090567697623,0.5626217968501682
2019-11-01,0.00564567880345309,4.6617020917821394e-05,0.0,0.0,0.0,0.5125889800741927,0.5667570567796882
2019-11-04,0.011394125111007949,0.00018434855540956042,4.0,0.0,7.0,0.5167800011561753,0.5856582744090043
2019-11-05,0.004192926570647094,2.6075332917745777e-05,1.0,1.0,0.0,0.5175467053120525,0.5857743090851801
2019-11-06,0.0035900055895779523,2.798891756442549e-05,0.0,0.0,0.0,0.4917976365483175,0.5826551926395385
2019-11-07,0.005242446024996181,3.9024347227736294e-05,0.0,0.0,0.0,0.4900282961542682,0.5826071797045744
2019-11-08,0.0036688953507115997,2.0124434557715125e-05,0.0,0.0,0.0,0.49615145084238177,0.5749047439293139
2019-11-11,0.002874195699943253,1.5668355427886206e-05,0.0,0.0,0.0,0.4941935922823806,0.5794505282368598
2019-11-12,0.005191183437324644,3.9235151422170375e-05,0.0,0.0,0.0,0.49084927306256804,0.5648862146323723
2019-11-13,0.004449327348463618,2.9578788037484165e-05,0.0,0.0,0.0,0.4875980587827289,0.4579802095634752
2019-11-14,0.004988102158393082,4.726489439248174e-05,0.0,0.0,1.0,0.4846537732097287,0.44440747119671437
2019-11-15,0.004735175533566505,3.3495217855982905e-05,0.0,1.0,0.0,0.47991066194330156,0.43897777280866956
2019-11-18,0.003860179235690989,2.2164466286106982e-05,0.0,0.0,0.0,0.47800141763943566,0.42788353798787715
2019-11-19,0.0030964619404083337,1.627725772001018e-05,0.0,0.0,0.0,0.4855467364528676,0.3987219783872385
2019-11-20,0.004089123760326324,2.5515156924616356e-05,0.0,0.0,0.0,0.48757673292979253,0.4063166532192806
2019-11-21,0.004768694780163227,3.231512147898355e-05,0.0,0.0,0.0,0.4791443446618247,0.42016690141912
2019-11-22,0.004791725364968501,4.053125384416952e-05,0.0,0.0,1.0,0.48272408833330205,0.33449658428168516
2019-11-25,0.006086348930203094,4.233061108290993e-05,0.0,0.0,0.0,0.48458614657376836,0.34521839105710944
2019-11-26,0.0036582689906141078,3.2111799279754664e-05,0.0,1.0,1.0,0.48110808020019447,0.327679165953754
2019-11-27,0.0029265526976318093,1.1393597413239002e-05,0.0,0.0,0.0,0.47718242595274024,0.32748775900198235
2019-11-28,0.0028326427072700986,1.2291320649495326e-05,0.0,0.0,0.0,0.4764509816084106,0.33403470051934275
2019-11-29,0.003847533232747692,2.9126230070089575e-05,0.0,0.0,0.0,0.47604689598881245,0.3376578456094254
2019-12-02,0.011586180930504675,0.00017811181257779168,5.0,7.0,0.0,0.48645783725901115,0.3516281153432406
2019-12-03,0.007023308808974359,7.014093732065932e-05,1.0,1.0,0.0,0.495085065489752,0.3725379299878822
2019-12-04,0.010830564546385745,0.0001442682208293204,1.0,0.0,6.0,0.49844952946766347,0.40003815922988195
2019-12-05,0.0027618131458814724,1.6270174934237375e-05,0.0,0.0,0.0,0.5001107222615879,0.4079219520373046
2019-12-06,0.00861110703063741,9.819556119647901e-05,1.0,0.0,3.0,0.49632660277482793,0.4169343432102046
2019-12-09,0.0041252531276249355,2.646320262456245e-05,0.0,0.0,0.0,0.5044541409102449,0.4167940539818398
2019-12-10,0.0038204456591674103,1.919953456249487e-05,0.0,0.0,0.0,0.5045620722301171,0.42362110447618806
2019-12-11,0.004539137167240292,5.056111308374643e-05,1.0,0.0,1.0,0.5031213922063272,0.42319714937328407
2019-12-12,0.0072392977382321816,9.075306858422104e-05,2.0,0.0,2.0,0.5012030690506402,0.4137180237135097
2019-12-13,0.006174367266449494,5.4031532021423056e-05,1.0,0.0,2.0,0.5077402396581928,0.42948746614106614
2019-12-16,0.008694253212009784,9.595840368805174e-05,1.0,0.0,2.0,0.5130489958041374,0.4129429756328031
2019-12-17,0.006438035117195867,5.787021641032159e-05,0.0,1.0,0.0,0.509752422933841,0.4014869060512195
2019-12-18,0.0038675724321350444,3.212281459680645e-05,1.0,0.0,2.0,0.5082096589542172,0.4008804360256164
2019-12-19,0.0034723943278516713,2.1497825696551064e-05,1.0,0.0,1.0,0.5053652895419026,0.39582358163027526
2019-12-20,0.006220823710618904,5.254196245041368e-05,1.0,1.0,0.0,0.4952335442069784,0.38711199761037884
2019-12-23,0.005825271655073762,8.367192218006268e-05,2.0,0.0,3.0,0.49687938359874745,0.3931657181237113
2019-12-24,0.0004801056577452556,1.5401489574831464e-06,0.0,0.0,0.0,0.4908861616951984,0.39852216159637605
2019-12-25,0.0,0.0,0.0,0.0,0.0,0.42474495528752426,0.39884908468086683
2019-12-26,0.0,0.0,0.0,0.0,0.0,0.42226898357188586,0.40176786498599765
2019-12-27,0.003513799370985516,1.9336292234936116e-05,0.0,0.0,0.0,0.4184282268408431,0.403329726788332
2019-12-30,0.006807990156669166,5.675699775073318e-05,0.0,0.0,1.0,0.41588962278286756,0.41247130313089014
2019-12-31,0.0012634738932518705,6.017246039769238e-06,0.0,0.0,0.0,0.404625037716974,0.4133680548648792
2020-01-01,0.0,0.0,0.0,0.0,0.0,0.4061457526108041,0.41400171200262165
2020-01-02,0.011215316673024245,0.00016217343137371937,3.0,0.0,7.0,0.42058506094576026,0.4359524100090602
2020-01-03,0.005216355316328808,4.1751361253857185e-05,0.0,0.0,0.0,0.38739480158402295,0.43849028376164734
2020-01-06,0.005022350021538701,7.340931931590078e-05,1.0,1.0,0.0,0.39280808665400235,0.4370798993888366
2020-01-07,0.004443147305002498,2.9603661400117255e-05,0.0,0.0,0.0,0.38555495425356223,0.43822064169249486
2020-01-08,0.004569201158890666,4.339881430474456e-05,1.0,0.0,1.0,0.38432930121830877,0.43535833258407414
2020-01-09,0.006126405774763012,6.678565877204258e-05,1.0,0.0,1.0,0.38815585002266006,0.4370831140664475
2020-01-10,0.002870021596113609,1.2832602795755048e-05,0.0,0.0,0.0,0.38740550418016423,0.43716670351377485
2020-01-13,0.00390657518658227,2.3586883304095544e-05,0.0,0.0,0.0,0.38014819898231783,0.40619115530591515
2020-01-14,0.0030360050458596403,1.5929467681504793e-05,0.0,0.0,0.0,0.3827718659091727,0.3832321478891962
2020-01-15,0.004720904893665238,3.4037116018288604e-05,0.0,0.0,0.0,0.3839636057681944,0.3627525387823764
2020-01-16,0.0036098494257483793,2.4412519473971173e-05,0.0,0.0,1.0,0.3875950558764266,0.3558103683597759
2020-01-17,0.005335046505555917,4.018889713888624e-05,0.0,0.0,0.0,0.39393435995886855,0.36340028177691763
2020-01-20,0.002634744561863347,1.2987256732501e-05,0.0,0.0,0.0,0.3948457965495269,0.3605054960109228
2020-01-21,0.004102417465423754,2.3978973338828976e-05,0.0,0.0,0.0,0.39995150742542007,0.3630390331067988
2020-01-22,0.0033242956552908573,1.7350262913021024e-05,0.0,0.0,0.0,0.401777902318576,0.36788653138951083
2020-01-23,0.006376655972115043,5.289498780721984e-05,0.0,0.0,0.0,0.3937628842668634,0.3709035636751125
2020-01-24,0.007686935589243984,7.415477983569901e-05,1.0,0.0,4.0,0.3921511651254608,0.36007831489924375
2020-01-27,0.01922617336123697,0.00042035218738146666,13.0,17.0,0.0,0.4471963625052548,0.5035493522412064
2020-01-28,0.00841803554585141,0.00010436779026286346,2.0,0.0,4.0,0.4458347063240514,0.5044501378409296
2020-01-29,0.003887813932306849,2.296065957802748e-05,0.0,0.0,0.0,0.44527505302933246,0.5018341969318381
2020-01-30,0.00858613488404907,9.594947503088835e-05,1.0,3.0,0.0,0.4473260093602722,0.5050953363093729
2020-01-31,0.00935881033142721,0.0001116231497898241,3.0,3.0,0.0,0.445536782587909,0.5101530312576653
2020-02-03,0.005411470371391692,3.947215648604575e-05,0.0,1.0,0.0,0.4403569490228365,0.49103640021576195
2020-02-04,0.012575906943452505,0.0002172456824928581,7.0,0.0,10.0,0.448591385211855,0.5012977864403056
2020-02-05,0.010316118836791089,0.00012694629213999247,1.0,1.0,8.0,0.4520900137829903,0.5016875663110003
2020-02-06,0.005846797665458568,4.78055893474883e-05,0.0,0.0,0.0,0.45429606587214916,0.4990068674775491
2020-02-07,0.005151565532878269,4.501554246891552e-05,0.0,1.0,0.0,0.4522710073142692,0.49256139395610454
2020-02-10,0.003942069152687654,3.0031895648263848e-05,0.0,0.0,0.0,0.45402161400740054,0.49364974750631846
2020-02-11,0.008860643692871668,0.00010687419522982965,1.0,0.0,2.0,0.4590574716374916,0.5005643374645287
2020-02-12,0.0052977504651847696,3.679658690661662e-05,0.0,0.0,0.0,0.45606285668445173,0.4939062795445361
2020-02-13,0.0038261677941144293,2.483673639159238e-05,0.0,1.0,0.0,0.451673541938245,0.4702481840290689
2020-02-14,0.0028446116364863458,1.3514686937940157e-05,0.0,1.0,0.0,0.45090926632439565,0.47105884768136147
2020-02-17,0.004069170166270871,3.1190778037658834e-05,1.0,0.0,1.0,0.44759501510642014,0.4691017019939834
2020-02-18,0.005906965344293101,5.2718821979685996e-05,1.0,2.0,0.0,0.4507396145197599,0.4728656876183665
2020-02-19,0.007690741477410615,7.223964036308176e-05,0.0,0.0,1.0,0.45347755388097233,0.48472899992191754
2020-02-20,0.006420577103731901,5.866458342152467e-05,0.0,1.0,0.0,0.4591119884338188,0.4935129001765166
2020-02-21,0.0061929855521761015,6.363589000847825e-05,0.0,1.0,0.0,0.4618835247682652,0.4906621146979729
2020-02-24,0.04003474601678203,0.0018370987193161686,18.0,18.0,0.0,0.6158086574362573,0.6874320492293242
2020-02-25,0.01805608028962468,0.00037365983400387424,13.0,14.0,0.0,0.6230086469224098,0.6901888066489653
2020-02-26,0.006703483207104081,8.370496859454121e-05,2.0,1.0,1.0,0.6156855748354149,0.686348817235587
2020-02-27,0.03264526872105674,0.0012289110800188646,18.0,18.0,0.0,0.6493138509429127,0.7057976016381707
2020-02-28,0.03450430321075133,0.0013779252139023055,18.0,18.0,0.0,0.6834514092104517,0.7196663024313693
2020-03-02,0.009605071824750374,0.00018821843224947808,2.0,0.0,5.0,0.6735736844315378,0.702504529398924
2020-03-03,0.018663113261860664,0.0005783884150218654,6.0,0.0,9.0,0.6772021925231323,0.708937726985281
2020-03-04,0.008568058399557965,0.0001047148243485967,1.0,0.0,4.0,0.6740484393286769,0.7034130868819006
2020-03-05,0.01876433573806706,0.0004586468270176483,9.0,12.0,0.0,0.6844927682805592,0.7151755859402983
2020-03-06,0.034708024406943316,0.0013146970907825255,19.0,19.0,0.0,0.7117626560392606,0.7426092610009465
2020-03-09,0.0876264092190759,0.008030021753323508,19.0,19.0,0.0,0.8389710134875372,0.8681806166204463
2020-03-10,0.01581367293578916,0.00045457196186081216,4.0,2.0,3.0,0.8268252407517523,0.8527275059535392
2020-03-11,0.02029739646592596,0.0007654850910157399,9.0,9.0,0.0,0.8141138045096129,0.8355245324853191
2020-03-12,0.11923958262389457,0.015057493965756162,19.0,19.0,0.0,0.8714376575978379,0.8845232328386491
2020-03-13,0.024971680149005977,0.0010006126970060478,8.0,1.0,11.0,0.8594910436001076,0.872318629766905
2020-03-16,0.06498375850445483,0.004926251951191099,18.0,18.0,0.0,0.8605492315091015,0.8694894042969736
2020-03-17,0.025107886768979817,0.0009642637503817534,9.0,1.0,12.0,0.8505472582634601,0.8600293521238387
2020-03-18,0.03898830949846464,0.0020468861314871644,14.0,14.0,1.0,0.8376608663821661,0.843123008310093
2020-03-19,0.02862012627064797,0.0011213200443047102,10.0,3.0,14.0,0.8269475134723165,0.831801312211126
2020-03-20,0.027897585674477948,0.0013663030145484388,9.0,0.0,12.0,0.8198298057289404,0.8262002717482454
2020-03-23,0.03281398897485684,0.001422258625638974,13.0,15.0,0.0,0.8172843505608757,0.8210619149373295
2020-03-24,0.06759268034438139,0.00498826964282447,18.0,0.0,19.0,0.8282194580398763,0.8348035027998418
2020-03-25,0.022176803508602363,0.000695975846005759,8.0,0.0,14.0,0.8251204701774945,0.8318168752038315
2020-03-26,0.018724111441100158,0.0004752259542466791,3.0,0.0,12.0,0.8239162666358962,0.831784282318252
2020-03-27,0.03161419938907926,0.001212311956370344,12.0,14.0,1.0,0.820172998256853,0.8260961883324528
2020-03-30,0.010407986866778445,0.00017565387486370452,1.0,0.0,4.0,0.8186423822167409,0.8236184215600376
2020-03-31,0.02049433499691858,0.0005769900349572733,5.0,0.0,13.0,0.8180331586525543,0.824103285975203
2020-04-01,0.027497563923804494,0.000863970408766673,9.0,14.0,1.0,0.816018582460425,0.8200737831553774
2020-04-02,0.00991524529335612,0.00014164118279034077,0.0,0.0,7.0,0.8148806703855143,0.819587922017293
2020-04-03,0.009154969677366369,0.00013126466937398218,1.0,1.0,0.0,0.813507193018965,0.8186557182791809
2020-04-06,0.036326824615691054,0.0016299507548613516,12.0,0.0,18.0,0.8157305834844659,0.8218491434841573
2020-04-07,0.02191041625419322,0.0005874708921122638,4.0,0.0,14.0,0.8161645584332966,0.8240382462825298
2020-04-08,0.00512681740772866,5.168345802926956e-05,0.0,0.0,0.0,0.8157986640328491,0.8241631831560452
2020-04-09,0.01695582033927211,0.0003942577967897276,3.0,0.0,9.0,0.8156323184703084,0.8255514289760009
2020-04-10,0.0014080912916114691,3.767170062472905e-05,1.0,0.0,1.0,0.8151072129646624,0.8258793990654002
2020-04-13,0.00030013176978446596,1.7115025054451577e-06,0.0,0.0,0.0,0.81526951807518,0.8279448101712915
2020-04-14,0.013212792007441842,0.0002922621343032741,1.0,0.0,7.0,0.8122906016971857,0.8250981512974904
2020-04-15,0.03557916780659137,0.001442219870649573,14.0,16.0,0.0,0.8132087207452774,0.8263261995295597
2020-04-16,0.007830185200276207,0.00010756827492190155,0.0,2.0,1.0,0.8122479693612408,0.8250521343966294
2020-04-17,0.020478273412949787,0.0005709051318103581,0.0,0.0,12.0,0.8119158515011797,0.8235263134635253
2020-04-20,0.005489446794339159,4.814031709420684e-05,0.0,0.0,0.0,0.8114244145577402,0.7971937074135942
2020-04-21,0.03138905279974622,0.0010460437801202065,9.0,15.0,0.0,0.8131790615438467,0.8093812159830333
2020-04-22,0.017765184596785666,0.0003569441049596694,0.0,0.0,10.0,0.8142961910575031,0.8164533837318144
2020-04-23,0.01286748421879279,0.00021719462730374856,0.0,0.0,3.0,0.8152370760922659,0.7391572880008667
2020-04-24,0.010959550004575777,0.00015658454605441238,0.0,0.0,1.0,0.8145330298293583,0.7543684250536239
2020-04-27,0.015948144756982065,0.00033959992888792784,0.0,0.0,6.0,0.8142138730762022,0.7121228410542687
2020-04-28,0.016152543438058147,0.0003029982485444848,0.0,0.0,7.0,0.814999515905611,0.7315514826321666
2020-04-29,0.023228091557054152,0.0006350494340803621,2.0,1.0,14.0,0.8146200785873756,0.7241606848893088
2020-04-30,0.01652670505347998,0.0003858598174491933,2.0,4.0,0.0,0.8127003208989279,0.7469258981041971
2020-05-01,0.001246780578208373,2.953477439375449e-05,0.0,0.0,0.0,0.8128741343458367,0.7610744031185919
2020-05-04,0.029212242709607178,0.0010817133881008394,10.0,15.0,0.0,0.8112685044783512,0.7582530706493228
2020-05-05,0.013644078453448488,0.0002584722331652341,0.0,0.0,6.0,0.8109792617313419,0.7075773173032133
2020-05-06,0.007902498215753383,9.560141631987993e-05,0.0,0.0,0.0,0.8106660654871004,0.7131546624406057
2020-05-07,0.011701362122401616,0.0001727766988568636,0.0,0.0,1.0,0.8107723551118744,0.7132090417119364
2020-05-08,0.009762528772941212,0.00012566797206061743,0.0,0.0,1.0,0.8111231373619149,0.7096853181525827
2020-05-11,0.006118076605431551,6.834232138817423e-05,0.0,0.0,0.0,0.8108413973574192,0.7187101634672552
2020-05-12,0.006772575793784313,7.983861128222634e-05,0.0,0.0,0.0,0.8106263887412157,0.7157564229573753
2020-05-13,0.017056811350666366,0.0003578412021590009,0.0,2.0,0.0,0.8098953565724742,0.7173975668825409
2020-05-14,0.018906045014375743,0.0004432802089275252,1.0,3.0,0.0,0.8087952066229179,0.7229885679660704
2020-05-15,0.006011968517193498,6.273516956548931e-05,0.0,0.0,0.0,0.8088010396618984,0.7252054020639305
2020-05-18,0.03578520552112715,0.0014868580959477133,11.0,0.0,16.0,0.80840304021487,0.7297637664725467
2020-05-19,0.010403525456227978,0.00022536484403754445,1.0,1.0,1.0,0.8071122828345303,0.7137052793509875
2020-05-20,0.010017947662119877,0.00012480841089724016,0.0,0.0,1.0,0.8079320270012545,0.7149910924832197
2020-05-21,0.007807309755739704,0.00010838512584215774,0.0,0.0,1.0,0.8071554228622186,0.7113758159973835
2020-05-22,0.005294048053522182,5.8839361698864135e-05,0.0,0.0,0.0,0.8059789580882496,0.7093706777469898
2020-05-25,0.013323100115838413,0.00024035968416268144,0.0,0.0,3.0,0.807784850685174,0.7091278322976814
2020-05-26,0.018030537064529378,0.0004862296623918381,2.0,0.0,8.0,0.8074944879722609,0.7202419750221284
2020-05-27,0.010943800904419189,0.00020814541884570838,0.0,0.0,2.0,0.8075776885009519,0.6850767498872516
2020-05-28,0.010136961238553694,0.0001515636650659264,0.0,0.0,2.0,0.8071902912551697,0.6876351743795603
2020-05-29,0.011938527221586077,0.0001850685335475618,0.0,0.0,0.0,0.8045528467302354,0.6915736900430942
2020-06-01,0.009622134912777051,0.00014607490428268527,1.0,0.0,1.0,0.7783617488034128,0.6934132752275889
2020-06-02,0.015778657247320964,0.0003565872900607183,0.0,0.0,6.0,0.7856772247915744,0.6359972056289106
2020-06-03,0.022973472870407324,0.0006284173207875459,3.0,0.0,12.0,0.7899791716157056,0.6304180480878692
2020-06-04,0.004084843942360615,2.563251348755351e-05,0.0,0.0,0.0,0.7145641514277231,0.6246133822559002
2020-06-05,0.023129241911926935,0.0006201870525132001,2.0,0.0,10.0,0.7251163149626716,0.617471230454326
2020-06-08,0.004707029250612627,3.767308634300399e-05,0.0,0.0,0.0,0.689624158698485,0.6246051742063233
2020-06-09,0.012505819682527362,0.00021304668347145399,0.0,1.0,0.0,0.7032264882810565,0.6255549180906462
2020-06-10,0.007969418779299775,0.00011279942652209843,0.0,0.0,0.0,0.699925701930686,0.6326413945351734
2020-06-11,0.03469697437806175,0.0014425733928929482,12.0,14.0,0.0,0.7252265303687555,0.6755024457060823
2020-06-12,0.008866893563181044,0.00014469963433781343,0.0,1.0,1.0,0.7291746211532767,0.664935758394988
2020-06-15,0.008403899084683203,0.00012366049096473072,0.0,2.0,0.0,0.72061763082495,0.642876218851058
2020-06-16,0.02650854152526097,0.0007947581828441471,0.0,0.0,16.0,0.6827770842261738,0.6542445378293285
2020-06-17,0.0052273026936584185,3.4854320947032746e-05,0.0,0.0,0.0,0.6844454450987907,0.6504537329823928
2020-06-18,0.006455049613992651,5.685662401207351e-05,0.0,0.0,0.0,0.6859288563384978,0.6559734493144538
2020-06-19,0.004838844942240634,3.7545340058499596e-05,0.0,0.0,0.0,0.683206712771999,0.6532956394502526
2020-06-22,0.006562097532320388,5.732400314381464e-05,0.0,0.0,0.0,0.6893753344278296,0.6575668129020531
2020-06-23,0.011707033751605048,0.00015986163124056564,0.0,0.0,0.0,0.6893654809508224,0.6593851130361543
2020-06-24,0.02307189234698721,0.0006527037267746961,0.0,6.0,0.0,0.6921510943639814,0.6682969611433598
2020-06-25,0.007000724516197633,7.52709925289644e-05,0.0,0.0,0.0,0.6931977371714471,0.6568358553273346
2020-06-26,0.007286390296635301,9.395143998439681e-05,0.0,1.0,0.0,0.6956700242831648,0.6602255668439402
2020-06-29,0.007678787600940038,7.431604903619706e-05,0.0,0.0,0.0,0.6860577224335753,0.631928813824801
2020-06-30,0.005255360050479686,4.8611466835251147e-05,0.0,0.0,0.0,0.6810903411802657,0.6431432756536271
2020-07-01,0.004514955135598286,3.1789240067488915e-05,0.0,0.0,0.0,0.6810373664343491,0.6418975530015002
2020-07-02,0.01756049995614441,0.00040104477178391,1.0,0.0,6.0,0.681324834085537,0.6505328542886692
2020-07-03,0.006344316886003074,5.2916091207469765e-05,0.0,0.0,0.0,0.6838781431973172,0.657881711627603
2020-07-06,0.014436259553113865,0.00025613459508100404,0.0,0.0,1.0,0.6798230979093445,0.6469793430928552
2020-07-07,0.008843687530243022,0.00011676319801596557,0.0,0.0,1.0,0.6871802807350298,0.6432135779582041
2020-07-08,0.007609276082583976,8.126290514909811e-05,0.0,0.0,0.0,0.6665222970008665,0.644710738839973
2020-07-09,0.008468857769115878,0.00010258933180860472,0.0,0.0,0.0,0.6700227254040585,0.6437897283937399
2020-07-10,0.008061954919731197,7.853337974509527e-05,0.0,0.0,0.0,0.6685101391577886,0.640648362255644
2020-07-13,0.010671231873408045,0.00016237330852409573,0.0,0.0,1.0,0.6677317954103843,0.6344240945063147
2020-07-14,0.006340590244117232,5.523803480659958e-05,0.0,0.0,0.0,0.6387414015897418,0.627243411128785
2020-07-15,0.013095035488205634,0.00022954970858944323,0.0,0.0,2.0,0.6317037064500406,0.6081578238807136
2020-07-16,0.003838521852213988,2.4646724427699642e-05,0.0,0.0,0.0,0.6276418135178427,0.6074200883966878
2020-07-17,0.004604325899351278,2.9227058984119414e-05,0.0,0.0,0.0,0.6312631375153795,0.6153762254635684
2020-07-20,0.00806749491439758,9.464360551356269e-05,0.0,0.0,0.0,0.6319989948447431,0.6170211525490096
2020-07-21,0.006566292852608562,6.927848342353437e-05,0.0,0.0,0.0,0.6251608954631402,0.6122234530720789
2020-07-22,0.007610229914312244,7.823269742289295e-05,0.0,0.0,0.0,0.6246071483646377,0.6079019948629202
2020-07-23,0.004353246780911407,3.743434868247386e-05,0.0,0.0,0.0,0.6230123313650343,0.5237199161132183
2020-07-24,0.012371644725960904,0.00019481630324690624,0.0,0.0,0.0,0.6268120172385231,0.5449503796177511
2020-07-27,0.005547437404448022,4.817407283250943e-05,0.0,0.0,0.0,0.6158409952738961,0.5542402528337301
2020-07-28,0.005288285745703398,4.0217763909955446e-05,0.0,0.0,0.0,0.6130887423819379,0.4803354675344429
2020-07-29,0.003434135155880974,2.0281686031156722e-05,0.0,0.0,0.0,0.6128674414138509,0.4823391627279677
2020-07-30,0.020920281657518212,0.0005310676141667735,0.0,4.0,0.0,0.6205796666780882,0.5091432583842163
2020-07-31,0.0076767429406164114,8.812167258677059e-05,0.0,0.0,0.0,0.6181195429149139,0.5088731794335111
2020-08-03,0.014930298810339132,0.000282111838236775,0.0,0.0,3.0,0.6210608020600668,0.524328682006647
2020-08-04,0.005796625817524112,6.5871753071859e-05,0.0,0.0,0.0,0.6218293179866398,0.5184091513419362
2020-08-05,0.008289475133383132,9.3126271272427e-05,0.0,0.0,0.0,0.6171467099011345,0.4827864831882483
2020-08-06,0.00668629183430821,5.9684290270527205e-05,0.0,0.0,0.0,0.6101545624174676,0.48535142415661225
2020-08-07,0.004493913681688517,3.6968990424808555e-05,0.0,0.0,0.0,0.6101935090503594,0.4821456741537455
2020-08-10,0.006253265845750484,7.201732750669167e-05,0.0,0.0,0.0,0.5808998974123539,0.4771619790638587
2020-08-11,0.015970894970582725,0.00031346040790420287,0.0,0.0,2.0,0.5971058395945892,0.5165116973662736
2020-08-12,0.008634676092340237,9.860278426787158e-05,0.0,0.0,0.0,0.5983235196376953,0.5262542009569199
2020-08-13,0.004521297518252581,3.449111421689178e-05,0.0,0.0,0.0,0.6023613390187667,0.5056594712647475
2020-08-14,0.009164641253336403,0.00010696097790872931,0.0,0.0,0.0,0.6081397068892965,0.5093227641259281
2020-08-17,0.004323362616386293,3.052922075131826e-05,0.0,0.0,0.0,0.6041390001716392,0.5185449121397683
2020-08-18,0.0057947087792130005,4.539600029032941e-05,0.0,0.0,0.0,0.6020280014840934,0.5215914004930372
2020-08-19,0.004720027502072081,2.8124115847463228e-05,0.0,0.0,0.0,0.6032315785178641,0.5271525936030467
2020-08-20,0.009635548514463185,0.00011750469940338508,0.0,0.0,0.0,0.6017591299146804,0.5225375464855362
2020-08-21,0.0035655671943411256,2.9793266374340467e-05,0.0,0.0,0.0,0.5999984838432139,0.53181307087368
2020-08-24,0.013916749061656764,0.00025926190538447697,0.0,0.0,1.0,0.6021058060876462,0.5471556717017045
2020-08-25,0.004311197459310166,3.270986596879566e-05,0.0,0.0,0.0,0.5968825832512538,0.5439616533041896
2020-08-26,0.008163613849942738,8.40769965452744e-05,0.0,0.0,0.0,0.5847232364773935,0.5456426542007607
2020-08-27,0.006701554839886735,6.18421367138142e-05,0.0,1.0,0.0,0.585809912562455,0.5547115487519925
2020-08-28,0.005796502881751674,5.1195355194418e-05,0.0,0.0,0.0,0.5905207234562658,0.5541879050818967
2020-08-31,0.009211913732187467,0.00012417551362142452,0.0,0.0,0.0,0.5870382038051637,0.5454029695118827
2020-09-01,0.005237763960341742,4.655140889171286e-05,0.0,0.0,0.0,0.582715788395403,0.5428318554620161
2020-09-02,0.00830644517225579,0.00010446029055506091,0.0,0.0,0.0,0.5805688210476254,0.5409811140228257
2020-09-03,0.008371482043890816,0.00011029261447487565,0.0,0.0,0.0,0.5243361706121182,0.5335199617847931
2020-09-04,0.007717883785337402,0.00010581864701949039,0.0,1.0,0.0,0.5314827670314217,0.5157658926271154
2020-09-07,0.011955201320074117,0.00018960703359438325,0.0,0.0,3.0,0.5409520688403845,0.5223270542154043
2020-09-08,0.011701502342691966,0.0001835638532022194,0.0,0.0,0.0,0.5087752986854347,0.5358638908219511
2020-09-09,0.014152250192946244,0.0002508191551151775,0.0,0.0,1.0,0.5186569286390412,0.5470603803676418
2020-09-10,0.004126146180168991,2.5101141710053267e-05,0.0,0.0,0.0,0.5178155902214452,0.5096097437463042
2020-09-11,0.003575025298999656,2.4308539302985057e-05,0.0,0.0,0.0,0.5180792263410471,0.5059673797163465
2020-09-14,0.004703450855398846,9.207442247847489e-05,0.0,0.0,1.0,0.5132637595393994,0.4895848132915891
2020-09-15,0.007480437794564637,9.072702693404104e-05,0.0,0.0,0.0,0.5087336987501883,0.48670164871064664
2020-09-16,0.005679309603857594,5.529545676888064e-05,0.0,0.0,0.0,0.4799076384779993,0.4736006128370678
2020-09-17,0.004363879051832355,2.8650218378420238e-05,0.0,0.0,0.0,0.4843188766718802,0.4793481762516279
2020-09-18,0.00782107784825925,9.506104084189264e-05,0.0,0.0,0.0,0.48732028453028386,0.49191825870812955
2020-09-21,0.03212221686854887,0.0011761768011334809,5.0,15.0,0.0,0.5398211267186345,0.5955450083759688
2020-09-22,0.005951316340705694,4.725300797725499e-05,0.0,0.0,0.0,0.5412939815285446,0.567051935860776
2020-09-23,0.0058231573562259956,5.058427775075788e-05,0.0,0.0,1.0,0.5421405478889904,0.5596895267859767
2020-09-24,0.007445044599480161,7.690217451887399e-05,0.0,0.0,0.0,0.5344858112111688,0.5636096945508684
2020-09-25,0.006079371873721668,5.166697886975725e-05,0.0,0.0,0.0,0.5307761781525127,0.5550014845970103
2020-09-28,0.02018475978565699,0.0005021845630635629,0.0,0.0,6.0,0.5559894580394977,0.5901351245991483
2020-09-29,0.00607383754923956,5.555693946442588e-05,0.0,0.0,0.0,0.5596681415467618,0.5929817845131539
2020-09-30,0.003139137964186464,1.7411924875019e-05,0.0,0.0,0.0,0.5621654778973701,0.5930356964811652
2020-10-01,0.006354904610517879,7.86549863498777e-05,0.0,0.0,0.0,0.5560195668955965,0.5857309360953519
2020-10-02,0.004277651740856177,3.264970469549931e-05,0.0,0.0,0.0,0.5578811894365402,0.5847857950676579
2020-10-05,0.010189685119911427,0.00013622184644120484,0.0,0.0,0.0,0.5643363560428093,0.5831917777316533
2020-10-06,0.007180636612966938,8.247626669544653e-05,0.0,0.0,0.0,0.5645927243615885,0.5842371565947411
2020-10-07,0.0029800020853042626,1.8325589687801164e-05,0.0,0.0,0.0,0.5628924526636117,0.5804579837295721
2020-10-08,0.007009839052247841,7.24561040959414e-05,0.0,0.0,0.0,0.5644877266547081,0.5802488444017121
2020-10-09,0.00461150685951088,3.492549150624689e-05,0.0,0.0,0.0,0.5643390468658268,0.5812154794780694
2020-10-12,0.007770042631729979,0.0001105692763922931,0.0,0.0,1.0,0.5609307692746237,0.5834195852073275
2020-10-13,0.00747361481282677,8.415832566335197e-05,0.0,0.0,0.0,0.5603003547933273,0.5844470014476155
2020-10-14,0.0038353978529857002,2.1355706993229288e-05,0.0,0.0,0.0,0.5628653637709643,0.5905288940513228
2020-10-15,0.01796112998246222,0.0003855294378297904,1.0,2.0,0.0,0.5790276533942792,0.6273988225415787
2020-10-16,0.00980182771786138,0.00012467362877601894,0.0,0.0,0.0,0.5787596835825708,0.6345837851922367
2020-10-19,0.0028399979724543834,1.5125500377272267e-05,0.0,0.0,0.0,0.579915596485166,0.634947833489884
2020-10-21,0.01056655840112898,0.0001539236498393338,0.0,0.0,0.0,0.5841831301737503,0.6323235807702103
2020-10-22,0.004111229046170918,3.721629181739747e-05,0.0,0.0,0.0,0.5830824934207565,0.6174357575834383
2020-10-23,0.006974310243770009,7.61153782840423e-05,0.0,0.0,0.0,0.5698135026368765,0.6161442638652102
2020-10-26,0.01634855855939854,0.0003535958198259949,0.0,2.0,0.0,0.5740910268765624,0.6179698229922639
2020-10-27,0.011257020018116477,0.00020727926896471892,0.0,1.0,0.0,0.5675709793902686,0.6200254436945538
2020-10-28,0.026252625590425745,0.0008281943590832159,3.0,4.0,0.0,0.5967890153021723,0.6578234273729318
2020-10-29,0.008951830508040434,0.00023723489049225975,0.0,1.0,1.0,0.5831870689214323,0.6420047956293625
2020-10-30,0.0070617675274504575,6.863130776913707e-05,0.0,0.0,0.0,0.5843479858808474,0.6432184540024569
2020-11-02,0.014695869534534115,0.000262825819504236,0.0,0.0,2.0,0.5913799001568839,0.6529989370018555
2020-11-03,0.02162951121693717,0.0005825238118887701,1.0,0.0,6.0,0.6046752881991395,0.6240406358344788
2020-11-04,0.011570850894775456,0.0002048783873723112,0.0,0.0,1.0,0.59636103178027,0.6315085847997991
2020-11-05,0.010647395093662632,0.00014749715785369248,0.0,0.0,0.0,0.595814313144978,0.641404573832402
2020-11-06,0.005007455666923966,4.528984026416409e-05,0.0,0.0,0.0,0.5947698932593187,0.637368958799143
2020-11-09,0.046369845420018714,0.0027216662790780217,13.0,0.0,17.0,0.649485938915934,0.7054104424046777
2020-11-10,0.01288562210198901,0.0002903387025661711,0.0,0.0,3.0,0.6430662422323936,0.6825718939667387
2020-11-11,0.008762980197488493,0.00013566705259262677,1.0,0.0,1.0,0.6401523111656541,0.6768073403356016
2020-11-12,0.006661203407382603,5.89592049964019e-05,0.0,0.0,0.0,0.6401853896745489,0.6761662988053244
2020-11-13,0.004686650528055789,3.101411252293388e-05,0.0,0.0,0.0,0.6397915259903371,0.6805346578640517
2020-11-16,0.01576723233477811,0.0004027871346567919,0.0,0.0,2.0,0.6384732143538747,0.6736894638986236
2020-11-17,0.005065693655710325,4.901059003347405e-05,0.0,0.0,0.0,0.6333206987038864,0.6658823376172016
2020-11-18,0.007121973028776094,9.45410969183975e-05,0.0,0.0,0.0,0.6338849991992601,0.6654114545108143
2020-11-19,0.007756440197801371,7.304617541132692e-05,0.0,0.0,0.0,0.6354513092499434,0.6697709575814609
2020-11-20,0.005691843013688559,4.9532977531893227e-05,0.0,0.0,0.0,0.6349501112469036,0.6699558477990575
2020-11-23,0.004411015878207873,3.1619309340461703e-05,0.0,0.0,0.0,0.6349184014027411,0.6700963566656135
2020-11-24,0.012743524146899703,0.00021285224486957427,0.0,0.0,1.0,0.64038792697521,0.6788727818752428
2020-11-25,0.0045376878311870145,3.306299563330851e-05,0.0,0.0,0.0,0.6405951322015059,0.6784294672539719
2020-11-26,0.0043067028305460225,5.9883229891220734e-05,0.0,0.0,0.0,0.6418579003162225,0.6766012047561523
2020-11-27,0.006217484687058709,5.243646023669631e-05,0.0,0.0,0.0,0.6476781480361116,0.6617983196852322
2020-11-30,0.010192859068016001,0.00013500435746200787,0.0,0.0,0.0,0.6476626129904487,0.661533786429695
2020-12-01,0.009340032446215209,0.00014002435684392408,0.0,0.0,0.0,0.6479641319580809,0.6587342775891528
2020-12-02,0.0068942689676959774,8.994872572244889e-05,0.0,0.0,1.0,0.6410366551803549,0.6466169328125146
2020-12-03,0.00489759356808716,4.870729185447833e-05,0.0,0.0,0.0,0.6375361029630743,0.6426758112306795
2020-12-04,0.01030304526982543,0.0001764230585684729,0.0,0.0,1.0,0.638453631043041,0.6453656744804932
2020-12-07,0.004272580438163026,2.4405132100303763e-05,0.0,0.0,0.0,0.6382116739109055,0.639392486495445
2020-12-08,0.003999172616507735,3.1321863858818816e-05,0.0,0.0,0.0,0.6388859655615812,0.6299436753351391
2020-12-09,0.005990460192371647,7.10142382686864e-05,0.0,0.0,0.0,0.6403554453871811,0.5651784753202403
2020-12-10,0.005285660466033813,6.368324854084801e-05,0.0,0.0,0.0,0.6429984306817232,0.577821210707761
2020-12-11,0.008339863152147456,8.670881897065748e-05,0.0,0.0,0.0,0.6432735308806379,0.5931490847246895
2020-12-14,0.00620116706843487,5.740439684449563e-05,0.0,0.0,0.0,0.6408660334023711,0.5903935074378496
2020-12-15,0.004397929679912781,3.810236371570443e-05,0.0,0.0,0.0,0.6111218303359685,0.5830056828773581
2020-12-16,0.006146926179795474,5.508180661722447e-05,0.0,0.0,0.0,0.612624649039514,0.5873698187270292
2020-12-17,0.0033888320346478046,1.8986553233683634e-05,0.0,0.0,0.0,0.6149050734280256,0.5905894707051953
2020-12-18,0.005960764871158702,5.816884474664106e-05,0.0,0.0,0.0,0.6082991601467176,0.5843306916546981
2020-12-21,0.021508729384225673,0.0005501884557062414,0.0,1.0,0.0,0.6243164256635689,0.4737354598393909
2020-12-22,0.012036139536860634,0.00017521918781837698,0.0,0.0,0.0,0.6197167868719612,0.5143676996736805
2020-12-23,0.01053528764554692,0.00014805857767420931,0.0,0.0,1.0,0.6197710587694835,0.5300832717511947
2020-12-24,0.0012932305881890695,7.233841493600154e-06,0.0,0.0,0.0,0.6202846468881493,0.5267148221788513
2020-12-25,0.0,0.0,0.0,0.0,0.0,0.6245836354870458,0.5319032419436676
2020-12-28,0.009287597296242242,0.0001471965518957597,0.0,0.0,0.0,0.6248286135658888,0.5334711114045272
2020-12-29,0.004597942541903319,3.692927049951278e-05,0.0,0.0,0.0,0.6235139278939718,0.5377639364661642
2020-12-30,0.004316172994348552,3.575314838279531e-05,0.0,0.0,0.0,0.623708825449102,0.5357418685026152
2020-12-31,0.004053414299750392,5.356944057462188e-05,0.0,0.0,0.0,0.6233459296068228,0.5229418734907809
2021-01-01,0.0,0.0,0.0,0.0,0.0,0.6249198707853069,0.5241899011931069
2021-01-04,0.009140435933555449,0.00013113943460240927,0.0,0.0,1.0,0.6236973777008448,0.5209993858989845
2021-01-05,0.004937270350620035,3.86106255308832e-05,0.0,0.0,0.0,0.6269615379240386,0.5115135194313214
2021-01-06,0.015245459913220806,0.00040075076735232107,1.0,0.0,4.0,0.6211417218082578,0.5097189418634391
2021-01-07,0.01184693354471962,0.00023272430618224727,0.0,0.0,3.0,0.6194186216200619,0.5148037303140881
2021-01-08,0.00566729907853065,5.047443559172338e-05,0.0,0.0,0.0,0.6040801229998425,0.5075194486997886
2021-01-11,0.007979692331921025,9.529897408003424e-05,0.0,0.0,0.0,0.6025758795492254,0.4957513846294245
2021-01-12,0.0061479042107295614,5.327835514175181e-05,0.0,0.0,0.0,0.5986918208513062,0.4875200651080021
2021-01-13,0.004986364993521482,4.007951015592495e-05,0.0,0.0,0.0,0.5925467867591415,0.4921115579089469
2021-01-14,0.005708034901469212,5.10860277673759e-05,0.0,0.0,0.0,0.5907318884115385,0.4942907026750088
2021-01-15,0.011548697019465126,0.00015852450176839146,1.0,0.0,1.0,0.5899224047709195,0.4896753167776233
2021-01-18,0.006324676388951757,5.9192704865551125e-05,0.0,0.0,0.0,0.5842436029693026,0.4892960338174467
2021-01-19,0.005552934223351511,6.530118479476702e-05,0.0,0.0,1.0,0.5777694207316441,0.48802580393534606
2021-01-20,0.006488377867554979,7.709943804996067e-05,1.0,0.0,1.0,0.5397183559247626,0.4934157633315117
2021-01-21,0.0066694456991603515,7.033083551574672e-05,1.0,0.0,1.0,0.5438339456994287,0.48989336500747227
2021-01-22,0.007549331745627768,8.967569043855085e-05,0.0,0.0,0.0,0.5498155670290666,0.48769775624135264
2021-01-25,0.011287291402388103,0.00017300486910783964,0.0,0.0,0.0,0.5563823721348433,0.510658260496295
2021-01-26,0.008163773969364881,9.833423858446391e-05,0.0,0.0,0.0,0.5442883282920955,0.5060443223868394
2021-01-27,0.014318684197714432,0.00027481313392485276,0.0,1.0,0.0,0.5540576266382436,0.5271438680150279
2021-01-28,0.009022544165877555,0.0001346525511798468,0.0,1.0,0.0,0.5483698619601345,0.5140624656129565
2021-01-29,0.010920515578977611,0.00017474217969840907,0.0,0.0,0.0,0.5528867915511309,0.5292605752769518
2021-02-01,0.009065406667299585,0.00010980000884043279,0.0,0.0,0.0,0.45775379386632936,0.4655928172555093
2021-02-02,0.010330277397257547,0.00015239748597191806,0.0,0.0,0.0,0.47176744661805436,0.4497992464411791
2021-02-03,0.0059739070475169145,5.689123579880358e-05,0.0,0.0,0.0,0.472324693445815,0.4373581959947125
2021-02-04,0.006615336081081458,6.386018870214204e-05,0.0,0.0,0.0,0.466614531783026,0.43167619589306766
2021-02-05,0.006576995049838371,6.289217156330974e-05,0.0,0.0,0.0,0.4625166299829877,0.4210404499847847
2021-02-08,0.004427369261380648,4.067893049882923e-05,0.0,0.0,0.0,0.45760334700092536,0.41384121793995204
2021-02-09,0.006161379014506249,7.6860500045643e-05,0.0,0.0,0.0,0.46076545704415106,0.41538653137795417
2021-02-10,0.004953362598469201,4.172524203244393e-05,0.0,0.0,0.0,0.4603712229983223,0.4154885177219184
2021-02-11,0.005753082080474034,5.953531915885437e-05,0.0,0.0,0.0,0.45033019207228414,0.40897366914064714
2021-02-12,0.007639285590812132,9.237983549535245e-05,0.0,1.0,0.0,0.4420461029031571,0.39822807083773976
2021-02-15,0.011502817412070739,0.00018002882475466053,0.0,0.0,1.0,0.4467592018144586,0.4117070507492952
2021-02-16,0.00533541721598814,6.124811151607767e-05,0.0,0.0,0.0,0.4392817111959309,0.4102320066161266
2021-02-17,0.006374024176020913,5.4629071008436295e-05,0.0,0.0,0.0,0.4453817923414553,0.41614955665958314
2021-02-18,0.008547607422977355,0.00011756009824543729,1.0,1.0,0.0,0.45250749993341516,0.40983324724599396
2021-02-19,0.007769443251678469,8.891135733030862e-05,0.0,0.0,0.0,0.4500726062195253,0.40860637715733006
2021-02-22,0.006425406196200683,6.177451711400051e-05,0.0,0.0,0.0,0.44452863401067294,0.40219542227193533
2021-02-23,0.007542286122869896,8.604207001622998e-05,0.0,0.0,0.0,0.4394563611819126,0.39818876860183805
2021-02-24,0.005099746987613975,3.802688043573544e-05,0.0,0.0,0.0,0.44420566675309925,0.4052786133351092
2021-02-25,0.005811481566110017,6.46098255690828e-05,0.0,0.0,0.0,0.44420855952715665,0.3998839098510289
2021-02-26,0.013588937993754532,0.00022856316361972827,0.0,0.0,0.0,0.45516746833065996,0.41849246703826964
2021-03-01,0.016571369420772086,0.00031193547203500223,0.0,0.0,2.0,0.4745867695857141,0.4615710814748128
2021-03-02,0.00496361275354475,3.7892373937167156e-05,0.0,0.0,0.0,0.47417627211175367,0.4634304187411929
2021-03-03,0.007175716409000954,0.00014745243959284534,1.0,1.0,0.0,0.468969522127573,0.44984341197673344
2021-03-04,0.005313701445972307,4.986749278771998e-05,0.0,0.0,0.0,0.46859990676022306,0.45421464503531217
2021-03-05,0.007996422269154669,9.121815551526703e-05,0.0,1.0,0.0,0.45844160929797795,0.4389784478548073
2021-03-08,0.015035172800719315,0.0003063263281763568,0.0,0.0,2.0,0.4685863983729713,0.44818276110392724
2021-03-09,0.0076572215370445005,8.283340322769144e-05,0.0,1.0,0.0,0.4698999475978645,0.44913800140721455
2021-03-10,0.004253841695769694,2.9133000084459712e-05,0.0,0.0,0.0,0.47172445020447973,0.43047989681040133
2021-03-11,0.008595928149040444,0.00011366697690481506,0.0,0.0,1.0,0.4724615120434852,0.4442850468178183
2021-03-12,0.0035480210926583347,1.8977403076204238e-05,0.0,0.0,0.0,0.4757592602560807,0.42887673219741784
2021-03-15,0.0031148337802041916,1.8881543618079386e-05,0.0,0.0,0.0,0.4365619278892965,0.42551137808112954
2021-03-16,0.0056945218855927945,4.640782529862934e-05,0.0,0.0,0.0,0.42701587725594514,0.4187045537233876
2021-03-17,0.00696906874657093,8.328002311885491e-05,0.0,0.0,0.0,0.42443032764338245,0.42826389417464017
2021-03-18,0.0056992205331139615,6.341115685240115e-05,0.0,0.0,0.0,0.42101762735672144,0.42764685349392956
2021-03-19,0.008481098713903503,9.916883854307475e-05,0.0,0.0,0.0,0.4236111714020591,0.44467532079656485
2021-03-22,0.00363970389036378,2.7291318473983466e-05,0.0,0.0,0.0,0.41845763581220735,0.4419718371645477
2021-03-23,0.004260730077821731,2.6652755831514243e-05,0.0,0.0,0.0,0.4179695108778242,0.4402980603844992
2021-03-24,0.005521466364185192,4.6261938373716414e-05,0.0,0.0,0.0,0.4166112893118409,0.4356091931997743
2021-03-25,0.005210421000272055,5.387868301223949e-05,0.0,1.0,0.0,0.4162643608952506,0.44209656687351123
2021-03-26,0.010184016844217932,0.00013487072708114902,0.0,0.0,0.0,0.42156175109772975,0.466933739059069
2021-03-29,0.00443581577224911,4.086257121073813e-05,0.0,0.0,0.0,0.4220155770329637,0.4568039447301743
2021-03-30,0.007373469514823948,7.274219984122057e-05,0.0,0.0,0.0,0.4263632267774784,0.46862419513472375
2021-03-31,0.005106928875935265,4.820790594927089e-05,0.0,0.0,0.0,0.4236274012632979,0.45610102392058305
2021-04-01,0.006478503308698211,6.034634886099842e-05,0.0,0.0,0.0,0.4191619078680802,0.44402941167789867
2021-04-02,0.00015442311985515214,4.53083498970175e-07,0.0,0.0,0.0,0.42004917945736725,0.4466995028700062
2021-04-05,0.00013540536383759236,3.483576385638245e-07,0.0,0.0,0.0,0.4185485774837166,0.44650394717982866
2021-04-06,0.006452273822653226,8.101954057470756e-05,0.0,0.0,1.0,0.42135222676845535,0.4529966943928475
2021-04-07,0.0031845334111100243,1.709075239969366e-05,0.0,0.0,0.0,0.4229290456083436,0.45192694058808036
2021-04-08,0.004600477767837441,2.679096255325776e-05,0.0,0.0,0.0,0.4232031677924624,0.45529027589992266
2021-04-09,0.003659795714198949,2.2973625981492202e-05,0.0,1.0,0.0,0.41761438340651547,0.40974465260406856
2021-04-12,0.004464667664794936,2.9134517054261514e-05,0.0,0.0,0.0,0.42125702423959094,0.35450984423250936
2021-04-13,0.003708825193540187,2.20192162009989e-05,0.0,0.0,0.0,0.4232156533575226,0.35803452200822244
2021-04-14,0.00457341586367187,4.223528485388601e-05,0.0,0.0,0.0,0.42100417595432976,0.36745834152707346
2021-04-15,0.0042217273509437036,3.0291294016810845e-05,1.0,0.0,1.0,0.4261229195577964,0.3671051993098266
2021-04-16,0.008044556372406846,8.312332182561063e-05,0.0,0.0,0.0,0.42187853215153653,0.3825281753601067
2021-04-19,0.006750635292315525,8.067139425454737e-05,1.0,1.0,1.0,0.4060763892582598,0.3226760388821858
2021-04-20,0.014029789604317076,0.000272442708160662,0.0,7.0,0.0,0.4154376322758601,0.36418594051345143
2021-04-21,0.004058959576041083,2.717332945217859e-05,0.0,0.0,0.0,0.4007937315423755,0.3609191167094866
2021-04-22,0.00884289722282674,0.00010551297799805678,0.0,0.0,0.0,0.4127486529392264,0.36843215317828815
2021-04-23,0.0037922351392449464,2.174660375747237e-05,0.0,0.0,0.0,0.4024100908185744,0.3687334825874774
2021-04-26,0.006206335635760019,5.936730436338306e-05,0.0,0.0,0.0,0.4003113847568366,0.375153806160453
2021-04-27,0.003548925001960877,2.0526230086427046e-05,0.0,0.0,0.0,0.395774422511848,0.37098044558977156
2021-04-28,0.005353978731602535,3.8087129450547154e-05,0.0,0.0,0.0,0.39494348598918116,0.3516835782156892
2021-04-29,0.0036677896955678783,2.015475904216868e-05,0.0,0.0,0.0,0.397502402503967,0.3587515639412215
2021-04-30,0.0054266805287545425,4.974624573872186e-05,0.0,0.0,0.0,0.4070802411016563,0.35583096392803
2021-05-03,0.004994630324230695,4.6696764386812725e-05,0.0,0.0,0.0,0.4082525854790044,0.3610941197411577
2021-05-04,0.012420671766267809,0.00021742010098848677,0.0,4.0,0.0,0.40115107325900745,0.3500869983318006
2021-05-05,0.01465209418479655,0.0003008703402443358,3.0,0.0,4.0,0.4127349312560707,0.38365617825608467
2021-05-06,0.0030699867630744207,1.4228097096579171e-05,0.0,0.0,0.0,0.4159601327101474,0.38267075119999633
2021-05-07,0.009294483326021329,0.00011541116487208676,0.0,1.0,1.0,0.4189362925887284,0.3610111761535674
2021-05-10,0.005669472812452915,5.26243589135661e-05,1.0,0.0,1.0,0.41045709138688785,0.3581560734640316
2021-05-11,0.015066708778058163,0.00029272717498484465,4.0,9.0,0.0,0.4352907794852292,0.4073211778556886
2021-05-12,0.003877909194341138,1.956162246783812e-05,0.0,0.0,0.0,0.42954463480791477,0.4114372114598904
2021-05-13,0.004625748536331979,4.3669647036876624e-05,0.0,1.0,0.0,0.4210352849611573,0.40333882497359536
2021-05-14,0.01039531740685395,0.00014144914216936196,0.0,0.0,0.0,0.42614848175568426,0.41266045798605233
2021-05-17,0.003654996733791689,3.309104872894895e-05,0.0,0.0,0.0,0.4234949305921415,0.4084375307601017
2021-05-18,0.0040500665806371015,3.114638854594414e-05,0.0,0.0,0.0,0.4263182072432662,0.4074097661530486
2021-05-19,0.013538663694670664,0.00020826182705306243,0.0,3.0,0.0,0.44201410322805407,0.439772530445715
2021-05-20,0.009913318111326253,0.0001367741013910808,1.0,0.0,2.0,0.4501400028724078,0.453036148122143
2021-05-21,0.007986954171988405,0.00010171021835473493,1.0,1.0,2.0,0.42825963993137495,0.44833960998859507
2021-05-24,0.002884872792617808,1.8924867066186442e-05,0.0,0.0,0.0,0.40467054506959793,0.4449175726348649
2021-05-25,0.004115538754688181,3.488354465446636e-05,0.0,0.0,0.0,0.40820561826779206,0.44965858885316085
2021-05-26,0.003082001736405014,1.8787758509400456e-05,0.0,0.0,0.0,0.41642021574776344,0.45275445144146553
2021-05-27,0.0071104984179327,9.865510961777946e-05,1.0,1.0,0.0,0.4117967954680281,0.44279433754419345
2021-05-28,0.006185480363745508,5.053563129398733e-05,0.0,0.0,0.0,0.41912942736868986,0.44763123577830605
2021-05-31,0.00494154637407096,3.71110356939454e-05,0.0,0.0,0.0,0.40556280214992035,0.4517085255517683
2021-06-01,0.007156337301778109,7.237648833155767e-05,0.0,0.0,1.0,0.4090017016893199,0.4491744841749205
2021-06-02,0.0053248576835045,5.012121416277087e-05,0.0,1.0,1.0,0.40903753616547794,0.4510376577518918
2021-06-03,0.004275793054055869,3.313990251862231e-05,1.0,0.0,1.0,0.40667730652999956,0.4447734731752535
2021-06-04,0.0039712115763796615,3.2336464168049005e-05,0.0,0.0,0.0,0.40669209636456943,0.44509573218378606
2021-06-07,0.004639896793131511,4.7780056643796546e-05,1.0,2.0,0.0,0.4056956032895351,0.43881197209638056
2021-06-08,0.002915292251197664,1.6511781410814715e-05,0.0,0.0,0.0,0.40559307720790433,0.43979898062256145
2021-06-09,0.00382163188747761,2.7545700941192256e-05,0.0,0.0,0.0,0.39982344449941104,0.4391205361969979
2021-06-10,0.003667459774165213,2.306641849158543e-05,0.0,0.0,0.0,0.4022415500765463,0.4387727189962222
2021-06-11,0.005557148970222461,3.935636334609733e-05,0.0,0.0,1.0,0.399334459002688,0.4356803380830989
2021-06-14,0.0055337000144132405,5.0089161109439965e-05,0.0,0.0,0.0,0.40064302846269584,0.43422602244831493
2021-06-15,0.0046031257523454555,2.987887247205026e-05,0.0,0.0,0.0,0.39999360488710434,0.4435132913406731
2021-06-16,0.004063556435968505,3.735177294470742e-05,0.0,0.0,1.0,0.4004275328738873,0.41563582600591575
2021-06-17,0.004286521408818612,2.473366869258169e-05,0.0,0.0,0.0,0.3994357381144788,0.4149271687097489
2021-06-18,0.013486501792695026,0.00022707594493139287,1.0,7.0,0.0,0.40926837264237126,0.45093797111080897
2021-06-21,0.005297466160548703,3.9210950271597785e-05,0.0,0.0,1.0,0.4099466851133641,0.45595893227581397
2021-06-22,0.004970381845342901,5.1218083490181975e-05,2.0,2.0,0.0,0.405379098937502,0.40080827825088
2021-06-23,0.00757425998007033,7.393417945666132e-05,1.0,0.0,1.0,0.40289270586333625,0.392985602544404
2021-06-24,0.008980571793753235,0.00010609687219441468,0.0,0.0,0.0,0.4091029345130078,0.41390091664333084
2021-06-25,0.003374862597703757,2.409691489606232e-05,1.0,0.0,1.0,0.4081329152647717,0.4020587057659188
2021-06-28,0.0072238379966922395,8.991891792713228e-05,0.0,2.0,0.0,0.4068276573190457,0.406488014449743
2021-06-29,0.005750063421305603,4.8496166228893305e-05,0.0,1.0,0.0,0.4039622677522116,0.40103610632998055
2021-06-30,0.009723284695333234,0.00010507425385867298,1.0,1.0,1.0,0.4144041969196088,0.3813570804194521
2021-07-01,0.009352387594271384,0.0001129936460475092,0.0,0.0,1.0,0.41764641091377824,0.36841755838887347
2021-07-02,0.003725468636847564,2.5182362238270514e-05,0.0,1.0,0.0,0.4171411894799516,0.3710282281128223
2021-07-05,0.004260213523732637,2.700925240314243e-05,0.0,0.0,0.0,0.41554965448430137,0.37053937774429335
2021-07-06,0.006823817837700287,6.093639238096319e-05,0.0,0.0,0.0,0.41781495999966783,0.3743405975796413
2021-07-07,0.006421279350473594,8.434568079230857e-05,0.0,0.0,2.0,0.42021151908810633,0.37973651769501837
2021-07-08,0.0150000796837858,0.00028166078868167545,3.0,10.0,0.0,0.4403018695132038,0.4456709179677733
2021-07-09,0.011947746212967686,0.0001680674942003382,0.0,0.0,2.0,0.4472170741290796,0.45611857538967265
2021-07-12,0.006301527300052412,5.8518865143595006e-05,0.0,0.0,0.0,0.45042234882681953,0.4588037586232085
2021-07-13,0.0037965167041347577,2.391428999961117e-05,0.0,0.0,0.0,0.4444432774935997,0.44979277951575825
2021-07-14,0.003690683473801701,2.1262262284998717e-05,0.0,0.0,0.0,0.44664031225641204,0.4508636019393211
2021-07-15,0.007965402718997589,8.121113647604281e-05,0.0,0.0,0.0,0.44683189068056595,0.45929908023937516
2021-07-16,0.0036379924860282463,2.2446781834506144e-05,0.0,0.0,0.0,0.44775612635606776,0.4596740584503184
2021-07-19,0.022032498200116945,0.0005471534801698075,11.0,18.0,0.0,0.49712273328924544,0.5589055846922737
2021-07-20,0.006780417078606327,5.997722231855408e-05,0.0,0.0,1.0,0.500440909794381,0.5636635135750793
2021-07-21,0.013928399005330097,0.0002460646617194249,1.0,0.0,10.0,0.5079449171225039,0.5741737931952189
2021-07-22,0.005849111061586657,4.751001614703103e-05,0.0,0.0,0.0,0.5066419556791821,0.5721570046649638
2021-07-23,0.008228862981631087,8.45994064019551e-05,0.0,0.0,1.0,0.5065529260029458,0.5704421501206486
2021-07-26,0.004504020552502091,3.5277679985020454e-05,0.0,0.0,0.0,0.5046642977887179,0.5668655883114234
2021-07-27,0.006303045153972906,5.028634571764033e-05,0.0,0.0,0.0,0.5167198859655487,0.5703662843044616
2021-07-28,0.0065734457229076225,6.371701911809239e-05,1.0,0.0,1.0,0.509984959696034,0.5786789338172321
2021-07-29,0.006642910643667072,5.806096026366491e-05,0.0,0.0,1.0,0.5120147685407166,0.5837318102424205
2021-07-30,0.006360896826962743,6.508378957531314e-05,0.0,1.0,0.0,0.5165893563569022,0.5717542208245309
2021-08-02,0.005520090749333362,4.321980963327481e-05,0.0,0.0,0.0,0.5221935340595993,0.5753836237111966
2021-08-03,0.0033937986871159084,2.1949825693735037e-05,0.0,0.0,0.0,0.509064708085583,0.5837367245435845
2021-08-04,0.0051649047440831194,3.433239748256908e-05,0.0,0.0,0.0,0.5108462686757339,0.601283560373935
2021-08-05,0.003460096720923383,1.9516663519623862e-05,0.0,0.0,0.0,0.5133548225109864,0.592874688709038
2021-08-06,0.004407526788073727,3.224050927489526e-05,0.0,0.0,0.0,0.5068882587549307,0.5920069115030425
2021-08-09,0.0024478133573540943,1.0808345448332243e-05,0.0,0.0,0.0,0.5090973793410726,0.5992034743689998
2021-08-10,0.0047078042475386765,4.724478304919167e-05,0.0,0.0,2.0,0.5100645283027253,0.6037617346134312
2021-08-11,0.0047210644559623205,3.491606364910931e-05,0.0,0.0,0.0,0.4982642602001916,0.598079784827618
2021-08-12,0.0029171859186751803,1.3299030955656762e-05,0.0,0.0,0.0,0.49227639012148605,0.600122201784003
2021-08-13,0.0022245060483535874,6.070870834637773e-06,0.0,0.0,0.0,0.4982284136888445,0.6056743584583345
2021-08-16,0.006276092392717811,4.865888660999888e-05,0.0,1.0,0.0,0.4990326545058095,0.6069146952290643
2021-08-17,0.005893634873941672,8.289618505700504e-05,2.0,1.0,1.0,0.49409459309513026,0.595267442698701
2021-08-18,0.006088993028207172,6.298130410138424e-05,1.0,0.0,1.0,0.4911122661160246,0.5956021502082388
2021-08-19,0.01343105535936816,0.00021165051242051075,4.0,7.0,0.0,0.5169735675252368,0.5986261773050298
2021-08-20,0.003871195355368553,2.747910996347871e-05,0.0,0.0,0.0,0.5148216021324349,0.5926482544505975
2021-08-23,0.007668703338376612,7.435749735797926e-05,0.0,1.0,0.0,0.5153140213640585,0.590857189400296
2021-08-24,0.004051724728898371,2.716773753061499e-05,0.0,0.0,1.0,0.512464589829567,0.5931724764189304
2021-08-25,0.0047308220300100205,3.417579392271117e-05,0.0,0.0,0.0,0.5118408147970533,0.589906336152775
2021-08-26,0.003896976446837239,2.2964696734226278e-05,0.0,0.0,0.0,0.5139110104354494,0.5856343225039932
2021-08-27,0.004042362883495097,2.164574154195541e-05,0.0,0.0,0.0,0.5158354918494557,0.5862268055167528
2021-08-30,0.0042326224791588984,3.457486187308118e-05,0.0,0.0,0.0,0.5201376916909257,0.44368910651937093
2021-08-31,0.006845471868202222,8.72765259735934e-05,2.0,3.0,0.0,0.5158253308668239,0.4357190833311208
2021-09-01,0.005069696813550955,4.728513412339424e-05,0.0,0.0,0.0,0.5174110589389959,0.4056867255154732
2021-09-02,0.004544724671048559,3.641330310785275e-05,0.0,0.0,0.0,0.5165527597211899,0.4067799161598345
2021-09-03,0.004602542089031331,3.3487744522757905e-05,0.0,0.0,0.0,0.5140425438801774,0.403757579087314
2021-09-06,0.005997909266891342,5.3894159842683356e-05,0.0,0.0,0.0,0.5146809239563127,0.40955696609771974
2021-09-07,0.0048908950244512224,3.680088453050454e-05,0.0,0.0,0.0,0.5170809203654517,0.4031851209609812
2021-09-08,0.00789489897810329,8.969028993282225e-05,0.0,1.0,0.0,0.5241523726624665,0.42254417660973564
2021-09-09,0.004335338356259047,2.738391180841295e-05,0.0,0.0,0.0,0.5239665413627778,0.41292438670280873
2021-09-10,0.004771196282635197,3.369063074560773e-05,0.0,0.0,0.0,0.5106168716511091,0.39475159449642006
2021-09-13,0.0066623549025438605,6.892481879896791e-05,0.0,0.0,1.0,0.5079746744566348,0.3846052338066324
2021-09-14,0.0039232839956841545,2.142491013380101e-05,0.0,0.0,0.0,0.5109038453018414,0.3798090657151727
2021-09-15,0.007223981081958635,7.58534813872251e-05,0.0,0.0,0.0,0.5206922639133835,0.38981489072197345
2021-09-16,0.00518459946941941,5.194984530091232e-05,0.0,1.0,1.0,0.5105907663199785,0.38247638874652595
2021-09-17,0.0070682278615937025,6.392585664177345e-05,0.0,1.0,0.0,0.5117484004182646,0.3934781491724162
2021-09-20,0.017807766608446827,0.00036006031478722915,7.0,12.0,0.0,0.5480234145512735,0.4890062128616251
2021-09-21,0.008125072933847403,8.83008702523515e-05,0.0,0.0,2.0,0.5563658936303546,0.49941522279152184
2021-09-22,0.011699962195806105,0.00018521912061718915,2.0,0.0,4.0,0.5561172544337988,0.511627863564626
2021-09-23,0.008782287412730641,9.597182342898509e-05,0.0,0.0,2.0,0.5558516653503601,0.5152531959008342
2021-09-24,0.007652464283262155,8.078576585130222e-05,0.0,1.0,0.0,0.5578220797920702,0.5141459215197023
2021-09-27,0.005844241105515127,5.5066074270883366e-05,1.0,0.0,1.0,0.5548344419205614,0.5082977954224155
2021-09-28,0.01447819305983924,0.00028790676439805775,5.0,9.0,0.0,0.557165217075994,0.5267928644556729
2021-09-29,0.006392650154638244,6.22441687087154e-05,1.0,0.0,1.0,0.5608563862800148,0.5366754198538409
2021-09-30,0.006244999995816701,5.138077702347538e-05,0.0,0.0,0.0,0.5437648160864756,0.5026923897320913
2021-10-01,0.005132447157232056,4.064193648471666e-05,1.0,0.0,1.0,0.5352496241396736,0.497166214299808
2021-10-04,0.005812927012689943,5.756263264766182e-05,1.0,1.0,0.0,0.5352293029697129,0.49568265207476714
2021-10-05,0.00949736328470082,0.0001289107686647774,1.0,0.0,4.0,0.5397373845032057,0.5040532659768187
2021-10-06,0.0103392523481077,0.00013811653666275813,1.0,3.0,0.0,0.5462090426459063,0.519717133923819
2021-10-07,0.01167081287232781,0.00016941880929052894,1.0,1.0,6.0,0.5452186743079923,0.5246780272803322
2021-10-08,0.00533505016800619,4.970995039895371e-05,0.0,0.0,0.0,0.5412099319294188,0.51729917908554
2021-10-11,0.005603771546141819,5.2455982504492604e-05,0.0,0.0,0.0,0.4864866479809199,0.5126469933422143
2021-10-12,0.004141300233785772,3.157919863542401e-05,0.0,0.0,0.0,0.482301713747564,0.5184009282299661
2021-10-13,0.006188518405825028,5.850266579060318e-05,0.0,0.0,1.0,0.47055516914303874,0.5123537952772771
2021-10-14,0.00799889179252241,8.723739105198141e-05,0.0,0.0,2.0,0.47516371854444417,0.51897816377266
2021-10-15,0.005575592949904337,4.1398952549453464e-05,0.0,0.0,0.0,0.47216433299137317,0.517308418841434
2021-10-18,0.005083529667720252,3.479464144778192e-05,0.0,0.0,0.0,0.47510211516353806,0.5168972085921987
2021-10-19,0.004088469868052663,2.9446359838068744e-05,0.0,0.0,0.0,0.47200517277891385,0.516184291390471
2021-10-20,0.0059435487828378595,6.125552219422407e-05,1.0,1.0,0.0,0.4703353109076408,0.5047765821943022
2021-10-21,0.0051882600689039035,4.056710349187621e-05,0.0,0.0,0.0,0.46646611564875784,0.5066108325994411
2021-10-22,0.004647265106636722,2.942122200806092e-05,0.0,0.0,0.0,0.46463250124621797,0.5080352883513458
2021-10-25,0.003511729041488811,1.7841867818234558e-05,0.0,0.0,0.0,0.4616694996249927,0.5127551013370502
2021-10-26,0.00434301835405896,2.9536140075191182e-05,0.0,0.0,0.0,0.45967289043685333,0.5104106017620439
2021-10-27,0.004793729324797456,3.0261841205854926e-05,0.0,1.0,0.0,0.45982363404731613,0.5066438089947781
2021-10-28,0.007137220854392817,9.117875583784328e-05,3.0,2.0,2.0,0.4475556548097128,0.4922435338563271
2021-10-29,0.00662545705459771,6.115597689795192e-05,1.0,2.0,0.0,0.44671687130160215,0.4837479103745964
2021-11-01,0.007450249787865179,9.05993360893954e-05,1.0,0.0,1.0,0.44966280874768044,0.40260488939120725
2021-11-02,0.004865650651064537,4.068479846901094e-05,1.0,1.0,0.0,0.4449878933269418,0.3906089634570149
2021-11-03,0.008877592125862331,0.00011227927578411955,2.0,1.0,2.0,0.4372586407272539,0.3654132384793542
2021-11-04,0.006184919531677049,7.216354914586887e-05,1.0,0.0,2.0,0.4361921656627729,0.36106610535334754
2021-11-05,0.005304746578770441,4.752012325587018e-05,0.0,1.0,0.0,0.43189038608057845,0.3450210403947862
2021-11-08,0.004820826527255737,4.724966181663307e-05,0.0,1.0,0.0,0.4272905625614865,0.34519911425127964
2021-11-09,0.0034179031495476784,2.5693039925062506e-05,0.0,0.0,0.0,0.43261666396476056,0.3075758554131317
2021-11-10,0.004608832489483084,3.402055426317168e-05,0.0,0.0,0.0,0.43208382183319677,0.2987592776322435
2021-11-11,0.0033059441064793305,2.1602926920855254e-05,0.0,0.0,0.0,0.4100604819676905,0.30436393821505187
2021-11-12,0.005649099430523806,4.9762267703651776e-05,0.0,1.0,1.0,0.4069894636125741,0.3069220645423279
2021-11-15,0.004145076869460324,2.539386129406491e-05,0.0,0.0,0.0,0.4045133597030322,0.2976060295369346
2021-11-16,0.004766494942607368,3.9675531967251854e-05,0.0,1.0,0.0,0.4025139569887242,0.2751611286750001
2021-11-17,0.00382916843880598,2.4422641555241787e-05,0.0,0.0,0.0,0.40400048044892306,0.22714497264096858
2021-11-18,0.0070617632905951,8.669767814263234e-05,0.0,2.0,0.0,0.404989081647627,0.20542336483642598
2021-11-19,0.008397926171592155,0.00012161319634901039,2.0,3.0,0.0,0.40468045602996605,0.23622651616283052
2021-11-22,0.00562084653099443,5.320765077833658e-05,2.0,1.0,1.0,0.40177785125903576,0.23746021601091727
2021-11-23,0.009517530636313798,0.00013299446670081872,1.0,5.0,1.0,0.40220471604205704,0.2482008849805128
2021-11-24,0.005668060370393509,5.7674752701051055e-05,1.0,0.0,2.0,0.39902600545817646,0.24522178196362385
2021-11-25,0.005435365309222284,4.436258310283384e-05,0.0,0.0,0.0,0.40215127378120763,0.229522464050363
2021-11-26,0.03518767813632427,0.0013642213894937225,16.0,18.0,0.0,0.5209520102819664,0.5279038054082122
2021-11-29,0.007060043086003977,6.621664196373833e-05,0.0,0.0,1.0,0.5229963026787126,0.5366549576349536
2021-11-30,0.007320605021549111,8.678147607730934e-05,0.0,1.0,1.0,0.5199902525283007,0.5251639531218433
2021-12-01,0.013146496187237096,0.0002161648215536798,4.0,1.0,8.0,0.5204896366242595,0.5341753623704052
2021-12-02,0.008323350498469405,0.0001004795916553784,0.0,2.0,0.0,0.523157939885727,0.5359012845966458
2021-12-03,0.006689156447896045,5.953087362221775e-05,1.0,0.0,1.0,0.520593927623623,0.5270636650828981
2021-12-06,0.009981946783548712,0.0001755076021138268,3.0,0.0,6.0,0.5200682184655138,0.5268540391281864
2021-12-07,0.018776711766704285,0.0004367575632526319,7.0,0.0,11.0,0.5364666309059466,0.5547962228866878
2021-12-08,0.00551123162961573,4.68680338951956e-05,0.0,0.0,0.0,0.5358896147253595,0.5543165671761319
2021-12-09,0.003513616260690963,2.0754253166843275e-05,0.0,0.0,0.0,0.5378015055373491,0.5668958134207699
2021-12-10,0.004246678044144487,2.648920364738067e-05,0.0,1.0,0.0,0.5389273771896015,0.575932831521175
2021-12-13,0.006291022946848491,5.605765403146112e-05,0.0,1.0,0.0,0.5166053020931799,0.5754196996044413
2021-12-14,0.006351927889019253,6.07868700010789e-05,0.0,1.0,0.0,0.5133103366566285,0.5818395106966473
2021-12-15,0.004748239327329098,5.572936751649592e-05,1.0,1.0,0.0,0.5063049139928721,0.5876490261221585
2021-12-16,0.012235534350861776,0.00017826414133558272,3.0,0.0,4.0,0.5184983701955685,0.6145342985138822
2021-12-17,0.005137175620005526,3.724014472545271e-05,0.0,0.0,0.0,0.5164635161819703,0.6180627094923188
2021-12-20,0.010767938902872028,0.00014243383474832577,2.0,4.0,1.0,0.5194822879508894,0.6202885239825564
2021-12-21,0.012857469718513828,0.00021935326605880586,3.0,0.0,9.0,0.5210787327550293,0.6259746958882005
2021-12-22,0.008341685664796556,0.00010619427814815674,1.0,1.0,0.0,0.515307750149904,0.6211096418744099
2021-12-23,0.008203797739689706,8.564190172253657e-05,0.0,0.0,0.0,0.5215014949800685,0.6264577992929721
2021-12-24,0.0003515756382820955,7.19491948464947e-07,0.0,0.0,0.0,0.526244286751401,0.6333363269489386
2021-12-27,0.005102260829897831,4.6354667099041206e-05,1.0,0.0,1.0,0.5250670948260746,0.6361520067395392
2021-12-28,0.004883249721431177,3.882441458843756e-05,1.0,0.0,1.0,0.5230000952190887,0.6436527414224695
2021-12-29,0.004917273117991452,3.652200124423811e-05,0.0,0.0,1.0,0.5163262213209076,0.6420193623519094
2021-12-30,0.0031982779746662316,1.5419296892602794e-05,0.0,0.0,0.0,0.5147003853820783,0.6455202504994252
2021-12-31,0.0009540148732853213,3.1411766992542466e-06,0.0,0.0,0.0,0.5187940711122133,0.6537836526164168
2022-01-03,0.007469561038115633,9.958474225646343e-05,2.0,0.0,2.0,0.5237073276054102,0.6506312650624878
2022-01-04,0.008064861514700258,0.00011472349516900376,3.0,0.0,3.0,0.5239488857888948,0.6572445431301215
2022-01-05,0.00541168899959341,4.258662018039854e-05,0.0,0.0,1.0,0.5247039627558896,0.6597560372954735
2022-01-06,0.007770340211045881,0.0001076191672879556,1.0,3.0,0.0,0.5226291591514202,0.6593483044607229
2022-01-07,0.0050921047086808285,6.30755013033709e-05,1.0,2.0,0.0,0.5177637335137035,0.5103157572057903
2022-01-10,0.01081902962690899,0.0001635962847337815,2.0,5.0,0.0,0.5124993652008283,0.5008377440305866
2022-01-11,0.009418940493161346,0.00012445407983654568,2.0,0.0,3.0,0.518013108541205,0.5119697948969297
2022-01-12,0.009019600913540218,0.00012134411475926398,1.0,0.0,4.0,0.520868802961811,0.5088573437555483
2022-01-13,0.0030118172240919685,1.7190164594771545e-05,0.0,0.0,0.0,0.5219302925700834,0.5000290513985711
2022-01-14,0.009965354790444124,0.0001362725453261014,3.0,3.0,1.0,0.5190921387245081,0.502230513701748
2022-01-17,0.0060886594214565265,6.055391085431263e-05,0.0,1.0,1.0,0.5166920373533384,0.5071390999165393
2022-01-18,0.010835405297063103,0.00014587420591904903,1.0,6.0,0.0,0.5226553724374983,0.4887511289845135
2022-01-19,0.005760927220914562,4.628084351469058e-05,0.0,2.0,0.0,0.5192417204861265,0.4785322449396684
2022-01-20,0.0053433553752365755,4.2097505085026565e-05,0.0,0.0,0.0,0.5262709240173339,0.4757675423236534
2022-01-21,0.017915029412791893,0.00035475730017798184,9.0,16.0,0.0,0.5533726819497936,0.5390488560142119
2022-01-24,0.03324646062960512,0.0012321338425290995,17.0,18.0,0.0,0.6076822943063274,0.6476016575611118
2022-01-25,0.006888156223073594,6.126033379392632e-05,0.0,0.0,1.0,0.6101166501514285,0.6437995898047385
2022-01-26,0.01814658422357049,0.00035341437817407406,11.0,0.0,16.0,0.6294554447595307,0.670447048557205
2022-01-27,0.006092240542456595,5.770792140792613e-05,1.0,1.0,0.0,0.6280148778203081,0.65268319557342
2022-01-28,0.00906352101837131,0.00011238251676062628,1.0,3.0,0.0,0.6278852290475048,0.6478631165449181
2022-01-31,0.00793612004191441,8.971418651957896e-05,0.0,0.0,2.0,0.6323510132753516,0.6559623570137657
2022-02-01,0.011388672839696742,0.00014476067993101174,1.0,0.0,5.0,0.6353319949476857,0.6625562524744127
2022-02-02,0.004111080525837062,3.0045054118294645e-05,0.0,0.0,0.0,0.6376292070348317,0.6712719437875508
2022-02-03,0.011322317577367604,0.00016979289830434683,1.0,7.0,0.0,0.6412767263476379,0.6751826568784053
2022-02-04,0.008784050218516944,0.00012762286926222414,1.0,4.0,0.0,0.6425468380263017,0.6695059431129986
2022-02-07,0.007262265643297694,7.110173119451068e-05,0.0,0.0,1.0,0.641160371851199,0.6639263491396671
2022-02-08,0.005697667140419719,6.371556125875227e-05,0.0,0.0,0.0,0.6413392491111711,0.6566583143478414
2022-02-09,0.01328342534678956,0.0002372282457586201,5.0,0.0,10.0,0.6449373152930189,0.6629210487197855
2022-02-10,0.005168243542240553,3.9486062497319394e-05,0.0,0.0,0.0,0.6450430390287489,0.6612681647712135
2022-02-11,0.00664255443461366,6.879027373362153e-05,1.0,1.0,0.0,0.6477482123654067,0.6583227423432184
2022-02-14,0.019282944295929683,0.00041652780418390445,11.0,16.0,0.0,0.6621425580827173,0.6789094180113333
2022-02-15,0.013990707527891298,0.0002431303787081575,3.0,0.0,9.0,0.6656966975188026,0.6791260817089577
2022-02-16,0.004233548683533802,2.5814389150619112e-05,0.0,0.0,1.0,0.6681173456936622,0.6817792939396468
2022-02-17,0.00973323262561267,0.00011742314078908646,0.0,3.0,0.0,0.668501106272407,0.6865245399243423
2022-02-18,0.009382702055278358,0.0001307573879540928,1.0,3.0,0.0,0.6282186466624577,0.6900261025497053
2022-02-21,0.016512949759352347,0.0003656299311473397,9.0,11.0,0.0,0.6338088831485309,0.7038487334496673
2022-02-22,0.005600797716300399,5.394419537381253e-05,1.0,2.0,0.0,0.6339025396481688,0.6928110973624845
2022-02-23,0.008133955860938744,0.00010515556976887224,1.0,2.0,2.0,0.6294383528996953,0.6824562748423227
2022-02-24,0.045476959371012426,0.0028497169072146545,17.0,17.0,1.0,0.6522256872601743,0.6929407609182733
2022-02-25,0.03466184035155178,0.0014496320311235332,18.0,0.0,18.0,0.6817366551309316,0.736322923848204
2022-02-28,0.015948366454560957,0.00041113123891805143,6.0,5.0,1.0,0.6693283282348305,0.7165411135453602
2022-03-01,0.03363732304416407,0.0017783779132929224,14.0,15.0,1.0,0.6563549452399097,0.6989130544700742
2022-03-02,0.012501121708786244,0.00022853756556146947,3.0,1.0,5.0,0.6469060840171059,0.688975862907429
2022-03-03,0.01880479506251761,0.00047322041527514885,10.0,11.0,1.0,0.637367142197325,0.6726264343220673
2022-03-04,0.03857850348263237,0.0016796333998394717,17.0,18.0,0.0,0.6613930169348694,0.6892124760073745
2022-03-07,0.01723146028511721,0.0005309555470622714,6.0,6.0,1.0,0.6469808101289339,0.6448873602860602
2022-03-08,0.013768236255891636,0.00032568881132059765,4.0,2.0,5.0,0.6371386865619447,0.6306998628620423
2022-03-09,0.04657150403061986,0.002530587919623771,17.0,0.0,18.0,0.6654267499831372,0.6562759232707227
2022-03-10,0.015021580537392004,0.0003460898654059198,5.0,6.0,0.0,0.6594447834789123,0.6537882763132082
2022-03-11,0.014292647348045959,0.0002662612951872905,3.0,0.0,9.0,0.6617807202254258,0.6588869786443494
2022-03-14,0.014100773474021815,0.0002827204579207113,5.0,1.0,8.0,0.6590548322051829,0.652736853562612
2022-03-15,0.005060341746878194,4.995406999697689e-05,0.0,0.0,0.0,0.656059754802741,0.6459718696078938
2022-03-16,0.02768839806965467,0.0009635015645789025,14.0,0.0,16.0,0.6635615718226165,0.6573129524331929
2022-03-17,0.008320578531731947,0.00010684674341824949,1.0,0.0,1.0,0.662068877651328,0.6572954813557126
2022-03-18,0.007089929145236312,7.768420417421765e-05,0.0,0.0,1.0,0.6610509428103685,0.6586966799446898
2022-03-21,0.005693899208716558,6.348934136494575e-05,1.0,0.0,1.0,0.6589816880592437,0.6569470261083084
2022-03-22,0.00774383878513794,8.806052304230872e-05,0.0,0.0,0.0,0.6587720328430731,0.6600236710654807
2022-03-23,0.011290769470795933,0.00017291005556637718,1.0,4.0,0.0,0.6589570323486073,0.6569355434306511
2022-03-24,0.006889015078850828,8.714899249789072e-05,0.0,1.0,0.0,0.6583622792761437,0.6577425748168007
2022-03-25,0.005415835159888738,5.5194704632655955e-05,1.0,0.0,1.0,0.6567362509298468,0.6579083152751707
2022-03-28,0.006315811835226589,6.365775258868517e-05,0.0,0.0,1.0,0.6563477127341695,0.6513841590894063
2022-03-29,0.024327771118685736,0.0007060851018782572,9.0,0.0,15.0,0.6575528317356825,0.6502060026675176
2022-03-30,0.00942982456819492,0.0001646244605742996,2.0,1.0,1.0,0.6541636973540291,0.6450910809191923
2022-03-31,0.010351967769878831,0.00014073749857298362,0.0,2.0,0.0,0.6550655525016583,0.6454940381174447
2022-04-01,0.006883806867525082,6.315261138429753e-05,0.0,0.0,0.0,0.6566618813446676,0.6448980338784921
2022-04-04,0.005566894884140598,4.7371200102281774e-05,0.0,0.0,0.0,0.6587174956889507,0.6408496469752254
2022-04-05,0.00924192355738827,0.00017908443396900102,2.0,1.0,1.0,0.6539670159946493,0.6381402695855076
2022-04-06,0.016633518945642623,0.0004073240671295184,4.0,8.0,0.0,0.6550399126378615,0.6445196958297622
2022-04-07,0.004467960952798175,3.144052365508273e-05,0.0,0.0,0.0,0.6548095638105546,0.635744793680659
2022-04-08,0.012698236060915276,0.0001962650673009032,0.0,0.0,8.0,0.6590858076500778,0.616056382094854
2022-04-11,0.008310834627463194,9.351949735494874e-05,0.0,0.0,0.0,0.6579284022980967,0.6280109291981131
2022-04-12,0.004118110580395386,2.6060466004941434e-05,0.0,0.0,0.0,0.657509904159398,0.6256727880259076
2022-04-13,0.005442816275312856,5.8977403924998905e-05,0.0,0.0,0.0,0.6583646642421387,0.635047544622175
2022-04-14,0.006239788502323435,5.4748617987886726e-05,0.0,0.0,0.0,0.6585456277273852,0.6468050597553304
2022-04-15,0.000640247382718553,7.788417510481188e-06,0.0,0.0,0.0,0.6535981700586576,0.587278691959521
2022-04-18,0.0002646558441491128,1.33081160100331e-06,0.0,0.0,0.0,0.6362867223030138,0.6082139975944544
2022-04-19,0.004378966520504279,3.0902278235097014e-05,0.0,0.0,0.0,0.6369615397472371,0.6330792907184031
2022-04-20,0.008415518959931218,9.995039350006531e-05,0.0,0.0,0.0,0.6303310980724116,0.5409813597164537
2022-04-21,0.006546228874187321,7.07211704203764e-05,0.0,0.0,0.0,0.6301104158669234,0.5268196648322094
2022-04-22,0.013404890010500006,0.0002593644796546637,2.0,8.0,0.0,0.6323308205116528,0.5330001473604229
2022-04-25,0.015435556284228593,0.00033557782148886195,4.0,8.0,0.0,0.6336899195965983,0.563930049114932
2022-04-26,0.009623881166180825,0.0001368516672540467,1.0,1.0,0.0,0.6310617876011325,0.5704904806624025
2022-04-27,0.007580620499975018,0.00010090218311535951,1.0,2.0,0.0,0.6273010892916273,0.5144125373780143
2022-04-28,0.008555212664847728,0.00012054269603620695,1.0,0.0,1.0,0.6249037923019906,0.5121884352038873
2022-04-29,0.00616236298383963,5.699542602664144e-05,0.0,0.0,0.0,0.6249453726117358,0.5101239892163212
2022-05-02,0.011817126893628682,0.00019915741341246067,1.0,3.0,0.0,0.627085267400683,0.5263241291746095
2022-05-03,0.010346745605359397,0.000171191150877252,1.0,2.0,2.0,0.6237731215889372,0.5041138577249438
2022-05-04,0.008028230642846617,8.083853177497907e-05,0.0,0.0,0.0,0.6218845017803574,0.5054853904849023
2022-05-05,0.010165933584821091,0.00016546029959563078,1.0,2.0,0.0,0.6212783281420808,0.5030398650275177
2022-05-06,0.01323125823208524,0.00021013898103430093,0.0,3.0,0.0,0.6218478908609931,0.511048080713714
2022-05-09,0.023037733201086274,0.0006565221215417942,11.0,13.0,0.0,0.6231355140955483,0.5417664604782666
2022-05-10,0.006587664258194418,7.038571027367006e-05,0.0,1.0,0.0,0.6217566848525969,0.48829123195781426
2022-05-11,0.014359897950566324,0.0002740082495284598,1.0,0.0,9.0,0.6239281165944724,0.5272957082513657
2022-05-12,0.012134266200393817,0.00018748818312952704,1.0,4.0,0.0,0.6259156854925031,0.537463852720278
2022-05-13,0.019504176568710847,0.00048295473528006124,3.0,0.0,13.0,0.6295435295403848,0.5625781769797682
2022-05-16,0.003319483752415028,1.7823494327790244e-05,0.0,0.0,0.0,0.6273840898323091,0.5591844162200967
2022-05-17,0.012054870790898018,0.00017842075445232913,0.0,0.0,3.0,0.630449042107458,0.5891660987678252
2022-05-18,0.00844993032264118,0.00010826012336949918,0.0,0.0,1.0,0.6297874367603156,0.5704863407707966
2022-05-19,0.01271361441503902,0.00022917407773525547,2.0,4.0,0.0,0.6215675228799389,0.5654756336221216
2022-05-20,0.007083302251460641,6.565161461119654e-05,0.0,0.0,0.0,0.6030154931517423,0.5552891597232507
2022-05-23,0.013268722251829769,0.00026099759787632387,1.0,0.0,4.0,0.6153503985792996,0.5734551429873249
2022-05-24,0.008833087707775496,0.00011639360648911706,0.0,0.0,0.0,0.6145800310240983,0.5682605404506219
2022-05-25,0.011028399776201023,0.000173383179772694,1.0,1.0,0.0,0.6180651844249954,0.5589941895848183
2022-05-26,0.011227627768025276,0.00028186579149814433,1.0,1.0,1.0,0.6212844000656284,0.5471417563297851
2022-05-27,0.010404508060038085,0.00018151677256933742,1.0,0.0,2.0,0.5819651108378547,0.5402323693825097
2022-05-30,0.00556156260437124,6.951424559303542e-05,0.0,0.0,1.0,0.5910133608550491,0.5396671904322708
2022-05-31,0.010001064133807478,0.00012582085791236432,0.0,0.0,0.0,0.599920877913991,0.5317623705569421
2022-06-01,0.010313482440324945,0.00015608126652018033,0.0,2.0,1.0,0.538487898687467,0.5213200171611542
2022-06-02,0.006489071062156629,5.940702664951381e-05,0.0,0.0,0.0,0.5348547043398568,0.5200472787092907
2022-06-03,0.005317914497400314,4.155071480672556e-05,0.0,0.0,0.0,0.5267863512553802,0.5149355126837939
2022-06-06,0.007943429580045954,9.650834481999637e-05,0.0,0.0,0.0,0.5321151620622486,0.5095957939181143
2022-06-07,0.006340627806700124,6.80428515138162e-05,0.0,0.0,0.0,0.5327574785415071,0.5069943543109897
2022-06-08,0.00358332491512749,3.310366397428632e-05,0.0,0.0,0.0,0.5080850680576124,0.5120102602019622
2022-06-09,0.011450175573015035,0.00016840042524534447,0.0,0.0,0.0,0.5114818089879222,0.5161757007707737
2022-06-10,0.024972521443881564,0.000776422303479408,12.0,15.0,0.0,0.530029637891066,0.5455765030361811
2022-06-13,0.02000547537800502,0.0004846735668563528,6.0,10.0,0.0,0.5459195305235893,0.5600451491173283
2022-06-14,0.014123417408067539,0.0003010553260919208,3.0,2.0,1.0,0.5346650869942483,0.5580538112456312
2022-06-15,0.011155829159889757,0.00017831046138475803,2.0,0.0,3.0,0.5358721711975319,0.5586999903560598
2022-06-16,0.02136283831662031,0.0006509634138549914,9.0,12.0,0.0,0.541263613044615,0.5709906942072379
2022-06-17,0.006759996371899017,8.584044170388448e-05,1.0,1.0,1.0,0.5361810287718203,0.5551869537160318
2022-06-20,0.010374638585518955,0.00014399430655099142,0.0,0.0,4.0,0.5362012385007641,0.5378962619887696
2022-06-21,0.008823949517602792,0.0001340280804515905,0.0,0.0,1.0,0.5146555690306323,0.5353808662795413
2022-06-22,0.011800871862666634,0.00019347194641820015,1.0,1.0,0.0,0.5249812096656098,0.5299292409527812
2022-06-23,0.011179882633669582,0.00018201377893014979,0.0,2.0,0.0,0.5240072807870939,0.5187001539411095
2022-06-24,0.015166931015024865,0.0003330861995922148,3.0,0.0,5.0,0.5289399722149923,0.5123906832430131
2022-06-27,0.010788539113548502,0.00019587438816660274,2.0,0.0,3.0,0.5249421212563902,0.5079546935327013
2022-06-28,0.008691786436858575,0.00013179876202900885,1.0,0.0,2.0,0.5299945894617992,0.49566239468070794
2022-06-29,0.008545853123520122,0.00010754375850467321,0.0,0.0,0.0,0.5224494064205254,0.5018901429333756
2022-06-30,0.016326707302910422,0.000303779246883243,1.0,4.0,0.0,0.5314203993152904,0.518515443448653
2022-07-01,0.005662059783197489,4.74740203142054e-05,0.0,0.0,0.0,0.521728836624363,0.5081135026732428
2022-07-04,0.004583235420829162,6.10567200748263e-05,1.0,0.0,1.0,0.5237212850163226,0.4963009513375285
2022-07-05,0.020409438897732793,0.0005131782831835465,6.0,10.0,0.0,0.5327724620039757,0.5157081755372909
2022-07-06,0.009886205748930574,0.0001504353207434591,1.0,0.0,3.0,0.5316309972499867,0.5277741762484345
2022-07-07,0.016880473628681426,0.0003631101502038396,3.0,0.0,10.0,0.537277018795465,0.5498546461166834
2022-07-08,0.008621220829191473,0.00012030973671069286,0.0,0.0,1.0,0.5344020073258587,0.5514018053334954
2022-07-11,0.0096468251007976,0.00011872112969977535,0.0,0.0,0.0,0.5325484542873503,0.5477979467313391
2022-07-12,0.007768668627394828,0.00012007364014133585,1.0,1.0,0.0,0.5291254737012094,0.5461645785102465
2022-07-13,0.01009824060222953,0.00012201244111878584,0.0,2.0,0.0,0.5274899812382319,0.5548346637089421
2022-07-14,0.01577137473378008,0.00031029247715691445,3.0,4.0,1.0,0.5277193901899496,0.5504445447368012
2022-07-15,0.012458814514454818,0.00021687144796359267,1.0,0.0,6.0,0.5303205685213439,0.5588551271801651
2022-07-18,0.012035209431850734,0.00019773132837108204,2.0,0.0,2.0,0.5334501535313801,0.5672803302894264
2022-07-19,0.011242819012182667,0.00018514022706930827,0.0,0.0,3.0,0.5326215011777319,0.566466583272398
2022-07-20,0.006474406800266838,5.932779317520754e-05,0.0,0.0,0.0,0.5345980569275528,0.5656326873099967
2022-07-21,0.008229596936916734,0.00011292004721458006,0.0,1.0,0.0,0.5314733118524653,0.5593755135200223
2022-07-22,0.0068346180240888245,7.098919520547194e-05,0.0,1.0,0.0,0.5301830918808401,0.5344611546283696
2022-07-25,0.00494009291446187,3.917809517087855e-05,0.0,0.0,0.0,0.5277732389504826,0.5055070581116832
2022-07-26,0.006643559443568455,7.58749392114637e-05,0.0,0.0,0.0,0.5327307732045716,0.5148425883391099
2022-07-27,0.007313896919937429,7.243822473546071e-05,0.0,0.0,0.0,0.5331279443776453,0.5152113586026822
2022-07-28,0.009910064475652808,0.0001460161541640445,0.0,0.0,1.0,0.5360338842824667,0.4977157813093387
2022-07-29,0.01334645643598788,0.0002495360171813817,1.0,0.0,4.0,0.5320664477170387,0.5078533380048049
2022-08-01,0.0058638678764920855,5.990421343764583e-05,0.0,0.0,0.0,0.5165938644970226,0.50297230475133
2022-08-02,0.005659739579021193,4.7084038702495986e-05,0.0,0.0,0.0,0.5187418583354294,0.5115673277724678
2022-08-03,0.008962508671403883,0.00011110454611978356,0.0,0.0,1.0,0.5102560006707071,0.4930900113996757
2022-08-04,0.005584791032146918,4.06826354170553e-05,0.0,0.0,0.0,0.5019807257155798,0.4841633073813712
2022-08-05,0.006315910142367683,7.528530928336238e-05,0.0,0.0,0.0,0.49082539611357273,0.4766513939814776
2022-08-08,0.008638418195435515,0.0001070792702231639,0.0,0.0,0.0,0.4938742399591014,0.49079666150591494
2022-08-09,0.009477535703867071,0.00014382868123705018,0.0,1.0,1.0,0.482935574510673,0.480948223957997
2022-08-10,0.011741498972366737,0.00019726656378398974,0.0,0.0,4.0,0.4847031259502242,0.47279794571478145
2022-08-11,0.005197069767193088,4.924519784262373e-05,0.0,0.0,0.0,0.48333770578897906,0.429693884883723
2022-08-12,0.005654110068256931,6.856269595700359e-05,0.0,0.0,1.0,0.47796564806144826,0.42826495606117887
2022-08-15,0.0038364360837108585,3.2222752671430435e-05,0.0,0.0,0.0,0.47322288220046677,0.4306512266139837
2022-08-16,0.006278383907011029,5.9926405064883906e-05,0.0,0.0,0.0,0.47501407915307825,0.36920998448543363
2022-08-17,0.0105920073357694,0.00017131771341041986,1.0,1.0,0.0,0.4808742956110557,0.38987426270399966
2022-08-18,0.004620194199128473,3.202201928879261e-05,0.0,0.0,0.0,0.4874323091109264,0.3660716881418526
2022-08-19,0.007507766788976829,8.545933469957137e-05,0.0,0.0,0.0,0.4914175749862297,0.38045332099731954
2022-08-22,0.011489872770582017,0.00018457425322641581,0.0,1.0,0.0,0.4930120192985727,0.3894600879404739
2022-08-23,0.006429140954191927,5.521162267330607e-05,0.0,0.0,0.0,0.49428354577415884,0.3885652025208284
2022-08-24,0.00382624499791418,3.6373961503191816e-05,0.0,0.0,0.0,0.4981891433067185,0.3663196883347507
2022-08-25,0.004112178024320126,3.1773879545311294e-05,0.0,1.0,0.0,0.4999300600558624,0.3291660917285756
2022-08-26,0.012392528045106207,0.00021293182387134956,0.0,1.0,0.0,0.49928218481768877,0.3305253566124772
2022-08-29,0.01004133348495675,0.00014985522717028343,0.0,2.0,0.0,0.5008803090319616,0.3362886296319515
2022-08-30,0.00728827747799362,0.00010172794205573867,0.0,1.0,0.0,0.5011253705498048,0.3424972058701911
2022-08-31,0.007365868676041714,7.662817488283387e-05,0.0,0.0,0.0,0.5004208253216365,0.3511867034572793
2022-09-01,0.01754165165646629,0.000409801297501923,2.0,6.0,0.0,0.5048860330544996,0.40546756351008856
2022-09-02,0.016574695213632095,0.0003818008508585389,2.0,0.0,9.0,0.4885972916420311,0.41568555081787445
2022-09-05,0.012259925651956403,0.00019194318146922523,0.0,0.0,0.0,0.46785311667266455,0.4150928280869283
2022-09-06,0.0065147096640725734,0.00012535701263743798,1.0,1.0,0.0,0.4704950161403835,0.41044004224262903
2022-09-07,0.007204526346686703,9.602520495384353e-05,0.0,1.0,0.0,0.46415484358947084,0.39247081763006386
2022-09-08,0.005250623062022946,4.054407311822444e-05,0.0,0.0,0.0,0.4529169307593983,0.3925859586006734
2022-09-09,0.012709688713551394,0.00024479960826139874,1.0,0.0,2.0,0.4623894355643071,0.40145572726916984
2022-09-12,0.015847224686676552,0.0002893703089726476,0.0,0.0,7.0,0.47592748631994886,0.44760751537550536
2022-09-13,0.012648812026866301,0.00022867540515870798,1.0,1.0,0.0,0.48055096968157435,0.4493990106546816
2022-09-14,0.008025319296553543,8.4039378547136e-05,0.0,0.0,0.0,0.4754288174958306,0.454746258149927
2022-09-15,0.0056033409399620995,4.6521810225230567e-05,0.0,0.0,0.0,0.47208179985562226,0.4504010907723744
2022-09-16,0.011805359554127695,0.0001840063459900363,0.0,1.0,0.0,0.4725613372397327,0.46676467312518266
2022-09-19,0.005933576635222777,7.50986649859347e-05,1.0,1.0,0.0,0.47222484807296355,0.4499363160456457
2022-09-20,0.011214511975879912,0.0001636815296680653,0.0,0.0,0.0,0.4778645231588443,0.47227337932129976
2022-09-21,0.007300140493455095,7.424069044311388e-05,0.0,0.0,0.0,0.47410952627354275,0.46592935922201717
2022-09-22,0.012524484381384572,0.0002142834239918397,2.0,2.0,0.0,0.45936965313197853,0.45895150511539246
2022-09-23,0.02507321215621722,0.0007300606893284936,10.0,13.0,0.0,0.4976696195857896,0.523447853786549
2022-09-26,0.008149168454718744,0.00011211998987618002,1.0,2.0,0.0,0.49840667963982693,0.5178250389401428
2022-09-27,0.005875507562894035,6.209981499565453e-05,0.0,0.0,0.0,0.48336804037183,0.5122460238926418
2022-09-28,0.008084155862926977,0.00012601647588558821,1.0,1.0,0.0,0.4837087299790544,0.5084614414910394
2022-09-29,0.01827849784703704,0.00040320173253912425,2.0,4.0,0.0,0.48912520623895817,0.5202772615170695
2022-09-30,0.011666539422038547,0.0001892380154957699,0.0,0.0,2.0,0.4990044931484453,0.5453830342635786
2022-10-03,0.011055295823729211,0.00017514909900738715,1.0,1.0,2.0,0.4973698382639735,0.5405846347547407
2022-10-04,0.03026737243238765,0.0010460545291148527,13.0,0.0,18.0,0.5474500631965976,0.6240810622705186
2022-10-05,0.011208969489415884,0.000172791433847065,0.0,0.0,0.0,0.5474049999704,0.6204230780313601
2022-10-06,0.004971413506924,3.2784553625380094e-05,0.0,0.0,0.0,0.5466193485061394,0.6216111512476771
2022-10-07,0.011401308755971088,0.00019043537817629332,0.0,2.0,0.0,0.5421362041728899,0.6241311247717123
2022-10-10,0.005003404490322205,4.413292749756962e-05,0.0,0.0,0.0,0.5344087665338813,0.6230937263288682
2022-10-11,0.006990310817025549,7.423782073657584e-05,0.0,0.0,0.0,0.5383140037676752,0.6286041456136436
2022-10-12,0.007465001107891763,9.34854073380671e-05,1.0,1.0,0.0,0.5388463642546325,0.6264016637178811
2022-10-13,0.009501850029553194,0.00012267034258843659,0.0,0.0,0.0,0.5407609990343808,0.619858053487051
2022-10-14,0.010686026905234564,0.0001646540666475684,0.0,0.0,3.0,0.545842014245627,0.6232605930404475
2022-10-17,0.014599588199334485,0.00024935231241212513,0.0,0.0,3.0,0.5506074503200975,0.6378237014139412
2022-10-18,0.008148547968228906,0.00010010392441180635,0.0,0.0,1.0,0.5574344704796182,0.6506649552884162
2022-10-19,0.007022251080287124,9.592666572472284e-05,0.0,0.0,0.0,0.5544686712361578,0.6588675890521292
2022-10-20,0.007006883670612518,7.25291442459177e-05,0.0,0.0,0.0,0.5554904505533379,0.6580269835606674
2022-10-21,0.005045469543009867,4.589798435117535e-05,0.0,0.0,0.0,0.5544474151514679,0.6521416995806055
2022-10-24,0.011429441834851155,0.00016805702204085614,0.0,0.0,0.0,0.5569079315689487,0.6312554365845675
2022-10-25,0.011353193147799935,0.00018245465938551862,0.0,0.0,2.0,0.5599988779111633,0.6398499081606988
2022-10-26,0.006828121914829002,9.848938176160699e-05,0.0,0.0,1.0,0.5609592764373483,0.6389459340086152
2022-10-27,0.006347594430089219,5.6616119316608095e-05,0.0,0.0,1.0,0.5596477114771558,0.6384709064533985
2022-10-28,0.004683794605275045,4.007926985151435e-05,0.0,0.0,0.0,0.5595151806246977,0.6290723596303608
2022-10-31,0.005290700580712267,4.769579668766769e-05,0.0,0.0,0.0,0.5573292984638566,0.6345720366869004
2022-11-01,0.005594844777407086,4.8798443659266276e-05,0.0,0.0,0.0,0.565192272966735,0.6290716123280152
2022-11-02,0.006941527655231769,7.321114104400402e-05,0.0,0.0,0.0,0.56421671778716,0.6311441175745407
2022-11-03,0.00739193819445252,6.680554064679637e-05,0.0,0.0,0.0,0.5618310857335388,0.6295277004659517
2022-11-04,0.01776893045876832,0.0004338630124627501,1.0,0.0,8.0,0.572710478803651,0.5881112066219525
2022-11-07,0.007992123498828578,0.00010865284397263172,0.0,0.0,0.0,0.5729079034218336,0.5858877971448981
2022-11-08,0.0069769184616930045,7.91178885947877e-05,0.0,0.0,1.0,0.5752749109952632,0.590550681890953
2022-11-09,0.004242642679797062,2.4037766997326657e-05,0.0,0.0,0.0,0.575625190945115,0.5907660571065156
2022-11-10,0.01853627545051509,0.00046872556472797626,4.0,0.0,6.0,0.5768725886498078,0.543423468897859
2022-11-11,0.006246081932868323,6.216287880851483e-05,0.0,1.0,0.0,0.5749974025076389,0.536639793926155
2022-11-14,0.006864967435897397,9.85955969136188e-05,0.0,0.0,1.0,0.5739072380350406,0.5541356164148443
2022-11-15,0.004882230315599662,4.063996832345653e-05,0.0,0.0,0.0,0.5757288652724109,0.4507661467078215
2022-11-16,0.00856867625513837,0.0001082455568053222,0.0,0.0,0.0,0.5767980672857448,0.4475222297434485
2022-11-17,0.006501368336792829,6.508626235937502e-05,0.0,0.0,0.0,0.5789766742577259,0.45477493853684836
2022-11-18,0.008919609666262788,9.880339159113426e-05,0.0,0.0,0.0,0.5851865431798527,0.45037053817431444
2022-11-21,0.003976490486473323,2.927620424171153e-05,0.0,0.0,0.0,0.5823727645516824,0.44762161807745576
2022-11-22,0.009505838130733158,0.0001300087264696397,0.0,0.0,1.0,0.5847387755367125,0.42432962733996077
2022-11-23,0.00416563874420784,2.7849525841186936e-05,0.0,0.0,0.0,0.585490331128583,0.4150589132004411
2022-11-24,0.0063079874162436395,7.482733857588579e-05,0.0,0.0,0.0,0.5802003339223732,0.4233552936088761
2022-11-25,0.0027042124808788963,1.2770155284164406e-05,0.0,0.0,0.0,0.5816306439763773,0.42523679173751233
2022-11-28,0.008662133104104937,9.999960751049231e-05,0.0,0.0,0.0,0.5880966897061238,0.4442955478118369
2022-11-29,0.004905456999456273,4.310236299734044e-05,0.0,0.0,1.0,0.5910801016567114,0.43287733718425053
2022-11-30,0.004747815847397416,3.396193754460743e-05,0.0,0.0,0.0,0.5967374429936743,0.415383387637268
2022-12-01,0.007230647936949836,8.972800638715375e-05,0.0,0.0,0.0,0.596791617600321,0.415155798894813
2022-12-02,0.007673462037441073,0.00011120910461084379,0.0,0.0,0.0,0.5880261604999348,0.3972225170626598
2022-12-05,0.005386179039842129,6.47571089495508e-05,0.0,0.0,0.0,0.575265953473704,0.4053479786294984
2022-12-06,0.006746537434462758,7.022371119195446e-05,0.0,0.0,0.0,0.5714302479680774,0.3966024371395411
2022-12-07,0.006889111975300476,7.034702931617152e-05,0.0,0.0,0.0,0.5694520083087382,0.4109709697078283
2022-12-08,0.004659136749105376,3.8030398855150974e-05,0.0,0.0,0.0,0.5705103839373766,0.4232179642778058
2022-12-09,0.0056464474321266875,4.7007504138428546e-05,0.0,0.0,0.0,0.5656738584084435,0.4315906290935598
2022-12-12,0.0053267132685153856,4.088790939176803e-05,0.0,0.0,0.0,0.5679972155706484,0.43429326210523334
2022-12-13,0.010977832111050885,0.00015346181045116755,0.0,0.0,0.0,0.5639098060719308,0.440093215734566
2022-12-14,0.003401750255217413,2.4768884118093512e-05,0.0,0.0,0.0,0.5673248446838544,0.44493338373533087
2022-12-15,0.01643749149920344,0.00040619661938187006,5.0,5.0,0.0,0.5677640910779327,0.46937293194945656
2022-12-16,0.008491869613102571,0.00010037453943979119,0.0,0.0,0.0,0.5303465201657341,0.44915065126712334
2022-12-19,0.004310878049076419,2.5546633487671163e-05,0.0,0.0,0.0,0.5301140532155145,0.4521462483214347
2022-12-20,0.003822836317052398,2.7102795352203473e-05,0.0,0.0,0.0,0.5327484612690555,0.4447351638600091
2022-12-21,0.012802052704386016,0.00019523513596915676,0.0,0.0,3.0,0.5392073333712234,0.47252622283661444
2022-12-22,0.005496103295090929,5.088814213036117e-05,0.0,0.0,0.0,0.5155792363818559,0.4573390812306025
2022-12-23,0.002806632117293028,1.5979458590648834e-05,0.0,0.0,0.0,0.5122353654674799,0.47068419988840215
2022-12-26,0.0,0.0,0.0,0.0,0.0,0.5269189663039852,0.4772805419771318
2022-12-27,0.0031560855295744822,2.655394070549128e-05,0.0,0.0,0.0,0.46131200298033226,0.4794555611275063
2022-12-28,0.005606162367602673,9.518603253694786e-05,1.0,1.0,0.0,0.4544972612479452,0.4751620161791518
2022-12-29,0.007132854088994276,7.371167796279533e-05,0.0,0.0,0.0,0.4523581021590248,0.46474926386213034
2022-12-30,0.009484859487525574,0.00011330506787664686,0.0,0.0,0.0,0.45457686107404405,0.4662627162329173
2023-01-02,0.009820269773305787,0.00014524433983716058,0.0,0.0,1.0,0.45319412368382594,0.4697091434330795
2023-01-03,0.010981900827437944,0.00018924164029269984,1.0,0.0,2.0,0.4455599925663369,0.46759196272752035
2023-01-04,0.010878028718272896,0.00017401336070715592,0.0,0.0,3.0,0.44174844227127646,0.4630407486763046
2023-01-05,0.00519724885672871,3.290498149974662e-05,0.0,0.0,0.0,0.4458147604798788,0.4579232736772336
2023-01-06,0.006834474876679016,7.765634722398882e-05,0.0,0.0,0.0,0.44374063279159504,0.4564112787775439
2023-01-09,0.010380052211709656,0.00017683849711689291,0.0,0.0,3.0,0.44579722642572106,0.45349795999025727
2023-01-10,0.005624895259316578,4.9222962686922553e-05,0.0,0.0,1.0,0.4354764651670825,0.44678976146018096
2023-01-11,0.006550162309283975,5.994753767187695e-05,0.0,0.0,0.0,0.42924928956341396,0.4464007902741053
2023-01-12,0.007618674975880424,7.061701387018592e-05,0.0,0.0,1.0,0.43199464968105006,0.4514537389283644
2023-01-13,0.005149301195499197,3.4329008502885485e-05,0.0,0.0,0.0,0.42812741076706273,0.46475657943392
2023-01-16,0.006717380651240484,9.514933528386532e-05,1.0,2.0,0.0,0.42386206492495926,0.4476763785425783
2023-01-17,0.0045094002023846145,3.755642135508415e-05,0.0,0.0,0.0,0.42134469779853767,0.4517838204076649
2023-01-18,0.004687647298322909,3.651096144590791e-05,0.0,0.0,0.0,0.4210439891459784,0.43988651832685094
2023-01-19,0.013831330703260177,0.00023997556617668566,0.0,2.0,0.0,0.44292668319439554,0.4737359294439248
2023-01-20,0.006216637505721744,4.883310991661003e-05,0.0,0.0,0.0,0.44701393930148636,0.47382069894942996
2023-01-23,0.0074631429729461575,7.851409670634741e-05,0.0,0.0,0.0,0.4481148601543349,0.4760075962509207
2023-01-24,0.0035522593120066275,2.2501508487601624e-05,0.0,0.0,1.0,0.44843234068063476,0.46883938175876033
2023-01-25,0.004115217075028383,3.884442595919696e-05,0.0,0.0,0.0,0.4535904647279655,0.47332019922221646
2023-01-26,0.005869276434355694,5.0385001277495064e-05,0.0,0.0,0.0,0.4558961000936886,0.44844553262176723
2023-01-27,0.004535799099626904,3.680234877428273e-05,0.0,0.0,0.0,0.44171057807045966,0.432031985332874
2023-01-30,0.006011578688971724,6.0874065095921865e-05,0.0,0.0,0.0,0.44552535491383644,0.44028839431536304
2023-01-31,0.003006469888673719,1.8129092678061357e-05,0.0,0.0,0.0,0.44372205856629526,0.4438226880228588
2023-02-01,0.004480190841701405,3.356427606675274e-05,0.0,0.0,0.0,0.4438980584062494,0.41465688880059626
2023-02-02,0.012730391351571805,0.00023984303558464656,1.0,0.0,1.0,0.4334868045622249,0.4050428093572607
2023-02-03,0.004119085849120627,2.9838197370304448e-05,0.0,0.0,0.0,0.43639884434169335,0.39886921784354706
2023-02-06,0.00823824177223142,0.0001028512402896247,0.0,0.0,1.0,0.4398712906317645,0.40391659776820077
2023-02-07,0.00385899294281307,2.28265182970865e-05,0.0,0.0,0.0,0.4403676209229153,0.4013150315521656
2023-02-08,0.007757771946005529,0.00010087529548932212,0.0,0.0,2.0,0.4297034992344961,0.38775422734448856
2023-02-09,0.005063963714486323,4.144938257350487e-05,0.0,0.0,0.0,0.4239310881756483,0.3913809693869554
2023-02-10,0.008856337655813472,0.0001266712147671102,0.0,0.0,0.0,0.423112745449882,0.3832792080302384
2023-02-13,0.007882877822283696,9.059277401853763e-05,0.0,0.0,1.0,0.4202697818117056,0.3812480450399445
2023-02-14,0.003087360606942322,1.758683491657705e-05,0.0,0.0,1.0,0.41716070293517876,0.3801167686275835
2023-02-15,0.005952334067967223,5.3039643576716826e-05,0.0,0.0,0.0,0.416425338650946,0.3787565302017102
2023-02-16,0.004036072404533327,2.6540380003745684e-05,0.0,0.0,0.0,0.4136616401660884,0.3801935249977945
2023-02-17,0.0042556921493052185,2.7930300340409347e-05,0.0,0.0,0.0,0.4135135883337853,0.3806906674327263
2023-02-20,0.004470224059840012,3.529149101401334e-05,0.0,0.0,0.0,0.402471350582934,0.36288106770141887
2023-02-21,0.00449835002721085,3.0284784794820513e-05,0.0,0.0,0.0,0.4054213449144062,0.37271947949760587
2023-02-22,0.006311680752389,7.585008638568714e-05,0.0,0.0,0.0,0.40702709209104243,0.37811166772230687
2023-02-23,0.00514098556388348,4.9100902466920246e-05,0.0,0.0,0.0,0.40914765309169593,0.37119109632085046
2023-02-24,0.007783375249023213,8.600326365596017e-05,0.0,0.0,1.0,0.4162877761510231,0.37249497731023723
2023-02-27,0.01016607947430044,0.00012865650704243486,0.0,0.0,0.0,0.4244355297481913,0.405024800789652
2023-02-28,0.005014971242354592,5.372746968638148e-05,0.0,0.0,0.0,0.42490150260728066,0.3991265863877145
2023-03-01,0.005599042137032007,4.390273654708172e-05,0.0,1.0,1.0,0.42079079435854677,0.4047614970503224
2023-03-02,0.006885744894479298,8.234336903443599e-05,0.0,0.0,0.0,0.4130828980004662,0.34019026125117574
2023-03-03,0.008217896201702558,0.00010377225762518098,0.0,0.0,0.0,0.41085470588135503,0.3355426865174306
2023-03-06,0.006631756014757447,9.277731556050482e-05,1.0,1.0,0.0,0.40500290075921513,0.319515053039927
2023-03-07,0.006700773567884508,6.94339200860025e-05,0.0,0.0,0.0,0.40866914803125737,0.3397290671021421
2023-03-08,0.003210257523420897,1.4600023406148843e-05,0.0,0.0,0.0,0.40894261962836576,0.33404324725398216
2023-03-09,0.005862430459906561,5.298125857974101e-05,0.0,0.0,0.0,0.3905414817364219,0.32642836039635714
2023-03-10,0.01322428517149286,0.0002201159273072913,2.0,4.0,0.0,0.4032927422774271,0.37050193899587364
2023-03-13,0.023820427579205595,0.0006758079307714822,10.0,15.0,0.0,0.4652582295740128,0.4896858365747353
2023-03-14,0.014034486100524029,0.0002455427341829097,2.0,0.0,6.0,0.4804127320333708,0.5201672750660503
2023-03-15,0.032202897062355934,0.0012521773358075848,15.0,16.0,0.0,0.5379947990366819,0.6168592051538856
2023-03-16,0.010078699261802411,0.00015088451203623598,0.0,1.0,2.0,0.5334103413179867,0.616270564588333
2023-03-17,0.012928313095789089,0.0002096956812403945,1.0,2.0,0.0,0.5368183593957329,0.613039742067148
2023-03-20,0.010606579034046932,0.00013294306627271383,1.0,1.0,0.0,0.5303684888111333,0.6023350207725494
2023-03-21,0.016666352659864294,0.0003268485889763058,1.0,0.0,8.0,0.5397146548259755,0.6157471261952833
2023-03-22,0.00523540480858078,3.492938395750358e-05,0.0,0.0,0.0,0.541078766225485,0.6214745280625869
2023-03-24,0.019138451883417534,0.0004703415953669054,5.0,7.0,0.0,0.5600923562379044,0.6380827218600816
2023-03-27,0.00987523302115632,0.00010405444555025166,0.0,0.0,0.0,0.566188688633726,0.6550982883012514
2023-03-28,0.0035896112719830016,2.005661853282076e-05,0.0,0.0,0.0,0.5669664344517968,0.6579441196693574
2023-03-29,0.01082909016838767,0.00014464233465438006,1.0,0.0,1.0,0.5703451097139055,0.6586354934774077
2023-03-30,0.013772925404796127,0.000265435870368997,3.0,0.0,4.0,0.5708343273249324,0.6547094892030887
2023-03-31,0.0058621905571701475,4.762958107400246e-05,0.0,0.0,0.0,0.5738511261596326,0.6588836440367586
2023-04-03,0.006546151446297303,6.681748839109096e-05,0.0,0.0,0.0,0.5711822612788209,0.6536107482699207
2023-04-04,0.00420009513386797,3.2378771796591474e-05,0.0,0.0,0.0,0.5668922129699658,0.653680606150189
2023-04-05,0.006570048456166389,7.309054896401493e-05,0.0,0.0,0.0,0.5672862871118923,0.6484857355679106
2023-04-06,0.005009440829267996,3.986083351413429e-05,0.0,0.0,0.0,0.5678994648452569,0.6507725995787066
2023-04-07,0.00013098191378661732,3.2596897304489225e-07,0.0,0.0,0.0,0.5670737272132961,0.6518657439350892
2023-04-10,0.0002628114022464177,1.3123268298638389e-06,0.0,0.0,0.0,0.5704409588058548,0.660338750816075
2023-04-11,0.008460985084727316,0.00010212476978899008,0.0,0.0,0.0,0.582520757105224,0.6590586895369595
2023-04-12,0.004988952951800317,5.63632494308304e-05,0.0,1.0,0.0,0.5813640624051389,0.6592946788766099
2023-04-13,0.004161943937511032,3.7427280038525246e-05,0.0,0.0,0.0,0.5825099534948807,0.6649428260853022
2023-04-14,0.0057097811319007635,4.6853916250148134e-05,0.0,0.0,0.0,0.5764057347465635,0.6717701160282642
2023-04-17,0.0026764252527908114,1.7762144093271752e-05,0.0,0.0,0.0,0.5746829355794821,0.6736216249963081
2023-04-18,0.005748615279109409,5.885580238129964e-05,0.0,0.0,0.0,0.572904986515542,0.6844477220601057
2023-04-19,0.004242949664448328,2.795122924536915e-05,0.0,0.0,0.0,0.5739443055473902,0.680060091209578
2023-04-20,0.00454656832275032,2.7613720713548518e-05,0.0,0.0,0.0,0.5735195879491846,0.6802330743751089
2023-04-21,0.0038079569706358563,2.2922137662997492e-05,0.0,0.0,0.0,0.5703855176111442,0.6824684748395771
2023-04-24,0.003243486225451342,1.8479999895309973e-05,0.0,0.0,0.0,0.5714176452870771,0.6798474123839532
2023-04-25,0.006014252591306361,5.486407648008833e-05,0.0,0.0,0.0,0.5707660789698928,0.6395909789269079
2023-04-26,0.004321398597374822,2.704934612140229e-05,0.0,0.0,0.0,0.5708015050846804,0.6267743515119553
2023-04-27,0.007550058768859748,0.00014503193156268355,2.0,0.0,2.0,0.5650584588327597,0.48689791916432623
2023-04-28,0.005862476095957429,4.470432197963622e-05,0.0,1.0,0.0,0.5649693981316433,0.4907600520435329
2023-05-01,0.0,0.0,0.0,0.0,0.0,0.5684376318235863,0.4814194015927828
2023-05-02,0.011234872387229042,0.00016406171125916112,0.0,3.0,0.0,0.5669055283079051,0.49519866582471167
2023-05-03,0.004899091337860162,4.8430119525147106e-05,0.0,0.0,1.0,0.5661654829991712,0.4665667453139526
2023-05-04,0.0065905915878341145,6.116047131008531e-05,0.0,0.0,0.0,0.5703097977903397,0.4719756938718555
2023-05-05,0.010545577139068984,0.0001533989612001866,0.0,0.0,2.0,0.5703915891151827,0.37699177537360923
2023-05-08,0.0045440569193508805,3.836674900100245e-05,0.0,0.0,0.0,0.5731833451692957,0.3430492309391949
2023-05-09,0.005245267946522668,4.186486390486784e-05,0.0,0.0,0.0,0.574459219418702,0.349146017077939
2023-05-10,0.004033442074877816,2.714140720190959e-05,0.0,0.0,0.0,0.5751959602462658,0.33502897890463207
2023-05-11,0.005154601035739877,4.5984906473796624e-05,1.0,0.0,1.0,0.5724822249015152,0.2928486831642423
2023-05-12,0.004155138252327203,3.0618628872558165e-05,0.0,0.0,0.0,0.571964905903701,0.27529901597369183
2023-05-15,0.0032948723524697243,1.879529642594358e-05,0.0,0.0,1.0,0.572488211822321,0.2835529034431706
2023-05-16,0.0056732587123538595,5.782048676898217e-05,0.0,1.0,0.0,0.5695915751322375,0.27951625604847086
2023-05-17,0.0025474922967238024,1.1095027337527115e-05,0.0,0.0,0.0,0.5691892815354037,0.28992779401339575
2023-05-18,0.00431211849427888,3.42759129799072e-05,0.0,0.0,0.0,0.5683812093248682,0.2836520402078669
2023-05-19,0.0069511838455240905,0.0001061994663197516,1.0,0.0,1.0,0.5673837450737589,0.2965767949784033
2023-05-22,0.006383208747157903,0.0002020426941795824,1.0,0.0,1.0,0.5628494153238466,0.2833187993564971
2023-05-23,0.00378662028625902,2.3823736810275474e-05,0.0,0.0,0.0,0.55899892452683,0.26807833485049587
2023-05-24,0.014042739023212713,0.0002590257924051089,1.0,7.0,0.0,0.5656932058721468,0.33225067237514805
2023-05-25,0.00645455553073722,6.245673674234772e-05,0.0,0.0,0.0,0.5668395084277875,0.3318231812125352
2023-05-26,0.009378953208695395,0.00012103389701445352,0.0,0.0,1.0,0.5709541269454401,0.33785478054992274
2023-05-29,0.0032091671653219763,1.850454058019972e-05,0.0,0.0,0.0,0.5709900979177707,0.3375991183673665
2023-05-30,0.007185701261889034,8.18662196118999e-05,0.0,0.0,0.0,0.5749281192614785,0.3362296891227904
2023-05-31,0.010054337219589512,0.00014318071338618307,0.0,1.0,0.0,0.5761916482303969,0.36397043268647206
2023-06-01,0.009283798593199874,0.00012978577468782,0.0,0.0,1.0,0.5759722304899318,0.37380961918168004
2023-06-02,0.0165496680557053,0.00034154614950447377,3.0,0.0,8.0,0.5787166672839917,0.40219713188087136
2023-06-05,0.0036340482114445762,2.7539914981916292e-05,1.0,0.0,1.0,0.572250336229358,0.40180708722359487
2023-06-06,0.005593792040868675,5.972800514323464e-05,0.0,0.0,1.0,0.5368830225376277,0.3955286838721784
2023-06-07,0.0038871063752541346,2.658908299274824e-05,0.0,0.0,1.0,0.5253354176964318,0.3944627269482251
2023-06-08,0.003819851175782973,2.3494179293664187e-05,0.0,0.0,0.0,0.4388776716481282,0.4060973505963803
2023-06-09,0.0030629637517427767,1.8269067187912163e-05,0.0,0.0,0.0,0.44367474846118315,0.4123019377306685
2023-06-12,0.004435566690378426,3.20934459643551e-05,0.0,0.0,1.0,0.43372960550790346,0.41064239848704226
2023-06-13,0.00626669147737918,5.225063955824997e-05,0.0,1.0,0.0,0.43761404127715325,0.40651302784327303
2023-06-14,0.005590816346591677,4.934258632828808e-05,0.0,0.0,0.0,0.42224012042323594,0.40888843923464063
2023-06-15,0.003178799978252235,1.54335931170522e-05,0.0,0.0,0.0,0.42327853383954367,0.4036875129476345
2023-06-16,0.005208371390983168,4.885086883399986e-05,1.0,0.0,1.0,0.37552323806335874,0.4024483892002576
2023-06-19,0.008665016797326132,9.107521267878999e-05,0.0,1.0,0.0,0.36660307482145876,0.41150051828735723
2023-06-20,0.005973883730275725,5.445851478961548e-05,2.0,1.0,1.0,0.3662811265101458,0.40709585488261707
2023-06-21,0.005074181543199795,3.850545919039915e-05,0.0,0.0,0.0,0.36229897686386636,0.40816487348773917
2023-06-22,0.006603019857490432,6.60044120276687e-05,0.0,1.0,0.0,0.3626057720051682,0.426035930503156
2023-06-23,0.00756599604527248,8.086056482732281e-05,0.0,0.0,0.0,0.3601107202829309,0.4302171157271998
2023-06-26,0.004958009211711026,6.736583704396676e-05,1.0,1.0,0.0,0.3616592232127675,0.42823277765285134
2023-06-27,0.00500894863705432,4.2689617973759205e-05,0.0,0.0,0.0,0.36041583786279163,0.4253122117409582
2023-06-28,0.007404691753205502,6.99288535917324e-05,0.0,0.0,1.0,0.3723967331502892,0.4330223358570919
2023-06-29,0.005941953878006591,7.700409616205619e-05,2.0,0.0,2.0,0.3706090855350132,0.43426126949020993
2023-06-30,0.007438359670167739,7.399612705915149e-05,0.0,1.0,0.0,0.3656895140973374,0.41923019643608217
2023-07-03,0.0048994450550905455,3.422324098547705e-05,0.0,0.0,0.0,0.3633946837919587,0.4280226025652854
2023-07-04,0.003747396051248502,2.065590771455675e-05,0.0,0.0,0.0,0.3590110359513207,0.42631124999265874
2023-07-05,0.007907201746369415,9.440641295026513e-05,1.0,0.0,1.0,0.35925020438033806,0.3919777957375438
2023-07-06,0.0173390039121845,0.00037312561885613314,7.0,9.0,0.0,0.3961638880888877,0.4575060497192727
2023-07-07,0.004201990301661053,2.9414893179271938e-05,0.0,0.0,0.0,0.3940589815528634,0.45454899625142525
2023-07-10,0.003507933411545924,1.711533190090752e-05,0.0,0.0,0.0,0.39519147128945864,0.45606138541976954
2023-07-11,0.007302617484962999,8.826970684503914e-05,0.0,0.0,3.0,0.39889108590301237,0.46175197686199165
2023-07-12,0.012775685745325697,0.00020103909145426029,1.0,0.0,3.0,0.418264951647135,0.4659543705991634
2023-07-13,0.004011218165048014,2.2125778378167374e-05,0.0,0.0,0.0,0.4162282035241744,0.46700863682606414
2023-07-14,0.004107759447530198,2.6459691074352436e-05,0.0,0.0,0.0,0.4160590060170073,0.439166567816594
2023-07-17,0.005842612362996447,9.440993996966444e-05,1.0,0.0,1.0,0.40751469721883393,0.4221259595961634
2023-07-18,0.005802614207591165,4.5454753357122855e-05,1.0,0.0,1.0,0.40884637286461945,0.4335976642109197
2023-07-19,0.005273903164874305,5.219990053938204e-05,1.0,0.0,1.0,0.40722102791770415,0.43414121668179734
2023-07-20,0.006037759386180487,4.4356019548736606e-05,0.0,0.0,1.0,0.4131053527945458,0.4322271882934021
2023-07-21,0.003476032539265492,1.6653494177622273e-05,0.0,0.0,0.0,0.4176825587978163,0.4358630939300719
2023-07-24,0.0036781774354589223,2.0392614210727486e-05,0.0,0.0,0.0,0.4153839037994642,0.43374186122060443
2023-07-25,0.004779379975057074,3.170965945777457e-05,0.0,0.0,0.0,0.4150413666941558,0.4355648274461493
2023-07-26,0.006024544591695512,5.751548551120229e-05,0.0,0.0,1.0,0.4146978810628868,0.4291196383066656
2023-07-27,0.010082088413908178,0.00015494170129164337,3.0,1.0,4.0,0.3986796021141065,0.4023598335978686
2023-07-28,0.002852133072624961,1.4116844113144798e-05,0.0,0.0,0.0,0.39690855509149403,0.4029341576596902
2023-07-31,0.003523356293476934,2.0431856685780313e-05,0.0,0.0,1.0,0.3958548194126331,0.39067514415751514
2023-08-01,0.006909240736259507,6.472878339864249e-05,0.0,0.0,0.0,0.39360045397476495,0.3903541650764068
2023-08-02,0.011105634339178638,0.00015697790133795987,1.0,2.0,0.0,0.4075105020942965,0.41956178227035223
2023-08-03,0.005136180509549408,4.104177146065191e-05,0.0,1.0,0.0,0.4107038380372136,0.40602999231487596
2023-08-04,0.006403387655992728,6.009275653554544e-05,1.0,0.0,1.0,0.4158225119280493,0.41351542388511975
2023-08-07,0.0039001800562366135,3.453024948881417e-05,2.0,0.0,2.0,0.4159462404980299,0.41780175796473595
2023-08-08,0.008514351967355943,9.701976202364044e-05,1.0,2.0,0.0,0.4217763765748497,0.43216624905146295
2023-08-09,0.007427021848935236,8.596030908554993e-05,1.0,0.0,1.0,0.4147681293336013,0.41256728352978145
2023-08-10,0.007010177072490842,7.15000811229416e-05,0.0,0.0,1.0,0.4139735201567969,0.41451661107660664
2023-08-11,0.009384134116897962,0.00011331097014663747,0.0,1.0,0.0,0.41681886413534347,0.43324353729140513
2023-08-14,0.003547296300441541,2.4221106767736946e-05,1.0,0.0,1.0,0.42509569439375605,0.43456540761464
2023-08-15,0.005974799336274276,5.610389408074714e-05,0.0,1.0,0.0,0.42675841368599116,0.43883436722717595
2023-08-16,0.00443624199441951,3.8674012513475976e-05,0.0,0.0,0.0,0.4107511317575568,0.4447515752811761
2023-08-17,0.009761131432372859,0.00013383460653736164,2.0,1.0,2.0,0.4057080346197085,0.3532159479038954
2023-08-18,0.006655563815859703,6.226016410770342e-05,1.0,0.0,1.0,0.40469388475219437,0.35907975896929645
2023-08-21,0.004737035757755274,4.136256881698233e-05,0.0,0.0,0.0,0.40436030466359557,0.3566488503321589
2023-08-22,0.005782955812837487,4.3944601535225546e-05,0.0,0.0,0.0,0.4031722852754997,0.35036482784297673
2023-08-23,0.003838253916450587,2.5043828486626045e-05,0.0,0.0,0.0,0.38881545039237786,0.29759722609692335
2023-08-24,0.004612697103455407,3.180269015280363e-05,1.0,0.0,1.0,0.3865107154843579,0.29518490473972664
2023-08-25,0.003554525339723721,2.0911600991148242e-05,0.0,0.0,1.0,0.3634458025758012,0.2982493967530679
2023-08-28,0.009795540279958338,0.0001271168289282952,0.0,0.0,2.0,0.37312241411610253,0.3399910263212492
2023-08-29,0.0071917546753192015,7.080515316730096e-05,1.0,0.0,2.0,0.3814016932551893,0.3463362004719313
2023-08-30,0.004209610198121716,3.057549435588387e-05,0.0,0.0,0.0,0.3796595991038943,0.34615442091639276
2023-08-31,0.004158869299828005,2.4121724303207965e-05,0.0,0.0,0.0,0.3799214108792912,0.34459917731733397
2023-09-01,0.004651047720121943,3.043754405725226e-05,0.0,0.0,0.0,0.37819064507520234,0.33620034161072354
2023-09-04,0.004646237856777138,5.681817733959316e-05,1.0,1.0,0.0,0.3764364232288085,0.33508803799374803
2023-09-05,0.0046047657916770705,3.4513484818697713e-05,0.0,1.0,0.0,0.37780751835548476,0.33486056297272687
2023-09-06,0.006378932485795814,9.088776690052931e-05,1.0,1.0,1.0,0.3740094323057076,0.3296781317982044
2023-09-07,0.007761106020499912,9.198349027406373e-05,1.0,1.0,1.0,0.3697467263438376,0.34608942406475784
2023-09-08,0.004434962368267803,2.768733442071459e-05,0.0,0.0,0.0,0.3691336098442236,0.3482841101943901
2023-09-11,0.005143691436938082,3.9565805592874e-05,0.0,0.0,0.0,0.3634671972376596,0.35015173001287314
2023-09-12,0.004690972646989606,3.1636842527726676e-05,0.0,0.0,0.0,0.36211316277315136,0.34730410822941815
2023-09-13,0.0041302960648741975,3.079193577040859e-05,0.0,1.0,0.0,0.36679595520161007,0.31837098108789974
2023-09-14,0.012988675138889542,0.00019683531106454944,5.0,0.0,6.0,0.3814675850341675,0.3713613699950801
2023-09-15,0.004591998513150233,4.0614397314215376e-05,0.0,1.0,1.0,0.3785832973378336,0.360395116380246
2023-09-18,0.009015610043361424,9.86102998909583e-05,1.0,3.0,0.0,0.3961389233520049,0.3870500838527684
2023-09-19,0.004653810215185476,4.237612407495088e-05,0.0,3.0,0.0,0.3982494277376114,0.37667600057306455
2023-09-20,0.009678409843890316,0.00011977906978495397,1.0,1.0,0.0,0.39387171801668736,0.391818375290661
2023-09-21,0.010992996221446,0.00016901972311543842,1.0,6.0,0.0,0.41025153591421093,0.426026517552358
2023-09-22,0.0034339544651584256,2.2115243390289535e-05,0.0,0.0,0.0,0.41298046978080477,0.41390898019139
2023-09-25,0.007732816594814121,8.631009192236893e-05,0.0,2.0,0.0,0.41968306738624644,0.42727724093475844
2023-09-26,0.006155320142624332,5.533816831903636e-05,0.0,1.0,0.0,0.4192042729015824,0.4217943447627316
2023-09-27,0.005180909468111251,4.7177850627089795e-05,0.0,0.0,0.0,0.42012852687451213,0.41883239297171265
2023-09-28,0.005787562869392825,4.798690592404368e-05,1.0,0.0,1.0,0.3830572157341258,0.43394295345913547
2023-09-29,0.0058749902213183275,5.3508070688782895e-05,0.0,1.0,0.0,0.3852649957492437,0.43363746417201476
2023-10-02,0.010358539098786286,0.00013096339915102145,0.0,4.0,0.0,0.3978108370910238,0.45560065850892667
2023-10-03,0.011035360198600921,0.0001936686211351363,1.0,3.0,0.0,0.40316981819668973,0.46608169347642137
2023-10-04,0.005151161915002399,4.655870930516032e-05,2.0,2.0,0.0,0.38153774035518423,0.4673773973002551
2023-10-05,0.004708305542366968,3.267236299044669e-05,0.0,0.0,0.0,0.3803757442859219,0.4719859056973427
2023-10-06,0.0066871647577825795,6.0740725948248696e-05,0.0,0.0,0.0,0.37942778203032035,0.46716873323251024
2023-10-09,0.009136003224142635,0.00013762471279034512,3.0,2.0,1.0,0.3824563081057819,0.42880901701972785
2023-10-10,0.020219640238731865,0.00048624816425834027,14.0,0.0,15.0,0.4218395960681706,0.4926816536799997
2023-10-11,0.004243972680006536,3.315677753470766e-05,0.0,0.0,0.0,0.42168013633245666,0.4941724076164131
2023-10-12,0.004327161144836111,3.098557722455289e-05,0.0,1.0,0.0,0.4195616774713873,0.49294245149385757
2023-10-13,0.008210262380200003,9.301104063057187e-05,0.0,3.0,0.0,0.4208910342652092,0.49687492061910665
2023-10-16,0.007324712804527581,0.00024310517437675782,1.0,0.0,1.0,0.4161275250086275,0.4895230396109805
2023-10-17,0.00487899080013363,4.3120371890564785e-05,0.0,0.0,0.0,0.4147321430168559,0.4861619904177953
2023-10-18,0.008415397621437346,9.088881914921347e-05,0.0,1.0,0.0,0.4168717692979107,0.4916267914991841
2023-10-19,0.009395362088511942,0.00013698710685524466,2.0,4.0,0.0,0.435741945478326,0.5085280133803416
2023-10-20,0.012889003708084271,0.0001970777132466948,1.0,10.0,0.0,0.4522497439269047,0.5280215548592027
2023-10-23,0.004711455463911946,3.9108905338729026e-05,0.0,1.0,0.0,0.44807955591378645,0.5207296866155279
2023-10-24,0.006161458996538895,6.814083022467993e-05,0.0,0.0,1.0,0.45276443079860934,0.5282726771046644
2023-10-25,0.004689882194487697,4.1816653672880677e-05,0.0,0.0,0.0,0.444138055419511,0.52356745061965
2023-10-26,0.006060724574339768,6.569279797475436e-05,1.0,0.0,1.0,0.44090794588661025,0.4898743161165987
2023-10-27,0.004982918574091453,3.4436169550547546e-05,0.0,0.0,0.0,0.4344162227926741,0.48698035276901475
2023-10-30,0.004640539832784241,3.349728281881175e-05,0.0,0.0,0.0,0.4359076292698334,0.4808721177416897
2023-10-31,0.007340211429778792,7.610469217739984e-05,0.0,0.0,1.0,0.4324749584094444,0.48325347331026075
2023-11-01,0.0045907971941462405,3.68548446041299e-05,0.0,0.0,0.0,0.43446454630990106,0.47576859260543963
2023-11-02,0.014064743897257542,0.0002532595920786989,7.0,0.0,11.0,0.4495840789253852,0.4854327027644816
2023-11-03,0.008254865149210734,0.00011101810756369519,2.0,0.0,3.0,0.4453887227769964,0.4840937030431258
2023-11-06,0.004765245815897697,3.5989873503774985e-05,0.0,0.0,1.0,0.4458927860597129,0.476047267575794
2023-11-07,0.006376033625587141,7.801547870470495e-05,2.0,3.0,0.0,0.44446816432239,0.47903153472678167
2023-11-08,0.0036078111791754074,2.305190114317265e-05,0.0,0.0,0.0,0.4432218017595823,0.4794340464169314
2023-11-09,0.009285615641607424,0.00011742152278667787,1.0,1.0,1.0,0.44813925413771405,0.4745814894918689
2023-11-10,0.0065823058329887415,6.363347668837347e-05,0.0,1.0,0.0,0.4501666264719257,0.47538161941074764
2023-11-13,0.006096827188573447,4.9783881943293143e-05,0.0,0.0,0.0,0.45182204974853113,0.4632477261364306
2023-11-14,0.01498964856112421,0.00035885676470171597,6.0,0.0,9.0,0.4626261903810647,0.474030514425226
2023-11-15,0.004369122472982116,2.6506639117701677e-05,0.0,0.0,0.0,0.46417376761427254,0.4731977290238182
2023-11-16,0.006651182383801556,7.046215461917706e-05,1.0,1.0,0.0,0.46820740016427176,0.48195884354930774
2023-11-17,0.007377058524756096,6.808888726432447e-05,0.0,0.0,1.0,0.4676993855805212,0.4844230164506364
2023-11-20,0.002863476424965153,1.5481956872722438e-05,0.0,0.0,0.0,0.4614389985419846,0.4985158626243159
2023-11-21,0.005753510159470706,4.866451236098132e-05,1.0,1.0,0.0,0.4592064635777453,0.4462237954949479
2023-11-22,0.004334981418817011,3.343366583386827e-05,0.0,0.0,0.0,0.4609610514171275,0.4477177558041729
2023-11-23,0.003900235882159352,2.8406571498766038e-05,1.0,0.0,1.0,0.4602226163500533,0.4482590650725096
2023-11-24,0.0026261843630770443,1.1393265761688715e-05,0.0,0.0,0.0,0.46204344490551535,0.44034375692152067
2023-11-27,0.004739666241854681,3.299483109441025e-05,0.0,1.0,0.0,0.4623790619141169,0.44895121802535853
2023-11-28,0.006619007221798727,7.831085354746948e-05,1.0,1.0,1.0,0.4585964711476138,0.4468268252299549
2023-11-29,0.004928411145083332,3.470687718097906e-05,0.0,0.0,0.0,0.4626768488052437,0.44486605794513356
2023-11-30,0.004569607360184086,2.8604824022819372e-05,0.0,0.0,0.0,0.47130908709747565,0.4216273612591418
2023-12-01,0.007870050473668025,0.00011671709003405458,1.0,0.0,1.0,0.47350923068222045,0.3532909767021051
2023-12-04,0.0038571014909968455,2.4641026549573355e-05,0.0,0.0,0.0,0.4722579089091999,0.35163467302405504
2023-12-05,0.004757860359377992,3.11819550276801e-05,0.0,0.0,0.0,0.47465028944293675,0.3538622886207094
2023-12-06,0.005134209795205601,4.0922907521760905e-05,0.0,0.0,0.0,0.4714439225837337,0.35679789331099643
2023-12-07,0.003510812338898296,2.7499169379354647e-05,0.0,0.0,0.0,0.45662059499791374,0.3639117316511955
2023-12-08,0.006506818850260481,5.625001915165119e-05,0.0,0.0,1.0,0.4605794749718046,0.3711971793208891
2023-12-11,0.0036998766573532386,2.3870875310415543e-05,0.0,0.0,0.0,0.4497656501032173,0.370962080384913
2023-12-12,0.004698245984308043,3.4576799950866516e-05,0.0,0.0,0.0,0.45020735773825094,0.3745026063302092
2023-12-13,0.002991509113264413,1.4233839754223604e-05,0.0,0.0,0.0,0.4500358047380714,0.37667479027435674
2023-12-14,0.010914975833083878,0.00018870920388275287,5.0,1.0,6.0,0.43521490957822484,0.327015016086432
2023-12-15,0.005013483789222606,3.3923178968752904e-05,0.0,0.0,0.0,0.4334479840218005,0.32533919233829567
2023-12-18,0.004604954000799136,2.722904213286871e-05,0.0,0.0,0.0,0.42665204834291953,0.33090088096691106
2023-12-19,0.005358047273779192,3.6460059744661394e-05,0.0,0.0,0.0,0.4290294290268815,0.32442777632948516
2023-12-20,0.004738026412128919,5.5058692891202185e-05,1.0,1.0,1.0,0.4239043857883233,0.31576787038858317
2023-12-21,0.00412148328395229,2.938014602897341e-05,1.0,1.0,0.0,0.4289211232719429,0.3484608058588228
2023-12-22,0.0038903424096907607,3.0895219586928733e-05,0.0,0.0,1.0,0.42648870781647025,0.3225661833234831
2023-12-25,0.0,0.0,0.0,0.0,0.0,0.4165262219519232,0.32564782454538677
2023-12-26,0.0,0.0,0.0,0.0,0.0,0.40714329544096056,0.26339160373074516
2023-12-27,0.0034095245815542142,2.3971728820104302e-05,0.0,0.0,0.0,0.4056726559549291,0.26699171740508354
2023-12-28,0.003306257728214041,1.660578742849572e-05,0.0,0.0,0.0,0.40938864978131045,0.2555117128806618
2023-12-29,0.004316022130120541,6.360045049656909e-05,1.0,0.0,2.0,0.4130753059359924,0.25174774854246124
2024-01-01,0.0,0.0,0.0,0.0,0.0,0.41934898730733305,0.256798892470422
2024-01-02,0.004530599906118856,3.432446531136332e-05,0.0,0.0,0.0,0.37156175828029026,0.22436787348287843
2024-01-03,0.009231979982454157,0.0001120318245269508,1.0,5.0,0.0,0.38705380536492484,0.2878640685412078
2024-01-04,0.007448921715391524,7.220390818549014e-05,0.0,0.0,2.0,0.39430143698632875,0.305079422347791
2024-01-05,0.003942727781434984,2.5770918767338765e-05,0.0,0.0,0.0,0.38525839507758985,0.30366923522620165
2024-01-08,0.005897981818561043,5.439331502476062e-05,0.0,2.0,0.0,0.3878187536937129,0.2930125564745428
2024-01-09,0.0056978865633708735,5.003499399122971e-05,1.0,1.0,2.0,0.384781407661582,0.29257938488663676
2024-01-10,0.005235673458794996,5.3403491839299916e-05,0.0,2.0,0.0,0.3813145201703184,0.296557143124225
2024-01-11,0.005950911327862313,4.367731428740353e-05,0.0,0.0,0.0,0.3649797501269906,0.2972506524122685
2024-01-12,0.006711073061191055,5.901191328019255e-05,0.0,1.0,0.0,0.3258780244766014,0.2878015305561087
2024-01-15,0.005307147069865512,4.037222500128771e-05,0.0,0.0,0.0,0.32983097374580966,0.2941524240086293
2024-01-16,0.005224041908181276,4.6995717952320153e-05,0.0,1.0,0.0,0.3346773228388742,0.3050396235339222
2024-01-17,0.010377812540867606,0.00014063132332653986,2.0,6.0,0.0,0.3594818174111637,0.35163079736917413
2024-01-18,0.007542652339093465,0.00011820161539728581,1.0,1.0,1.0,0.3593268646771891,0.34728078603714774
2024-01-19,0.004415022416221463,3.51182373683368e-05,0.0,0.0,1.0,0.3592012921876933,0.3346811850995878
2024-01-22,0.005632488523534584,4.456154495742666e-05,0.0,0.0,0.0,0.35574385062890834,0.3341924646071761
2024-01-23,0.004816015664314595,4.155134703127004e-05,1.0,2.0,0.0,0.357879220709521,0.331577213755252
2024-01-24,0.008191627160047088,9.491999410412419e-05,1.0,0.0,2.0,0.3634712546322253,0.3452643765574833
2024-01-25,0.004256533897911801,2.835532687463483e-05,0.0,0.0,0.0,0.3367179977994057,0.3278309196270081
2024-01-26,0.006961877425187402,7.129854691731491e-05,1.0,0.0,2.0,0.33356370007524927,0.33079368106977997
2024-01-29,0.00395238431162351,2.9231104384520598e-05,0.0,1.0,0.0,0.33746239450899035,0.33688549783039884
2024-01-30,0.005069139573732036,4.727861805207777e-05,1.0,0.0,2.0,0.332558833593021,0.32946709282888237
2024-01-31,0.005945276355239156,5.937632623833648e-05,0.0,0.0,0.0,0.3303186776016346,0.33301556062699517
2024-02-01,0.005995740442853834,5.856146395753346e-05,1.0,0.0,1.0,0.3322968311034966,0.3191668593753851
2024-02-02,0.003295614608656344,3.196489207046944e-05,0.0,0.0,0.0,0.322901554520999,0.32227740765567137
2024-02-05,0.005457648911900037,4.5510158955710055e-05,0.0,0.0,0.0,0.32116150604095567,0.31809562986899137
2024-02-06,0.0044727176903771124,2.9812073608258305e-05,0.0,0.0,0.0,0.29120673792691865,0.3173469583357152
2024-02-07,0.006865388144100642,7.160579483629502e-05,1.0,1.0,0.0,0.29206818078279373,0.3135861182479296
2024-02-08,0.006666935481237424,7.619658529537449e-05,1.0,2.0,1.0,0.27839921825581565,0.3003786221195842
2024-02-09,0.0035316664271537513,1.8151295508966214e-05,0.0,0.0,0.0,0.27527172515927334,0.2995230172247327
2024-02-12,0.005880898424832824,4.7759319680013426e-05,0.0,0.0,0.0,0.2771795216073974,0.3005905638753551
2024-02-13,0.007912729120385167,7.980560361962291e-05,0.0,1.0,0.0,0.2853829040979404,0.3260593200694779
2024-02-14,0.005490799329045007,5.462362740566135e-05,0.0,0.0,0.0,0.2855120436146093,0.29709940456291656
2024-02-15,0.005541008484182872,4.1096622052958156e-05,0.0,0.0,0.0,0.2851314868373429,0.2810389148467842
2024-02-16,0.0063709840043817524,6.399337784642522e-05,1.0,0.0,3.0,0.2872323101883915,0.2887447168300178
2024-02-19,0.003907990332302222,2.4986441710602422e-05,0.0,0.0,0.0,0.28464055550631917,0.29198286348161057
2024-02-20,0.003344452688907508,2.483732622996651e-05,0.0,0.0,0.0,0.28756523155964214,0.2955709736473815
2024-02-21,0.004537665871000129,2.9057919488607995e-05,0.0,0.0,0.0,0.28886055840362024,0.2941267684417965
2024-02-22,0.007049109096187594,7.061943490323618e-05,0.0,0.0,2.0,0.28774863116575505,0.3005705993926902
2024-02-23,0.0054258989490596375,4.8236774417104774e-05,1.0,0.0,1.0,0.28016759275018793,0.2963766412139959
2024-02-26,0.004201178876857027,4.349114523655735e-05,0.0,1.0,0.0,0.284001977196618,0.29947945616421784
2024-02-27,0.004560624903379805,3.3561669490678186e-05,0.0,1.0,0.0,0.2805709961346853,0.2830690513627749
2024-02-28,0.004668629751411392,4.3796096607218216e-05,0.0,2.0,0.0,0.28069064071126637,0.22741239521215204
2024-02-29,0.004904677168455656,4.259932175535647e-05,1.0,1.0,0.0,0.28010001284934843,0.22735478959736663
2024-03-01,0.00598688871540667,4.582438654658741e-05,0.0,0.0,1.0,0.28161911127077816,0.24581817880366
2024-03-04,0.0038044033984863815,2.141914291419601e-05,0.0,0.0,0.0,0.2820547130294199,0.24756899130897642
2024-03-05,0.004625490540143308,3.286094168146617e-05,0.0,0.0,0.0,0.28034362696348525,0.2406168630291938
2024-03-06,0.004878626817040046,3.448246785953472e-05,0.0,0.0,0.0,0.2832256708340392,0.222668211956651
2024-03-07,0.005395107503497931,5.328443666401801e-05,0.0,1.0,1.0,0.2743130769731484,0.22085021509174538
2024-03-08,0.0035162732137890124,1.9079283464483834e-05,0.0,0.0,0.0,0.275344138443718,0.21634476630059404
2024-03-11,0.0061678613676228525,7.137681428148755e-05,2.0,2.0,1.0,0.27597240930917033,0.2169352835540365
2024-03-12,0.008685263626565836,0.00010341100866009033,0.0,0.0,4.0,0.278351071295594,0.22594246322365785
2024-03-13,0.005816078486922677,5.508524572690521e-05,1.0,1.0,1.0,0.27924297887308724,0.22113979303263814
2024-03-14,0.004297624451215772,2.956714391215923e-05,0.0,0.0,0.0,0.27472253509679967,0.23037042979718067
2024-03-15,0.005280764772092576,7.885489503382326e-05,1.0,1.0,1.0,0.27356830239449875,0.22504533205419824
2024-03-18,0.0034317593662862578,2.2011865160800175e-05,0.0,1.0,0.0,0.2707254226968001,0.21786610001116424
2024-03-19,0.006723156233863027,5.733664054673075e-05,0.0,1.0,0.0,0.2676142129343162,0.21375766293154896
2024-03-20,0.0030789603642206466,1.753177564254222e-05,0.0,0.0,0.0,0.2668906523525087,0.2076244792238244
2024-03-21,0.00966660359787235,0.0001661149327300205,5.0,0.0,5.0,0.27120836139275223,0.23239364221737596
2024-03-22,0.005988941087795668,5.321424887162564e-05,0.0,0.0,0.0,0.26809774351120197,0.22794121907433587
2024-03-25,0.0031839313758420702,2.412807930889195e-05,0.0,0.0,0.0,0.26737678545084126,0.22566635416936648
2024-03-26,0.003818487087312957,3.318374614411944e-05,0.0,0.0,0.0,0.26947354334392365,0.178437811970489
2024-03-27,0.003588284264073129,2.2034569801271727e-05,0.0,0.0,0.0,0.24592270108588435,0.1752036639900442
2024-03-28,0.004638687856300587,4.2943193477627425e-05,0.0,0.0,0.0,0.2362756967082998,0.17225290572069504
2024-03-29,0.00029956498980245413,1.7050444791915447e-06,0.0,0.0,0.0,0.23934322793436247,0.1698224941669926
2024-04-01,4.451310043276485e-06,3.76469060926108e-10,0.0,0.0,0.0,0.24319788493670408,0.17428767444923868
2024-04-02,0.0055967383133247155,6.126241340987663e-05,1.0,2.0,1.0,0.24578733293109684,0.1759139581339715
2024-04-03,0.004853604499930634,4.297314032727843e-05,1.0,0.0,2.0,0.24759811593704653,0.18125865325224294
2024-04-04,0.0039867712105157395,3.118383674743435e-05,1.0,1.0,0.0,0.244280180838577,0.17260133801497057
2024-04-05,0.006173590250814034,6.677707177966686e-05,2.0,3.0,0.0,0.2451408311485975,0.19415518217422606
2024-04-08,0.0060906728550611635,5.34455595906152e-05,0.0,0.0,0.0,0.247219316322724,0.19557773504289683
2024-04-09,0.005924648830487331,4.9152726765899496e-05,0.0,1.0,0.0,0.24110492043030846,0.20795392212243302
2024-04-10,0.00416134104853304,3.273351166844059e-05,0.0,0.0,0.0,0.2073327406013662,0.2030010393180622
2024-04-11,0.006591306729877944,6.459900221425952e-05,0.0,2.0,0.0,0.21566337130027405,0.21867804396002327
2024-04-12,0.005216640460721771,4.6679444039523356e-05,1.0,0.0,1.0,0.21482825490320295,0.19534294256872264
2024-04-15,0.004102492334218613,2.8501760107696e-05,0.0,0.0,0.0,0.215784699265283,0.19691831440642737
2024-04-16,0.014246696412685488,0.000250169317688907,7.0,12.0,0.0,0.275111246821614,0.3132105480317703
2024-04-17,0.005067984925140419,4.9043712065288357e-05,0.0,1.0,0.0,0.2641330850896879,0.30410921266661833
2024-04-18,0.006282026325554325,5.579190712801438e-05,0.0,0.0,0.0,0.2677701495415105,0.3125711565354136
2024-04-19,0.0035197385403479566,2.0729594396885415e-05,0.0,1.0,0.0,0.26793717055924543,0.31451176837764555
2024-04-22,0.008767112845755317,0.00015717673347572485,3.0,0.0,4.0,0.2735107017365022,0.3316741929526208
2024-04-23,0.009299987871938933,0.00011941117053751372,3.0,0.0,5.0,0.2773771060806212,0.3281825052764183
2024-04-24,0.0043700030943509246,3.4626308886075074e-05,1.0,0.0,1.0,0.27881202148680756,0.33653143645924355
2024-04-25,0.006913748873862751,6.754652407483314e-05,1.0,2.0,0.0,0.2847799571918868,0.33824550560585603
2024-04-26,0.009029086449411373,0.00010535015941451513,2.0,0.0,5.0,0.2943198977058195,0.36011168472017135
2024-04-29,0.004777363798378366,3.547338610735439e-05,0.0,0.0,0.0,0.29214452125435053,0.36014701890219014
2024-04-30,0.006756928233567035,8.425526477145908e-05,1.0,3.0,0.0,0.2973957298615384,0.37561579567668874
2024-05-01,0.00014813528833503958,4.16937209352001e-07,0.0,0.0,0.0,0.29933683620506946,0.37846609361491185
2024-05-02,0.004875937142904749,4.121599552183485e-05,0.0,0.0,0.0,0.30181555264831256,0.36247646507611125
2024-05-03,0.0032612752964746392,2.0108683184985775e-05,0.0,0.0,0.0,0.3025240004663278,0.3700632279643979
2024-05-06,0.006473053937121165,9.463569824163381e-05,2.0,0.0,3.0,0.30256974850428614,0.3759257903274491
2024-05-07,0.007812784218539042,8.697254327861057e-05,1.0,0.0,5.0,0.2928596699831204,0.3805962382802035
2024-05-08,0.004483934846484286,3.131829766705136e-05,0.0,0.0,0.0,0.2906120291751818,0.37787374354858894
2024-05-09,0.00613145505438101,6.773324095453574e-05,2.0,1.0,1.0,0.2870485152804275,0.3696213254564406
2024-05-10,0.007862554013836795,8.710696643735674e-05,0.0,1.0,4.0,0.2873507814004395,0.3699207059424887
2024-05-13,0.0034402281238074743,2.1501850175993922e-05,0.0,0.0,0.0,0.28855133282761436,0.36563528430645603
2024-05-14,0.004486399765431041,3.289912743598407e-05,1.0,0.0,1.0,0.2891300660023214,0.36839867517802694
2024-05-15,0.005283341685338359,4.707028557090079e-05,0.0,0.0,2.0,0.288015560235691,0.36339697282350625
2024-05-16,0.0038080769735383954,2.0616265375999625e-05,0.0,0.0,0.0,0.28546405946456543,0.3646528870769075
2024-05-17,0.0037280211915971207,2.759065511701752e-05,0.0,1.0,1.0,0.28703030432877036,0.3557001985361035
2024-05-20,0.004305495985050952,3.73927214538518e-05,1.0,1.0,0.0,0.2822327822133063,0.34625435373034763
2024-05-21,0.003548088690766405,2.1121324682580538e-05,0.0,0.0,0.0,0.28560210620684956,0.3425403990859259
2024-05-22,0.004052294892876296,2.555015851046988e-05,0.0,0.0,0.0,0.28574677857286657,0.34626095638439147
2024-05-23,0.003073489911532428,1.427813635854578e-05,0.0,0.0,0.0,0.28637364289733935,0.3355235965129082
2024-05-24,0.003551939795897618,2.358481867597242e-05,0.0,0.0,1.0,0.2773620057731486,0.34040091755401386
2024-05-27,0.004554693480044295,3.386537538077204e-05,0.0,0.0,1.0,0.276991149106131,0.3393901195009553
2024-05-28,0.005323379810264106,4.54378530888015e-05,1.0,1.0,0.0,0.28223653712270486,0.228393042811657
2024-05-29,0.011078362504428105,0.00015013394136308866,4.0,8.0,0.0,0.31297007838843893,0.3124922501487498
2024-05-30,0.004844273538819631,4.29130236116474e-05,1.0,1.0,1.0,0.3131642223598107,0.3077513418746367
2024-05-31,0.003584901170518871,2.047223458179171e-05,0.0,0.0,0.0,0.31448326527453585,0.3062962554459058
2024-06-03,0.0048058977176712245,5.083302012249467e-05,1.0,0.0,1.0,0.3189435059280712,0.306264590815997
2024-06-04,0.009818446302109946,0.00013722466417101793,4.0,5.0,0.0,0.3299168632110882,0.3363852216686599
2024-06-05,0.005996967582052417,5.760550770512329e-05,1.0,0.0,1.0,0.3308284480182602,0.3312868790393145
2024-06-06,0.005706919096409448,4.70986155049812e-05,1.0,0.0,1.0,0.3349674638289995,0.34150112969962654
2024-06-07,0.004422411280256421,3.1164999706811537e-05,0.0,0.0,0.0,0.34263597220096603,0.32621438065693775
2024-06-10,0.004595381595559722,3.5916341219175656e-05,0.0,2.0,0.0,0.3486257734377892,0.33858676403906884
2024-06-11,0.008931682435909513,0.00010072994439481318,2.0,4.0,0.0,0.3612518122808489,0.3526987034753153
2024-06-12,0.009009613532752753,0.00010370985627717687,2.0,0.0,5.0,0.369893022029951,0.37063592984000027
2024-06-13,0.011310594819745765,0.0001634502751107202,6.0,6.0,0.0,0.3833073724260669,0.4156042261811079
2024-06-14,0.01101879557105621,0.0001902590382328259,5.0,8.0,0.0,0.397694640664431,0.43071219480368056
2024-06-17,0.004489781856460685,4.0804096598353256e-05,0.0,0.0,0.0,0.39699087692015705,0.42541943046882374
2024-06-18,0.006375962891031431,5.2682271621738646e-05,0.0,0.0,0.0,0.4003665755573284,0.427867304227276
2024-06-19,0.004210113118619805,2.7691698436697694e-05,0.0,0.0,0.0,0.39923347704077844,0.4289039152330944
2024-06-20,0.007800671982552369,7.493913973482242e-05,0.0,0.0,2.0,0.40605717564796134,0.45179349893576093
2024-06-21,0.005601796271123835,5.09897389193292e-05,0.0,0.0,0.0,0.40470747984136374,0.45422331689717144
2024-06-24,0.007048353770276303,8.778232134469083e-05,1.0,1.0,2.0,0.4014590818079254,0.45320110586694445
2024-06-25,0.004269126681258135,2.788013157988062e-05,0.0,1.0,0.0,0.4040514076512928,0.4457536886010733
2024-06-26,0.00504677450466715,3.587794608261612e-05,0.0,0.0,0.0,0.4047689886355872,0.45395933932694543
2024-06-27,0.005100072678933689,3.772099635820555e-05,0.0,1.0,0.0,0.4043083021201242,0.45232538107986686
2024-06-28,0.00426681743372244,2.632125361348241e-05,0.0,0.0,0.0,0.4025811329840361,0.45097351162259497
2024-07-01,0.006880303268945684,7.816885976365185e-05,2.0,0.0,5.0,0.3979749341643524,0.4429316111227403
2024-07-02,0.005370610895678468,4.2814601129811544e-05,0.0,2.0,0.0,0.39853043378303926,0.4404109317021195
2024-07-03,0.006820812562136396,6.434400342901389e-05,0.0,0.0,3.0,0.4015187765414827,0.44789256015584705
2024-07-04,0.005151654686363191,3.3983212707192134e-05,0.0,0.0,0.0,0.4048161863739368,0.46110104151372266
2024-07-05,0.0036922085587730406,2.303054398028939e-05,0.0,0.0,0.0,0.41060428222493167,0.4599754834561102
2024-07-08,0.004466817418965684,4.0001059625448275e-05,0.0,1.0,1.0,0.4097264091694004,0.45420826394500224
2024-07-09,0.006248407634585428,6.307503168236986e-05,2.0,4.0,0.0,0.37022424336737475,0.44828807087148537
2024-07-10,0.007564898932077381,6.967056631367022e-05,0.0,0.0,1.0,0.37498753276413677,0.42144304437430585
2024-07-11,0.0063212769184740085,5.2237778804189495e-05,0.0,0.0,0.0,0.3767088351956822,0.4295669723824866
2024-07-12,0.007555802336820773,8.602833892113317e-05,2.0,0.0,5.0,0.3875397981558689,0.4505581669037002
2024-07-15,0.007791479003564028,8.453045690296309e-05,1.0,2.0,0.0,0.388603134446814,0.4486091605102553
2024-07-16,0.005192342979756354,7.910438856192113e-05,1.0,1.0,0.0,0.38919950825465005,0.4356632112132821
2024-07-17,0.004361732186527362,3.885917821919355e-05,1.0,1.0,0.0,0.38565983155442607,0.4338966437658322
2024-07-18,0.004111547705176253,3.1527521229908096e-05,0.0,0.0,0.0,0.3899236825678837,0.4319507768459461
2024-07-19,0.005774151885628943,4.278622978468575e-05,0.0,1.0,0.0,0.38419473465529064,0.43413706232963006
2024-07-22,0.008950668050051432,0.00013358799815144359,1.0,1.0,4.0,0.3766348463569638,0.41184490738368823
2024-07-23,0.0037189104831575628,2.7101161526633266e-05,0.0,0.0,0.0,0.37345695254524935,0.39538220803402324
2024-07-24,0.005776650439845613,4.731071737492333e-05,0.0,1.0,0.0,0.3720369958534758,0.38195272242738576
2024-07-25,0.008096630131686816,0.00011934267043057004,3.0,3.0,0.0,0.37034745137402625,0.3428458515661175
2024-07-26,0.006241107380727911,5.508679260614191e-05,0.0,0.0,4.0,0.3738220921335905,0.3197274954182761
2024-07-29,0.004362666754425379,2.7584323156426266e-05,0.0,0.0,1.0,0.3709136725011735,0.3186657176633262
2024-07-30,0.005486285986415973,4.3539398976154555e-05,0.0,0.0,1.0,0.3644963143409942,0.30497444816326114
2024-07-31,0.007333894038414937,7.5739328960907e-05,1.0,1.0,3.0,0.36598270919225034,0.3045558617496545
2024-08-01,0.012095698023225175,0.00021640386465815085,8.0,10.0,0.0,0.38687024081673155,0.3379044545966524
2024-08-02,0.019700580166386178,0.0004720962485234826,14.0,15.0,0.0,0.43038056405560093,0.428238455715379
2024-08-05,0.026450140672235653,0.000865941472900604,17.0,17.0,0.0,0.5071035503936234,0.5425362947802351
2024-08-06,0.00655003157098234,8.36228399102709e-05,2.0,1.0,2.0,0.4982684118142793,0.5320377709108846
2024-08-07,0.016302636291499834,0.00032101745111278975,13.0,0.0,14.0,0.5155080242817435,0.5533423025375193
2024-08-08,0.0036184246938682526,2.0006019070154924e-05,0.0,0.0,0.0,0.5162604409570791,0.5562547877084819
2024-08-09,0.004210300733622684,3.092591426050659e-05,0.0,0.0,1.0,0.5172751741299323,0.5592604695146315
2024-08-12,0.00573677854229026,9.418262000366806e-05,1.0,0.0,1.0,0.5179763946283917,0.5600436255336457
2024-08-13,0.003957375509602126,2.074011858809759e-05,0.0,0.0,0.0,0.5185018608396162,0.5617524116726546
2024-08-14,0.0049941003378339375,3.5877683288138597e-05,0.0,0.0,0.0,0.5186600322342448,0.5586624995386539
2024-08-15,0.006753067415474487,8.50720376945085e-05,2.0,0.0,4.0,0.5174176562962519,0.5516393782752403
2024-08-16,0.006081155887561762,0.00010308871443954543,2.0,0.0,2.0,0.5164039306424727,0.5466715674932127
2024-08-19,0.005404907501389953,4.2752645411517674e-05,0.0,0.0,1.0,0.519595425611067,0.5544193638207997
2024-08-20,0.006245470128349464,5.4264983903571126e-05,0.0,2.0,0.0,0.5194731755542996,0.5567258285971947
2024-08-21,0.004406490262401509,2.690727208389508e-05,0.0,0.0,0.0,0.5100613565160048,0.5559885180636838
2024-08-22,0.002162144433831804,7.376551992061466e-06,0.0,0.0,0.0,0.514329301798538,0.5559247621950069
2024-08-23,0.005614506020894224,4.318903098479143e-05,0.0,0.0,0.0,0.5133943223456462,0.5460955898184691
2024-08-26,0.0032139582444107133,1.5492157465047264e-05,0.0,0.0,0.0,0.513938105102041,0.5511768540884484
2024-08-27,0.003324714485507541,1.5903861315051308e-05,0.0,1.0,0.0,0.5115730286411204,0.5534375165282239
2024-08-28,0.002837321568111649,1.2059808925096987e-05,0.0,0.0,0.0,0.5141238863209829,0.5573656474286713
2024-08-29,0.005105000216592717,4.298506570011364e-05,0.0,0.0,2.0,0.5139459838682218,0.5578387336598408
2024-08-30,0.0034925781840925373,1.780225292476996e-05,0.0,0.0,0.0,0.5127379323338386,0.556954739919278
2024-09-02,0.0032959402840252623,2.7402884603783477e-05,0.0,0.0,0.0,0.5116509221629026,0.5757180598957454
2024-09-03,0.00951960449128978,0.00013223072719811582,2.0,4.0,0.0,0.5093455032367913,0.5786403790583059
2024-09-04,0.007109442047220719,6.358152521382492e-05,0.0,3.0,0.0,0.5059115523189825,0.5813301761048525
2024-09-05,0.0051259749346117545,4.113460024686001e-05,1.0,1.0,0.0,0.4955738293318472,0.5902816323114627
2024-09-06,0.00931315410191954,0.00012774065174229448,3.0,6.0,0.0,0.499205763863761,0.5959091495150228
2024-09-09,0.007886310230230991,7.345083912084344e-05,0.0,0.0,2.0,0.5014504564196189,0.600390732578919
2024-09-10,0.006172156197013881,5.1285846077545076e-05,0.0,0.0,0.0,0.500662494625565,0.6044852352614833
2024-09-11,0.005718852671859231,6.594484762340453e-05,0.0,1.0,1.0,0.4992422529387789,0.6021610023865215
2024-09-12,0.006286346722739317,5.245945124647025e-05,0.0,0.0,0.0,0.49695653365071185,0.6052577931518376
2024-09-13,0.0072097714576012835,6.641939517166479e-05,0.0,0.0,0.0,0.5013971691418698,0.5787067708826532
2024-09-16,0.004065461731694186,4.896424517523866e-05,1.0,1.0,0.0,0.5016395415472747,0.4251501611221553
2024-09-17,0.005937109936984544,6.180611174226751e-05,1.0,0.0,1.0,0.5008763818734661,0.42945454934539834
2024-09-18,0.004046499387893664,2.5438701193541452e-05,0.0,0.0,0.0,0.5026127760297157,0.37289569643828896
2024-09-19,0.010145329176357097,0.00014255963914285735,5.0,0.0,7.0,0.5080309355284939,0.3901100385700142
2024-09-20,0.0073626792197505455,8.807544878590765e-05,3.0,6.0,0.0,0.5137406405546966,0.4090883960493252
2024-09-23,0.0041243534173471,2.5340441687254484e-05,0.0,0.0,0.0,0.5149103828946021,0.4094130101930253
2024-09-24,0.005864897209033347,5.9571445259023895e-05,0.0,0.0,3.0,0.5166031070971497,0.41172525492268636
2024-09-25,0.004406026763918453,2.7047500696702426e-05,0.0,0.0,0.0,0.5136838208447642,0.41060778149859
2024-09-26,0.00925392440710566,0.0001215464914009137,3.0,0.0,6.0,0.5079578254382445,0.40990698260790454
2024-09-27,0.006132657922707732,5.338793493430723e-05,0.0,0.0,1.0,0.505899043854123,0.4098284901309712
2024-09-30,0.009106709202077802,0.0001367016197308465,4.0,6.0,0.0,0.5103783419378904,0.4089573141138462
2024-10-01,0.007114586198815519,8.589802353900851e-05,2.0,2.0,0.0,0.5085378065157479,0.39852340768418665
2024-10-02,0.005215801093934515,4.784440176629906e-05,1.0,2.0,1.0,0.5036910516015795,0.3896220231866177
2024-10-03,0.007174539425376334,7.314776812842816e-05,0.0,1.0,0.0,0.5050837074824036,0.3966707998138411
2024-10-04,0.005766101350238105,4.983733076563218e-05,0.0,0.0,0.0,0.5003314278194473,0.40335175245697436
2024-10-07,0.004230773211751996,3.1660251630756615e-05,1.0,0.0,1.0,0.5005411305540705,0.3990588906575434
2024-10-08,0.005863133359136516,5.26168980605021e-05,2.0,2.0,0.0,0.49972021301432634,0.39504956002989655
2024-10-09,0.0059113514217372185,5.0756432264364954e-05,0.0,0.0,0.0,0.5030022462960156,0.3975395472358168
2024-10-10,0.004738817612254172,3.095432190506154e-05,0.0,0.0,1.0,0.5008016452804611,0.38917557361687144
2024-10-11,0.005318471501889489,3.659452774911974e-05,0.0,0.0,0.0,0.5023475835095011,0.39570363895729
2024-10-14,0.00546867307059094,3.841423115282975e-05,0.0,0.0,1.0,0.5095634827745171,0.3927102195937706
2024-10-15,0.005773292683645465,6.222365806564927e-05,1.0,1.0,0.0,0.5068846147784555,0.37733760059315774
2024-10-16,0.0049838028977846035,3.350652976017338e-05,0.0,0.0,1.0,0.5066034117928659,0.36701199750774366
2024-10-17,0.007535653090527984,8.376177894977335e-05,0.0,2.0,2.0,0.5066498352538551,0.3589208489821037
2024-10-18,0.004276636482336396,2.3883946108717966e-05,0.0,0.0,0.0,0.5041725887686231,0.3309518557581397
2024-10-21,0.006358670266242618,4.875575174781553e-05,1.0,1.0,0.0,0.5079225075270565,0.3408850654742316
2024-10-22,0.005075229126489289,5.318925312523229e-05,2.0,2.0,0.0,0.5091567363801385,0.33348574356027955
2024-10-23,0.003978433197271822,2.0750128705802373e-05,0.0,0.0,0.0,0.5104911278314316,0.33786469587325335
2024-10-24,0.0022972543152717825,9.139769667192884e-06,0.0,0.0,0.0,0.5062069540736379,0.33411214026974756
2024-10-25,0.004056543947133652,2.723321600665587e-05,0.0,0.0,1.0,0.47593408686594185,0.31762724725886643
2024-10-28,0.005411588519990386,4.016232404595549e-05,0.0,0.0,0.0,0.36774237154361566,0.3132358063219517
2024-10-29,0.006110917132678142,5.4646477150343635e-05,0.0,0.0,0.0,0.3729469085108372,0.3119375625428599
2024-10-30,0.0100261191036542,0.0001264030604152917,2.0,8.0,0.0,0.3416086589035127,0.3169245291939831
2024-10-31,0.006981927673510462,6.880310670711463e-05,1.0,1.0,2.0,0.3400883854108526,0.287925585500265
2024-11-01,0.007373387665637759,8.830632481050936e-05,1.0,0.0,3.0,0.34805415940478196,0.29275226940908083
2024-11-04,0.005567455987567337,6.080004394912356e-05,2.0,2.0,1.0,0.3448737753416833,0.28889628788948074
2024-11-05,0.005006648050042338,3.476208768222934e-05,0.0,0.0,0.0,0.3436148758789119,0.2823639292508423
2024-11-06,0.012138757048869318,0.00025261172256439804,4.0,6.0,2.0,0.33138061069408303,0.26862954522282
2024-11-07,0.007323497733284475,0.00010268032513270426,3.0,0.0,4.0,0.33332694137450525,0.27258598386312827
2024-11-08,0.005165420703926858,3.452671543662397e-05,0.0,0.0,0.0,0.33322662061052694,0.2674177353512084
2024-11-11,0.006870290420226314,6.251658024486943e-05,0.0,0.0,2.0,0.33404382254038095,0.27253841092847925
2024-11-12,0.014309268973390367,0.0002708270082080291,10.0,12.0,0.0,0.3361748866143106,0.29246933642357265
2024-11-13,0.004115052242693373,2.863630917841281e-05,0.0,0.0,0.0,0.33385683610418365,0.29524294990406896
2024-11-14,0.009977483778793851,0.00013178208494085363,3.0,0.0,7.0,0.34212655910060374,0.3030321385865595
2024-11-15,0.008180082763812897,0.0001166210089899279,3.0,4.0,1.0,0.3356295720511942,0.28404454382255534
2024-11-18,0.005183157328965804,4.902516563179849e-05,1.0,1.0,1.0,0.3320726043111693,0.2796801213296866
2024-11-19,0.010240068639842725,0.00015601794342369224,5.0,6.0,0.0,0.34585564603588886,0.30950328492058143
2024-11-20,0.004527282577967266,3.629881390773865e-05,0.0,0.0,3.0,0.34642651541840097,0.3073118105862781
2024-11-21,0.005418141395101597,4.662387692065946e-05,0.0,0.0,1.0,0.34718591941034543,0.31406362735626725
2024-11-22,0.007066237177503993,7.078175218579366e-05,3.0,1.0,3.0,0.3452283679688492,0.3039725363897127
2024-11-25,0.0030877878484003468,1.4348729514253758e-05,0.0,0.0,0.0,0.345904728436911,0.3046627700757258
2024-11-26,0.006383168058165984,5.640604268645606e-05,1.0,2.0,0.0,0.34053275822172724,0.31061189106891596
2024-11-27,0.004627035192397693,3.801956455006707e-05,0.0,2.0,0.0,0.3342021655586878,0.30623209984740807
2024-11-28,0.004746826729230769,3.910823086317214e-05,1.0,1.0,0.0,0.33408497394171766,0.3111004454468976
2024-11-29,0.004976269054939355,4.5464959718703634e-05,1.0,1.0,0.0,0.31978015644727537,0.3082196838291351
2024-12-02,0.007022185215930256,0.00010427040339238036,3.0,0.0,3.0,0.3191060024044178,0.30621323374999665
2024-12-03,0.006336416839129976,6.736669101927146e-05,1.0,1.0,0.0,0.3126543132678829,0.30133239108454124
2024-12-04,0.006473895439436153,6.845365077929976e-05,2.0,1.0,2.0,0.3137405120176433,0.30293077263265483
2024-12-05,0.006540561134120762,7.001555813523005e-05,0.0,0.0,3.0,0.312743489494445,0.3059086327980657
2024-12-06,0.006146727366930636,9.214404197762121e-05,2.0,1.0,2.0,0.30253542805830397,0.3006073181564853
2024-12-09,0.0049012897583671335,4.382238993359068e-05,1.0,0.0,1.0,0.302605358872933,0.3063902325562469
2024-12-10,0.004819720424865986,3.307407814292936e-05,0.0,1.0,0.0,0.3013788627471572,0.30094044509525697
2024-12-11,0.004251110482560976,3.6120733560730375e-05,0.0,1.0,1.0,0.2972860805272776,0.290208063794318
2024-12-12,0.0028614771518867877,1.3062091397671757e-05,0.0,0.0,0.0,0.28781106148926267,0.29014469977382906
2024-12-13,0.0024547949054240016,1.006818680475515e-05,0.0,0.0,0.0,0.28008499001217135,0.2814504242187444
2024-12-16,0.005907498328957831,4.977542116907274e-05,0.0,1.0,0.0,0.28245479271698504,0.2860518249532788
2024-12-17,0.007252699822856952,9.067506612053297e-05,2.0,2.0,1.0,0.28105716298035194,0.2881112232679193
2024-12-18,0.004349171704986703,4.190025425282373e-05,1.0,1.0,0.0,0.2811948744052532,0.30097066929030214
2024-12-19,0.010672670291059935,0.000158690019043866,5.0,8.0,1.0,0.2860679133105372,0.3120349850156819
2024-12-20,0.004353815848949432,4.129664679385864e-05,2.0,0.0,2.0,0.28543469495667034,0.3153483716532196
2024-12-23,0.0030052960813126083,1.5009173570859432e-05,0.0,0.0,0.0,0.2812267681621426,0.3047164787948468
2024-12-24,0.0014233706823141758,6.022034433099601e-06,0.0,0.0,0.0,0.2846308912831101,0.27789148685850595
2024-12-25,0.0,0.0,0.0,0.0,0.0,0.28738019894860073,0.2792025730774917
2024-12-26,0.0,0.0,0.0,0.0,0.0,0.2824552030677254,0.24970426947062724
2024-12-27,0.005478218383983271,4.982181205041978e-05,1.0,0.0,2.0,0.28044029511807184,0.27274609449529363
2024-12-30,0.003931113994717444,2.8198704372978e-05,0.0,0.0,0.0,0.2813325929715383,0.2791791692093369
2024-12-31,0.0028052790402992344,2.1042507679907522e-05,0.0,0.0,0.0,0.28159870920610347,0.23301240537223739
2025-01-01,0.0,0.0,0.0,0.0,0.0,0.2805480973728449,0.23838090454317526
2025-01-02,0.0074566783445102714,8.948049689351944e-05,2.0,0.0,4.0,0.28675986848123486,0.2456637702876424
2025-01-03,0.005391155488360707,4.927351293732521e-05,2.0,1.0,1.0,0.2817264832931797,0.24313820125024843
2025-01-06,0.006079813985940643,8.14245884486711e-05,3.0,0.0,4.0,0.2815528870107897,0.24137243743848433
2025-01-07,0.0059045465632754715,4.920518768264096e-05,0.0,1.0,3.0,0.2870755914312565,0.23366037899820366
2025-01-08,0.005088212201967757,4.687850924710685e-05,2.0,1.0,1.0,0.28649459768343344,0.23491729763436126
2025-01-09,0.004633201167945101,3.328141198318621e-05,1.0,0.0,1.0,0.2966156400994875,0.24358467646432794
2025-01-10,0.007442839470105483,7.87203731421238e-05,3.0,4.0,1.0,0.2965832528776848,0.25379330226207397
2025-01-13,0.005917629139504922,5.0465196407263234e-05,0.0,0.0,0.0,0.2887132849996868,0.2509870298855674
2025-01-14,0.004190751866964978,2.7202794980579353e-05,0.0,0.0,0.0,0.2900197102762544,0.2598025139087495
2025-01-15,0.010502292349395195,0.0001452373467018784,2.0,0.0,8.0,0.29969503516112905,0.29433159339240184
2025-01-16,0.005149378258607232,5.298131564450281e-05,2.0,0.0,3.0,0.29652051045015715,0.28353127502806713
2025-01-17,0.00891228916605546,9.186014475621815e-05,1.0,0.0,2.0,0.3038343658434711,0.3114989857630586
2025-01-20,0.003851249943815074,2.3468514203521474e-05,0.0,0.0,0.0,0.3078608585694109,0.31293868630321087
2025-01-21,0.004568735348336047,3.557592754837635e-05,0.0,0.0,1.0,0.30475482659262565,0.3103311302065075
2025-01-22,0.0052853381176092284,5.129482120128483e-05,0.0,1.0,0.0,0.29480389239883475,0.30407075210309736
2025-01-23,0.006418218709175764,6.268762384279733e-05,0.0,1.0,2.0,0.29231685621358744,0.2973568377211336
2025-01-24,0.004585487719538291,3.029906174998418e-05,0.0,0.0,0.0,0.285679927925825,0.2901683150866694
2025-01-27,0.003026642646244018,1.4855760994681278e-05,0.0,0.0,0.0,0.28617966954277185,0.28056644514802354
2025-01-28,0.004432299544507669,3.130523437089599e-05,0.0,0.0,0.0,0.28624113165712606,0.2661674349102666
2025-01-29,0.004290890284540111,2.9895030224872397e-05,0.0,0.0,0.0,0.29193038528918475,0.2653505735402515
2025-01-30,0.006910383062520786,6.92729422487545e-05,2.0,0.0,2.0,0.2960836213698114,0.23693598843290817
2025-01-31,0.0028497201395554696,1.4188320749341328e-05,0.0,0.0,0.0,0.2953672078392563,0.2439072267836096
2025-02-03,0.011959278192564055,0.00017259189570379237,3.0,9.0,0.0,0.32701239755039263,0.35319443738899536
2025-02-04,0.005222897022482891,4.5350590945468284e-05,0.0,0.0,2.0,0.3116774893614171,0.3518990463726162
2025-02-05,0.004387085396020629,3.141209260810571e-05,0.0,0.0,0.0,0.3081657024816392,0.3417135324019108
2025-02-06,0.013753077146308638,0.00028176536159038167,4.0,0.0,12.0,0.31159464253241015,0.3564116005135205
2025-02-07,0.005892748636612255,5.0731843352925736e-05,1.0,2.0,0.0,0.32328112351345367,0.3633661827957298
2025-02-10,0.005532063329783919,3.6830210412046576e-05,0.0,0.0,0.0,0.3278940953579511,0.3577453485358274
2025-02-11,0.004493974659561981,3.1481804211128415e-05,0.0,0.0,0.0,0.30521013279170295,0.35887901120720683
2025-02-12,0.006228486651333061,5.597525750395629e-05,1.0,1.0,0.0,0.3053099310406497,0.349868528447271
2025-02-13,0.009623841431832382,0.0001378267200537021,4.0,0.0,8.0,0.3072534327407786,0.3490195722217535
2025-02-14,0.004668821968488735,3.702529026516088e-05,0.0,0.0,1.0,0.3070716217232581,0.3495640108521197
2025-02-17,0.0054433101795599015,4.140822408319234e-05,1.0,1.0,0.0,0.3050995536575044,0.3540036638716039
2025-02-18,0.006218698905206351,9.0150656929768e-05,1.0,0.0,1.0,0.3008495320738385,0.35843652702396833
2025-02-19,0.009700045285133838,0.0001266900961852951,4.0,6.0,0.0,0.304061324533711,0.35555672552713447
2025-02-20,0.0037498291333955343,2.114317337651571e-05,0.0,0.0,0.0,0.30525124202459386,0.3562628635699493
2025-02-21,0.0050005338572049795,7.056045750294647e-05,2.0,1.0,1.0,0.3030355810546982,0.34312406082551306
2025-02-24,0.007406145179691988,9.836381222543343e-05,3.0,3.0,1.0,0.2990041473459625,0.33296190718629604
2025-02-25,0.005236319789328323,3.985681836169794e-05,0.0,0.0,1.0,0.2992653769706455,0.32854905109459154
2025-02-26,0.010794844581244361,0.00016180196472179119,5.0,1.0,5.0,0.3057452478204984,0.32377984547529515
2025-02-27,0.007441476996575182,9.580167724022614e-05,1.0,2.0,0.0,0.3073166244863044,0.33731278596653874
2025-02-28,0.006038766844652923,5.765060681559143e-05,1.0,1.0,0.0,0.3119276505194456,0.33211804911352694
2025-03-03,0.007908029067368257,0.0001142355761320855,3.0,0.0,4.0,0.31279245126298083,0.3313717005563192
2025-03-04,0.022846538038404605,0.0006154888683733801,16.0,18.0,0.0,0.40646064877267735,0.4819854806902107
2025-03-05,0.01780239645115988,0.0004522747202061076,10.0,0.0,14.0,0.4296264826392114,0.5116250685935979
2025-03-06,0.007289393468191416,9.156296966449722e-05,1.0,0.0,1.0,0.4252284335905512,0.5101595059971014
2025-03-07,0.0060186531138525295,6.802254203190416e-05,2.0,1.0,1.0,0.4194575231439138,0.504806062192821
2025-03-10,0.010277757574384358,0.00015819430401155872,4.0,6.0,0.0,0.42761560252185526,0.5154151690774712
2025-03-11,0.011035483637024801,0.00016051182336604977,4.0,7.0,0.0,0.4392251766224656,0.5240535712389471
2025-03-12,0.010139861563898404,0.00015148452864026567,4.0,0.0,7.0,0.43508853519572194,0.5133310460225374
2025-03-13,0.005226772711417868,5.840702135999039e-05,1.0,0.0,2.0,0.43402580689570197,0.5067285338712414
2025-03-14,0.012187263243975524,0.00020186243708677308,2.0,0.0,8.0,0.4445629269884513,0.5156644366553812
2025-03-17,0.007456558428172079,7.482631472547977e-05,0.0,0.0,3.0,0.4487828999437232,0.49598553884207897
2025-03-18,0.006492777298703298,5.7926957090066686e-05,1.0,0.0,2.0,0.44900948869595303,0.4967452895357381
2025-03-19,0.003468341284275639,1.931799574467514e-05,0.0,0.0,0.0,0.44648892645348975,0.4982883164540875
2025-03-20,0.005587349866733382,5.131447521066026e-05,0.0,0.0,0.0,0.44730280929774174,0.49740058896692896
2025-03-21,0.006197022991230857,5.872132235756883e-05,1.0,2.0,0.0,0.44772789684904424,0.496612812221865
2025-03-24,0.0050389555001654615,5.2378448983128114e-05,0.0,0.0,1.0,0.44332609985744714,0.49163422869647644
2025-03-25,0.005901939003829679,4.947588505734169e-05,0.0,0.0,0.0,0.4448567603866111,0.49366769460304566
2025-03-26,0.0069205505827171394,6.287324867096408e-05,0.0,2.0,0.0,0.441230812329517,0.4929455490114158
2025-03-27,0.0038334076741945297,2.2840992837047105e-05,0.0,0.0,0.0,0.44137283154853835,0.49422866359904827
2025-03-28,0.009455909105438545,0.00011568809297794299,1.0,4.0,0.0,0.44587544063799334,0.49525561862653145
2025-03-31,0.015320089734015774,0.0002858550833643977,7.0,11.0,0.0,0.4693241091699717,0.5210205172423188
2025-04-01,0.009969715983031261,0.0001295504739494093,0.0,0.0,3.0,0.47685701571510786,0.529294326632444
2025-04-02,0.004696840701009099,3.327713339017782e-05,0.0,1.0,0.0,0.48007171130736714,0.5374736189821326
2025-04-03,0.02176741934123848,0.000621114826906924,11.0,15.0,0.0,0.5061619576292569,0.5666104313800471
2025-04-04,0.04776074782208264,0.0024425385027687803,19.0,19.0,0.0,0.6509313137766366,0.7286238181554497
2025-04-07,0.039813761308688585,0.001906876989654839,16.0,16.0,0.0,0.6915018238075438,0.761067335350122
2025-04-08,0.028450603643015087,0.0009163686940095095,18.0,0.0,18.0,0.7108735520881317,0.7837237808859665
2025-04-09,0.028387725258271646,0.0008713003657995629,17.0,18.0,0.0,0.7261744424665538,0.795187714500048
2025-04-10,0.03321090958906239,0.0011972923777765724,17.0,0.0,19.0,0.7496099883275316,0.8210394112033066
2025-04-11,0.005787815183330988,6.212806129380002e-05,1.0,0.0,1.0,0.7473483872777616,0.8216239233571497
2025-04-14,0.020679469459895856,0.0005262591695135638,13.0,0.0,14.0,0.7468083319197104,0.8213067303662014
2025-04-15,0.014479420434923567,0.00025780040905855003,6.0,0.0,12.0,0.7497453256388052,0.818687152499322
2025-04-16,0.003739510249273203,2.1851749766867323e-05,0.0,1.0,0.0,0.7503724993457698,0.8213844704684354
2025-04-17,0.004169224270823008,3.844416880997609e-05,0.0,1.0,0.0,0.7519389448251832,0.8247472607918778
2025-04-18,0.0,0.0,0.0,0.0,0.0,0.7539567013164645,0.8301742700402415
2025-04-21,0.0,0.0,0.0,0.0,0.0,0.754595282742916,0.832986011881166
2025-04-22,0.008519775669382527,0.00010927974307996091,0.0,0.0,4.0,0.7528048402494804,0.8326361333455585
2025-04-23,0.015515927624673452,0.00031912207201297135,4.0,0.0,10.0,0.7550104690840685,0.8388061256463303
2025-04-24,0.003999930850160068,2.785834431286616e-05,0.0,0.0,0.0,0.7543530768814806,0.8412510977380806
2025-04-25,0.0057537235085493195,6.15898816140331e-05,0.0,0.0,1.0,0.7543387041309894,0.8431504017639394
2025-04-28,0.0036091081975884527,2.1570391257567206e-05,0.0,0.0,0.0,0.7511379072288749,0.8409220620856889
2025-04-29,0.006754215148353983,6.88921949192376e-05,1.0,0.0,2.0,0.749639085351551,0.8389609564542351
2025-04-30,0.007415895523882321,9.806442985990357e-05,0.0,2.0,1.0,0.7457409484073018,0.8313637273705591
2025-05-01,1.2080236986733439e-05,2.772710387457209e-09,0.0,0.0,0.0,0.7488793518266113,0.8327988369441103
2025-05-02,0.013324667570244074,0.00024688828719817286,4.0,0.0,8.0,0.7477283068785913,0.8300626139287629
2025-05-05,0.006400218831529548,8.782626293186597e-05,1.0,1.0,1.0,0.7411081886561774,0.8223076781277016
2025-05-06,0.005243600032336768,6.91054204456434e-05,0.0,1.0,0.0,0.7406209263337066,0.8207706262070692
2025-05-07,0.006542145547908113,5.647632996784404e-05,0.0,0.0,1.0,0.7401955193601264,0.820425326450657
2025-05-08,0.007253364020161734,7.805036378506623e-05,0.0,2.0,1.0,0.7381322481082236,0.8157795496857098
2025-05-09,0.007899356290528783,0.00010578089860517824,1.0,0.0,2.0,0.738125932500325,0.8176592722712926
2025-05-12,0.011424184283932227,0.00018762934282280462,3.0,0.0,7.0,0.7375818793448522,0.815939336517084
2025-05-13,0.003915571122416466,2.200444472507459e-05,0.0,0.0,0.0,0.7381833699787939,0.8153458336156442
2025-05-14,0.004365402274254421,3.2175437705515634e-05,0.0,0.0,0.0,0.7415643761757774,0.8152896552736953
2025-05-15,0.006463239619195845,6.741612149865628e-05,1.0,0.0,1.0,0.7362292868535857,0.807588685315672
2025-05-16,0.007525967459342431,9.868819158369077e-05,1.0,0.0,1.0,0.7363537428990743,0.7374096788981631
2025-05-19,0.005928433941616468,0.00011310876882213467,1.0,0.0,1.0,0.7342516643815692,0.6717786562554883
2025-05-20,0.007395329095629256,7.579266134976927e-05,0.0,0.0,2.0,0.734689786944541,0.6357007210942688
2025-05-21,0.004787267982129531,3.7342863238218296e-05,0.0,0.0,1.0,0.7350205438398335,0.5270642556044316
2025-05-22,0.007120031322256032,8.064389728208733e-05,0.0,2.0,1.0,0.735772220946733,0.39456465654519773
2025-05-23,0.009295271404477671,0.00012344954578404982,1.0,4.0,0.0,0.7359945816328498,0.42422746449827936
2025-05-26,0.01076281296695803,0.0001539881625419023,1.0,0.0,5.0,0.7390711173598696,0.39435276820492055
2025-05-27,0.005112220659380948,3.753916056214131e-05,1.0,0.0,1.0,0.7303066169779235,0.3651448106632507
2025-05-28,0.005761610664096376,4.679676203621029e-05,0.0,1.0,0.0,0.7302450363241644,0.36862087749593797
2025-05-29,0.003918325428962159,3.6770030996512725e-05,0.0,0.0,0.0,0.732362660344105,0.3622462785285004
2025-05-30,0.004440258414479066,3.680370005004061e-05,0.0,1.0,1.0,0.734394457401891,0.35574962855681835
2025-06-02,0.004114063203773277,2.512955658845224e-05,0.0,0.0,0.0,0.7335842064950477,0.34944424876431407
2025-06-03,0.0033135292400631585,1.995140434091406e-05,0.0,0.0,0.0,0.73346462067159,0.35363695773141135
2025-06-04,0.005085888366571551,3.565174710986644e-05,0.0,0.0,0.0,0.7370864552768925,0.3100663820758168
2025-06-05,0.004786604866310715,4.768070592629897e-05,0.0,0.0,1.0,0.7380675288609625,0.31106752862453385
2025-06-06,0.0035343812768717903,2.879098362200733e-05,0.0,0.0,0.0,0.7389247589036185,0.31074067945037803
2025-06-09,0.002469179628314967,1.3800254630583088e-05,0.0,0.0,0.0,0.7383585006120034,0.316041163997579
2025-06-10,0.006697986415871277,7.554018903844292e-05,0.0,0.0,0.0,0.7359710860140513,0.31312787532713937
2025-06-11,0.003528499543375471,1.8896111082745975e-05,0.0,0.0,0.0,0.736315463140273,0.3330201549069301
2025-06-12,0.004619494830212757,3.0435779439378104e-05,0.0,0.0,0.0,0.736161610238537,0.3352499955293525
2025-06-13,0.009539476738786787,0.00010636934855130537,0.0,0.0,0.0,0.7368351780760678,0.3502331286443965
2025-07-02,0.006332937382243667,5.643381009137088e-05,0.0,1.0,0.0,0.7362860276471341,0.3499054149700797
2025-07-03,0.007211323883838389,7.862194088512322e-05,0.0,0.0,2.0,0.7354985441168771,0.3448395963189029
2025-07-04,0.004631638873752,3.705985472237258e-05,0.0,0.0,0.0,0.7375456527851718,0.3629977714008568
2025-07-07,0.003950845008917392,2.791381716715064e-05,0.0,0.0,0.0,0.7367364193991637,0.37299145339662365
2025-07-08,0.004473529066964737,3.539902873894358e-05,0.0,0.0,0.0,0.7388150821717712,0.369008232666978
2025-07-09,0.007783453013498914,8.907794341781319e-05,0.0,0.0,1.0,0.7352617001018776,0.34698753484494343
2025-07-10,0.006624682150080175,6.731384766452425e-05,0.0,0.0,2.0,0.7319590158008238,0.33060375794789787
2025-07-11,0.007641076975115063,7.416917139079405e-05,1.0,0.0,2.0,0.728237267223165,0.33687538312827486
2025-07-14,0.004138177881587411,2.5099724925972273e-05,0.0,0.0,0.0,0.7239542704295338,0.33786227475732056
2025-07-15,0.004468563726089199,2.6459197840600275e-05,0.0,0.0,0.0,0.6534020416896982,0.32839284062199964
2025-07-16,0.005088790274783244,5.3382042424046065e-05,1.0,1.0,0.0,0.5979655001294516,0.33067708060176026
2025-07-17,0.008807391376877676,0.00010082622773400693,0.0,0.0,1.0,0.5594803424172212,0.3375170337701733
2025-07-18,0.004110803478985309,3.2527254544980426e-05,0.0,0.0,0.0,0.4867838997786345,0.3381108825658682
2025-07-21,0.004037549890713091,2.4484112482850987e-05,0.0,0.0,0.0,0.38267440064530894,0.3270155503007127
2025-07-22,0.005528548357638526,4.847210992339763e-05,1.0,0.0,1.0,0.385457564860058,0.29478768301491026
2025-07-23,0.007072931392967631,7.112333586641891e-05,0.0,0.0,1.0,0.3511286655676281,0.25410978604670514
2025-07-24,0.006029748346536485,5.368942662383418e-05,0.0,0.0,0.0,0.32532645851773406,0.24662445778676131
2025-07-25,0.0029508445936134295,1.8747258387206788e-05,0.0,1.0,0.0,0.32813953790065215,0.25170011163777267
2025-07-28,0.004950594496782853,3.9201870101661775e-05,0.0,0.0,0.0,0.32651208099163864,0.25594551386632336
2025-07-29,0.0065426100173321105,7.260005297543391e-05,0.0,0.0,1.0,0.32446471913747943,0.2669320782924473
2025-07-30,0.004270997259392208,5.196390491596652e-05,1.0,1.0,0.0,0.3197579931074467,0.2620800454232266
2025-07-31,0.006925617332868836,6.402471314940847e-05,0.0,0.0,0.0,0.3183814141961313,0.2581821065508509
2025-08-01,0.015477799140399536,0.00031096520831748,5.0,9.0,0.0,0.3370969575226043,0.3493497270275614
2025-08-04,0.00938607857267148,0.00012767236589053633,1.0,0.0,3.0,0.34405964718502824,0.3658635081883753
2025-08-05,0.004088416879330808,3.1541635725896074e-05,0.0,0.0,0.0,0.34248869457030096,0.3648608737377317
2025-08-06,0.0047840399607404875,4.9700749362289474e-05,0.0,0.0,0.0,0.3428172961707072,0.3625384153143418
2025-08-07,0.010163497921469849,0.00013784803613570607,1.0,0.0,3.0,0.3447747409292504,0.3742088897834415
2025-08-08,0.004619474717303384,3.949492683146367e-05,0.0,0.0,0.0,0.3513803253872299,0.3729896346568722
2025-08-11,0.004232419246202774,3.227646563321503e-05,0.0,0.0,0.0,0.3490160199816826,0.36969846509092397
2025-08-12,0.0031131077325434156,1.7015383675041244e-05,0.0,0.0,0.0,0.3423758112405329,0.34730381711475333
2025-08-13,0.004946272304323709,4.144284501107197e-05,0.0,0.0,1.0,0.3462527041450203,0.35607639603216873
2025-08-14,0.005932909283135034,5.705848691544269e-05,0.0,0.0,0.0,0.3393870799394373,0.3440120410757683
2025-08-15,0.0032946690001472816,2.462321536188594e-05,0.0,0.0,0.0,0.3432217696549508,0.33640626249015565
2025-08-18,0.005764576264881857,5.690967001128352e-05,0.0,1.0,0.0,0.3477765566641469,0.3343146492594681
2025-08-19,0.00728484029186202,6.97166399619357e-05,0.0,0.0,0.0,0.34594296575719274,0.33526341524381587
2025-08-20,0.004569494161164384,3.9789891785265806e-05,0.0,1.0,1.0,0.33172598246191687,0.3283131631995868
2025-08-21,0.003696140731672284,2.325036165083036e-05,0.0,1.0,0.0,0.3311843193424536,0.33918234396856384
2025-08-22,0.008228114822643646,0.00024896669285067916,1.0,1.0,1.0,0.3236169339322795,0.32894724677302756
2025-08-25,0.0052426596812052565,4.471465885392279e-05,0.0,1.0,1.0,0.32342768915100284,0.32483106224939734
2025-08-26,0.007499887773167825,8.121599448318862e-05,0.0,2.0,0.0,0.3299347939770571,0.34884225266397223
2025-08-27,0.005746708673696398,6.478540287282837e-05,0.0,1.0,0.0,0.3366736185345438,0.3562402674641134
2025-08-28,0.004539332128006513,3.220189197566061e-05,0.0,0.0,0.0,0.3334627575730744,0.3447200780897304
2025-08-29,0.006619033690683028,5.408123935288006e-05,0.0,0.0,0.0,0.33873772146266734,0.3504433449412746
2025-09-01,0.004303412940615203,3.026641180806642e-05,0.0,0.0,0.0,0.33679098021302134,0.35167277992705687
2025-09-02,0.011557655824937004,0.00017468555061999879,2.0,8.0,0.0,0.3493645651847922,0.39362178869329106
2025-09-03,0.006392211118952402,6.111552580251457e-05,0.0,0.0,1.0,0.33202193003277297,0.3925799575598652
2025-09-04,0.006351386200491909,6.0853036494595494e-05,0.0,0.0,1.0,0.3271634142044855,0.389218880341001
2025-09-05,0.0060574159847119075,4.925641920467975e-05,0.0,0.0,0.0,0.3250290421300159,0.38314371140237147
2025-09-08,0.006242737261223836,5.8800724703493755e-05,0.0,0.0,0.0,0.32813012696054583,0.38993105357809454
2025-09-09,0.0034614483155587066,1.738714567634648e-05,0.0,0.0,0.0,0.3302655067861773,0.3844650382297356
2025-09-10,0.005442472110982746,4.368303659194045e-05,0.0,0.0,0.0,0.3269969826488788,0.3855494050390358
2025-09-11,0.004673272257790251,3.6173114282413666e-05,0.0,0.0,0.0,0.3298813623003561,0.39494204130254784
2025-09-12,0.0033670754080197965,2.4022754916689133e-05,0.0,0.0,0.0,0.3299797051901045,0.3203550792905066
2025-09-15,0.004420636607909519,3.1362390472379727e-05,0.0,0.0,0.0,0.329522423747013,0.30157170149695756
2025-09-16,0.010054095370528687,0.00012233995004728534,0.0,2.0,0.0,0.34882638170280406,0.350227417886276
2025-09-17,0.003487159848111011,2.297080351733782e-05,0.0,0.0,0.0,0.34838202328827644,0.3496344857662747
2025-09-18,0.005607082532623811,5.63806863102803e-05,1.0,0.0,1.0,0.3472019222442773,0.329914196789887
2025-09-19,0.0027697009651632336,1.5329145930670273e-05,0.0,0.0,0.0,0.3461826549431718,0.3252338373855191
2025-09-22,0.003591795285235122,2.1153769991547152e-05,0.0,0.0,0.0,0.34560942145444024,0.32903928252704134
2025-09-23,0.0066726665374955245,6.788542133014715e-05,0.0,0.0,1.0,0.33324639455782323,0.32390968390958724
2025-09-24,0.004140244261771006,3.086375448483786e-05,0.0,0.0,1.0,0.3328795313923092,0.3112405246668434
2025-09-25,0.005304668592256026,5.01306934617056e-05,0.0,1.0,0.0,0.3293877701983156,0.3154467660872133
2025-09-26,0.006524971822063651,5.710554913173284e-05,0.0,0.0,0.0,0.3331942544491982,0.33217615834950825
2025-09-29,0.0034957940732597108,3.411867325871922e-05,1.0,0.0,1.0,0.3320113721945113,0.33434894446633917
2025-09-30,0.004540255880658755,3.64472988632267e-05,0.0,0.0,0.0,0.3283502038623202,0.3241376067904804
2025-10-01,0.00750036042226149,7.428889825741407e-05,1.0,1.0,1.0,0.33132399821464464,0.34181761262435834
2025-10-02,0.004659416570179384,3.826110937865769e-05,0.0,0.0,0.0,0.3353155834793161,0.3428730645352483
2025-10-03,0.0045657424151549905,3.210494135917277e-05,0.0,0.0,0.0,0.34156077304157506,0.36993482880932954
2025-10-06,0.004966157344109206,3.7315373925817594e-05,0.0,1.0,0.0,0.34199350057817524,0.3736158509520832
2025-10-07,0.004806452723190194,4.400724404098509e-05,0.0,0.0,0.0,0.3406108258753537,0.34742977964506966
2025-10-08,0.005640277925741107,4.052367136643427e-05,0.0,0.0,0.0,0.3452067659513972,0.35023138571760737
2025-10-09,0.004497929046822523,3.434307417229637e-05,0.0,1.0,0.0,0.3360064854615058,0.34515605669708427
2025-10-10,0.008499802583146292,0.00010312301561318245,1.0,4.0,0.0,0.34342854580323284,0.3520231252515
2025-10-13,0.004934014281443554,4.071361236158541e-05,0.0,0.0,0.0,0.34333236650159216,0.3500495424645441
2025-10-14,0.0036003742887429475,2.604925666374547e-05,0.0,0.0,0.0,0.3500187536072674,0.30482331599262213
2025-10-15,0.0053595501695354346,5.6290765059602785e-05,0.0,0.0,1.0,0.34641900543591175,0.29297927096921583
