date,P_stress_baseline,P_stress_filtered,P_stress_2_state,P_stress_3_state_diag,P_stress_covid_excl,P_stress_pre_2020
2017-05-19,1.2970121202534564e-31,2.208896523713878e-31,1.0,1.4827387487244771e-128,4.511692589361833e-25,0.9999999754863896
2017-05-22,0.0032731116242561,0.00560853610259059,0.09215561327106951,0.00044985616215590323,0.012369482375107543,0.003997498464738502
2017-05-23,0.0017858050477804,0.003051736812364053,0.01977636623876743,0.00025466831042976067,0.009259902821488315,0.004423936343832535
2017-05-24,0.0024554957527053,0.003137111617851246,0.022408546595446607,0.00045007260466043276,0.012878297128403224,0.0027896001111114305
2017-05-25,1.5304891433809715e-05,2.6728982675023966e-05,0.005715134526634798,2.615191475898277e-06,9.322772790232788e-05,1.3524684116215759e-05
2017-05-26,1.075211436899815e-05,1.0268406024517275e-05,0.0038657152999671766,2.1323825756166545e-06,7.368607611187785e-05,3.687879227876988e-05
2017-05-29,0.0050451503925451,0.006441226468703867,0.0323846477029762,0.0009478400952973894,0.016816496376499408,0.003301729602763265
2017-05-30,9.292047524356292e-06,1.62284493083917e-05,0.003308875470770919,1.7709503051993146e-06,7.614278029358733e-05,4.201989928932291e-05
2017-05-31,7.3049376647182e-06,7.064686368396163e-06,0.0028644951325384246,1.7997867277504171e-06,6.888161505640002e-05,9.292873636583333e-05
2017-06-01,0.002051082244777,0.0026208430023294993,0.01410269032816028,0.0004102779601756268,0.009756849695936343,0.006895286780130976
2017-06-02,8.697791659728222e-06,1.5195479407573806e-05,0.0029398443912934925,1.6979777426552408e-06,7.48748607372848e-05,6.172840033274681e-05
2017-06-05,5.276235334887519e-06,9.219527492015243e-06,0.0034095144881665694,1.2011952188552147e-06,3.424052254406031e-05,1.7103523376900598e-05
2017-06-06,3.7396898422899806e-06,6.534601818040779e-06,0.0028475084483211978,1.0811324624039703e-06,3.739664403807964e-05,0.0001215525057507402
2017-06-07,5.0839045814016056e-06,8.880930732197039e-06,0.003932768867972798,1.3240205051612991e-06,3.535315399380037e-05,1.2345873075412803e-05
2017-06-08,5.453030494129748e-06,5.2867418706925276e-06,0.008998331595894728,1.8306496530437324e-06,7.379397846845412e-05,0.00018063793530259865
2017-06-09,0.0014618060189231,0.0025155870559432415,0.9812002476278909,0.00045143113580748507,0.05421691989785303,0.05905764242283255
2017-06-12,0.0012292333196404,0.0015710299236228015,0.9796508139476664,0.0006352980653813225,0.0756824776785767,0.16898560220398057
2017-06-13,4.475464386106022e-06,7.81782875784815e-06,0.008442320026199462,1.6540927798493423e-06,7.683498650503221e-05,0.00015313055542221833
2017-06-14,3.479181568693563e-06,3.3816688929448457e-06,0.0026097814954118338,1.8867273406687668e-06,5.763147360038342e-05,5.841048264317825e-05
2017-06-15,0.0008554121252343,0.0010935909882891666,0.010125120231433003,0.00038134604550257883,0.00873133617768444,0.010192277534692781
2017-06-16,8.08816212298253e-06,7.8524851865586e-06,0.0026291505461726187,2.922702782075025e-06,0.00014830305392967815,0.0003613143298493124
2017-06-19,0.0012094167921019,0.0020869658291119858,0.020224121940802857,0.0004372570992116311,0.017371537861583755,0.10731786327785489
2017-06-20,0.0007683581170044,0.000982132120477227,0.010988380668325293,0.0002596962498505397,0.009143563344500415,0.008018208383898431
2017-06-21,5.067452388507584e-06,8.851218042443523e-06,0.0027505958683402506,1.8010121401029147e-06,6.58151471044154e-05,4.1285184431629916e-05
2017-06-22,5.195229151347162e-06,5.028898457597669e-06,0.002746797269110327,1.9284126470549346e-06,6.202046701115214e-05,6.744691556042728e-05
2017-06-23,0.0018314673381493,0.003152211824060768,0.0203533196985509,0.00048076288939047216,0.011533641185234733,0.003731952834771605
2017-06-26,0.0011558910798451,0.001988674314930065,0.015476685505615219,0.00022594442139518817,0.009561419279008939,0.00414732454588148
2017-06-27,0.0013094127525063,0.001673250054703665,0.013137079321117715,0.0002544394516715007,0.009670605207262655,0.007985113894438962
2017-06-28,8.899227455468464e-05,1.6473425809525185e-05,0.011201096163938211,1.7442936824008024e-05,0.0004220959660961462,0.00013139279676946023
2017-06-29,1.0,0.9999999999999998,1.0,1.0,1.0,1.0
2017-06-30,0.0004936572169762,9.140474668894748e-05,0.037149952380497224,0.00010519602753332252,0.0010685500769849925,0.00027948914017947405
2017-07-03,0.9999862123481844,0.9999892183306742,1.0,0.9999712757313347,1.0,1.0
2017-07-04,9.763208095444262e-05,9.429102901712043e-05,0.011840168930752732,2.000656093744995e-05,0.0003949797856312507,0.00014898001604405747
2017-07-05,0.0024408910997974,0.003118612472039827,0.015016984425754283,0.00040559715418253957,0.009855811321732586,0.007182193970465388
2017-07-06,1.0623009541799911e-05,1.8558239683361318e-05,0.003010940905534153,1.6652580535696055e-06,7.906252432862062e-05,7.8108394718903e-05
2017-07-07,6.328556598078915e-06,1.1057760616452432e-05,0.0036282770224846336,1.2211091825185014e-06,3.55421467636626e-05,1.5804546352607487e-05
2017-07-10,5.266925299109227e-06,9.196159809782373e-06,0.0029598967313924306,1.0403383490380128e-06,3.630595384446415e-05,6.30189170138125e-05
2017-07-11,6.584246062978648e-05,1.2185236437845312e-05,0.013646110499185177,1.2400266422750045e-05,0.00020482835286874228,4.452796592437118e-05
2017-07-12,1.0,0.9999999999999998,1.0,1.0,1.0,1.0
2017-07-13,6.319631271116008e-05,0.00011039978133218984,0.010593880172464473,1.023406965836226e-05,0.00020376661058715871,0.0001554723342908078
2017-07-14,1.2642694900762075e-05,2.208547119935072e-05,0.006712998560541611,1.8190283717434353e-06,4.513499654871617e-05,6.2704619694721285e-06
2017-07-17,6.096177112946692e-06,5.899066284422141e-06,0.0035552575147183244,2.0956605653213085e-06,6.898159691849812e-05,3.602885885166846e-05
2017-07-18,0.0019050604182261,0.003266000351381509,0.01631060771537517,0.00020982988620834334,0.01204203570903393,0.03495844905118071
2017-07-19,0.0018586948142138,0.003190978152517298,0.020033989072326855,0.00017552204263532466,0.011029151984778487,0.004889971192884117
2017-07-20,0.0016105656815568,0.002758591661502985,0.056259878729240716,0.00016912766139787837,0.012189568162525439,0.005808419087677817
2017-07-21,0.0020599183499218,0.003527361607164611,0.9482677689136387,0.00031591882269530814,0.07443537411152526,0.18256639824028575
2017-07-24,0.0020523534825365,0.0035295149893190755,0.066379066696327,0.000206689582417129,0.013456972777309433,0.004732133691553098
2017-07-25,0.0012755971159047,0.0021911462715505582,0.016816284289016544,0.0001439223356358685,0.010229308925506943,0.006589499501665044
2017-07-26,0.0015803853111017,0.0020200924154681354,0.013915039382907122,0.00018040852378322235,0.010650148383376344,0.010866828532563487
2017-07-27,1.623740537598613e-05,1.564984850554857e-05,0.010400689856035672,2.352747726697714e-06,0.0001902842312217903,0.0002320747480211489
2017-07-28,0.002956992879333,0.003777391840987774,0.946087412998304,0.00046680501380345327,0.0565084973820567,0.06392083044116656
2017-07-31,8.771164919157111e-06,1.5324687041689444e-05,0.011518921981153507,1.5004039141136069e-06,9.095324015642779e-05,4.7155817773733684e-05
2017-08-01,3.880061026901425e-06,6.7798716596680946e-06,0.0032766400788061725,8.857229437001033e-07,4.267295891224621e-05,0.0001784862786915835
2017-08-02,4.689027432578074e-06,8.193218743107504e-06,0.0031309805017454228,8.161387169346123e-07,3.8539093458127025e-05,4.304354634697537e-05
2017-08-03,5.444026353574421e-06,9.512592497923101e-06,0.0034631314552546135,8.687659479967248e-07,3.9931630692369e-05,2.981963248143838e-05
2017-08-04,6.352497039241495e-06,1.10997519580913e-05,0.00416788878449614,9.693838140511002e-07,5.4717206808370225e-05,0.00032149574417545535
2017-08-07,6.112914797777654e-06,1.0680858683164686e-05,0.0035403866063247027,9.006533290569763e-07,4.0067093036292105e-05,2.7451182485210982e-05
2017-08-08,7.338213162340952e-06,1.2818713610868375e-05,0.004247550222811913,1.0471383409697818e-06,4.254419099331763e-05,1.7656111289023056e-05
2017-08-09,1.3278815953992236e-05,1.2385735741914712e-05,0.006125228498238088,2.269115151534868e-06,0.00014334279431616392,0.0015562627497711227
2017-08-10,0.0107379272624037,0.0030302009634817534,0.05359743354703016,0.001244550554420204,0.032400331649486455,0.07069546701371315
2017-08-11,0.9200722052375224,0.9516187189519903,1.0,0.6577632833253432,0.9999999954306986,0.9999999976589606
2017-08-14,0.0163706500575488,0.0270668377753662,0.9871227423777273,0.0023579884518374204,0.2142311276130885,0.41473631877815315
2017-08-15,0.0072620774222801,0.009265634508116143,0.12357143093146579,0.0005441155170631258,0.026148841951090344,0.003968760746450726
2017-08-16,1.9179045667728554e-05,3.3504124181016134e-05,0.005726841328619159,1.8428477805397316e-06,0.00013215112895909162,0.0005510416993708828
2017-08-17,9.693999457636333e-06,1.6936782349766132e-05,0.004089417843324827,1.080233811028655e-06,5.4101593016193804e-05,0.00025511707632845887
2017-08-18,1.0084192457452927e-05,1.7608879299870835e-05,0.0038397683352894485,1.0471830146056903e-06,5.006849099256084e-05,0.0001955227521115398
2017-08-21,1.938412541581261e-05,1.840442599757069e-05,0.011898111289747238,1.799064540132822e-06,8.485255786041699e-05,4.99326316369039e-05
2017-08-22,0.0064678592676548,0.00825669166842348,0.9497105721941258,0.000617110637498474,0.06541386251511586,0.10110442717564787
2017-08-23,4.409810515504349e-05,4.214070131599392e-05,0.013497862668917783,3.3413392944004e-06,0.0001825631153939121,6.072587402683178e-05
2017-08-24,0.005059070432879,0.006460765028115426,0.019854533195307805,0.00046673524857518975,0.010802759963145387,0.004358205010276117
2017-08-25,4.5271274803218816e-05,4.354786098691109e-05,0.004397713033429427,3.329630473795739e-06,0.00017436962926990865,5.171361641983626e-05
2017-08-28,0.0034881574950227,0.005749131650491265,0.019860446700980246,0.00030186502294501596,0.010374771347370726,0.006438143253665561
2017-08-29,0.0090171906884099,0.011502744915809883,0.048268217438995085,0.0006199715796224478,0.03651933934690669,0.28238623807080165
2017-08-30,3.937382739693964e-05,3.780595019764854e-05,0.004042915469027245,3.536459630449758e-06,0.00021547904928390384,0.0007797237918203951
2017-08-31,0.0039072463313235,0.0049900591017284016,0.014899685785960168,0.0003871406566794301,0.010191554991044837,0.01740900084214789
2017-09-01,2.161822880691857e-05,3.775933830761847e-05,0.0037335198125443042,2.0309927850625298e-06,0.00010330883431007545,0.00035907571919126734
2017-09-04,9.111255324620316e-06,1.5916444582676664e-05,0.0026042292554284965,1.0267678879133653e-06,3.1350533064130004e-05,5.2120356322019954e-05
2017-09-05,1.362644884148843e-05,2.3804052061022934e-05,0.0038838927116202826,1.31371284488866e-06,3.1970081924677336e-05,9.297736438574847e-06
2017-09-06,1.3437765942725672e-05,2.346171326759679e-05,0.0037922795048940584,1.3060629757690453e-06,3.1537165338031894e-05,9.731634691926054e-06
2017-09-07,2.025846975859268e-05,1.9485694954681022e-05,0.0036264225646454036,1.933456189541827e-06,6.707608707746348e-05,4.093793553563191e-05
2017-09-08,0.0033797424607236,0.0042133346246840606,0.06957014885046928,0.0007967146379248569,0.031113509477149703,0.0018773483260212554
2017-09-11,0.0699457130429422,0.08772727774334675,0.9999997225850551,0.019842933337891066,0.9972697540338782,0.9993568636936394
2017-09-12,1.0164301648255615e-05,1.774192905001637e-05,0.005978396953518406,1.317139925873045e-06,0.00012185916125053983,9.546486261160872e-05
2017-09-13,1.009013896048268e-05,9.50436430109032e-06,0.0075739058988214605,1.6048133062633394e-06,5.1305560166010004e-05,2.449797545232427e-05
2017-09-14,0.0084103333424137,0.014411397806855087,0.9674685038414758,0.000474831855883388,0.06976200598119085,0.023588009774023058
2017-09-15,0.0011388682805958,0.0019532449440729832,0.03383580232720217,0.0001774820604670117,0.007968894178299074,0.0015749051776742194
2017-09-18,0.0018767752429308,0.0023991812693459863,0.011064958070582057,0.00017759919907288935,0.008309137962822495,0.005077106523253024
2017-09-19,3.542767659357178e-05,3.3651802293909964e-05,0.004118160113478665,3.541504855001663e-06,0.00014263672455639104,2.720093438141514e-05
2017-09-20,0.0065371500930546,0.008343551277027595,0.030614560061803558,0.0010069766354120608,0.01575263916672212,0.0014849435918386751
2017-09-21,1.1427535201450128e-05,1.9946731493393214e-05,0.0022831898586259656,1.201491657942284e-06,5.889709532813147e-05,3.296264101749668e-05
2017-09-22,1.4147294675715503e-05,1.3689824370185503e-05,0.003240551495445918,1.7994620774856862e-06,6.119356723052444e-05,1.97525142410216e-05
2017-09-25,0.0019609987215676,0.003322389079872499,0.013699829276277647,0.0001848615037223229,0.008265068959280376,0.005577547444300833
2017-09-26,0.0040084554763575,0.006679283788597579,0.09028600604586194,0.00032005100026502603,0.015874633692276995,0.0017940744149655416
2017-09-27,0.0069028226726204,0.01174108749378988,0.9687052810928128,0.00025335488199101805,0.0716698009478587,0.02565577710065284
2017-09-28,0.0027226360132215,0.0034785277755251262,0.045689246227084715,0.00020954183920079836,0.010584027792883944,0.0032559155279090553
2017-09-29,1.4760029806860907e-05,2.5780038048599692e-05,0.0027515934575140883,1.198543536759894e-06,7.525760438548337e-05,9.472633645958204e-05
2017-10-02,8.066337190415182e-06,1.4083593989239458e-05,0.002736879390085243,7.38957689721072e-07,3.828183700105384e-05,8.724321508449273e-05
2017-10-03,1.6225263617757006e-05,1.5699262746286703e-05,0.003057712129856435,1.4442623148692868e-06,6.969996010697592e-05,3.8420752619100486e-05
2017-10-04,0.001978523620294,0.0034017306378730855,0.012032253747028553,0.00015999903012614759,0.00884680693037692,0.005909410648462025
2017-10-05,0.0013280892855881,0.0016974856107703027,0.00889401180493181,0.00012321761671560625,0.008408409211027973,0.003998136906302692
2017-10-06,1.0646604983498673e-05,1.859509527741536e-05,0.0022531808396640015,8.8558597489202e-07,7.423831950724132e-05,8.92762710734564e-05
2017-10-09,8.115877978965944e-06,1.4178048346532543e-05,0.003305355609986501,7.804774802785787e-07,3.8104924362497244e-05,1.3415847289175616e-05
2017-10-10,8.246653263951418e-06,1.440707057209243e-05,0.003145769532163091,6.910037421427036e-07,3.916591111212845e-05,1.8006488051832817e-05
2017-10-11,6.743499767399558e-06,1.178072635279126e-05,0.002542523386222868,5.482960892075209e-07,3.787375754200007e-05,5.725050091852559e-05
2017-10-12,7.883054200668199e-06,1.377141240675003e-05,0.0031367958907922585,7.1588891518804e-07,3.822558677314721e-05,1.5727161551128354e-05
2017-10-13,7.334222763354035e-06,1.2812495414961203e-05,0.002890496452831777,6.324539738302346e-07,3.792264837762324e-05,1.9895925791995537e-05
2017-10-16,1.0230616174065523e-05,1.7872374996523313e-05,0.00410686892944373,8.298291412412533e-07,4.5444278425553284e-05,1.3611004320387781e-05
2017-10-17,9.790190633608736e-06,1.7103020988912033e-05,0.0038092429342433624,8.137570092742154e-07,4.246365171075646e-05,1.3996645030922194e-05
2017-10-18,9.219054973309495e-06,1.6105767016401235e-05,0.0034021605389501536,7.307547475642292e-07,4.0838724990188046e-05,1.770844984212185e-05
2017-10-19,6.637526342868002e-06,1.1595643670504729e-05,0.002433811072707401,5.915667780969665e-07,3.555120092795428e-05,5.5801105766056744e-05
2017-10-20,7.099389813989267e-06,1.2395515385766605e-05,0.002640432676381142,6.103515752085106e-07,3.5415485489244474e-05,2.7028857643014888e-05
2017-10-23,1.6419225826126933e-05,1.5644116858775973e-05,0.01093413714689127,1.275878959838906e-06,8.79343894874726e-05,4.364764810959338e-05
2017-10-24,0.005638940581648,0.009143161319229882,0.9568307843977215,0.00025156613551021795,0.06241322247316902,0.056955404063279376
2017-10-25,0.0120261556787497,0.003164868967118062,0.13965020649001864,0.0007976414079115714,0.02894550728449316,0.013423793866989412
2017-10-26,0.999999999917236,0.9999999999518099,1.0,0.9999999954261511,1.0,1.0
2017-10-27,0.0123660304418916,0.02103370215587708,0.050307018837877554,0.0006763218768786856,0.031367511567235266,0.03225363279936639
2017-10-30,0.0020480702508655,0.003509278709444165,0.017328629252369207,0.00010085341461250567,0.01148701432481017,0.00649187780765434
2017-10-31,0.0019395792162474,0.0032974846121576564,0.01620713271230068,9.841974902532899e-05,0.0112324739345596,0.00636585132023692
2017-11-01,0.0033773481042106,0.004314888592053105,0.020792199173595313,0.00018837597106975795,0.014487290886320668,0.004731471475826949
2017-11-02,2.7736858239648705e-05,2.6738778673021228e-05,0.0038361087515684823,1.4527952259369705e-06,0.0002345996430560436,0.0002669694117842366
2017-11-03,0.0029274347003139,0.0037395844455269814,0.01493173433537052,0.00017927561345964263,0.011876582115054723,0.010931351866698021
2017-11-06,1.4562669410411263e-05,2.54426617762203e-05,0.004577220520375489,8.653930040320689e-07,0.00012924673271566173,7.56563621183329e-05
2017-11-07,7.498445400067079e-06,1.3098321334521538e-05,0.004638296988634637,4.907185050854003e-07,5.8509303427755556e-05,0.0001627575232747468
2017-11-08,1.3277007330660073e-05,1.1307922865339725e-05,0.01450829887486284,8.968219095953607e-07,0.0003035338674722762,0.0001912394320131691
2017-11-09,0.0340457215139242,0.05715729343515392,0.9999997139585002,0.0053397802774661635,0.9915033737177122,0.9978252633270069
2017-11-10,0.0017847404354218,0.0030543192084040026,0.05140390292234794,9.043319357217498e-05,0.030494503240946203,0.018550043331533993
2017-11-13,0.0021937298686953,0.00280287936624078,0.016262882053629683,0.00010850724706861815,0.012725053927120578,0.012164793754573848
2017-11-14,1.182300849528101e-05,2.0651433437436857e-05,0.004473520079243795,8.191314442662022e-07,0.00012170682189317238,9.894481577096817e-05
2017-11-15,1.2142297029904758e-05,1.1673122816301318e-05,0.015435915328074085,8.940556313673693e-07,0.00012764474555515507,0.00041829921200249365
2017-11-16,0.0034467951899141,0.00440219668013984,0.93984826358491,0.00028967806584971053,0.05441099685068612,0.0895505440706347
2017-11-17,1.6364443168645425e-05,2.8590976426367097e-05,0.017939372037079626,8.087457005023759e-07,0.00015345251594473327,0.0003943289122425709
2017-11-20,7.830372585618102e-06,1.3682712273785677e-05,0.004489326274667648,5.003138804235238e-07,5.821070967844273e-05,4.614045394530137e-05
2017-11-21,6.359555879551665e-06,1.1112870727039186e-05,0.004316428774245944,4.387379474631505e-07,5.565063156414066e-05,8.663249230252766e-05
2017-11-22,6.1995630860978594e-06,1.0833063858031365e-05,0.004563639630528136,4.78729524492049e-07,5.7594302540243174e-05,5.736934696699126e-05
2017-11-23,8.228564052637286e-06,1.4378855691702532e-05,0.006292790399739555,6.32583956332991e-07,7.331443129273324e-05,3.456988935836781e-05
2017-11-24,6.8537958508356585e-06,1.1974236911448353e-05,0.005979296660728177,6.113056194603864e-07,6.870276446274608e-05,3.8302126849939976e-05
2017-11-27,9.637720550782007e-06,9.307515592200406e-06,0.00476509323658211,7.73159210927511e-07,0.00011226152888463998,0.00023730020626993993
2017-11-28,0.0023619214539169,0.004035142868205709,0.016726183591326306,0.00014828867663810682,0.011958130168488904,0.009539171494477005
2017-11-29,0.0024388825631313,0.003114953758584873,0.016477858746772538,0.00011902849772150439,0.012623212305318293,0.009725119166443788
2017-11-30,0.0001229050414281,2.4425262180148134e-05,0.017103406528634124,5.300572034734203e-06,0.0007708842070421028,0.00030177913068498043
2017-12-04,0.9153518384583448,0.9325432429941352,1.0,0.7026822451934706,0.999999989354592,0.9999999983801899
2017-12-05,5.202813634792784e-05,9.088703566943285e-05,0.01758538439882497,3.3424676743366965e-06,0.00033751502419694635,0.00019193694706428897
2017-12-06,1.1415491638139616e-05,1.0970190235654645e-05,0.005618486900273375,8.440451217101454e-07,0.00013067321978706432,0.00011889499770748402
2017-12-07,0.0035333006388922,0.004512860245191708,0.02121470930927459,0.0003208085433462774,0.015229363240222818,0.008588754008853729
2017-12-08,2.786441189538618e-05,2.6838918811976094e-05,0.006806129895438932,1.2848765463879064e-06,0.0003027725236235366,0.0007175388755520124
2017-12-11,0.0030352613501252,0.003877041265178858,0.017183529223176734,0.00023698392149212421,0.012861015777664799,0.009612695398747451
2017-12-12,1.287928229738607e-05,2.2498885010981712e-05,0.005060689990822174,6.555052232035715e-07,0.00013161494279848287,0.00015125168162851514
2017-12-13,1.1885337998756691e-05,1.1421434585459163e-05,0.005224647734024888,7.216127374063766e-07,0.00012145891623973717,0.00024083572326057527
2017-12-14,0.0035353631905075,0.004515711271697787,0.017734324211803897,0.00017729036594527905,0.013314589532019585,0.018154739103787298
2017-12-15,3.462782663232311e-05,2.5388049150092353e-05,0.019073951308983927,1.5598465643094891e-06,0.000833169013267257,0.0002675961335572099
2017-12-18,0.0774729889353894,0.12411080200811486,0.9999998711164236,0.041569316449600206,0.9978655998744835,0.9997992286136249
2017-12-19,0.0070596433083088,0.009009069460872156,0.10908166367287947,0.00045582032746903866,0.05969962981423869,0.010435275004188178
2017-12-20,2.725061331424942e-05,2.62323667571669e-05,0.005778975538191014,1.132279667811066e-06,0.00029431566515450864,0.000258071887974495
2017-12-21,0.0032194713060003,0.004112227292588076,0.015671995618012784,0.0001900958105537496,0.012356372617704815,0.009041050876491348
2017-12-22,1.579315163128165e-05,2.758691299436124e-05,0.005614927836834589,7.568791863031965e-07,0.0001474012808277624,7.469537723523813e-05
2017-12-25,3.748883972415267e-05,6.54934727409531e-05,0.04189707255609291,2.6530324394760074e-06,0.00026947886801471016,2.0536299791862397e-05
2017-12-26,3.640453266557536e-05,6.361182814570785e-05,0.04248883780376955,2.7325602457024258e-06,0.00026382158265780587,1.989264771020633e-05
2017-12-27,8.024094046587166e-06,1.4021161154534286e-05,0.005675441818494926,4.929402676303237e-07,6.687689097158579e-05,4.261561424975426e-05
2017-12-28,7.36695617621114e-06,1.2873124295631998e-05,0.004890756822681583,4.641700825961077e-07,6.288696969288264e-05,4.9709696372286835e-05
2017-12-29,7.123275483535454e-06,1.2437903869233306e-05,0.005879453047864267,4.0346801672729955e-07,5.892211663655378e-05,8.310932551453031e-05
2018-01-01,7.180877773331625e-05,6.798939851983283e-05,0.1175007693623468,4.579364527186889e-06,0.0006171358094449557,4.6528483319158484e-05
2018-01-02,0.007097740595792,0.011470936446114757,0.9759346834853964,0.0003472240648888205,0.07939669944514618,0.06935004822225989
2018-01-03,0.012581601368011,0.003312415274738883,0.15350018173238494,0.000646237414896959,0.034337045199526614,0.017725252325994034
2018-01-04,1.0,1.0,1.0,1.0,1.0,1.0
2018-01-05,7.667529028860594e-05,0.00013394996341291866,0.013643942121679428,4.2246644506546785e-06,0.00030985412116632446,0.0003493026745899881
2018-01-08,7.9666373987428e-06,1.3913695873887412e-05,0.003695803378394626,4.5060388722274747e-07,5.3223232239012094e-05,4.247556854122312e-05
2018-01-09,1.3709766233876402e-05,1.324764880793337e-05,0.003559013869019499,7.419805106819047e-07,0.00010649244401822686,0.00013357146484547678
2018-01-10,0.002260472849496,0.0038579719203334856,0.014728876087717595,0.000131150589224457,0.011209857846543304,0.007462515307693993
2018-01-11,0.0026328230728151,0.0033635998368397872,0.016269092565307595,0.00014275457023160684,0.013042659299242039,0.0046655946565639945
2018-01-12,1.5749868341857587e-05,2.7512941367150694e-05,0.004005488488562226,7.260365911364462e-07,0.00012529317006543657,7.273114574775935e-05
2018-01-15,1.1716540648580422e-05,2.0470802457313416e-05,0.0061553741854967455,6.889795350647548e-07,7.537460857808968e-05,2.375719383133644e-05
2018-01-16,9.243680881803395e-06,1.6150533324958428e-05,0.004519552093733567,5.28037453327823e-07,6.224952885125677e-05,2.9558863670629406e-05
2018-01-17,7.549656667978773e-06,1.3190453706354788e-05,0.0034853265311242765,4.1750733998846396e-07,5.21455176839874e-05,5.051045480298425e-05
2018-01-18,8.635918042484456e-06,1.5082678924246948e-05,0.004151402679646041,5.038768044522324e-07,5.827562878512285e-05,2.9532117986420897e-05
2018-01-19,1.3040197720635077e-05,1.2517509342252422e-05,0.010983170058406936,7.317187643198126e-07,0.00011036690330521368,0.00018450361018955714
2018-01-22,0.0038298434764325,0.00489288737405648,0.9215287685084899,0.00024281876414132322,0.05420660625011875,0.08350587385304711
2018-01-23,2.2385364166726864e-05,2.1649130964407124e-05,0.010055966046341338,1.2173462367420066e-06,0.00022113970509528622,0.00018821681301344596
2018-01-24,0.0022016735281136,0.0027436623393478905,0.036557659393115234,0.00010202905475824375,0.02647806347097661,0.023332140369233992
2018-01-25,0.069804275102952,0.08755034593876118,0.9999997225986975,0.0035745251144431453,0.993198756864192,0.9950926647542324
2018-01-26,1.1079906319903131e-05,1.934274622732765e-05,0.007745635488144104,7.262242987679823e-07,0.00019521167459960324,9.521239409647408e-05
2018-01-29,7.029112282259396e-06,6.749303486744255e-06,0.007224502509535894,9.027766579084487e-07,7.798413717339869e-05,4.4037663244901165e-05
2018-01-30,0.0037936789013152,0.004847546229644948,0.9282514616827541,0.0005318514501510852,0.1017869682174233,0.34902371217929035
2018-01-31,1.4200330210707788e-05,1.301513494352063e-05,0.022525826108741428,1.5244782976335818e-06,0.00018279853422292896,9.32358574839477e-05
2018-02-01,0.0152914421535959,0.004034003489834025,0.9737967918664014,0.001562719879038648,0.11835702318298921,0.08083297295964911
2018-02-02,1.0,0.9999999999999998,1.0,1.0,1.0,1.0
2018-02-05,1.0,1.0,1.0,1.0,1.0,1.0
2018-02-06,1.0,1.0,1.0,1.0,1.0,1.0
2018-02-07,1.0,1.0,1.0,1.0,1.0,1.0
2018-02-08,1.0,1.0,1.0,1.0,1.0,1.0
2018-02-09,0.5500567487375513,0.2422445184849663,0.9991069184857274,0.632050650908921,0.7231207110478195,0.9253035563669575
2018-02-12,0.998378761624495,0.9987316276022893,1.0,0.9975972564098926,0.9999999994427071,0.9999999989595381
2018-02-13,0.000335993139532,0.0003165523341313859,0.012385605753211635,9.119451414314003e-05,0.00018386605737881375,4.5252769097507455e-05
2018-02-14,0.0084101448256436,0.013917437977984361,0.023451792111883765,0.004481396743699971,0.006061880806118459,0.0031803735383794727
2018-02-15,0.0078350736007052,0.012725068509888254,0.025320735570894797,0.0031575674975643153,0.005876948179356239,0.0013676624674475786
2018-02-16,0.0115613028095823,0.014732373130286532,0.03435061057495158,0.006861254685769843,0.012482476214877174,0.030866679485388092
2018-02-19,4.382387759604117e-05,7.654455048743557e-05,0.004061215569821474,9.208324895117141e-06,3.3395082450771655e-05,5.592492620876534e-06
2018-02-20,2.055628943134117e-05,3.591089168418175e-05,0.0035903343701748046,5.315745493041898e-06,1.5596746133587116e-05,4.316863955002143e-06
2018-02-21,2.164709041412317e-05,3.781582622009824e-05,0.003839053273686257,5.241979040222275e-06,1.5667818828976545e-05,3.2438146682748965e-06
2018-02-22,2.512219586010942e-05,4.388716350653954e-05,0.00441172751396796,5.814738764652127e-06,1.4728881589021672e-05,1.8691351815453048e-06
2018-02-23,2.325898738259124e-05,4.0632528246791897e-05,0.004087912071883562,5.590597958058867e-06,1.513899377371772e-05,2.4726987161542113e-06
2018-02-26,2.1084418530460756e-05,3.680394110262488e-05,0.003701052068321253,5.274636886085004e-06,1.4631117890219411e-05,3.4383241676857078e-06
2018-02-27,8.600155499603396e-05,6.733872467316989e-05,0.008522691752347024,1.5749163711962435e-05,3.174959932625212e-05,1.4306776924387456e-06
2018-02-28,0.0575991641728064,0.015699076442289652,0.07645391407752816,0.03652717736861361,0.01517731683681004,0.003294419337658886
2018-03-01,0.9994468314524384,0.9978824866382257,1.0,0.9990871116559361,0.9999999995720827,0.9999999986703187
2018-03-02,1.0,1.0,1.0,1.0,1.0,1.0
2018-03-05,0.397493323876145,0.18527174541273114,0.9979632678207377,0.11232951948334245,0.3355334131842615,0.09904780293446794
2018-03-06,0.8048452285004989,0.8405974186461982,0.9999999916208253,0.1964807357799949,0.9976083582110491,0.969782965797059
2018-03-07,0.0002753517343266,0.00025268956627146365,0.012009498254035592,3.061302644664884e-05,0.0001598089119207445,3.786276276449407e-05
2018-03-08,0.0148853544158175,0.01895070047830489,0.033737422199717794,0.011454694861383976,0.012156046417602186,0.04347464947725088
2018-03-09,4.388069768491288e-05,7.660411869717167e-05,0.003954352824056236,9.813780548545138e-06,2.984628622000763e-05,5.01649768649734e-06
2018-03-12,3.778221455534425e-05,3.496581770252844e-05,0.003580665021842951,1.026116460867795e-05,2.8180319493041802e-05,9.324073231439644e-06
2018-03-13,0.0126966661181819,0.016172958152427447,0.02248441209927145,0.008180045396183654,0.005878519594081168,0.002375226625683384
2018-03-14,5.7376694563938415e-05,0.00010015656336867316,0.005093961002370704,1.1561693673796345e-05,3.0149391639128184e-05,2.1560876188424617e-06
2018-03-15,5.206514096402387e-05,3.647783795391336e-05,0.00444574412527525,1.3422809206600607e-05,3.133584593007474e-05,1.0423855877008258e-05
2018-03-16,0.0919037094144814,0.025795037396599742,0.10318667137001399,0.057876768645459035,0.01566417447406746,0.0010763325296320068
2018-03-19,0.996672822962978,0.9977411556887844,1.0,0.9965204551705558,0.9999999990859578,0.999999998365638
2018-03-20,0.175957868996339,0.09748550692588759,0.25513694918301444,0.0498525354842228,0.020481244392611037,0.0012818756043261345
2018-03-21,0.5009461856783831,0.2074908706396808,0.9985315399094784,0.08549786635752935,0.20741001549412386,0.004585935765416439
2018-03-22,1.0,1.0,1.0,1.0,1.0,1.0
2018-03-23,0.1577621206355258,0.23523973403236365,0.9952203039733237,0.0892201464404837,0.1445904782872992,0.02171603407951518
2018-03-26,0.0182775309643811,0.02688582140064569,0.2376692704174632,0.010706124669865763,0.007603892548937376,0.0012429310162038422
2018-03-27,0.0324451560018684,0.04110559540057284,0.9821705030820702,0.021319596897143703,0.07373753450573667,0.03221939422261811
2018-03-28,4.719359592505171e-05,8.243451162010037e-05,0.012810697146317558,1.2943658497249172e-05,3.689109053566323e-05,7.0444228311020024e-06
2018-03-29,1.7784163882172275e-05,3.101786099382824e-05,0.004336873153098232,6.99966501722593e-06,2.2076243205906657e-05,2.375042568485652e-05
2018-03-30,0.0002335422351844,0.00040672462368480656,0.08218859002402874,3.804286566990309e-05,3.512988011645606e-05,4.390455683269384e-08
2018-04-02,0.0003825783637389,0.0003562027058395763,0.0775596885000445,6.6563261240882e-05,6.707273272834837e-05,9.899498859044666e-08
2018-04-03,0.0111807594223827,0.014562788472853612,0.0340831433207124,0.009163916426827328,0.005756241328326857,0.0014458121502176754
2018-04-04,0.0605012977689059,0.016519065512642622,0.09934430534812941,0.04421521958042376,0.01569230234748878,0.0009734702591593039
2018-04-05,1.0,1.0,1.0,1.0,1.0,1.0
2018-04-06,0.1391272578092327,0.18661105695493313,0.17021024673655225,0.12369650315595991,0.016660582955486357,0.0002847754226879461
2018-04-09,0.0635374685944099,0.09983973957769192,0.1132223314893386,0.04400906795840395,0.009061221582234477,7.580316946965835e-05
2018-04-10,0.014426664492873,0.01836888210788819,0.03212623275962643,0.01665694528085016,0.005934719688240574,0.001278557653719629
2018-04-11,3.954525426820798e-05,6.907635348429824e-05,0.003907871670749245,1.6799125740217923e-05,3.575824196983342e-05,1.0046639577177764e-05
2018-04-12,2.357823568863933e-05,4.118302827777682e-05,0.006242840960185512,1.7827078222098087e-05,4.298937722350343e-05,0.00021987131062016054
2018-04-13,5.706536851329272e-05,9.969334979514322e-05,0.011811794433497481,1.535102742272794e-05,1.5159183918502374e-05,1.6641745952704968e-07
2018-04-16,2.7652032778864792e-05,4.8283662012422805e-05,0.005317633580942163,9.688353609823478e-06,1.358733727912939e-05,8.841985931381008e-07
2018-04-17,4.71398209455294e-05,3.32156868749179e-05,0.013514571273462403,2.175919526626543e-05,5.111492467229244e-05,6.404518330170964e-05
2018-04-18,0.0900405543758417,0.11227517940522819,0.9890649383332072,0.0349521543112779,0.06232331471249574,0.0031476643384415973
2018-04-19,9.495906643561911e-05,0.00016586986417425548,0.021964475895577564,2.177434966918458e-05,3.099140591397283e-05,8.243500285085151e-07
2018-04-20,2.3794458024897337e-05,4.156910501897169e-05,0.004362009903239549,9.526389007701673e-06,1.369620878099506e-05,1.8836345327105918e-06
2018-04-23,2.660372785961455e-05,4.6454276406969706e-05,0.004823306544373866,1.0046951763870104e-05,1.3173467886597885e-05,1.1267957104298528e-06
2018-04-24,4.953861830437846e-05,4.288438421724643e-05,0.015658967743238206,1.946696298579887e-05,3.0718028139025845e-05,2.922985673045341e-06
2018-04-25,0.0297246724084807,0.04493364158490332,0.9941204970342399,0.0322652887700549,0.0670643594558839,0.020164132580310214
2018-04-26,0.0262427520519051,0.039348189237383854,0.9947042042431801,0.03022455650188115,0.07782109880548749,0.029999809328136194
2018-04-27,0.0281702489794503,0.03572807390916944,0.1433377821138092,0.019648785078265417,0.0075799371840651365,0.00017263984135857215
2018-04-30,6.572115851131236e-05,0.00011468137740615123,0.009155434750715848,1.7948673195488044e-05,3.0956241980605224e-05,1.022898394033777e-06
2018-05-01,0.0001482468104849,0.00014390428248532242,0.06433807076096526,5.968615991558859e-05,8.145615357001028e-05,1.0341302188355607e-07
2018-05-02,0.00113525423875,0.001959296953072477,0.04730954523278782,0.003249774132654251,0.005765806077323691,0.0010082292313714038
2018-05-03,0.0007497227776499,0.0012980852298011506,0.9392537383692331,0.0032702657450481127,0.039798500106370635,0.007857532092181487
2018-05-04,0.0002247701326429,0.0002873827994624627,0.025461803221409122,0.002299057784733818,0.007359035342350433,0.006091110359117191
2018-05-07,9.029149161181652e-07,8.804136010777382e-07,0.0012594244626557894,1.1336461661478788e-05,6.60088174015329e-05,0.0002978474135206029
2018-05-08,0.000150575177397,0.0002604112868516279,0.020362065629946722,0.001873288887002949,0.004831455811448187,0.0008631121292337363
2018-05-09,0.0005046965167127,0.0006452179674788098,0.9426794277057617,0.003057043954495528,0.041292727744310205,0.0025170682385568088
2018-05-10,1.3450139658579622e-06,1.3114031696054297e-06,0.005623020396537855,1.0807503951346137e-05,4.957310497449836e-05,6.653787243763979e-06
2018-05-11,0.000156768533937,0.00027079975595011523,0.02148488691719039,0.0013975409269297964,0.005235311823998921,0.0012003783932843354
2018-05-14,0.0007155863418949,0.001238639379185233,0.9889338271525087,0.0018155101144279825,0.05574710710345546,0.0033924558795151104
2018-05-15,0.0002782702111527,0.00048207863463560453,0.9761062763838827,0.0012504152214725661,0.03841127430708256,0.005616516112007076
2018-05-16,0.0001837960817158,0.0003184439403269094,0.026784554586622288,0.0008039399170141616,0.006105422578171655,0.0008668380097485444
2018-05-17,0.0001773610610348,0.00022677742196944187,0.006433486084790807,0.0009066986022346359,0.005638334346169491,0.0020589338950799782
2018-05-18,1.9218481559183585e-06,1.8735460127291037e-06,0.001491392789290613,7.0111731920229004e-06,8.408088077478388e-05,0.00030411372237362994
2018-05-21,0.0002154061649961,0.0003731871830558518,0.007247322731647501,0.0009064373238970494,0.005504170192375105,0.0021314816564489514
2018-05-22,0.0001847842517694,0.00031603772462643765,0.024152915404506856,0.0006458550329329396,0.008666190978519183,0.0036964312250005018
2018-05-23,0.0024889279893525,0.0031804184848946847,0.9846046559322542,0.020359576324340132,0.31293757440001835,0.8354055907933882
2018-05-24,5.1857392418893165e-06,5.05231180028658e-06,0.0084723229862373,8.631202883119629e-06,0.00019674953126418357,0.001335868070573601
2018-05-25,0.0003727608519305,0.0006144546270083715,0.029004390860757272,0.0007886879557895365,0.007552323253131098,0.0028695926948172643
2018-05-28,0.0092254511823161,0.0024227596373739974,0.9900039646292113,0.008444926075237063,0.13969336149180764,0.01466388160042717
2018-05-29,1.0,0.9999999999999947,1.0,1.0,1.0,1.0
2018-05-30,0.0053421171773207,0.0068210087706522034,0.977853771306586,0.011141775111892181,0.12524168407572703,0.06859074346685032
2018-05-31,4.015418723137709e-06,3.9047375820350174e-06,0.02052230493613316,5.914623916835652e-06,0.0001177770668740974,0.00011402418826456926
2018-06-01,0.000820512776273,0.0014147069924272543,0.9840485032629249,0.003488748665951006,0.09373999142736579,0.2794050865776992
2018-06-04,0.0009648064975617,0.0016656937036328627,0.9949080457686285,0.0008763333620722529,0.05513023995457706,0.01593172822842732
2018-06-05,0.0007102740235228,0.0009079017109687176,0.9761565527076381,0.0011979600300878013,0.050745920844235216,0.03152572457116744
2018-06-06,2.741104236007525e-06,4.788330279612839e-06,0.006655149252523211,2.975639599003922e-06,4.6727155667750725e-05,2.8276755496301114e-05
2018-06-07,3.344465795397086e-06,3.2500064343218213e-06,0.002634550501255097,3.702008912953373e-06,4.2254445100081594e-05,1.43166887096383e-05
2018-06-08,0.0009060140237286,0.00156548823049066,0.013791209738995343,0.000872842181211694,0.00784948452186413,0.0019975765014409626
2018-06-11,0.0005694865205141,0.0007279534188373838,0.012016254051289019,0.0006376683200184294,0.011011781552643592,0.02341437000166281
2018-06-12,3.155969980366604e-06,5.513458116242794e-06,0.002961727661230471,3.6964418571369423e-06,4.628951889535094e-05,7.617864326058602e-06
2018-06-13,2.633198076832592e-06,2.5275104338779285e-06,0.009119672250269573,4.622161184634944e-06,0.00010925867782110624,1.5234359319870185e-05
2018-06-14,0.0038126116397082,0.006526671117041735,0.999999893428145,0.0360390628312507,0.9961837273291116,0.9931885590506102
2018-06-15,0.001897645782372,0.003283191208483099,0.9999998856546947,0.0681475336267297,0.9977573186662687,0.9978674156533162
2018-06-18,0.0002083116607042,0.000266300899424871,0.026649709735983858,0.0010199437015145814,0.022691965960101267,0.025056601210047463
2018-06-19,6.997245699784345e-07,1.2225224057983258e-06,0.0015499118111862132,3.3062864347662346e-06,4.415060221309394e-05,0.00027244990996072674
2018-06-20,7.162335411623572e-07,6.970844961457773e-07,0.0014730077511206166,3.157011854371947e-06,2.9767742542259046e-05,2.9383056123030465e-05
2018-06-21,0.000531216230659,0.000675015774337801,0.03340027911743929,0.001010714471603445,0.02331287912358924,0.03889199881964144
2018-06-22,0.0647049416523146,0.017724466074132306,0.999999938961084,0.10266104993371009,0.9970191573888908,0.9914993807377094
2018-06-25,1.0,1.0,1.0,1.0,1.0,1.0
2018-06-26,0.0357564429414236,0.05983594889466717,0.14239796218030532,0.004238462452026127,0.045668197090704826,0.0041488239610097104
2018-06-27,0.0022599786895695,0.003882123289044764,0.06537057203771772,0.00019568348846044206,0.01106555222466907,0.007923629284442768
2018-06-28,0.0014577397522856,0.0025005955752048534,0.9816981953135393,0.0003195909333388494,0.07179295841190972,0.15969102307990773
2018-06-29,0.0018054589380826,0.0030711395557436244,0.9826750552286588,0.0003061520206950131,0.07412309929199401,0.1671556951096539
2018-07-02,0.0032925360600231,0.004205619953627441,0.07784143306382227,0.0002892854099731632,0.02153474079517214,0.08989526453260811
2018-07-03,1.3454136720230605e-05,2.350446469966406e-05,0.004376547693846307,1.6727790782534092e-06,0.00011175225369490526,0.00039624570627401403
2018-07-04,5.863281632935887e-06,1.0244933792648856e-05,0.0030668908458915092,8.780354478223147e-07,3.9785504406771945e-05,7.255750905256605e-05
2018-07-05,6.7249268438134725e-06,1.1750322782836734e-05,0.004017109772852677,1.0352656842044158e-06,5.329039403791466e-05,0.0002933965163633199
2018-07-06,6.19319309829769e-06,1.0821156663692734e-05,0.0033137334045730145,9.153590754830608e-07,3.8514829778446384e-05,3.116120104524068e-05
2018-07-09,6.193125635264517e-06,1.0816693883399011e-05,0.003313827113794608,8.862772981093533e-07,4.366327127409767e-05,0.00012141580324725245
2018-07-10,1.443842838597629e-05,1.103280290119848e-05,0.011223822809406519,1.8317551347001202e-06,0.00023906596401622929,0.0003435562293440532
2018-07-11,0.0647902877167098,0.08138176692651847,0.9999998236926486,0.040266965489837436,0.9971871386855092,0.9995681165908453
2018-07-12,3.04853233774405e-05,2.922019582967182e-05,0.013452634800769898,3.456837364598077e-06,0.0005668594102134861,0.0015057127137395312
2018-07-13,0.0042735705768984,0.005458711883240537,0.022884650850444072,0.0004889509873814485,0.01311395375635767,0.004821504242834393
2018-07-16,2.5720381144584756e-05,2.4820322133016713e-05,0.003658623374226616,2.5935238314481918e-06,0.00018140928207367388,0.00012257962302733962
2018-07-17,0.002693701158518,0.004608444579840785,0.019630573072196764,0.00029447639384245605,0.011144765960817503,0.0055878756152719184
2018-07-18,0.0021429911955198,0.0036505201846051714,0.01934824993305059,0.0001802121968740508,0.01109819761047073,0.00451715243831008
2018-07-19,0.0029932182563154,0.00382466473107587,0.019262219615591727,0.0002452213592342124,0.012047725404652323,0.004487398615239203
2018-07-20,2.484467648270386e-05,2.3775362105688128e-05,0.0034639335776134564,2.3542223765115563e-06,0.00018891171095851577,0.00022151532482785573
2018-07-23,0.0046838910601641,0.005980176666725443,0.024375486518098972,0.000491363556740703,0.014127590921275671,0.0048859478135024285
2018-07-24,2.1605109471671048e-05,3.7726276181693134e-05,0.006636116047777418,2.152309549295418e-06,0.00017330374321808002,0.0012743857228815513
2018-07-25,1.6378740725973303e-05,1.580881820089402e-05,0.0038906032902751796,1.5975991793667344e-06,8.643713636230254e-05,5.5369512503783435e-05
2018-07-26,0.0025346479015652,0.004322495457384056,0.016866486269341043,0.0001974217635088291,0.012182609928819473,0.03440166636739066
2018-07-27,0.0027456664290539,0.00350771264012789,0.016004010376959033,0.0002007274365826825,0.010719620897355934,0.006325465947284077
2018-07-30,1.9223977200931185e-05,3.3580294385886355e-05,0.0038744824892568024,1.5526726586761029e-06,9.082235842201951e-05,3.655588636439072e-05
2018-07-31,8.156701810882434e-06,1.4250864290959877e-05,0.003173289306889078,8.536694487087826e-07,4.1863916125678115e-05,7.620945772298847e-05
2018-08-01,8.18628175334998e-06,1.4302935844575087e-05,0.003233358048295137,8.415398351487823e-07,4.18238781564572e-05,7.385950762943306e-05
2018-08-02,1.8153292889319816e-05,3.171767800164688e-05,0.0118522217980614,2.232279092240644e-06,0.0001253086862714474,0.0023720976573479687
2018-08-03,1.0090819170988764e-05,1.7619889234347644e-05,0.004038690623793503,9.91509786927102e-07,5.300729974688284e-05,0.00022615180533930087
2018-08-06,2.4674803918188348e-05,2.367470623505436e-05,0.0048215397814872895,2.038521754026378e-06,8.774348410656388e-05,2.7609339186501805e-05
2018-08-07,0.0039569841284387,0.005053661328485623,0.015968616949092247,0.0003430556184337246,0.01006301770885206,0.006531753350634098
2018-08-08,2.287719018874985e-05,3.9913529702666755e-05,0.0038964175378942215,1.5875070271147603e-06,8.325520578671491e-05,2.4368424756660537e-05
2018-08-09,0.0001024210376303,1.8956532169651895e-05,0.011884714060706307,8.858932513539782e-06,0.0002088424269744035,6.587520312879864e-05
2018-08-10,0.999999999703732,0.9999999998264069,1.0,0.9999999999649845,1.0,1.0
2018-08-13,0.0190681604318657,0.024234543267127248,0.0489088133417384,0.001914095762896556,0.026314901060645688,0.01921512771728945
2018-08-14,0.0002784015362727,5.1551583554652024e-05,0.016348696254983353,2.0755484297841312e-05,0.00044949390349733036,5.386247692268785e-05
2018-08-15,0.9999999999897682,0.9999999999919371,1.0,0.9999999986416697,1.0,1.0
2018-08-16,0.0001804652419953,0.00031504039592208157,0.03173174129225624,1.891555525995041e-05,0.0005729580574397095,0.004423800624386661
2018-08-17,2.0042653080393827e-05,1.9326054479284142e-05,0.003725721482062069,1.7087499674811348e-06,7.180220371865253e-05,3.55486443321424e-05
2018-08-20,0.0027910802376413,0.00476117470079618,0.014801983672007513,0.0002429431468135588,0.008864582369903161,0.005443956303221304
2018-08-21,0.0026635938368351,0.003403343680410494,0.013864115251502435,0.0001679409883840217,0.01032083643110785,0.0096856476435635
2018-08-22,5.249511866370651e-06,9.168418439185773e-06,0.0014536479306342018,9.266046670002347e-07,4.649977314716282e-05,4.808199811759555e-05
2018-08-23,4.083786741856264e-06,7.130087040374296e-06,0.0019168638360291576,7.226022757359448e-07,2.3305792469148156e-05,1.2688145808140758e-05
2018-08-24,8.069461697674465e-06,7.82508407236902e-06,0.0021174069789281196,1.2795470117932292e-06,5.198018875965983e-05,2.8405134997600965e-05
2018-08-27,0.0014661506475466,0.0018739760412034173,0.008289183676758441,0.00020273792440625346,0.009132848610072934,0.015391436762243636
2018-08-28,6.167776734896015e-06,1.077203375411809e-05,0.0015427149342982665,1.0350477170214713e-06,4.596216433532844e-05,3.5279139260344235e-05
2018-08-29,3.951925919349094e-06,6.903977899969041e-06,0.0017999211025526783,7.215393187139049e-07,2.2045590523109686e-05,1.3811827977852084e-05
2018-08-30,2.4872321336056943e-06,4.345671142057117e-06,0.0013395961297550452,6.159824198277319e-07,1.9343790970001367e-05,3.230424509887353e-05
2018-08-31,3.7768556868238583e-06,6.598382815172774e-06,0.00287569838269474,1.075939299014834e-06,3.627163242633834e-05,0.0002647030180074149
2018-09-03,2.7042443049280725e-06,4.7231321188738606e-06,0.0015567612137725644,8.090979976511193e-07,1.6904286875697723e-05,9.451869314819138e-06
2018-09-04,7.259012137231018e-06,7.008895608334684e-06,0.010702897362372475,2.182570537264114e-06,9.14173848298316e-05,0.0008564924850199867
2018-09-05,0.0024388973264982,0.004206390920537009,0.9215816569683704,0.0006838621411716883,0.09154416831570615,0.3533138558555663
2018-09-06,0.0007051118738316,0.0009018281414032351,0.019678213418397855,0.0001884572870981022,0.006751324909277085,0.0024170525181054095
2018-09-07,8.978876848669763e-06,8.699811798624346e-06,0.004693036583773548,2.0619412430749873e-06,8.175624766914585e-05,5.292128458880498e-05
2018-09-10,0.0018336684968947,0.0031587798363900076,0.8963185743942683,0.00028903723851451176,0.04162436300700035,0.030779580532169296
2018-09-11,0.0009967763285973,0.0012741966345854736,0.026452141189723857,0.00023050271673087487,0.007664776170842523,0.0012248136035396626
2018-09-12,4.924078975690687e-06,8.60010285537071e-06,0.0014283089574397023,1.0327536433929125e-06,4.261831304403179e-05,5.519147880197147e-05
2018-09-13,3.3088171893579565e-06,5.780300169156876e-06,0.001608818963560738,7.153532134871811e-07,1.9844510208595572e-05,1.3626875569566336e-05
2018-09-14,3.346921109464443e-06,5.84687064743536e-06,0.001617914388870599,7.018107860823498e-07,2.022043260995124e-05,1.4197226181367485e-05
2018-09-17,3.786082541535536e-06,6.614338163191772e-06,0.0017812840920334158,6.499964595190881e-07,2.3402052604005726e-05,1.560985904101445e-05
2018-09-18,3.3828893378071106e-06,5.909799236105565e-06,0.0016516554175184056,6.166517649878938e-07,2.4455073416883127e-05,5.215709453587101e-05
2018-09-19,4.203756041883118e-06,7.3403711709556695e-06,0.0018603401412756115,6.717520530826499e-07,2.3773551897164865e-05,1.6770270790801783e-05
2018-09-20,7.207243889465419e-06,6.95435182481821e-06,0.006120192037944681,1.054256642391344e-06,6.0779261722337815e-05,0.00013640238066146517
2018-09-21,0.0026253449336551,0.004510470307199883,0.9154522908304404,0.00022051011879845595,0.048845478996128344,0.05645103434490869
2018-09-24,0.0013834017950072,0.002371260268275006,0.03594807136161749,8.825846073002723e-05,0.009746775289634359,0.005055782040270817
2018-09-25,0.0019526656107829,0.0024952778659486315,0.012361406378215178,0.0001265486450790656,0.009871470599998768,0.004658168658832397
2018-09-26,1.894199697288484e-05,3.3067120430508096e-05,0.004121479389871726,1.321467564108815e-06,9.960011219671503e-05,2.3236457105905125e-05
2018-09-27,1.2026346762585536e-05,1.1007579795938062e-05,0.008308087168812976,9.778544401942436e-07,0.00010606991080007516,0.00013311911625486517
2018-09-28,0.0154590920146788,0.019681260097156573,0.9798373913381125,0.0019396597528329538,0.27373165854717746,0.8564037325161974
2018-10-01,1.644469592644084e-05,2.8722425050670178e-05,0.009812777090953557,1.0789466881857375e-06,0.00011553141365449858,7.417628107902494e-05
2018-10-02,7.739764132417523e-06,1.3517253978544607e-05,0.002791964085785556,5.980334361014654e-07,3.942805784474455e-05,5.814736647199652e-05
2018-10-03,1.9964213152869213e-05,1.9259033437579582e-05,0.005236368696893502,1.3224660925027707e-06,0.00013698732677686748,0.0007527610736007271
2018-10-04,0.0026479514192763,0.00444340095514099,0.018891950591298456,0.00013037269176208654,0.013696247363656794,0.03712608679541237
2018-10-05,0.005711869297421,0.006732763713507414,0.0961823165585187,0.000163389255713529,0.06240409153899292,0.1966717656389804
2018-10-08,0.0848631009576811,0.13266329753508868,0.9999998708635841,0.022684690869785234,0.9983010994177707,0.9998016167028387
2018-10-09,0.0132638449342524,0.0034938110906070404,0.1192108654754914,0.0009075276723222935,0.0612174107252899,0.022557060589833547
2018-10-10,1.0,1.0,1.0,1.0,1.0,1.0
2018-10-11,1.0,1.0,1.0,1.0,1.0,1.0
2018-10-12,0.0231927361180097,0.029454146285747936,0.05357706809266146,0.0030062974565537256,0.023271653245552085,0.004752821914509513
2018-10-15,0.0001898909494587,3.516165355621254e-05,0.010588506530104186,1.930398231318961e-05,0.00031153847220606384,7.085571260648745e-05
2018-10-16,1.0,0.9999999999999998,1.0,1.0,1.0,1.0
2018-10-17,0.0001528870226994,0.00014533139169538523,0.028857809488137938,2.2178711575660066e-05,0.00034683222237249367,0.0004184712138387523
2018-10-18,0.0062870091082185,0.010665302689947689,0.949809638231908,0.0007254628036123719,0.061705541554260245,0.09560990068218707
2018-10-19,0.0032944384761835,0.005070522240887183,0.05890870612412629,0.00030988059354297704,0.008887778324805575,0.002897292764289272
2018-10-22,0.022476815487241,0.005961587264132199,0.06930719772200536,0.002844533660361791,0.02302510429905468,0.004292613174133801
2018-10-23,1.0,1.0,1.0,1.0,1.0,1.0
2018-10-24,0.0201737019855864,0.03325125075250859,0.17064870506004515,0.0032761872909644277,0.026730334652480717,0.023550259405653057
2018-10-25,0.0075217941280719,0.012502124549747843,0.9669622096371617,0.0006812158079990115,0.066394193757058,0.05556925856373324
2018-10-26,0.0070627033758695,0.009010231925999522,0.1113397659759613,0.000844274867680195,0.025945619328272326,0.14390896223848124
2018-10-29,5.5118159514561583e-05,9.617229992595362e-05,0.01676459512194744,8.074225220482235e-06,0.0003003776450566735,0.005911402249726016
2018-10-30,0.0001095256192168,2.0271508299794358e-05,0.010939114620436133,1.412211507627665e-05,0.00016593236863730637,7.838813960941204e-05
2018-10-31,0.9999999999122338,0.9999999999447384,1.0,0.9999999999272404,1.0,1.0
2018-11-01,0.0985661134465364,0.1568667570782611,0.9946201903184293,0.005510164806956712,0.1886857861760101,0.032026306969970615
2018-11-02,0.0053054963875416,0.006773274145391715,0.052470798357829175,0.00037582734329329653,0.012045119662357811,0.006858266369663608
2018-11-05,2.2555869184440025e-05,3.9370921431812304e-05,0.0036796359232118356,2.16552061949305e-06,6.991175708929073e-05,3.3782553510692016e-05
2018-11-06,3.993597527537704e-05,2.1360751826091572e-05,0.012144867604163466,4.066557481768246e-06,0.00017618593423536136,4.744602269478737e-05
2018-11-07,0.1929385354699882,0.23409867830423964,0.9999999103611157,0.14493321179149646,0.9987608318529553,0.9998589558413831
2018-11-08,4.035874348834902e-05,7.04538234038531e-05,0.011344536842162542,3.981866128917425e-06,0.0001672342394426806,5.8891720361188786e-05
2018-11-09,2.0101361102145933e-05,1.8922092803717953e-05,0.01017780636421459,2.380631954424881e-06,7.553210051975462e-05,0.0001249600107090824
2018-11-12,0.0085499485180881,0.010905449792342994,0.9522342895685771,0.0010144067406501753,0.07013036806401704,0.11853865058359071
2018-11-13,2.187655476392482e-05,3.819307398948999e-05,0.010888079937907637,2.187773682158608e-06,9.497227397543015e-05,0.00021370293400231908
2018-11-14,2.421311937418386e-05,2.3209102652891552e-05,0.004694925646975431,3.0135960244626547e-06,0.00011257292550318083,0.0007766898605008911
2018-11-15,0.0041807682909781,0.005339156600668193,0.015469001483988953,0.0004587612200859302,0.010299634566404262,0.019442483375451864
2018-11-16,2.139806877270958e-05,3.732404352787931e-05,0.0032026151223845997,1.8705718431191502e-06,6.98432564642542e-05,4.3327579690134864e-05
2018-11-19,0.0001515829908709,2.8054977046917797e-05,0.021977162199293476,1.9963434443841177e-05,0.00042026383325057584,0.0024449327544680574
2018-11-20,0.999999999896545,0.9999999999246076,1.0,0.9999999999995453,1.0,1.0
2018-11-21,0.2467819712050269,0.29521862906550633,0.48303815292742247,0.03822504918175324,0.3256627250982396,0.9487379594851281
2018-11-22,5.053622126317129e-05,8.820917946549422e-05,0.009265031059785406,4.207263127428107e-06,0.00015430208983144918,0.0009256309616734934
2018-11-23,3.699816567854538e-05,1.9583218784190216e-05,0.009767441612396328,3.2029476542660972e-06,0.00014518900591968387,7.258696678246977e-05
2018-11-26,0.197445581099985,0.23928635927552422,0.9999998623579908,0.05443707042597883,0.9972615446330462,0.9991389521128313
2018-11-27,4.011131169151954e-05,7.00134818529338e-05,0.010690053393388051,3.158100140772756e-06,0.00013026580090490697,3.219534357936445e-05
2018-11-28,2.975292735799928e-05,2.7679193056342716e-05,0.013982830193044585,3.2110640147484046e-06,5.975805652097592e-05,1.3879541153354228e-05
2018-11-29,0.0114295702085842,0.014558245413931427,0.9576103325930347,0.0011443540857120793,0.06133919748983712,0.050189878524065916
2018-11-30,0.0002536025321121,4.6959689993611044e-05,0.03880989378894425,2.6700551896808553e-05,0.0003229322287518012,4.547120663079902e-05
2018-12-03,0.999999999927013,0.9999999999554698,1.0,0.9999999999968168,1.0,1.0
2018-12-04,0.0664601748209854,0.08334063609619452,0.9910308259099174,0.019274136006790264,0.2752737770258214,0.4978111074476165
2018-12-05,0.0004311691506557,7.983732633116275e-05,0.08019644383191242,7.054632784759732e-05,0.001224705221439696,0.007698188045214015
2018-12-06,1.0,1.0,1.0,1.0,1.0,1.0
2018-12-07,0.1743561803486339,0.05220480101406589,0.2137255518435284,0.0883524579584193,0.06169453023476331,0.04364133551134067
2018-12-10,0.9999992983041652,0.9999993857658076,1.0,0.999999989870048,1.0,1.0
2018-12-11,0.4018155102620288,0.14908348190701542,0.5049179462764372,0.2882043176073992,0.21782800732258653,0.6800628702511691
2018-12-12,0.9999999999820376,0.9999999999889608,1.0,0.9999999999968168,1.0,1.0
2018-12-13,0.0664466778213086,0.08340390553015611,0.08517307559204987,0.022933752088104373,0.018407387024898306,0.001436447566526457
2018-12-14,4.8339859635299975e-05,8.437226640003609e-05,0.0053167163232464044,7.399448902490883e-06,3.585029254952782e-05,6.214087620460745e-06
2018-12-17,0.0001198109867711,0.00020907543346463468,0.07648983044805617,6.0628847951157894e-05,0.00047500588814940246,0.04998552989019922
2018-12-18,0.0001164395481553,3.388977797275542e-05,0.019386570206779457,4.8814341891826716e-05,0.00020941659940045012,0.0007778065579699561
2018-12-19,0.5506903969437629,0.2422394274271231,0.9997064210728716,0.7475027041612962,0.9324777763118163,0.999176136648462
2018-12-20,1.0,1.0,1.0,1.0,1.0,1.0
2018-12-21,0.0302907463681918,0.04982871547730853,0.07310997990616115,0.009771062538116168,0.02520313429068068,0.031478133041866765
2018-12-24,0.0068415173149899,0.008717449303286393,0.025585776634722463,0.0014834885920237827,0.007369199051702057,0.003246061648155745
2018-12-25,0.0003826589039503,0.000659286065386598,0.09647616586344153,3.3442048001515146e-05,0.00011675569432595787,3.2547972837683473e-07
2018-12-26,0.0016453536310695,0.00035236670781651895,0.22516742995249756,0.0002071592561418346,0.0002845418092351456,5.30427579845821e-07
2018-12-27,0.8338161685369198,0.5675827680323651,0.9999999936098902,0.9530639424777789,0.9998582374189783,0.9999856240052565
2018-12-28,0.9989780148973056,0.9993492924357606,1.0,0.9999669920243711,0.9999999999704414,0.999999999996362
2018-12-31,0.1107822327150191,0.137001770518912,0.1927521800442464,0.03346125711194114,0.024741994097644555,0.0007955367712978313
2019-01-01,0.0012583907211807,0.0010801168632241823,0.26637980306907855,9.091056888644291e-05,0.00024444777798316006,4.312338148889338e-07
2019-01-02,0.0321929903248677,0.04829705991654364,0.9873690470756005,0.004685698813645986,0.06444254093582824,0.010940696614330258
2019-01-03,0.0280224835048617,0.007463591716802024,0.1932746889488047,0.009915426691186714,0.02220376591377329,0.00946717266697828
2019-01-04,1.0,1.0,1.0,1.0,1.0,1.0
2019-01-07,0.0002410303101148,0.000228867210861008,0.01154524536836782,6.31051605664085e-05,0.00027327461870817345,0.00015160893476983873
2019-01-08,0.0065194863431168,0.008319513969210017,0.01987086766474493,0.0028139829456526357,0.007862500291069047,0.006680082539859953
2019-01-09,3.2088143374182984e-05,5.60204013428377e-05,0.005409864710491037,9.414900860848206e-06,0.00011293369987696523,0.0005707399392911618
2019-01-10,4.455867295847295e-05,4.123509484207446e-05,0.00654510825654161,8.354395469722804e-06,4.5331800509156694e-05,3.378586885063407e-06
2019-01-11,0.012698803160888,0.02131409046592736,0.04044480566628379,0.0037703160086490365,0.008904769268960772,0.0006697146548836845
2019-01-14,0.0046239499533585,0.007742522506469215,0.0223813126431693,0.001507078124826802,0.007407459369786807,0.004538980333413573
2019-01-15,0.005925777077915,0.007563468861176271,0.021173518173053126,0.0017785568964852738,0.007381866780558291,0.0019168496626281771
2019-01-16,2.696401982934225e-05,4.702922696224779e-05,0.003761078436225184,6.3318220534888265e-06,7.071848820274441e-05,0.000123789019496021
2019-01-17,0.0001607702435876,2.9756251630067312e-05,0.013504550505771654,3.513187264910913e-05,0.00011591104626390713,1.4299043846522258e-05
2019-01-18,0.999998215645974,0.9999986042541632,1.0,0.9999997282030023,1.0,1.0
2019-01-21,0.0001722620600243,0.0003007347367482848,0.01386035149439159,3.718854085476632e-05,0.00011210848414571217,1.2605006377891917e-05
2019-01-22,2.6569448989427746e-05,2.484156982088523e-05,0.003496672996048655,6.462377887623355e-06,4.647847487092411e-05,3.536175774591516e-05
2019-01-23,0.0101897748100714,0.016280539069580637,0.03155867286173178,0.0029832422126927246,0.007494184516217579,0.0009572069978688809
2019-01-24,0.0147096596944526,0.01872784466886756,0.038836397404205185,0.00314790567857699,0.00907531614634039,0.0005499465153039367
2019-01-25,4.115563154332439e-05,7.188725068604734e-05,0.006447116911199611,1.0342954365883208e-05,0.00012306119344314062,0.0007659338505819459
2019-01-28,2.158285693647948e-05,3.768614280415522e-05,0.006503495679629162,6.939102708345105e-06,6.0405082158359856e-05,0.0005734799263283692
2019-01-29,2.867557657092801e-05,2.7054190229437148e-05,0.0033925735468459295,6.229953802360865e-06,4.3822525108711696e-05,3.0030435768589093e-05
2019-01-30,0.0079944158185213,0.013104283639318764,0.025526612247011467,0.002397744584431493,0.006888765452008819,0.0014314893392949736
2019-01-31,0.0097305135272308,0.012409331430085777,0.0279702065430659,0.0022016476800024803,0.007864920939362668,0.0008980937100742424
2019-02-01,6.002394609256209e-05,5.179313084426444e-05,0.004156027252686323,9.728689803730643e-06,0.00010401425032686367,5.6189914222553774e-05
2019-02-04,0.0307466713763568,0.017216768404321806,0.09904843261682615,0.012716846384112414,0.020990242828842955,0.0019190032975864063
2019-02-05,0.3919227209759399,0.45157494985576235,0.9999999675983423,0.5642104078744767,0.9995066066389409,0.9999350376484735
2019-02-06,0.0007023679693079,0.00013009034366813865,0.03721878763498856,0.0001966198523778147,0.0006650934878280185,0.00015951492571909681
2019-02-07,0.9999999999743068,0.9999999999799449,1.0,0.9999999999986358,1.0,1.0
2019-02-08,0.000325216840064,0.0003090097575595362,0.017555284461130114,9.520176601358873e-05,0.0004859113695022929,0.0018997089109788355
2019-02-11,0.0063523801388807,0.01070220196538194,0.02288494961993439,0.0023229722829924493,0.008417842787037624,0.014958245592891417
2019-02-12,0.0045891468923612,0.007724621639667919,0.02142116146925949,0.0011708219494769793,0.008097224723565614,0.008117279624814632
2019-02-13,0.0049431726385614,0.007289748594943167,0.02259354078467906,0.0010368123579228593,0.007382061880500608,0.003823569020038046
2019-02-14,0.0314025338370797,0.008448573706285482,0.07186969783530053,0.00829671711960213,0.018992676344238735,0.0034445976600009877
2019-02-15,0.9913390246985878,0.9932128075195504,1.0,0.9851239517355923,0.9999999987794581,0.9999999989677235
2019-02-18,0.0001461296089235,0.00025506182753040363,0.011401429066744824,2.6727637123386516e-05,0.00011782168064468755,3.0750374377505954e-05
2019-02-19,5.7054795254805326e-05,5.3910238346742906e-05,0.007423943986487793,7.830506616651302e-06,4.7318018286921283e-05,3.1830636241934795e-06
2019-02-20,0.0076176846732354,0.009718604566471882,0.01915087888570594,0.0021237926479478124,0.0071768520466427635,0.00368325584289104
2019-02-21,2.771655409039429e-05,4.8382135228348774e-05,0.003196959365807698,4.621922462201167e-06,5.562584688522834e-05,4.822800517665834e-05
2019-02-22,3.836887081230767e-05,3.557294267289251e-05,0.004624861449096152,5.88005103047162e-06,4.3148050826959945e-05,7.712125615973872e-06
2019-02-25,0.0122559785532086,0.015614199215366236,0.029571439666978075,0.0027138642700860202,0.008780487822407358,0.0011852706468519665
2019-02-26,5.097660510378877e-05,8.898856144050148e-05,0.006078855835579676,6.128648479675697e-06,5.0698416961793104e-05,3.5076884354248374e-06
2019-02-27,2.797862509018553e-05,2.674312919680909e-05,0.0033730000140277873,4.548657436372146e-06,4.316579879356831e-05,2.0731857769185466e-05
2019-02-28,0.0048646210629465,0.008246254526730315,0.022409209546726854,0.0009265785026296538,0.008404711213042277,0.0024843239474994015
2019-03-01,0.0035935790356859,0.0060796223983225995,0.021224749317544204,0.0005793682740852284,0.008176074069594384,0.002304200678145589
2019-03-04,0.0041000152204386,0.005235742208562081,0.021179489611737625,0.0006757584650356412,0.009561832035467887,0.002197055721370863
2019-03-05,2.516481826955456e-05,4.3960152571517045e-05,0.004821143242803997,3.483691214247789e-06,6.834994153555873e-05,9.381279548495226e-06
2019-03-06,6.73717987384329e-06,1.1771281605408296e-05,0.002860980840527743,1.592403477859232e-06,3.014493515667968e-05,3.0261513905649223e-05
2019-03-07,8.459881124677317e-06,1.4781201108524542e-05,0.003859991266699599,2.178157075207449e-06,4.7367637993976594e-05,0.00025319083946267595
2019-03-08,9.938901316342167e-06,1.736509923275486e-05,0.0044238827956230116,2.442484147248933e-06,5.378625102007458e-05,0.0003662483951018647
2019-03-11,7.962232450831452e-06,1.391101157268301e-05,0.0030388862124692516,1.6951298628355988e-06,3.4924558224983904e-05,7.111400182954785e-05
2019-03-12,1.2556769073726729e-05,2.1938338307456094e-05,0.00472778417416032,2.1585451531877202e-06,3.113987751380517e-05,5.297044403818326e-06
2019-03-13,9.14701442241321e-06,1.5981719265980585e-05,0.0030445670362148,1.8351882206206817e-06,3.315733737320158e-05,5.676474432027823e-05
2019-03-14,7.611919159743408e-06,1.3299850589148721e-05,0.0036049740996120165,1.9084744723355912e-06,4.503150612172619e-05,0.00021319352848827216
2019-03-15,7.340091693056023e-06,1.281886533574677e-05,0.003465101386765033,1.7758587615754024e-06,4.345815889771073e-05,0.00018507695127749376
2019-03-18,1.4203384436639116e-05,1.3719177945810936e-05,0.003049199076730384,2.757313990689627e-06,6.921297170131911e-05,0.00012434241799450947
2019-03-19,0.0023609676808416,0.004025818957413102,0.015630349194792382,0.0004979109209280643,0.00850986219244178,0.008743987975208414
2019-03-20,0.0027876853867327,0.003560225410465637,0.017084460262653936,0.00044715668489501596,0.01058723753843498,0.014264456592910079
2019-03-21,0.0001421890777682,2.632293984519528e-05,0.012666557005887199,2.4965884332949543e-05,0.0003862855953646165,6.6683765516339e-05
2019-03-22,1.0,0.9999999999999984,1.0,1.0,1.0,1.0
2019-03-25,6.287140785916948e-05,0.00010983597325460327,0.01065650022890641,1.5000647343892998e-05,0.00016602717682892267,5.788504383802217e-05
2019-03-26,6.144898701203568e-06,1.0736387043535092e-05,0.0029022906214677914,1.4699013957888975e-06,3.0448520373898815e-05,2.88199517901361e-05
2019-03-27,1.0277223962772629e-05,1.7948920010162815e-05,0.004869880140507927,2.068543087614263e-06,3.280677273848539e-05,5.401360782249619e-06
2019-03-28,1.878607488676484e-05,1.8232099522528193e-05,0.005044215091585514,3.5473603540393185e-06,6.75771948270048e-05,1.4337490876826615e-05
2019-03-29,0.0012306325456155,0.0017879011298168228,0.05130381143879195,0.001283858797111535,0.03196553950344267,0.08315267596469997
2019-04-01,0.0343948589653684,0.043565501433095344,0.9999999025221816,0.2077179686514439,0.9988560851451945,0.9998328432390278
2019-04-02,9.887041848281903e-06,9.557260654071335e-06,0.008770004517724507,9.579487439502504e-06,0.00027980787467047534,0.00012979545728459044
2019-04-03,0.0022447906267933,0.0028681356009027134,0.025673785323733267,0.0014720200909520216,0.021213131762718627,0.14667437818967854
2019-04-04,6.505386558789325e-06,1.1366393419447347e-05,0.0034012362508664255,3.3526948069268816e-06,5.605403423267286e-05,1.1635721833736233e-05
2019-04-05,2.0676671002674703e-06,3.6131391970617186e-06,0.002099136801290019,1.622922570874283e-06,2.3922912237189002e-05,3.275649184696339e-05
2019-04-08,2.2370624084010457e-06,3.90914312170046e-06,0.0023963080874243705,1.5750161672533997e-06,2.3716114255760514e-05,1.4401017147074908e-05
2019-04-09,2.107203285821892e-06,3.682208097207043e-06,0.002156829395105056,1.5062979156988945e-06,2.650706629439273e-05,5.705926469417588e-05
2019-04-10,2.237807478421674e-06,3.9104278339475964e-06,0.0022593378337874117,1.5432361315699018e-06,2.384876834585299e-05,1.9817641810375e-05
2019-04-11,2.308574070616165e-06,4.034200014197858e-06,0.002304779262330563,1.5618977489276742e-06,2.385434468109892e-05,1.7954272613467897e-05
2019-04-12,1.2871428833990209e-06,2.2492965389356137e-06,0.0018669886155931448,1.486020440039465e-06,2.2329841719040942e-05,3.98391808902879e-05
2019-04-15,1.8525151445725089e-06,3.2372964716774433e-06,0.002696436432952948,1.7903788494213562e-06,2.28801024000302e-05,7.708750314838448e-06
2019-04-16,1.7161342239269786e-06,2.9989557588111084e-06,0.0024581446662906795,1.7068398481706253e-06,2.215230329481246e-05,9.465151931691645e-06
2019-04-17,1.7922877922567354e-06,3.1320394708525684e-06,0.0024637477470976043,1.7385034621345281e-06,2.2108292921141704e-05,9.312316867197647e-06
2019-04-18,1.6610782988449996e-06,2.9027294247037173e-06,0.002491228505892179,1.7552925218345547e-06,2.1445783270463438e-05,9.433900017915134e-06
2019-04-19,1.0586234761090969e-05,1.8500592064545857e-05,0.02271946935771171,7.624247416572438e-06,5.5977011604692294e-05,8.094772292573047e-07
2019-04-22,7.4925263961411185e-06,1.309393827528597e-05,0.02285610343987702,8.532137096511985e-06,5.32227847797229e-05,6.877972718024393e-07
2019-04-23,8.008751285344257e-07,1.399508377934048e-06,0.001701651656898321,1.6570006470855832e-06,1.7971013555852927e-05,2.172761872162799e-05
2019-04-24,2.111096505729805e-06,3.6890044417725814e-06,0.0021899255848554337,1.4834126055447878e-06,2.7508395435425342e-05,6.942343809828767e-05
2019-04-25,2.2023740117913724e-06,3.8484902549507234e-06,0.0021889307891431787,1.4679022162725783e-06,2.560308940987542e-05,3.997773730865655e-05
2019-04-26,6.068965011790368e-06,1.0605206055141577e-05,0.006192812720181267,2.6576373550003137e-06,3.473346724978161e-05,3.1498978595161515e-06
2019-04-29,3.948423826320269e-06,6.899698640321095e-06,0.0038066744445206927,1.9702190270054395e-06,2.8080560993200345e-05,5.854061410658647e-06
2019-04-30,2.1558627060764354e-06,3.767240655361299e-06,0.0025240230840939946,1.393909243585366e-06,2.4884327935043417e-05,1.9027858284582104e-05
2019-05-01,1.3565290105673362e-05,2.3706572423879937e-05,0.02746370025947132,7.979627677694067e-06,6.908348757243147e-05,9.488494470774821e-07
2019-05-02,1.0000012913178397e-06,1.747176253977561e-06,0.002159153422074568,1.497637230485762e-06,2.61672276813001e-05,0.0001458388527637099
2019-05-03,3.2600548318623546e-06,3.1571397960943215e-06,0.011530828288223867,3.2144725637262634e-06,7.323176157917293e-05,1.832859121269052e-05
2019-05-06,0.0017064951581098,0.0024557539743928006,0.9858373054835126,0.003984816249102206,0.22206962772891448,0.521856023414446
2019-05-07,0.0364609492168235,0.04614541263398525,0.9999999710053094,0.1878174003691797,0.9990002877886079,0.9998791210996562
2019-05-08,6.48406916000811e-05,1.2002167719503726e-05,0.029576344541528594,4.238480355117917e-05,0.0008696267908602191,0.00035468112457803455
2019-05-09,0.9999999989811386,0.9999999992032493,1.0,0.999999999998181,1.0,1.0
2019-05-10,8.191727525634724e-05,7.113583651414685e-05,0.031198185885780355,2.9762251117295866e-05,0.0006544854430212635,0.00043517048300775274
2019-05-13,0.028972577899203,0.036738110773904695,0.9949187226037618,0.03211139631877312,0.5387135921947731,0.9786326181874221
2019-05-14,4.943885155268325e-05,8.63328459989577e-05,0.06315437056576784,1.2878926413383279e-05,0.000736394633238526,0.023946468888933578
2019-05-15,1.653712130509238e-05,1.5192521404305299e-05,0.004407282823913087,2.8058547173229835e-06,6.68238427090888e-05,4.472782530669763e-05
2019-05-16,0.0145134052166618,0.018484720398804225,0.06997931052862102,0.0025927680744485815,0.04824180681641129,0.5238238423469297
2019-05-17,4.7761045710490174e-05,4.497958611451579e-05,0.005088087192013269,5.562529216392067e-06,0.0001484133476674921,4.872890864426666e-05
2019-05-20,0.0085504291445366,0.010905885676396204,0.03846443969700207,0.0015306177675426143,0.025957989679042844,0.21680968185088956
2019-05-21,2.033242549154204e-05,3.5475252911923394e-05,0.0036829233372503304,2.9374972504861904e-06,8.717354719801846e-05,0.0002055753670077576
2019-05-22,0.0001171695989433,2.1685683003634586e-05,0.014054066292692057,1.8708946143127893e-05,0.0001666851948656525,2.521006449715428e-05
2019-05-23,1.0,1.0,1.0,1.0,1.0,1.0
2019-05-24,0.0002052773818251,0.00019723674134683786,0.011501569740149122,3.090657662069003e-05,0.00040113735589079327,0.0006852195684054028
2019-05-27,0.0037048529894787,0.0062899553339452316,0.01714153375167703,0.0005215865634933315,0.007845949863784566,0.0066018619155343156
2019-05-28,0.003436049243581,0.005091669620098725,0.03376186722525376,0.00034696462274549033,0.009825573261361017,0.008483171119632808
2019-05-29,0.0303207318603825,0.04981241296716423,0.43688177604434564,0.0031063716452043376,0.13075445748583897,0.8721231539571095
2019-05-30,0.0071317320805664,0.012018398235397482,0.971106754321741,0.0006023172508739659,0.0760220053845979,0.10564936895602656
2019-05-31,0.0044553984485588,0.005690972028713288,0.06579488925492406,0.00045919439691374965,0.015205928651732144,0.03948932847246879
2019-06-03,4.3550322145043546e-05,4.125448389144568e-05,0.003950400975426306,4.069065435450165e-06,0.0001404427692016526,7.309606355139896e-05
2019-06-04,0.0071714783474822,0.009150726091452442,0.029719503712248907,0.0008619233186629953,0.02109580176428994,0.14215526195831546
2019-06-05,2.3270334302134812e-05,4.064354318284889e-05,0.0034810136327546584,2.171433911219276e-06,7.06662893312706e-05,3.441750618373281e-05
2019-06-06,1.2753808074044546e-05,2.227151235081974e-05,0.0036059948827148933,1.3323036556869178e-06,3.204310228370731e-05,1.3543020056698395e-05
2019-06-07,3.3535934611347126e-05,3.221006698327862e-05,0.007937155726001505,4.481322747246995e-06,0.00017925011055374278,0.0025335282942950585
2019-06-10,0.0036869859894529,0.006260388008829041,0.01773950790238066,0.00041117363579670855,0.00862541143273616,0.004776545646921258
2019-06-11,0.0034153672907954,0.004362507154570847,0.015691413536369773,0.00033433464406248,0.009607830437171219,0.009257378330415766
2019-06-12,2.1899114799953128e-05,3.824873514927627e-05,0.003364102132255772,2.2957108728114863e-06,8.773666026707696e-05,0.0002091782884975428
2019-06-13,1.2090422851502197e-05,2.112138604058826e-05,0.0031447876200104666,1.3279327367483104e-06,2.9322031775491402e-05,1.655058660801251e-05
2019-06-14,1.1536904155681177e-05,2.014070325008738e-05,0.0032034220609912486,1.2663250465864173e-06,3.113534963103379e-05,2.055055941362827e-05
2019-06-17,4.547497848298036e-05,2.101229570715502e-05,0.011896313092225136,5.630394707847605e-06,0.00017914571756645295,5.198600214434879e-05
2019-06-18,0.2602336445699502,0.3102214416166779,0.9999999513947854,0.322459297134525,0.999469676926464,0.9999709088563253
2019-06-19,6.13007173422054e-05,0.0001070701636063742,0.01612972282983679,7.1480484161257245e-06,0.00018751137849297916,2.3769608377287637e-05
2019-06-20,1.2566045780827784e-05,2.195279858167447e-05,0.003764904085990943,1.4666105751423934e-06,3.1622348080406434e-05,1.2572151950148174e-05
2019-06-21,1.4066019009109088e-05,2.4574091614200024e-05,0.0042223452681695774,1.643811992657665e-06,3.2503257415878805e-05,8.626150999051906e-06
2019-06-24,9.776122870887876e-06,1.7079370182729123e-05,0.0030665799696340743,1.2699588707984075e-06,3.630700778982638e-05,6.282721808507464e-05
2019-06-25,9.997924187540955e-06,1.7458855041295347e-05,0.003121563194754014,1.3101370515545747e-06,3.26033843722097e-05,2.671130044039798e-05
2019-06-26,2.1773560122061224e-05,2.0716477195055283e-05,0.004444942259213863,2.7602611590016618e-06,7.091358108281428e-05,2.1552958430898563e-05
2019-06-27,0.0059550807679898,0.007601039778852948,0.023687404547256163,0.0007597380231432592,0.011388574486949835,0.003199479268269914
2019-06-28,1.940819888220754e-05,3.3902528194783425e-05,0.003673145180681018,2.3405743382634204e-06,9.659110749525243e-05,0.00024297760315964724
2019-07-01,1.4592019742686329e-05,2.5481674546044735e-05,0.006856050572299824,2.482497243032432e-06,7.928013945869608e-05,0.0009303261861520302
2019-07-02,2.331701542569776e-05,2.214577426223936e-05,0.014724771743692909,2.9449547104960547e-06,7.746692902471906e-05,2.0884563822850396e-05
2019-07-03,0.0063810346386066,0.00814386434537179,0.9553373692662047,0.0013141307428805318,0.08036016840147121,0.18812606941919463
2019-07-04,2.1585615808328363e-05,3.7702953214657474e-05,0.011192280198380488,2.2538587465164815e-06,7.835818927385753e-05,3.647470001765365e-05
2019-07-05,1.0326495868665393e-05,1.8031221467308807e-05,0.0030882586126016152,1.3266627623464712e-06,3.268384412659783e-05,3.407615141761772e-05
2019-07-08,1.9708135103373576e-05,1.8814062335226397e-05,0.0032126849322836686,2.3507127700977846e-06,6.586566005042985e-05,6.057156380725044e-05
2019-07-09,0.0051664594039062,0.006595980027967655,0.020204396264899626,0.0006876595042569853,0.013483942652849372,0.0477108176989375
2019-07-10,2.503698312997972e-05,4.372922114449711e-05,0.003585438464507213,2.315376645307197e-06,6.806880079597544e-05,2.413153079690506e-05
2019-07-11,1.2095708285658782e-05,2.1130273806546605e-05,0.003286773696992647,1.386394630450834e-06,3.0417205025807933e-05,1.679220249828319e-05
2019-07-12,1.843835544406754e-05,3.2211593409920215e-05,0.005395787613354011,1.9238436574332666e-06,3.446718134226002e-05,5.43439049683455e-06
2019-07-15,1.2122502122287468e-05,2.1177732921725088e-05,0.0033708290072381212,1.3967937752671666e-06,3.085879522086669e-05,1.5799372147380877e-05
2019-07-16,1.168092926771784e-05,2.03974722731857e-05,0.003189256831399897,1.377011652142685e-06,3.06010660022342e-05,1.943468403431944e-05
2019-07-17,2.222378291024635e-05,2.125532798092718e-05,0.004128076097018221,3.213711357864195e-06,9.931236613931995e-05,0.0005196822435728168
2019-07-18,0.0047075712597327,0.006010875494991246,0.016892198979064132,0.0006543782680826757,0.0089035277129367,0.005505605488938408
2019-07-19,1.9864724251614503e-05,3.469681602140979e-05,0.003289546521085258,2.4231942721697555e-06,8.329098757400735e-05,0.00014308341540156776
2019-07-22,1.3717931107214982e-05,2.396625212021578e-05,0.004016449879584388,1.585689130691717e-06,3.180310035431132e-05,9.72064925553362e-06
2019-07-23,1.6885720060904906e-05,2.9500476953122985e-05,0.007159070859446158,2.859374253237738e-06,8.250850829416631e-05,0.0010326011217605604
2019-07-24,1.2111292562387014e-05,2.1158825123399527e-05,0.0035562557814720337,1.5072570882751198e-06,3.093446800433461e-05,1.3425578943261767e-05
2019-07-25,1.0175727817943603e-05,1.7767689737320662e-05,0.0030227953453436716,1.356612475824072e-06,3.388395926941879e-05,4.699690227613835e-05
2019-07-26,2.270686716782836e-05,1.9103028305028355e-05,0.0039404562374009,2.4380784692785948e-06,6.778964592504903e-05,5.166230438119311e-05
2019-07-29,0.0374017150367288,0.010474211555285298,0.10414075409226865,0.0059271796360242796,0.034663419704834116,0.004877017167817663
2019-07-30,0.9514659512007804,0.9709047213113727,1.0,0.9697882427010636,0.9999999988217496,0.9999999997580744
2019-07-31,0.0210648130349864,0.02676916123183883,0.06069206077012706,0.003201810976821466,0.026128492859133424,0.006973223755119911
2019-08-01,0.0001246776390469,2.3080840607967097e-05,0.011845816776069834,1.9282409021601707e-05,0.0004719401369373014,0.00041175949877746967
2019-08-02,1.0,1.0,1.0,1.0,1.0,1.0
2019-08-05,1.0,1.0,1.0,1.0,1.0,1.0
2019-08-06,6.58216537294502e-05,0.00011490977840909579,0.010281134340188439,1.498767283646654e-05,0.00017141686985935374,9.683165091594992e-05
2019-08-07,5.869879578235419e-05,1.1226451793005421e-05,0.01006772216006373,1.4833045350042557e-05,0.00017292844503772136,0.00011377147914986074
2019-08-08,0.9600817297224512,0.9760457957699458,1.0,0.9929282937918417,0.9999999992910489,0.999999999920874
2019-08-09,0.0264950201428969,0.03362658371121392,0.08749210160227094,0.005105129782445797,0.049875712214474455,0.14665872169932814
2019-08-12,1.8124921097839377e-05,3.163421795552652e-05,0.0037206260072461935,2.3115470357444906e-06,7.665711807632382e-05,6.121091510382107e-05
2019-08-13,7.885035781689247e-05,1.459308283625573e-05,0.01113961975224915,1.4059103604238731e-05,0.0002180499262121326,0.00031863027915369455
2019-08-14,1.0,1.0,1.0,1.0,1.0,1.0
2019-08-15,0.000206141575046,0.00019295181461308832,0.015725772462280435,2.911379028757448e-05,0.00037441352864148484,0.00010078441245237511
2019-08-16,0.0099990908810288,0.01471549658558916,0.09518481479287012,0.0014381113439728376,0.05080791532400214,0.6038170706147781
2019-08-19,0.0320493129835641,0.05338594287145114,0.27276439704169747,0.004230975278166881,0.17230846749252438,0.9416077602226222
2019-08-20,0.0038253349256075,0.004883787237735864,0.028623616612773982,0.0005084369419320814,0.011474189907341755,0.009650746105385109
2019-08-21,8.376431110546712e-05,0.00014633099925190593,0.03399526073438737,1.7001894461272907e-05,0.000620140357281177,0.026156758373175798
2019-08-22,1.0036279471232052e-05,1.7534328889670833e-05,0.0032772335091634667,1.6106231245945476e-06,3.089977774055372e-05,3.2312400289566445e-05
2019-08-23,1.484327159000657e-05,2.5918966376755512e-05,0.005943793187542806,2.9378027174932045e-06,6.904131998115203e-05,0.0006852662556769693
2019-08-26,2.854590220537013e-05,2.745386980153896e-05,0.004824774763283698,3.736823693393994e-06,6.184294208056366e-05,1.2795573361896291e-05
2019-08-27,0.0033871679494054,0.005745711882931914,0.01763235058632893,0.000610412962002275,0.008524223974823171,0.010319852412603189
2019-08-28,0.0036284840389902,0.00462631554868272,0.029752924102708966,0.0005646334317274126,0.008960784734715425,0.007423807471965359
2019-08-29,0.0004665055136696,0.0004369566793704268,0.31570654115254726,0.00010325297351243269,0.003941177460831352,0.29437100913922654
2019-08-30,0.0097591976574832,0.012443213078581176,0.9704902457611664,0.002445368576831638,0.08586000339317351,0.19852431581434854
2019-09-02,2.825149804792696e-05,4.93461835958933e-05,0.01294729324851156,3.316467161485899e-06,6.804008578585182e-05,1.6331225786795835e-05
2019-09-03,1.1034052631986288e-05,1.926843867293843e-05,0.0031176403216774183,1.7303798613504661e-06,3.0606730002782085e-05,3.6364922933353114e-05
2019-09-04,3.1090727899144336e-05,2.9087202980452777e-05,0.006903568081965054,5.897655694153939e-06,0.00015158894927278467,0.0018855471573827967
2019-09-05,0.010021119599015,0.01277858104582702,0.039159809125421274,0.0017124076223435643,0.02523057824623764,0.21252695171189329
2019-09-06,6.938262939118763e-05,6.589369319117749e-05,0.005536493712198169,6.304333962114775e-06,0.00013547779207265042,2.169519279891779e-05
2019-09-09,0.0065356276544272,0.008340808183706807,0.019953116789524442,0.0009102178363791119,0.008842282356814214,0.0029515395814997186
2019-09-10,2.2629375298667167e-05,3.9524816152013644e-05,0.003314368521479619,2.6276311004602555e-06,8.084747199495327e-05,0.00015206115013724437
2019-09-11,1.1317352079265904e-05,1.9770818801872423e-05,0.0029124268817412474,1.4672423374566048e-06,3.042910328742074e-05,3.7295763790106494e-05
2019-09-12,1.1996020469343712e-05,2.0956425061313503e-05,0.003014425393758967,1.4683866646243074e-06,2.837931944264778e-05,2.0193895187706807e-05
2019-09-13,1.1594607749742043e-05,2.0255933268749853e-05,0.0029383991798243307,1.462328758093719e-06,2.8816894988533754e-05,2.6774613321189647e-05
2019-09-16,1.751464845156833e-05,3.059834215674878e-05,0.0064773094571485825,2.6860580570694713e-06,7.399422486385164e-05,0.0008072188330098877
2019-09-17,1.1243367043663784e-05,1.9641691435038762e-05,0.0029029356289106342,1.3841679256134977e-06,2.9757209892736258e-05,3.164667082929872e-05
2019-09-18,1.119104356319984e-05,1.9550314054142817e-05,0.0028975407555224216,1.3976669284680576e-06,3.0476438011812473e-05,3.5344719234627245e-05
2019-09-19,1.126105454031177e-05,1.9661763146189624e-05,0.0029038708859733873,1.4313052157610622e-06,3.0377047669023806e-05,3.6119135735557753e-05
2019-09-20,2.3824321353607743e-05,2.2388440146437523e-05,0.003603034644991908,2.6558472361103543e-06,6.141231524434961e-05,3.3977289806755664e-05
2019-09-23,0.0089643539882875,0.011432556927725702,0.03544250941413784,0.0011207087373824858,0.02481337352047771,0.20146653913269555
2019-09-24,2.7512582753390272e-05,4.8029656438982595e-05,0.003935172092640771,2.5032197234033263e-06,6.762082982586854e-05,2.1416037403488614e-05
2019-09-25,2.042348179002293e-05,1.952460143790586e-05,0.0033868008940877237,2.5477429469224023e-06,7.940585012805017e-05,0.00024049931232220936
2019-09-26,0.0048259075498258,0.008184094877557172,0.021498996331135726,0.000561327682074568,0.009197531142797777,0.0030227587235761586
2019-09-27,0.0035188167078591,0.004494632518787146,0.015320511015379483,0.00036516395966146596,0.008945265151456282,0.007049634680386638
2019-09-30,2.1718806233016164e-05,3.788190801800243e-05,0.0030596147307001284,2.107867437165398e-06,6.396671258809407e-05,4.263882430208064e-05
2019-10-01,0.000152857374318,2.829113818896205e-05,0.02043378138865495,2.2973342711693244e-05,0.00037621960201625343,0.002150571613006802
2019-10-02,1.0,1.0,1.0,1.0,1.0,1.0
2019-10-03,0.0384215637674084,0.048601823767160414,0.06887294325723387,0.007199653276974195,0.02187910188168915,0.0024200875056040053
2019-10-04,2.899759001553142e-05,5.0649305707909686e-05,0.004385153000733906,4.276827984369314e-06,8.94814676402037e-05,0.00036666754250116735
2019-10-07,1.2310820355319512e-05,2.1507142418424316e-05,0.003492317317603135,2.4747200517901274e-06,3.552683361649034e-05,0.00017096978899732798
2019-10-08,1.963106123966327e-05,3.429542841241265e-05,0.006997671158503618,4.5430627262878915e-06,6.871705034593765e-05,0.0009591715169480535
2019-10-09,1.1113810644370314e-05,1.939434029594945e-05,0.002691155138008004,1.9341181186791037e-06,1.8726359880645144e-05,1.0570302778840791e-05
2019-10-10,0.0001118514434989,2.0701559594916792e-05,0.0122791736887332,2.704334635788342e-05,0.00019567826745938186,0.0006441022287561019
2019-10-11,0.99999999997317,0.9999999999841602,1.0,1.0,1.0,1.0
2019-10-14,0.0295481518221615,0.04908152418795006,0.06573395965323939,0.0081031502684592,0.017088217581054756,0.001781996881228307
2019-10-15,0.0047784567837734,0.00610102862229385,0.018490621635609734,0.0012230968466471195,0.009290508831443597,0.016496864529084256
2019-10-16,3.063316464349729e-05,5.350511679826399e-05,0.004127916483623088,5.3183339723452044e-06,3.354851931055854e-05,3.6354032343069076e-06
2019-10-17,1.0463538942563767e-05,1.8279487983313265e-05,0.0024908853584270823,2.500694709434004e-06,1.4210121784782413e-05,6.578971229020333e-06
2019-10-18,1.2549123629632188e-05,2.1913259854813802e-05,0.0030074900723466597,2.835640781389843e-06,1.4034682542400411e-05,3.570594830031246e-06
2019-10-21,1.7853950132929107e-05,1.6851480561557113e-05,0.002832004963138144,5.7849074608449025e-06,4.6813636636359916e-05,0.000205776733331678
2019-10-22,0.0078949294987257,0.010074562742191668,0.019336399402424882,0.002298852754008878,0.006470363021772968,0.0010451916177644665
2019-10-23,4.3717396405435707e-05,4.1756248295709397e-05,0.0030404828991749985,8.241631763046145e-06,6.250597235657836e-05,1.5697182852623666e-05
2019-10-24,0.005180771180069,0.0066143812484279465,0.013825067418188064,0.0018200984445666231,0.0059139642368182185,0.0032974401596504057
2019-10-25,2.1093001198157563e-05,3.683963114964263e-05,0.0025216356272157775,3.867967192319121e-06,3.552850387680471e-05,1.7383553525304086e-05
2019-10-28,1.3552874316573124e-05,2.3675581055634176e-05,0.0029801574294850363,2.2254037658635826e-06,1.919400098485137e-05,7.833202529442108e-06
2019-10-29,1.5679292666829336e-05,2.7375215591350973e-05,0.0034666909825516413,2.3813513735738545e-06,1.993543869986143e-05,5.356379573681983e-06
2019-10-30,2.5736455912727214e-05,2.4511728754081257e-05,0.003210003572304887,3.960240597084264e-06,4.0338461797826046e-05,1.646714207599347e-05
2019-10-31,0.0057293632775257,0.0073099783852602395,0.017372272860275914,0.0011811993426178145,0.00906703797917415,0.015552939483005672
2019-11-01,0.0002169173238655,4.052622525744532e-05,0.010042973630024876,3.2204547367248293e-05,0.00032100152353394565,0.000237683304543641
2019-11-04,0.9889944349469147,0.9933373193790929,1.0,0.9874325687531125,0.9999999990561719,0.9999999997826308
2019-11-05,0.0507457166967037,0.06397484073984404,0.08596693709645074,0.01011108417830192,0.023874740105172525,0.0016064775311851022
2019-11-06,3.491181169644831e-05,6.097539821995439e-05,0.004350876421437673,3.208204426235272e-06,5.6231623610993496e-05,1.2387483908235258e-05
2019-11-07,1.1450915683445632e-05,2.000362539792252e-05,0.0027851947211283506,1.6138147120675419e-06,2.7448116727549595e-05,3.5230895551732984e-05
2019-11-08,1.4757424547480456e-05,2.5779310610427863e-05,0.0034798574532886968,1.8945199514849544e-06,2.3768277956418197e-05,7.480325349888887e-06
2019-11-11,1.938567893536208e-05,3.386581803132895e-05,0.004808707737996024,2.2910198630004294e-06,2.604242547694091e-05,3.9907419837151145e-06
2019-11-12,1.1532854107043355e-05,2.0147014393195717e-05,0.0027898196094694287,1.628167666780428e-06,2.7160810770657894e-05,3.314270701599967e-05
2019-11-13,1.23905225831484e-05,2.1645423982650397e-05,0.002940198525660098,1.611552254787152e-06,2.5586878518364435e-05,1.656977969597729e-05
2019-11-14,1.1482984921372766e-05,2.006002257273558e-05,0.002791872282874758,1.5328852085797298e-06,2.7279214995475173e-05,2.8777968834154103e-05
2019-11-15,1.1798624443808323e-05,2.061128963083291e-05,0.0028935445056478765,1.5084660962433785e-06,2.75685323219068e-05,2.348862002913651e-05
2019-11-18,1.3918952471838784e-05,2.4314941803394022e-05,0.0034652866354864926,1.6607218452369932e-06,2.73455758134839e-05,1.0612995050218957e-05
2019-11-19,1.8112390202466494e-05,3.1641175270754904e-05,0.004536914370247461,2.0861984832823175e-06,2.7565132076539004e-05,5.125381717794798e-06
2019-11-20,1.3675318352129613e-05,2.389015727195049e-05,0.0032727338827570136,1.7437326040599397e-06,2.5865481598981605e-05,1.1631247591878663e-05
2019-11-21,1.193678500102843e-05,2.0853006298423665e-05,0.002982629109213261,1.5791058889974182e-06,2.8399061747193588e-05,2.3967831047016745e-05
2019-11-22,1.2056777652306766e-05,2.1062956098614572e-05,0.0029628879251147535,1.6159225399456276e-06,2.788047281812212e-05,2.3689645290329488e-05
2019-11-25,1.2012351300507028e-05,2.0984906347060094e-05,0.0031992268598402384,1.8010003960757255e-06,3.526703780904478e-05,9.119382627212522e-05
2019-11-26,1.501910881202554e-05,2.623720577882414e-05,0.0037782388614006107,1.8329884159782162e-06,2.7423425631089227e-05,8.354680005483949e-06
2019-11-27,1.8941931233473685e-05,3.30902515605628e-05,0.005161850783213915,2.1982074302861544e-06,3.0365423994254272e-05,4.649397601936077e-06
2019-11-28,1.96234248528223e-05,3.4238026560136936e-05,0.005524659314269646,2.25703156797164e-06,3.097504139473667e-05,4.348707966079199e-06
2019-11-29,0.0001312286074994,2.428869878730651e-05,0.01263432523446718,1.7051580239782843e-05,0.00015725584131775624,3.307858021583224e-05
2019-12-02,0.999995280147229,0.9999972248394874,1.0,0.999995976628633,1.0,1.0
2019-12-03,0.0229409762271284,0.034639720960537315,0.07081760533995175,0.00382640332011835,0.025662913343467292,0.029291659636453173
2019-12-04,0.0265561944062767,0.033706538066724946,0.12339164984681471,0.003511268315290749,0.07561542272323894,0.6887928491795439
2019-12-05,8.735887358997118e-05,8.262597674834509e-05,0.007490624337360125,7.910503970954597e-06,0.0001347984557231267,2.0165844753983288e-05
2019-12-06,0.0075196735114387,0.009593982695838115,0.026015556077907544,0.0013630625589149431,0.015821220653261213,0.07987128013670103
2019-12-09,2.8045692135001317e-05,4.895508446494467e-05,0.0033759149701439966,3.2440305744652167e-06,5.186233119160932e-05,1.799154023721421e-05
2019-12-10,2.8561876186505992e-05,2.6998634077866203e-05,0.004195334201814949,3.7489867749915136e-06,4.7776920955114515e-05,1.665523222585103e-05
2019-12-11,0.0075398142348375,0.012450036407706998,0.08272489891248454,0.0011511430460378815,0.009365685085781728,0.0016775566072542848
2019-12-12,0.0083347556363074,0.014078847113803996,0.9664416180370011,0.0009597378559422346,0.06308253199702266,0.041757820726724064
2019-12-13,0.0038730516080636,0.006459251503385966,0.06024305260945832,0.0005925209139878089,0.00825567330112376,0.003967079507562152
2019-12-16,0.006751669025324,0.008617931917852383,0.030401454189449614,0.0012211451795550584,0.015908259896460664,0.06053891098184169
2019-12-17,5.0424008732983104e-05,4.673594510999728e-05,0.004043940639840156,7.330396930364166e-06,0.00016218222382890894,0.00043744780293295617
2019-12-18,0.0124691133950085,0.02007253524527955,0.043159295408867766,0.0018921321840881633,0.010684749209232102,0.0010581311137458174
2019-12-19,0.0130477816316325,0.021984291155199013,0.06008535226470743,0.0015642229217023562,0.012981349321846457,0.0006972436981280069
2019-12-20,0.0038228589845711,0.006019001620253241,0.06489439296827797,0.0005545679803924888,0.00873057822594687,0.004125326106269021
2019-12-23,0.0179040356697319,0.022762000526307145,0.9789434937511505,0.0013566699971473044,0.07070224980926043,0.016527218378488504
2019-12-24,0.0001838527896236,0.0003211044997258225,0.11669914159167061,1.4033933823672363e-05,0.00014635528345688644,1.2031281457100735e-06
2019-12-25,4.362421289831448e-05,7.622107125889382e-05,0.060903341233648566,9.498543533516314e-06,9.414697944956619e-05,8.931670127614077e-07
2019-12-26,2.817405673980966e-05,4.92334078261306e-05,0.04612329838266095,1.0345426759052054e-05,8.235139261255557e-05,7.043081464694266e-07
2019-12-27,3.050393894795026e-06,5.330465479380659e-06,0.003254418647858808,1.8096901059561532e-06,2.4893447415716947e-05,8.408798796905974e-06
2019-12-30,2.5103873870893423e-06,4.3865088275836025e-06,0.0029973843778567863,1.9898016477027177e-06,3.7823774352152705e-05,0.00028116856649732224
2019-12-31,1.3760561026856896e-05,2.4033331807629653e-05,0.01652703095061126,3.503088004039631e-06,5.492850990417439e-05,2.4982329657845313e-06
2020-01-01,5.7055187167739046e-05,4.620423320811757e-05,0.13013081672111504,2.6304552870246757e-05,0.00050733580099964,3.2892751309968453e-06
2020-01-02,0.0478916039348175,0.06043433354504174,0.9999998791336184,0.1470503216624103,0.9981493851891389,0.9997136006787483
2020-01-03,6.895095611905386e-06,6.688717145607542e-06,0.007611657916862076,6.265051812311255e-06,0.0003012741467590615,0.0004240359476772905
2020-01-06,0.0013970335872591,0.0017857630800527113,0.013635698285878187,0.0006134857693380467,0.009267758756839266,0.00403510832082056
2020-01-07,6.806491398936213e-06,6.613016006501553e-06,0.002406347353740704,3.5473500788165957e-06,0.00011794648988840262,0.0001100126774207326
2020-01-08,0.0010373826822729,0.0017899343147755287,0.015207797540634083,0.0004980816062006216,0.00955806841559948,0.0033777884168227023
2020-01-09,0.0008070175801922,0.0010315189847981572,0.011061566593314885,0.00031609990822573385,0.008692742672971885,0.005889534517221592
2020-01-10,7.065721156937908e-06,1.2345792619812347e-05,0.003994538217215765,2.6614975480961758e-06,7.023029224988603e-05,1.3649837503177319e-05
2020-01-13,1.8332431779881176e-06,3.203588723016293e-06,0.002437574908962423,1.2824280719779955e-06,2.5319886434341998e-05,1.8276994078791355e-05
2020-01-14,2.4661743462204366e-06,4.309615804619777e-06,0.0033114284168655663,1.5882375466957907e-06,2.8036252280291195e-05,8.701738646533664e-06
2020-01-15,1.724040395268353e-06,3.012715077592474e-06,0.002151736753862579,1.2069886250322031e-06,2.5500400464500126e-05,3.73739338986465e-05
2020-01-16,2.308516424772857e-06,4.034029150891337e-06,0.0027295906129850135,1.4016899031019501e-06,2.6410592681698563e-05,1.3439439585249943e-05
2020-01-17,2.183698644275048e-06,3.815995955765875e-06,0.002273270802778567,1.258956967204658e-06,2.8518355907789914e-05,6.587372825573047e-05
2020-01-20,2.850329155694647e-06,4.9809213869791924e-06,0.00396939871749267,2.020797494159972e-06,2.8364264247701938e-05,5.190252047726968e-06
2020-01-21,1.928081340553487e-06,3.3692896355001546e-06,0.0023127893932914693,1.4554819602336463e-06,2.3739547111651652e-05,1.7075110195023535e-05
2020-01-22,2.3106190146312925e-06,4.036896650828261e-06,0.0028987083771156745,1.7278073706407868e-06,2.4704770809800793e-05,8.244043123728525e-06
2020-01-23,2.6442826423441505e-06,2.5419182386821546e-06,0.0024966129168916924,2.874543982299069e-06,6.388180149018876e-05,0.00042479779988497274
2020-01-24,0.0034631246353535,0.000905591423522751,0.03657660705213028,0.0037443168333220825,0.024744301986819404,0.043443371030521344
2020-01-27,1.0,1.0,1.0,1.0,1.0,1.0
2020-01-28,0.0075376658819402,0.009618590867321114,0.9809111235050897,0.014961026453474545,0.14675957046117397,0.10877636202279124
2020-01-29,9.42558807260655e-06,9.152980754645352e-06,0.00981236230184783,7.0071674256085435e-06,0.00011905143894279691,3.2027228631845935e-05
2020-01-30,0.0011611586181316,0.0017798533925180854,0.05576894631083296,0.001686548457597488,0.03184612400713725,0.08208228977612404
2020-01-31,0.0233001198570951,0.029597933758094355,0.9999998073190185,0.054733359403325445,0.995382349395316,0.9953562616339992
2020-02-03,3.7512182128918734e-05,6.943221181409784e-06,0.024282336060117284,4.120120261332384e-05,0.0007098804652086616,0.0004072257904243914
2020-02-04,1.0,0.9999999999999987,1.0,1.0,1.0,1.0
2020-02-05,0.0245851972595125,0.031218729645332267,0.1578099982755046,0.021894538791831862,0.10092970083540638,0.48692528793101186
2020-02-06,6.689176354188394e-06,1.1686846158729025e-05,0.0032811699400524604,3.988555874824836e-06,6.99804823459456e-05,0.00015496156301858695
2020-02-07,3.15857540049247e-06,5.517373985856633e-06,0.0022795371747579805,2.0403392231448243e-06,2.437732624382791e-05,2.9221822838547716e-05
2020-02-10,7.580373950785767e-06,7.311777383117301e-06,0.002944382292982301,3.930319404483842e-06,4.791502751056692e-05,1.9022092364504895e-05
2020-02-11,0.0026711508182886,0.0034125778021557676,0.02201171535073776,0.001835461388606268,0.015879685341317912,0.07481206236337919
2020-02-12,7.224456494525989e-06,1.2621950188956991e-05,0.0024968875247861704,3.3757707788267736e-06,5.793032489325376e-05,6.232363107706561e-05
2020-02-13,3.813350925685212e-06,6.661508723844608e-06,0.0028236947209039137,2.247102098695912e-06,2.255786622120943e-05,7.239695278007009e-06
2020-02-14,9.488194136602386e-06,9.161215367368585e-06,0.0044474606960494545,5.121836079525898e-06,5.110608311223068e-05,6.531240858548313e-06
2020-02-17,0.0024240890123851,0.004133818839497407,0.024411105697548344,0.0014478764938654367,0.01014593475724215,0.001282858240222938
2020-02-18,0.002764206200348,0.003531136360465678,0.016766236973462058,0.0004963437940206374,0.009006063783483982,0.004301406239152748
2020-02-19,2.231362511915204e-05,3.898057969063465e-05,0.006051999793659079,4.615166203900278e-06,0.00015622045271993063,0.0013295095901420977
2020-02-20,9.13418094466914e-06,1.594403051042605e-05,0.00360609233004239,1.907534569908989e-06,4.2442044654031664e-05,0.0001577221378771406
2020-02-21,8.91419789067115e-05,1.649793312660965e-05,0.011730103049440513,1.77747667273522e-05,0.00022180607942699478,0.0003839612160715155
2020-02-24,1.0,1.0,1.0,1.0,1.0,1.0
2020-02-25,1.0,1.0,1.0,1.0,1.0,1.0
2020-02-26,0.5911200616190345,0.27382459605369974,0.9988246537592295,0.6570876674652136,0.29159419996363334,0.00875305361189662
2020-02-27,1.0,1.0,1.0,1.0,1.0,1.0
2020-02-28,1.0,1.0,1.0,1.0,1.0,1.0
2020-03-02,0.6732881226584574,0.3495979911211655,0.9990767151609308,0.9607884744832599,0.4180914468124845,0.09997540100915879
2020-03-03,0.9999999999995453,0.9999999999995643,1.0,1.0,1.0,1.0
2020-03-04,0.4360929112044272,0.1678508906857918,0.35981199350098286,0.8963770393664334,0.04724354164938216,0.01131899083537319
2020-03-05,1.0,1.0,1.0,1.0,1.0,1.0
2020-03-06,1.0,1.0,1.0,1.0,1.0,1.0
2020-03-09,1.0,1.0,1.0,1.0,1.0,1.0
2020-03-10,0.9999997094760568,0.9999988861401875,1.0,0.9999999999763531,0.9999999999990905,0.999999999998181
2020-03-11,1.0,1.0,1.0,1.0,1.0,1.0
2020-03-12,1.0,1.0,1.0,1.0,1.0,1.0
2020-03-13,1.0,1.0,1.0,1.0,1.0,1.0
2020-03-16,1.0,1.0,1.0,1.0,1.0,1.0
2020-03-17,1.0,1.0,1.0,1.0,1.0,1.0
2020-03-18,1.0,1.0,1.0,1.0,1.0,1.0
2020-03-19,1.0,1.0,1.0,1.0,1.0,1.0
2020-03-20,1.0,1.0,1.0,1.0,1.0,1.0
2020-03-23,1.0,1.0,1.0,1.0,1.0,1.0
2020-03-24,1.0,1.0,1.0,1.0,1.0,1.0
2020-03-25,1.0,1.0,1.0,1.0,1.0,1.0
2020-03-26,0.9999983032108346,0.999993494588688,1.0,0.9999999999822649,0.9999999922272309,0.9999999999618012
2020-03-27,1.0,1.0,1.0,1.0,1.0,1.0
2020-03-30,0.9272251385361142,0.7686891860140457,0.7438385066349827,0.9997692944400886,0.06677801631492021,0.025878971426538118
2020-03-31,0.999999999996362,0.9999999999864151,1.0,1.0,1.0,1.0
2020-04-01,1.0,1.0,1.0,1.0,1.0,1.0
2020-04-02,0.0108967493777738,0.002969983597495347,0.19259606371000543,0.16234285512958602,0.0006915178595475093,0.003639040898729244
2020-04-03,0.613522599391306,0.29281366757400706,0.35964171862997774,0.9972750058901985,0.011357737247841311,0.001497027312556851
2020-04-06,1.0,1.0,1.0,1.0,1.0,1.0
2020-04-07,0.9999999991600816,0.9999999993381083,1.0,1.0,1.0,1.0
2020-04-08,0.0094070873945393,0.0017543230381024382,0.10475959401810889,0.02759771307305926,0.00010061387760282348,5.053454337098043e-07
2020-04-09,0.9998805771889564,0.9995481330667184,0.9999999999881766,0.9999999942720024,0.9999985015781334,0.9999999735464374
2020-04-10,0.9977093255984888,0.9979299497698269,0.9792486653550478,0.9995785915724419,0.041746727069474694,1.7381909209953137e-07
2020-04-13,0.16828625272651,0.03776335330802381,0.8020744679360635,0.128185250825071,2.958101379157656e-05,2.794639731719225e-10
2020-04-14,0.9508391222601792,0.8345668015633992,0.9631434384640964,0.999905912064642,0.33688406811565635,0.9531294323222292
2020-04-15,1.0,1.0,1.0,1.0,1.0,1.0
2020-04-16,0.0078873878775531,0.0014752554088324284,0.12102433118966811,0.04786318265995883,0.0003649085118010418,7.584130924448044e-05
2020-04-17,0.995256226941054,0.9972600385531392,0.9999999806977942,0.9999760816877028,0.9995315225487245,0.9999999994406608
2020-04-20,0.0082262140391568,0.001532478237823734,0.09574300084016273,0.02553480717591871,0.0001162655856148353,1.0735936474851097e-06
2020-04-21,1.0,1.0,1.0,1.0,1.0,1.0
2020-04-22,0.9112279677231832,0.9465680930253382,0.9999947530478813,0.9992906037134401,0.9698032591511759,0.9999994993587623
2020-04-23,0.0129995090417147,0.022332359559795387,0.8676170241702379,0.33466523181688007,0.008918211996153384,0.6327987253078686
2020-04-24,0.0010196569636433,0.0006249599904986769,0.5188416275468858,0.12987071114011592,0.0005064324673836333,0.040571240366641656
2020-04-27,0.2198912651549177,0.09547521673237672,0.9993860343233185,0.9738698955210532,0.41627887637555505,0.9998315727335317
2020-04-28,0.5319714955890488,0.1737629047386586,0.999823075726086,0.9974134557582705,0.7233245987257597,0.9999695483546024
2020-04-29,0.999999999537522,0.9999999982397971,1.0,1.0,0.9999999998583462,1.0
2020-04-30,0.99868754661648,0.9989081311604066,0.9999988709993892,0.9999996161423779,0.997903577137867,0.9999915614345336
2020-05-01,0.0746988932438313,0.014717694687155853,0.5808862233277682,0.06766828074675309,9.217300969390089e-05,2.104139174153924e-09
2020-05-04,1.0,1.0,1.0,1.0,1.0,1.0
2020-05-05,0.0298527310714972,0.051001006798375055,0.9314778384122128,0.4779493419055455,0.02677345437956707,0.9252537644139306
2020-05-06,0.0001101135548478,0.00019157660093109145,0.052667587766560324,0.0027903718123607705,1.360965618855161e-05,3.0473373591003895e-05
2020-05-07,0.0005358627108168,0.000934947714001407,0.21237942694961848,0.009126726136493145,0.0003906893437207747,0.03188903155052829
2020-05-08,0.0001608335532749,0.0002808733010011821,0.04789563496812012,0.0016761143559641059,5.1803653265894584e-05,0.0004486202215519104
2020-05-11,8.18498768040147e-05,0.000142344961393258,0.009193374573354687,0.0002890304384091031,4.590124926102384e-06,3.461655208403658e-07
2020-05-12,0.0005765206608831,0.0001367595574233999,0.028469644576437053,0.003125698506844084,3.1479815829036734e-05,3.654441611353806e-06
2020-05-13,0.7545008595075943,0.36251373695107714,0.999922828558921,0.9954833815257527,0.8891656494005203,0.9999928166483804
2020-05-14,0.9999905010698554,0.9999925275822826,0.9999979335892454,0.9999999939923327,0.9999412967804984,0.9999999996571205
2020-05-15,0.0071536736613915,0.0013315116830844838,0.08846486007411505,0.024410272788108034,0.0001394276007153244,3.1467462973794805e-06
2020-05-18,1.0,1.0,1.0,1.0,1.0,1.0
2020-05-19,0.6794774818689506,0.7302034288999597,0.4505397800357448,0.9973687578278595,0.02949847664877073,0.020401128555403557
2020-05-20,0.0012368804590009,0.0021582113229214285,0.07852990357700787,0.01671245077659033,0.00015137468829405765,0.0013493312258352605
2020-05-21,8.356123131988585e-05,0.00014590678201754665,0.01291550800456078,0.0005008277891015027,1.1514489963880911e-05,8.693695239506756e-06
2020-05-22,0.0001052428085667,0.00015632576332476003,0.02660391752246934,0.0009272467111305611,3.8318955387282554e-06,2.771820381427976e-07
2020-05-25,0.0209269452169293,0.003941520733068761,0.8879671745210183,0.3493597252789868,0.017091840815054264,0.8517516332912043
2020-05-26,0.9993135198701898,0.9994617234160931,0.9999998723624312,0.9999998960656794,0.9996871532257798,0.9999999474221126
2020-05-27,0.0028147964308268,0.004901524511656232,0.2881094824410106,0.03628695923310544,0.0009258625339321772,0.019723092793353054
2020-05-28,0.0001927839490082,0.00032928503440854813,0.11936995374061854,0.004216367816091953,7.412506803999799e-05,0.0014016979855975638
2020-05-29,0.0027388318924743,0.0010795252295628804,0.3834576088652878,0.08796630127210005,0.001088534902342408,0.12631119362357987
2020-06-01,0.3472565155829153,0.19939697391237723,0.4131461764049736,0.9903747689262149,0.014780790674645921,0.008138747443868197
2020-06-02,0.5660613583768963,0.19443602610430039,0.9990208560337052,0.992923812060018,0.6709589308205223,0.9998658420859832
2020-06-03,0.9999999936610492,0.999999995026863,1.0,1.0,0.9999999999988631,1.0
2020-06-04,0.0038282907269162,0.0007106425849682534,0.08164689631793723,0.00672722687706869,0.00019149992170168587,5.573763194935454e-07
2020-06-05,0.9999999781955468,0.9999999829420746,0.9999999999990905,0.9999999999977263,0.9999999991155164,1.0
2020-06-08,0.0001863721588051,0.0003247623049853726,0.028412947914603734,0.000514572961186802,4.104671806444143e-05,1.0539335503479236e-06
2020-06-09,0.0003342939893641,0.0005829528427566497,0.32868918902640754,0.005072122971313072,0.001756670596462614,0.36400043764913936
2020-06-10,0.0002188272831519,4.049980226348666e-05,0.039917826196911366,0.0011620430856520436,0.00014838610112463365,0.0002447964617967925
2020-06-11,1.0,1.0,1.0,1.0,1.0,1.0
2020-06-12,0.0005147726970893,0.0008962570710563483,0.047279711112757944,0.0025214990756912427,0.000250598543292986,0.0006015337500163803
2020-06-15,0.0003857771864654,7.14076136526419e-05,0.03576576359873767,0.0017571719001284454,0.00018621740561673407,0.0002651175353498152
2020-06-16,0.9999999983288036,0.9999999990436863,1.0,0.9999999999959073,0.9999999999654392,1.0
2020-06-17,0.0001561207581248,0.0002727608073330649,0.013938300302829446,0.00045155227802136025,4.6940933125213614e-05,1.4806322681558596e-06
2020-06-18,1.48559550526063e-05,2.5958820740428322e-05,0.004006138378622008,5.615557485933531e-05,1.2477229705450047e-05,3.3196724635884502e-06
2020-06-19,1.705259521358046e-05,2.9797189706081515e-05,0.004265839343106142,4.573626933914003e-05,7.673528458475955e-06,2.4891772362440975e-07
2020-06-22,1.584888829597512e-05,2.742228578768411e-05,0.007392182388324159,6.921071697210354e-05,1.3115374270773753e-05,5.818684174055144e-06
2020-06-23,0.0011887469556197,0.00022017917209486248,0.33446084739056997,0.016835585901132773,0.003829150678777397,0.24339896182060247
2020-06-24,0.9999722053773592,0.9999840941405079,0.9999999999972715,0.9999998500015975,0.9999993279136545,1.0
2020-06-25,0.0001658221565284,0.0002896960278882828,0.01582390465516262,0.0006976233478604897,8.757248967360465e-05,2.5231313292511484e-05
2020-06-26,1.9224174281120965e-05,3.359146312634402e-05,0.005141069059865376,8.108456137122065e-05,1.806099231360182e-05,1.2769850567602896e-05
2020-06-29,1.6056683878328885e-05,2.8057272653151046e-05,0.005216823235151425,8.494203696163018e-05,2.2640748623327114e-05,2.805033945717169e-05
2020-06-30,1.4881628750376964e-05,2.5968271865428952e-05,0.003956956813380797,4.4936213082887724e-05,8.466856513032989e-06,4.901340794157576e-07
2020-07-01,0.0001667144129425,3.095461144130485e-05,0.015798235600952223,0.00044308198092084467,4.071170716687654e-05,5.030509727101643e-07
2020-07-02,0.9959625415971388,0.9968388346638453,0.9996722921273661,0.9999758774310131,0.9979302378046261,0.9999998842686249
2020-07-03,0.0001380507209097,0.00023765386918342732,0.042569965833463716,0.0007295165607722671,7.446462194898061e-05,2.9330991856996606e-05
2020-07-06,0.0017939386872636,0.00313047907861705,0.9082191576455736,0.04665987113076958,0.023624093738267224,0.9863189146441427
2020-07-07,2.4445701562468127e-05,4.271749361600193e-05,0.030933490997450717,0.00021640338371829213,5.460492245922884e-05,0.0008264360830893439
2020-07-08,9.879410771718048e-06,1.72634145950186e-05,0.00460167552037151,6.611392587183299e-05,2.1969950467525515e-05,2.9726418353600907e-05
2020-07-09,1.34557637621413e-05,2.35130134293314e-05,0.006612500054457009,0.00010356346827926745,3.750007864104933e-05,0.00014190226458039463
2020-07-10,1.1814421018924352e-05,2.064112503355926e-05,0.005790060217853243,8.226589318245737e-05,2.898962847186706e-05,6.967115899970933e-05
2020-07-13,3.8422266485295615e-05,6.714436293563395e-05,0.03675558607103311,0.0004874141262380904,0.00023232186539057492,0.012090523830992354
2020-07-14,3.994024246445918e-06,6.9748791196838996e-06,0.005066851598469521,3.4383393464319814e-05,1.1835913617299713e-05,1.1566300817192854e-05
2020-07-15,9.804534807668744e-05,0.00017133958324836677,0.3814505788452567,0.004701886052421869,0.0030167227022574713,0.760151233321745
2020-07-16,4.298162319145765e-06,7.511514386937146e-06,0.0061460889490362915,2.9494099444807968e-05,6.712488760632214e-06,2.6512106609630964e-07
2020-07-17,3.679202655693293e-06,6.42973843053293e-06,0.002507553221860503,2.7056490778708414e-05,7.10476312603866e-06,2.818606016156322e-07
2020-07-20,3.320539210604964e-06,5.802846842518399e-06,0.0033965395086565857,5.883631878330076e-05,2.523269493907775e-05,8.190289699029506e-05
2020-07-21,3.1111149161323587e-06,5.436848756240597e-06,0.0022509753020053137,2.8958499819207516e-05,1.297630102344887e-05,7.477893170844508e-06
2020-07-22,3.2738342974332045e-06,5.721304211329691e-06,0.002907832138861935,4.124410817380879e-05,2.087829898547747e-05,4.376077743527035e-05
2020-07-23,3.736758633217232e-06,6.526330896244326e-06,0.003960345015779885,2.4431481893559772e-05,7.287893964552549e-06,4.6410129979226653e-07
2020-07-24,8.421879040143744e-05,0.00014717084356985,0.20958132495201556,0.001587529780631162,0.0014771595127525165,0.4129795791460466
2020-07-27,4.254652236019315e-06,7.435074797856609e-06,0.003551545420104425,1.9586028182938478e-05,1.0831375652726971e-05,4.154567440349004e-06
2020-07-28,4.134048452303856e-06,7.21513345115958e-06,0.002427310578075076,1.840026493904921e-05,1.0107691757091582e-05,1.5200768365768033e-06
2020-07-29,0.0001408686006646,2.6191738727613356e-05,0.018038470277326083,0.00017180877721341447,5.906575635576919e-05,6.467798181230907e-07
2020-07-30,0.9948013443965424,0.9970184404823662,0.999999996054612,0.9998561373368773,0.9998403179923617,0.9999999998108251
2020-07-31,0.0001100777598488,0.00018653954595917825,0.05347430088998134,0.00034997619926506766,0.00022768714790787214,0.0010337333988271683
2020-08-03,0.0037024797258421,0.00645204671392103,0.969819901351163,0.036012596110715306,0.056797026614766565,0.99690253829182
2020-08-04,1.2151791401787165e-05,2.123260998872444e-05,0.011244579196521862,2.1101330883960835e-05,1.889791491446762e-05,1.6781759731996756e-05
2020-08-05,1.5232821568066603e-05,2.6617437541084638e-05,0.006611562324938093,3.4177028804689816e-05,4.8211203661847515e-05,0.0003087738849064675
2020-08-06,8.13462368521696e-06,1.4213975552098967e-05,0.00320954294181999,1.7834812990215658e-05,2.0079163177269682e-05,2.113118842996168e-05
2020-08-07,1.1466646792884073e-05,2.0036677241358573e-05,0.0035870555182520394,1.3708993345300412e-05,1.1691331719584624e-05,9.338579190535512e-07
2020-08-10,6.239795954081057e-06,9.555998582517605e-06,0.009199738816448364,2.3337625517965848e-05,3.937983839499212e-05,5.3150805679129455e-05
2020-08-11,0.0167274578170144,0.028869605080000398,0.9968769633190125,0.12446394499846287,0.2469245039097728,0.9997677019252803
2020-08-12,1.639131725033095e-05,2.864068186561304e-05,0.026403045253039905,6.745314177657222e-05,0.0001358486800475196,0.0022675276227266624
2020-08-13,1.248794870786692e-05,2.1819131062538954e-05,0.0038518327586151203,1.1540270084273708e-05,1.2810427946507779e-05,1.300541966053332e-06
2020-08-14,2.1906084359626103e-05,3.827729259538958e-05,0.011682516281099262,4.898110325516638e-05,9.268536731884847e-05,0.001685636366949919
2020-08-17,1.2029987744517186e-05,2.102052788719951e-05,0.003755784605661712,1.2507056129771079e-05,1.2054318025086748e-05,8.845174456537784e-07
2020-08-18,8.963051704756e-06,1.566138235497307e-05,0.002966563850189885,1.254141986158092e-05,1.5988605924277854e-05,6.941749748262164e-06
2020-08-19,1.0712231265196551e-05,1.8717032332543873e-05,0.003412950656956505,1.2052853792433465e-05,1.2668026692330952e-05,1.528469347529176e-06
2020-08-20,2.1263532381411325e-05,3.715199523092295e-05,0.016088578658679752,6.695776587829915e-05,0.00012848592908091215,0.0039723651103588655
2020-08-21,2.0940791765545027e-05,3.604395513597975e-05,0.016912966505430328,1.220656885175274e-05,1.404301741714467e-05,1.5575407519973278e-06
2020-08-24,0.0018239300772969,0.003182656773559928,0.8631949202598823,0.00503891952294945,0.015976348062415227,0.9670397657859612
2020-08-25,1.807574875476984e-05,3.1582861929056e-05,0.012794916070645649,9.732132835526205e-06,1.5169915132308857e-05,4.6819332529670846e-06
2020-08-26,1.4027695686935984e-05,2.4510061323154238e-05,0.006287775564401621,1.9157350080575124e-05,5.262713018965441e-05,0.00041099865620956323
2020-08-27,1.1260452440243152e-05,1.9674421028979867e-05,0.003569078935567878,1.0668787360540614e-05,2.5719402880814e-05,4.228294365787947e-05
2020-08-28,1.2479820722669315e-05,2.1804263360465095e-05,0.003319118875977264,9.07702503840392e-06,1.8898531074568827e-05,1.1304057202568878e-05
2020-08-31,2.2915201067147947e-05,4.003945275863888e-05,0.012539914747267105,3.5806428803072276e-05,0.00010680878207857479,0.002435082462625566
2020-09-01,1.0511124896213876e-05,1.8365767039008492e-05,0.0031734525447109944,8.321839788969339e-06,1.6428999136780356e-05,5.363204742453455e-06
2020-09-02,1.3545976475473036e-05,2.3671849159533238e-05,0.006516868492422571,1.9903228620559308e-05,5.740429880904636e-05,0.0005365353922751504
2020-09-03,2.404920303362462e-06,4.2026523626263675e-06,0.004071704313088084,1.4253717217961098e-05,4.597826273433395e-05,0.000740510844794725
2020-09-04,2.7439600597618333e-06,4.789025626935753e-06,0.005978235285199425,1.0701751640269188e-05,3.465096455710452e-05,0.0005752990798078023
2020-09-07,0.0001634093061857,0.00028539569518379717,0.3616673998789415,0.00020905633579794481,0.0015552720826022708,0.551554566433785
2020-09-08,7.228209877676045e-05,0.0001249312395213628,0.48570549399332547,0.0001293981732017922,0.00119950272719147,0.6821244181015856
2020-09-09,0.0013290456006929,0.0023201490690030763,0.9422489170819754,0.002840341409608712,0.021754046318316428,0.9903084799829449
2020-09-10,7.503575340845938e-06,1.3111170351186659e-05,0.010560019112387728,4.08643177820346e-06,2.0898017764259148e-05,1.2732870325966877e-05
2020-09-11,7.763460233203702e-06,1.3565375406966341e-05,0.003733326624139511,4.565403782644053e-06,1.8333705369081187e-05,2.009089562807999e-06
2020-09-14,5.497798731160404e-06,9.606561483434289e-06,0.0026385344144139234,3.761989802874981e-06,1.9285305133930488e-05,7.70533481013283e-06
2020-09-15,6.174765862364536e-06,1.0789942815029498e-05,0.003932890623835512,5.8393230366318005e-06,4.420698522763547e-05,0.0003185894950798786
2020-09-16,2.201467816655848e-06,3.8469428189366385e-06,0.001995746664965905,3.131153513984188e-06,2.0995441513820087e-05,3.196440598004015e-05
2020-09-17,2.454853205033759e-06,4.287213398827292e-06,0.002243695856595789,3.282849311733493e-06,1.694367447663315e-05,6.106383836916492e-06
2020-09-18,5.271415326453577e-05,9.75518269386764e-06,0.015886518070985452,5.354365860370445e-05,0.0003007495560449823,0.002023259126139918
2020-09-21,1.0,1.0,1.0,1.0,1.0,1.0
2020-09-22,8.163800223167095e-05,0.00014261884847243625,0.01036183463567766,4.901269478036674e-05,0.00013643736064890716,9.373789721135981e-05
2020-09-23,9.146199842104248e-06,1.5980831423475856e-05,0.0030272755644913498,4.865987168682336e-06,2.3812886199572975e-05,2.4948707378406863e-05
2020-09-24,8.904009939591672e-06,1.5546844929669995e-05,0.004289636943239097,7.243631497211818e-06,4.296357626886788e-05,0.00024591574235955033
2020-09-25,6.582567057854091e-05,1.2286525070421523e-05,0.00999001941536391,4.632053241022534e-05,0.00014181511888527152,0.00012019222994649985
2020-09-28,0.9904956583165908,0.9945385834330114,0.9999999822284736,0.9972750630340431,0.9992383622807023,0.9999999948022378
2020-09-29,0.0001087231751095,0.0001899190166174134,0.01139766915959316,5.801195030959246e-05,0.00013666676668098212,9.392897710074103e-05
2020-09-30,2.168279934329725e-05,3.7884259210228096e-05,0.005894545928722576,7.162513103173756e-06,1.7467564712593843e-05,8.049322943777626e-07
2020-10-01,1.0949555474349482e-05,1.9129590821775875e-05,0.0033436788544440447,6.134385278514605e-06,2.692793400697974e-05,4.3837560422995236e-05
2020-10-02,1.746459730591739e-05,3.0502226855093667e-05,0.0040824366882638175,4.7431473956553e-06,1.8463644071784935e-05,4.024057454381373e-06
2020-10-05,6.652417874750444e-05,0.00011622300269309656,0.036902293756153885,4.1063490330288175e-05,0.0002815109830046647,0.018225870242112818
2020-10-06,1.7738468531427074e-05,3.098815799745501e-05,0.004960069044775211,7.066521877450328e-06,3.8312500344954476e-05,0.0001590531101679241
2020-10-07,2.880851311495064e-05,5.033065364118202e-05,0.006444670818192953,6.525883003011937e-06,1.8455179044440005e-05,8.939295039868817e-07
2020-10-08,1.688735690788708e-05,2.9502960724503678e-05,0.00429886292724896,6.765990465964909e-06,3.544245461402898e-05,0.00011857502876951384
2020-10-09,1.7248939014679478e-05,3.013459001038449e-05,0.00358260216894275,4.898559516077172e-06,1.8372117306683223e-05,5.269345612830536e-06
2020-10-12,2.0178383012893576e-05,3.525299218126748e-05,0.005907210717289047,8.552723245989291e-06,5.217692676348733e-05,0.00037656479214976437
2020-10-13,1.851921641393152e-05,3.229813873737815e-05,0.005288902467684156,7.519551347589919e-06,4.489254917467505e-05,0.00024448147796621224
2020-10-14,0.000197453774602,3.655958107660239e-05,0.01531122242453921,5.1324049532161005e-05,9.886605580335816e-05,7.237505895511409e-06
2020-10-15,0.9995505081627118,0.9996482398882454,0.9999437817965017,0.9992889759030381,0.9997232630581973,0.999999995458893
2020-10-16,0.0005141217776854,0.0008977591203552049,0.08409068248747881,0.00035378329905997707,0.0010780104803799386,0.02681561230563758
2020-10-19,3.569148601482752e-05,6.232358624006637e-05,0.009872349033856012,8.315535633660204e-06,1.6971523918955912e-05,6.520528409317623e-07
2020-10-21,9.25613126897957e-05,0.00016170444987510945,0.053760203582627154,7.229265662658728e-05,0.0003689932912169645,0.031204206448065874
2020-10-22,2.2494501787457992e-05,3.929464281748674e-05,0.004864618618839393,6.323435915977327e-06,1.5842812008044478e-05,2.38059221133299e-06
2020-10-23,2.9131944735875724e-05,2.9773390233711584e-05,0.014815796952672275,1.4685502722787521e-05,0.0001018498014225771,0.00033757752621489705
2020-10-26,0.084102691078407,0.13692635834254696,0.9995978351321101,0.11730250813101893,0.43428251603833,0.9999077274506196
2020-10-27,0.0023195642623613,0.000430025571173288,0.6142340562767094,0.002285136059128999,0.01242591835920266,0.5694648953943988
2020-10-28,0.9999999999986358,0.9999999999989868,1.0,1.0,1.0,1.0
2020-10-29,0.0003325448966624,0.000580739987425009,0.04159694679192715,0.0001596996232738889,0.0004999814751185463,0.006288763397971126
2020-10-30,2.855649225762141e-05,3.1598738981594136e-05,0.015274572800549585,1.0923688255876968e-05,5.693079582737682e-05,0.00037945763219776596
2020-11-02,0.0686295429890348,0.013450789366493123,0.992291717029425,0.07485914331809843,0.20514049522990968,0.9968365142559921
2020-11-03,0.999999984521992,0.9999999878751306,0.9999999996343831,0.9999999288315874,0.9999999826563909,1.0
2020-11-04,0.0018275737725209,0.003187081700801464,0.4128840336989756,0.0014865726914653498,0.004327640988639051,0.3455960195376667
2020-11-05,9.349400617626856e-05,0.00016311129530924016,0.10123361534822983,6.385869983023455e-05,0.0003190086096433224,0.048659789694944514
2020-11-06,0.0001494380497606,2.765874871641034e-05,0.012599864711146328,4.869568718919625e-05,7.556198289773689e-05,2.6761916754406726e-05
2020-11-09,1.0,1.0,1.0,1.0,1.0,1.0
2020-11-10,0.0164761746443431,0.01461162356182617,0.8206202112877804,0.03617573382021356,0.04116587536081689,0.9445923478017356
2020-11-11,0.0253636328772466,0.03219537456040943,0.11217137904054414,0.05684793631106033,0.010286932782084313,0.025205646066910187
2020-11-12,5.268967993132218e-05,9.202541357550189e-05,0.005575275941659642,3.182132908203273e-05,4.434658918405676e-05,4.796914896376967e-05
2020-11-13,3.7245907080968457e-05,5.022159938384259e-05,0.015036939307880741,2.438424892972902e-05,2.2400578922431816e-05,5.252816620873155e-06
2020-11-16,0.035082046314526,0.05972971754723702,0.9964863166370416,0.10215097006919013,0.20311714563237007,0.9994670108014944
2020-11-17,3.3050790874148184e-05,5.773956146628678e-05,0.013816329362364682,2.2152937902604933e-05,2.502200388429246e-05,9.74787807618672e-06
2020-11-18,2.54521767707787e-05,4.4464223116098344e-05,0.004992957509097152,1.6858682386630177e-05,2.594805505593918e-05,5.856639074301376e-05
2020-11-19,2.9405019490851296e-05,5.137118165381456e-05,0.006220054660733769,2.148960021120236e-05,3.55551803079204e-05,0.0001592480173487366
2020-11-20,2.4013357976845366e-05,4.195020941000644e-05,0.003876663603299605,1.2027678786837226e-05,1.4779293777293528e-05,7.236750848977119e-06
2020-11-23,2.9934040485816585e-05,5.197510844361257e-05,0.009921020592517081,1.1989005966446453e-05,1.162714909645647e-05,3.1535446675362492e-06
2020-11-24,0.0007735509299718,0.0013507065344943296,0.49002350604436795,0.0013919954318898627,0.003131480362443259,0.6339489221941705
2020-11-25,2.977698199218298e-05,5.201859653284048e-05,0.009623103925226272,1.2330371558515313e-05,1.1159139484339683e-05,3.5467881807075736e-06
2020-11-26,3.1608745985583954e-05,5.522095684838922e-05,0.004676715561718089,1.2517478728250017e-05,1.0563194225790584e-05,1.0893854296340716e-06
2020-11-27,2.485154699778629e-05,4.339521090468149e-05,0.004264202015422693,1.4543446066678831e-05,1.5587216082803836e-05,1.377448844603632e-05
2020-11-30,9.186101727227972e-05,0.00016044822930841144,0.03659806837831167,0.00011079879610734254,0.00019345311554665152,0.009819264556723743
2020-12-01,5.609229001561761e-05,9.799398812612306e-05,0.018032129378995797,5.782665034701587e-05,9.339153875058756e-05,0.002123149107126406
2020-12-02,2.532841081659536e-05,4.424835576932306e-05,0.004633210980094672,1.5844240153129807e-05,2.157597835262227e-05,4.047811344425118e-05
2020-12-03,2.6644904088757927e-05,4.65251340124959e-05,0.004326248955644773,1.1325905277347142e-05,1.1814171647178293e-05,2.6107900335572056e-06
2020-12-04,9.590843187659952e-05,0.0001675442982320921,0.039635482430892495,0.00010569238134449708,0.00022311599823816904,0.012985402683016144
2020-12-07,3.1151231320324475e-05,5.441838954826721e-05,0.005015210274304972,1.1902933239573263e-05,1.0809814583111377e-05,1.1561227116965052e-06
2020-12-08,3.419362849837379e-05,5.973683411675075e-05,0.005069465591077418,1.2546223718406567e-05,1.0565100776986362e-05,7.816449621158111e-07
2020-12-09,2.4225204577107817e-05,4.2321334654018917e-05,0.003843081310148052,1.291673373029755e-05,1.534379889195935e-05,1.0630145312329279e-05
2020-12-10,2.566236323968761e-05,4.482957074077563e-05,0.003858080612147414,1.2167937410222629e-05,1.222318410817211e-05,3.926911943992133e-06
2020-12-11,3.584876828433863e-05,6.262864624442813e-05,0.008326793372955124,2.941005050752685e-05,4.6756603867176475e-05,0.00039264185188929397
2020-12-14,2.4062550623574755e-05,4.2037428723623765e-05,0.003929322638240642,1.3232781610449399e-05,1.6274354629087164e-05,1.4578379731670306e-05
2020-12-15,2.4850661789461645e-05,4.341532679736216e-05,0.004240371776920979,9.148888894809814e-06,1.3601718962757631e-05,1.8003780706131462e-06
2020-12-16,2.0350266845328864e-05,3.554943013368103e-05,0.0037882138150864817,1.0117361818583063e-05,1.9814786660915814e-05,1.8108103002233838e-05
2020-12-17,3.638329582007123e-05,6.346124395315452e-05,0.006366281916712759,1.1184193725486726e-05,1.2794794463417836e-05,5.204062717789176e-07
2020-12-18,0.0001855343133852,3.43497498555194e-05,0.012865439263511545,9.161195390518202e-05,0.0001069241818934313,4.734495068172176e-05
2020-12-21,0.9996710767819812,0.999811229539906,0.9999999998417479,0.9999491739770054,0.9999679775025959,0.9999999999545253
2020-12-22,0.0032863782993665,0.005724417291695118,0.5744940617756311,0.004867977424066549,0.0082669911751596,0.6044186040423241
2020-12-23,0.0001051347194237,0.00018352278485071213,0.11880438656089222,0.00011766966496824497,0.0003254919211354093,0.05181163816655672
2020-12-24,0.0001306633103002,0.00022755257794035758,0.044368501438295474,2.8267958293588243e-05,1.7707979218679753e-05,5.894599202792306e-08
2020-12-25,0.0004115682134753,0.0007187507518670257,0.11856196767106604,7.132549021995801e-05,2.8681231508347447e-05,1.5511300971961375e-08
2020-12-28,4.844767519561296e-05,8.463939090740303e-05,0.020424738776973005,4.73155879647532e-05,0.0001062705197831973,0.002278016287210506
2020-12-29,2.5579998845901725e-05,4.468838365007918e-05,0.004395765357786317,1.0924216882109671e-05,1.2890869385209035e-05,1.7926363175046416e-06
2020-12-30,2.7306684875754832e-05,4.7704497003767645e-05,0.00457399324631414,1.135769564808198e-05,1.2465476902956555e-05,1.2115935317148246e-06
2020-12-31,2.936491569435066e-05,5.114479935104979e-05,0.006295569848506012,1.1791565304162926e-05,1.2242135957853326e-05,8.630402559081693e-07
2021-01-01,0.0004041829784421,0.0007058948395336967,0.11363096126308081,7.64516143444604e-05,2.8703668819651598e-05,1.2905003963915713e-08
2021-01-04,4.205945449618868e-05,7.335136450090358e-05,0.018189222396743365,4.5227235163004134e-05,9.568036955969591e-05,0.001713981536989106
2021-01-05,0.0002080809157793,4.182894403666194e-05,0.014312805781329114,0.00011168777199259317,7.1102827652207e-05,8.054207873972302e-06
2021-01-06,0.902172386986132,0.9216629438950497,0.9860892570887071,0.9686789527644318,0.9294088297106794,0.9999770864075291
2021-01-07,0.0023808697609497,0.0041524580462995375,0.46960544035746954,0.004089818154424879,0.006423771923364859,0.49986253260294616
2021-01-08,1.7620750421052542e-05,3.078482762406188e-05,0.007696819182627471,9.81436421017361e-06,1.834763677238493e-05,1.9121174104012452e-05
2021-01-11,2.2462548802927656e-05,3.924519415720694e-05,0.006538919596287214,1.831002281491515e-05,4.8167718845717545e-05,0.00029714033435308205
2021-01-12,1.6126360884395956e-05,2.8175039274416595e-05,0.0036019254327606448,9.597755276623393e-06,2.112742359312025e-05,1.9025407195658253e-05
2021-01-13,1.5825398123828665e-05,2.763722816042635e-05,0.0035126283261713524,8.212193628922351e-06,1.6037206881886225e-05,4.068516739680073e-06
2021-01-14,3.0038845232864256e-05,2.412071638251147e-05,0.0048639226300971694,2.4289809973015875e-05,4.355900214074728e-05,3.185657838781807e-05
2021-01-15,0.0503260558428079,0.06344967294504687,0.18930654508685268,0.13124745685031125,0.08272912143656619,0.7672926997201929
2021-01-18,2.794393241555217e-05,4.879749881836814e-05,0.004963427369984613,2.4539518808322698e-05,5.706199708654315e-05,7.616297524206474e-05
2021-01-19,2.0153072357881173e-05,1.94823417131545e-05,0.0032128297694680695,1.3750377728409007e-05,3.804189699655101e-05,2.1732413056172516e-05
2021-01-20,0.0021485033373624,0.0036692832888832972,0.015809397292026628,0.005408211468985044,0.005438770812157576,0.0014142959778214133
2021-01-21,0.0025258427907242,0.003226908516529803,0.016351584638144255,0.005227676137424535,0.006011995656243376,0.0012730588510719097
2021-01-22,1.4286482307658872e-05,2.495175839975588e-05,0.0050848104690030295,1.674103128943174e-05,8.742636903010385e-05,0.0004619427063919793
2021-01-25,6.0004077203056045e-05,0.00010485162366358562,0.09147645493006731,0.00014507994388672477,0.0006659034798949404,0.12259674470109888
2021-01-26,7.079399213624457e-06,1.2229694702544557e-05,0.02042886281456279,1.3716198948259282e-05,5.922354348969138e-05,0.0022962945811817095
2021-01-27,0.001389386798811,0.0024254592734919665,0.9216537520462789,0.005865107417874089,0.025283986411755416,0.9880613860835707
2021-01-28,1.1066201037513536e-05,1.9333154829282116e-05,0.034233086201714426,2.3071840589322337e-05,0.00010372020756094136,0.008343239595833617
2021-01-29,4.1508895853887495e-05,7.254359577984824e-05,0.06143701269064669,9.92435132658099e-05,0.0004597606294605157,0.06654946460580947
2021-02-01,5.691326201357036e-07,9.946904173230963e-07,0.004865773319021515,1.2734783134894653e-05,5.0176756349553994e-05,0.003880918654321084
2021-02-02,2.044696854375204e-06,3.5734071101216396e-06,0.015225764187295057,3.521979929350801e-05,0.00015006128845978543,0.02713786344113381
2021-02-03,4.098159872718253e-07,7.161984670473851e-07,0.001202095454834721,4.037087158548191e-06,1.3364789871713855e-05,3.1761169707681525e-05
2021-02-04,3.3748188576587653e-07,5.897922178633667e-07,0.001212659297967287,4.483811968146612e-06,1.530785775922808e-05,7.325289698096746e-05
2021-02-05,2.7029167272393825e-07,4.7236754041399605e-07,0.0011217514049900927,4.3747530338385374e-06,1.426846727661952e-05,6.922650091403405e-05
2021-02-08,3.729734745565015e-07,6.518114906543677e-07,0.001181584065749108,3.3159054824318386e-06,1.0448744518511887e-05,5.217825411951239e-06
2021-02-09,3.623845625664822e-07,6.333051480400863e-07,0.0011617494766675432,3.7195475295895583e-06,1.4142564257753155e-05,4.443777287185927e-05
2021-02-10,3.613521767949297e-07,6.315084904815469e-07,0.0011038265033806508,3.3229768211476593e-06,1.096915209806172e-05,9.430474145564951e-06
2021-02-11,2.07662244807891e-07,3.6292673234104483e-07,0.0009341843623757434,3.3625380411743632e-06,1.1077564681680902e-05,2.592705849349457e-05
2021-02-12,1.7292610444571353e-07,3.022361434647823e-07,0.0015300790185979983,5.481887328679922e-06,1.8786915535317104e-05,0.0005051127362483577
2021-02-15,2.1053508204776386e-06,3.679564230756165e-06,0.046515204953620395,9.067631029383012e-05,0.00033790867940606026,0.19453847039115246
2021-02-16,1.3128220451930282e-07,2.293946999142647e-07,0.0008896798854000079,3.06390508549365e-06,9.124223891179264e-06,2.263302920320211e-05
2021-02-17,3.547379966979815e-07,3.4572973937053755e-07,0.001018860884266503,6.466188386884642e-06,2.6492803262176538e-05,0.00013983294353049017
2021-02-18,0.0002053836386406,0.0002625558338574964,0.007642486217411869,0.0034817007161943216,0.00782960729750861,0.01387752689170631
2021-02-19,6.751178488662756e-07,1.179781764465808e-06,0.001853571081368057,9.5371832678044e-06,5.4181586746880224e-05,0.0007807973662051851
2021-02-22,2.149735004259037e-07,3.7570305530206775e-07,0.001047374847162204,3.557817010628886e-06,1.3555204773668989e-05,6.90040009211156e-05
2021-02-23,2.1806599404899357e-07,3.8110216862091705e-07,0.0014502324274906853,4.9397067975400355e-06,1.974094205069509e-05,0.0003354208959507077
2021-02-24,2.4292123870074866e-07,4.245358165300259e-07,0.0009873869909308066,2.9385324109771185e-06,1.0589303881253914e-05,1.3201502328604324e-05
2021-02-25,2.411193139960485e-07,4.212602608776399e-07,0.0031840892112260763,3.1573529519356726e-06,1.2777263833338001e-05,0.00010241564364308496
2021-02-26,4.885247471362409e-05,8.155677408690788e-05,0.8592529345784269,0.0020938019821098424,0.011798899879473962,0.9813594857153747
2021-03-01,0.0055642553163372,0.009682059910053465,0.9996181421350165,0.11758432958644902,0.3264764926976534,0.999978346988208
2021-03-02,1.3791033524191311e-06,1.3430742375361928e-06,0.004960654251216353,1.2731494358340606e-05,6.641665269443391e-05,6.921418590159875e-05
2021-03-03,0.0003916204527322,0.0005006269477963077,0.0076590426422698255,0.002736445283112713,0.0058192052806940574,0.0036041355258708157
2021-03-04,1.6178420224689595e-06,2.8270352019248083e-06,0.0014926038395672698,5.284654591783009e-06,3.303791088635576e-05,2.9383052495684672e-05
2021-03-05,8.400226906198843e-07,1.4593271649870536e-06,0.009301991018842442,6.684938068551665e-06,4.191200925349869e-05,0.0022609010435992467
2021-03-08,0.0007222049086552,0.001261508646579694,0.9739204827687912,0.008644178727880612,0.04398075147714662,0.9974314066298758
2021-03-09,1.1741807730559926e-06,2.0519406676718683e-06,0.00885282317551825,6.066326114290789e-06,3.935178465103066e-05,0.0013341815332642783
2021-03-10,1.1637556864462156e-06,2.033758997388222e-06,0.0017983661298454938,3.3123466332183474e-06,1.4007441631945413e-05,5.0034293485051175e-06
2021-03-11,1.9890822856286456e-06,3.4760563824420496e-06,0.004749322348117624,8.947148286436943e-06,5.778126230415576e-05,0.0017641244777892864
2021-03-12,1.6471751683939902e-06,2.878675254251756e-06,0.0023249359423025626,3.7989934736892835e-06,1.4535546478983094e-05,2.2572014963878772e-06
2021-03-15,3.505521398683451e-07,6.12644859093401e-07,0.0016464531018639352,3.5692520899606167e-06,1.0603926561713104e-05,1.6428101394673614e-06
2021-03-16,1.877461952964276e-07,3.2812006014253485e-07,0.0009420542423441761,2.6365863657467644e-06,1.1626095820699369e-05,3.3555021837043444e-05
2021-03-17,1.2293515918401357e-07,2.1485185912823305e-07,0.001021509107656704,3.6438985484060966e-06,1.4013931048828103e-05,0.00015976972319747506
2021-03-18,9.959434382452414e-08,1.7406312759752184e-07,0.0007659176817618659,2.7030522974542922e-06,9.556013956002377e-06,3.0857859799018e-05
2021-03-19,2.2351297031195617e-07,3.906353461575986e-07,0.0023370422731804914,6.850250831035033e-06,3.002248799381266e-05,0.0015053711396668785
2021-03-22,1.6898847785066845e-07,2.9533887834368203e-07,0.0011176326311711756,2.7971416468459864e-06,9.127882252436218e-06,3.315425474254119e-06
2021-03-23,1.2936056590553497e-07,2.2608152579783113e-07,0.0008925752882616927,2.5623504356441174e-06,8.639900698670448e-06,6.209464077972185e-06
2021-03-24,8.958622470516124e-08,1.56568451658619e-07,0.0007342196435660358,2.572878099988889e-06,9.046994320768194e-06,2.5571592367776948e-05
2021-03-25,9.362371644328593e-08,1.6353699217317752e-07,0.0008424646830292964,2.5044686263483125e-06,8.735487095766591e-06,1.8690189231433168e-05
2021-03-26,6.364089401213744e-05,0.00011118772991600704,0.05473926526380877,8.380316606462175e-06,0.00039925423063369615,0.022328947046520737
2021-03-29,9.986675229895916e-06,1.7447648993178816e-05,0.003569289953246131,1.009591078909808e-06,3.593802346366982e-05,3.2582438590882356e-05
2021-03-30,1.363382529229144e-05,2.3819542076259138e-05,0.005573439111251108,1.6065496383988975e-06,6.941266153487316e-05,0.0005747448596195768
2021-03-31,9.504533689134836e-06,1.6605346007301062e-05,0.00306419050221695,1.0069541395288817e-06,3.753357731569511e-05,5.547757580262715e-05
2021-04-01,1.04212373137765e-05,1.81988178810284e-05,0.004243211834849275,1.180193645047209e-06,5.109173020077692e-05,0.00022257974723313898
2021-04-02,7.359989011722422e-05,0.00012852753187076745,0.040069549757832106,5.570265479537681e-06,0.000109522560881323,2.3374964315890093e-06
2021-04-05,7.401827744614819e-05,0.00012931637574292485,0.0415177281829231,5.745996630902026e-06,0.00011202237191063749,2.2726878131582177e-06
2021-04-06,1.0750605416289543e-05,1.878134429730404e-05,0.004190998999755444,1.1422229486887012e-06,5.019791595201845e-05,0.00021018695751242323
2021-04-07,1.3498615893888509e-05,2.3582151870939346e-05,0.0042824988145057355,1.2273477905061191e-06,3.810444976757407e-05,1.17530674886652e-05
2021-04-08,9.989634214676783e-06,1.7451970171535674e-05,0.0030496995211042226,9.678224907996655e-07,3.5768235339858936e-05,3.5574941585767115e-05
2021-04-09,1.130933212962913e-05,1.9757654864791853e-05,0.0036996647162396436,1.097948666232406e-06,3.717898727873758e-05,1.723554361895661e-05
2021-04-12,9.981422768416176e-06,1.7437460248877112e-05,0.0031277901287902997,9.902073331126269e-07,3.5993596102369843e-05,3.207885741128818e-05
2021-04-13,1.1615671372133688e-05,2.0282638495100385e-05,0.0036023835533537493,1.0998296606360288e-06,3.611809841601856e-05,1.7170786306638924e-05
2021-04-14,1.7973790828484142e-05,1.7065573498140016e-05,0.0032710533125189893,1.7699373946421578e-06,7.466196511260455e-05,7.893744337640961e-05
2021-04-15,0.0064669122317467,0.008253275057067112,0.024755152992517227,0.0006322158564012854,0.012220271076955447,0.003433152997686602
2021-04-16,6.123225970681523e-05,5.894842398492447e-05,0.009817378780113057,6.159093282777324e-06,0.00044378152145271757,0.005081265603620186
2021-04-19,0.0032183691624585,0.00400083848005423,0.04998823621048299,0.00033059648404408216,0.011546089427970013,0.03365134926503031
2021-04-20,0.0071409178423049,0.012410883800788102,0.9598926326182394,0.0010034357268419918,0.05089005085388383,0.9611103902849673
2021-04-21,1.034023432651742e-05,1.8064835722537047e-05,0.011860045903770378,9.161845483364683e-07,4.8064427206877315e-05,8.702143139504033e-05
2021-04-22,2.6131347403591003e-05,4.565530266441512e-05,0.016024440606542078,2.972414905886481e-06,0.00015551967655575336,0.003538372690208083
2021-04-23,1.0073994068892766e-05,1.760062876111009e-05,0.00372410816712979,9.823388365308971e-07,3.907217825731999e-05,2.206273094603494e-05
2021-04-26,9.231593910240686e-06,1.612877847410477e-05,0.0037159740104549073,9.907238345385983e-07,4.984895412362241e-05,0.00018661202127003468
2021-04-27,9.685683174614415e-06,1.692237657776754e-05,0.0038768518124271626,1.0318016901490412e-06,4.022178376323197e-05,1.89132245283209e-05
2021-04-28,7.83714249495512e-06,1.369235050210691e-05,0.0031896196994884046,8.910526221049032e-07,4.202280935541906e-05,8.508817896456122e-05
2021-04-29,9.758356062918813e-06,1.7048770668631837e-05,0.0037398046216527312,1.0005969206087739e-06,3.9816381680628475e-05,2.054972187418777e-05
2021-04-30,9.02423430535748e-06,1.5765904121872007e-05,0.003214714624775671,9.078941710156889e-07,4.1612530539685095e-05,8.396428462014551e-05
2021-05-03,9.433028051579276e-06,1.5988511300960738e-05,0.009478328934195132,8.937010027017773e-07,4.2580549999797254e-05,0.00014421602069389952
2021-05-04,0.0036775761816935,0.0008997075910132457,0.8323217712554009,0.0005818094308077767,0.01883779078586823,0.7027428506477776
2021-05-05,0.7026940120819973,0.7513554073343222,0.9999999975589162,0.8376093306771814,0.9999562724146651,0.999999583265067
2021-05-06,9.844691616602605e-05,0.00017186561071073615,0.01624782802372312,1.0029367594570778e-05,0.00022324808177806953,3.901925874029387e-05
2021-05-07,6.425363949470197e-05,5.855782867577084e-05,0.024664951228862836,6.290672167593182e-06,0.00039865396203247,0.010581227746988591
2021-05-10,0.0164819106720556,0.004368991622090618,0.048848225107420484,0.0016732343543197049,0.024039553959144852,0.014654266400700156
2021-05-11,0.9954486890312468,0.9964369239834323,1.0,0.999453344527536,0.9999999999545253,0.9999999999990905
2021-05-12,7.594269483903252e-05,0.00013264284903153828,0.008972320224880655,8.529382735305594e-06,0.00015916592094417564,5.820914617063562e-05
2021-05-13,6.895442255246827e-06,1.2043676872646345e-05,0.00262952370323626,7.461936809589938e-07,2.9352934805606112e-05,3.415767193585086e-05
2021-05-14,5.907529058358352e-05,0.0001032077756030377,0.058713506792587196,7.699441770046331e-06,0.0003713718454424698,0.015159732908747761
2021-05-17,7.651035696395289e-06,1.3365729379474386e-05,0.002958673410115669,8.45426689601702e-07,2.861552049717949e-05,1.6547862544378016e-05
2021-05-18,6.754556877016474e-06,1.1508784053756431e-05,0.007277780503934195,7.964303046664538e-07,2.9214467184153632e-05,5.840904587501704e-05
2021-05-19,0.0030380447264265,0.0028925679925509828,0.8902858187878722,0.00047954843164893876,0.020691874404710733,0.8536801729429736
2021-05-20,0.005816322790857,0.009914557789054047,0.11374019468844886,0.0006095671407456783,0.03582274910862714,0.4281065058234433
2021-05-21,0.0024440719517278,0.003122796356387982,0.017366116102201012,0.00019840533500117293,0.01377276745116297,0.04382543117752351
2021-05-24,2.144242788859568e-05,3.74499682783417e-05,0.003929997257132632,1.5605966986705138e-06,8.497485414175074e-05,2.1227234803823888e-05
2021-05-25,8.044052682308802e-06,1.4044270694721563e-05,0.0026200807500754283,7.398190240537836e-07,3.26249044235531e-05,2.5668556499985107e-05
2021-05-26,1.778846395458255e-05,1.7155856710228316e-05,0.003384699926872816,1.6925959845846418e-06,6.842947206719431e-05,2.7271134009620848e-05
2021-05-27,0.0027482337756404,0.003511166751994376,0.011929716155531046,0.00023030503362867408,0.01047617891698757,0.020211204877799857
2021-05-28,1.2397650508054792e-05,2.1654231311696756e-05,0.002584307521325287,1.2874117224597724e-06,7.847143955433685e-05,0.00019858078268342885
2021-05-31,6.707747295146465e-06,1.1719125278788751e-05,0.0023273077926424376,6.656611946172619e-07,3.231433924717729e-05,4.619420588546065e-05
2021-06-01,8.478087114983954e-06,1.4804032228755496e-05,0.003915964304405275,9.656770678056876e-07,5.1438094972787065e-05,0.00030311419914702065
2021-06-02,1.1052886171207533e-05,1.0635569567051598e-05,0.0023065150905066693,1.1892485858356805e-06,6.507794076854529e-05,0.00013192864768148225
2021-06-03,0.0032836396460678,0.00419629111904835,0.014845015269476465,0.0003514349419066597,0.01020784391332417,0.0030367526820615338
2021-06-04,2.4207489682578554e-05,2.328303986794505e-05,0.0025440429534124183,2.0465806117054134e-06,0.00013836488485161034,8.462504472268492e-05
2021-06-07,0.0035604880675008,0.004547805239368117,0.014979320533105168,0.00032055575340262727,0.010097707925717462,0.004029472950276113
2021-06-08,2.2355911298603987e-05,3.904557703632414e-05,0.003984381223919884,1.5840132190381603e-06,8.54523976166253e-05,2.0776113208138213e-05
2021-06-09,9.470618181449922e-06,1.6544631234993986e-05,0.00305868786381644,7.731709035316097e-07,3.6615733776845344e-05,2.3105544127849393e-05
2021-06-10,9.898484826604018e-06,1.7292779375198957e-05,0.003175560160125391,8.118623504894967e-07,3.673598230095243e-05,2.046283913654698e-05
2021-06-11,8.74099132846369e-06,1.5270812454964885e-05,0.002942646168359578,7.344217466686217e-07,4.1079193968165895e-05,8.988080474528033e-05
2021-06-14,8.374125640902753e-06,1.4629530248879493e-05,0.0028269903157114745,7.190991213150523e-07,3.968813314601547e-05,8.496669418290381e-05
2021-06-15,7.97051260953645e-06,1.3924114524288406e-05,0.002608830947869727,6.858339798664422e-07,3.509188571699565e-05,3.940414960436933e-05
2021-06-16,8.302450053560765e-06,1.4493849229074791e-05,0.0027552251838427514,7.17014969866241e-07,3.451109040295746e-05,2.6447772059329394e-05
2021-06-17,4.2162318582431005e-05,1.38810777977757e-05,0.007897552006309413,1.3351345919275925e-06,0.00015668980483008303,9.979310534182788e-05
2021-06-18,0.4596805624148296,0.5211008282694687,0.801137731295725,0.019817896176267814,0.7120715537088262,0.9982690172377561
2021-06-21,8.01612374253683e-05,7.525084480746023e-05,0.026717140389672683,2.3420462303917955e-06,0.00037727213436453805,0.0004757120450599528
2021-06-22,0.0093454710080935,0.015844159605281814,0.96987201257271,0.0003792041564630193,0.07218444992376054,0.040290490172119414
2021-06-23,0.003052335670016,0.003898318219974,0.0527211136382722,0.00016569976409106025,0.014665011058572687,0.028716047345189646
2021-06-24,9.830682293908691e-05,9.303693496266631e-05,0.01993721860549953,7.654220165326401e-06,0.0007254210264479602,0.011827369955614439
2021-06-25,0.007279237314346,0.009287437166853837,0.030321228774139716,0.0006357451468686315,0.01543141029603127,0.002834030870760138
2021-06-28,2.3694129551194263e-05,4.1367861655839465e-05,0.005261815866646479,1.7983192563032337e-06,0.00014178927838584535,0.0007081280733329691
2021-06-29,1.6076257374620632e-05,1.5009973879851516e-05,0.0032609650679119697,1.3425857079676523e-06,8.811579772259541e-05,0.0002620203874640573
2021-06-30,0.0105377755309277,0.013429489519389744,0.04631628649467034,0.000606432145516056,0.03871422027327061,0.3500488451577973
2021-07-01,6.873836199672707e-05,0.00012007478104792779,0.02504088549485109,5.85476982024977e-06,0.0004537444424508036,0.010912204605852335
2021-07-02,9.834291338497715e-06,1.7179911823020764e-05,0.003193453010775488,8.787126966464763e-07,3.361838126304917e-05,1.913296594435249e-05
2021-07-05,9.202805799819134e-06,1.6077705052383906e-05,0.002809354373843208,8.16997388826086e-07,3.385120472065666e-05,2.8132219964271665e-05
2021-07-06,1.0533745118705422e-05,1.8387125547113452e-05,0.004014215891914664,1.0383288281631803e-06,5.2031791543047006e-05,0.00026709635314452543
2021-07-07,7.880545979288462e-05,1.708289835953713e-05,0.011940051097923407,8.699182615882595e-06,0.00025541396341932426,0.000577230302871317
2021-07-08,0.8195612352982311,0.8527746628966875,0.9999999978408596,0.9072301637605691,0.9999759374582636,0.9999998416697179
2021-07-09,0.0026297416945182,0.004585634238820069,0.6557851656946526,0.00043865615576465134,0.010440178589788844,0.48028545004654943
2021-07-12,1.084001672231272e-05,1.8936926185705387e-05,0.0085655215383626,1.2477794707517468e-06,4.267772062975108e-05,0.0002950829096867215
2021-07-13,1.186520517398053e-05,2.072753015759943e-05,0.003319108780127661,1.1640812049596026e-06,3.134034028321443e-05,1.5242738544679939e-05
2021-07-14,1.2217339444077572e-05,2.1343982779844425e-05,0.003393346962833215,1.2046078296506359e-06,3.109992453827017e-05,1.374454067136441e-05
2021-07-15,1.7475933118286247e-05,3.0498380697761938e-05,0.007300034866437082,2.1705655850640687e-06,8.242746350325246e-05,0.0009749796325455056
2021-07-16,9.539008842991044e-05,1.765547190148053e-05,0.01036896812503391,1.0750983568154801e-05,0.00015552788623347775,4.225476878063862e-05
2021-07-19,1.0,1.0,1.0,1.0,1.0,1.0
2021-07-20,0.0006656044180914,0.0001921483369681578,0.03643200606039835,5.710181208428248e-05,0.0009672807313547305,0.0017631336671840498
2021-07-21,0.5577822711758842,0.6172523462972622,0.8587854736090154,0.12450050529842477,0.7659600302019383,0.9995537680957163
2021-07-22,6.465225890478337e-05,0.00011292578314259906,0.008476034903780412,4.8815057600152545e-06,0.000126899820215809,0.0001827908424206658
2021-07-23,1.7719706288031062e-05,3.0956328809238503e-05,0.0069138680502459915,3.8791265279097405e-06,6.866855696675679e-05,0.000980780612412881
2021-07-26,1.0163042850726208e-05,1.77456799126027e-05,0.002504793631582263,1.6502483392802891e-06,2.0394893319849088e-05,1.479049289970858e-05
2021-07-27,1.5616237572110175e-05,1.4970430407672804e-05,0.002555584500013971,3.554764876038124e-06,5.0718409467770195e-05,0.00018326533565225298
2021-07-28,0.0041683445182289,0.005323253248615808,0.013107892201600965,0.0008684769016107849,0.007236827189390144,0.00691193992829734
2021-07-29,1.8988536492807148e-05,3.316662169925348e-05,0.002950466214680427,3.4597237952785096e-06,6.586734948351951e-05,0.00021545598112399805
2021-07-30,8.343419535359093e-06,1.4576008845508335e-05,0.0024816300301943968,1.9975277090696e-06,2.4879826334415367e-05,8.64598184639534e-05
2021-08-02,7.095775529170574e-06,1.2395822819808381e-05,0.002021395798486694,1.800727728837391e-06,1.8160388014451057e-05,3.250474605891501e-05
2021-08-03,1.1733729207934009e-05,2.0498248966528616e-05,0.0030520845823237748,1.953647849441363e-06,1.8623391515019407e-05,5.341858226466548e-06
2021-08-04,9.007048227362447e-06,1.573450871219651e-05,0.0022871390466604664,1.6915544624873838e-06,2.0529027965190435e-05,2.6091985444595176e-05
2021-08-05,1.334855763523804e-05,2.3318941892852507e-05,0.0032450686701464603,2.1023471508155707e-06,1.921555589918753e-05,5.257825385489426e-06
2021-08-06,1.1142342686554283e-05,1.946404267994942e-05,0.002649162496902118,1.7481752738062702e-06,2.0708582669935628e-05,1.311634107244945e-05
2021-08-09,2.104961631828581e-05,3.6772569565458185e-05,0.005470496584374223,2.8238322217642264e-06,2.337363515074061e-05,2.4850929788890617e-06
2021-08-10,1.107384912268231e-05,1.9345116504968628e-05,0.0025927092708117666,1.7965523128438918e-06,2.1139669727374614e-05,1.682552086569544e-05
2021-08-11,1.1615097188000682e-05,2.0290048427935867e-05,0.002725191763538944,1.6729556997410346e-06,2.3730966008535762e-05,1.9320037989487886e-05
2021-08-12,1.854432466538366e-05,3.239349238412467e-05,0.004668388012763289,2.1892828150421263e-06,2.591435726565763e-05,4.2840634217834195e-06
2021-08-13,2.697737500441768e-05,4.710415099118253e-05,0.00722353669833669,3.0582837970759573e-06,2.8979310154250086e-05,2.291988185389916e-06
2021-08-16,2.3661392756960306e-05,2.156020917411844e-05,0.01107640502803121,3.6072064651848438e-06,7.591645828756931e-05,0.00022561009096236574
2021-08-17,0.0165721404438599,0.025560796286508765,0.975817426730365,0.001187162771395742,0.0649528153515338,0.025989995891421792
2021-08-18,0.0218966671112937,0.005838307882745228,0.16729482731236445,0.003415728774551932,0.022588381939646004,0.008080694877471609
2021-08-19,0.9934076646026164,0.9948365054469126,1.0,0.9984219166797457,0.999999999808324,0.9999999999827196
2021-08-20,0.0001120604165557,0.00019573210022998263,0.010062047231788543,1.9270117255488603e-05,0.00010492073491108727,2.3697766428083068e-05
2021-08-23,1.4431334085504198e-05,2.521119394091925e-05,0.004875493036001998,3.267479434663338e-06,4.878790600055846e-05,0.0004517304578574496
2021-08-24,1.16331656570806e-05,2.0322325062329328e-05,0.0027685564724951313,1.8885446391788466e-06,1.9306880016546296e-05,8.883824386802271e-06
2021-08-25,1.0458621532003262e-05,1.827035001377486e-05,0.00247989449636774,1.7804338373484441e-06,2.0333715822396007e-05,1.6894688388016147e-05
2021-08-26,1.190138747200993e-05,2.0790782893924527e-05,0.0028370530999807264,1.9468833141309862e-06,1.8934973734082358e-05,7.601597847147333e-06
2021-08-27,1.1856565144000382e-05,2.0701029403916802e-05,0.0028211398407151267,1.961508329509243e-06,1.8949099066111083e-05,8.4342155177503e-06
2021-08-30,2.072432919987144e-05,1.9060795071975424e-05,0.00882573705128555,3.5096013457589724e-06,4.027894473798176e-05,2.179917830735587e-05
2021-08-31,0.0142556325697884,0.018154832303970223,0.9601105319147246,0.0018116793607853162,0.05993513301273531,0.04026565653512153
2021-09-01,2.0546784942761908e-05,3.5885525658726304e-05,0.008229967899365604,3.070292328244647e-06,4.879513367140927e-05,3.894120880333856e-05
2021-09-02,1.1104786065956176e-05,1.939919722915046e-05,0.0026033392396424796,1.9012573024237238e-06,1.9621504235568207e-05,1.3355500675312463e-05
2021-09-03,1.1598959670995484e-05,2.026286163821515e-05,0.0026423880003365093,1.898136190997734e-06,2.06565803530116e-05,1.4483026637993503e-05
2021-09-06,1.1307503124817084e-05,1.975351188786319e-05,0.00277802250550285,2.0901370931809926e-06,2.6959847925449195e-05,6.231466212786018e-05
2021-09-07,1.216415117283964e-05,2.1250731497232644e-05,0.002721021345619398,2.0231964975983897e-06,2.1819520908636435e-05,1.8500398985968002e-05
2021-09-08,1.6932175976845925e-05,2.9580347886204678e-05,0.005577226803564072,4.095073896038584e-06,5.47622056140554e-05,0.0005919890069547168
2021-09-09,1.1580491725320897e-05,2.0230278594605472e-05,0.0026613898208407817,2.0736419983325253e-06,1.8310401917882797e-05,1.0005328973913386e-05
2021-09-10,1.137152814849652e-05,1.9865779012454327e-05,0.0026168673770586197,1.8326798073492147e-06,2.1588073407369153e-05,1.7765853896025892e-05
2021-09-13,1.2029325964074612e-05,2.101444389246184e-05,0.0032831995964965302,2.2420388742975958e-06,3.440644819463457e-05,0.00014177071940578616
2021-09-14,1.3416308904150663e-05,2.3438392502489984e-05,0.0030753113161650658,1.9963867206441594e-06,2.067534864990211e-05,7.934367839699144e-06
2021-09-15,1.2480362617932984e-05,2.1802879038516028e-05,0.0037848342042001337,2.885326485337802e-06,3.809691320695834e-05,0.000247209723903961
2021-09-16,1.1248707247338988e-05,1.962754215592665e-05,0.0026834950681803387,1.8607808250346399e-06,2.319061589879375e-05,2.7025989032566677e-05
2021-09-17,0.0001257349709875,2.3271370147099496e-05,0.013376346277341218,2.5900952891096787e-05,0.00022261599234381707,0.0007258497029290744
2021-09-20,1.0,1.0,1.0,1.0,1.0,1.0
2021-09-21,0.000452283460171,0.00035792383701263646,0.07601639303326407,0.00015148708564802858,0.0010828459025937552,0.006844743620402553
2021-09-22,0.0546686146049382,0.0688332549143903,0.992822612462971,0.05430055956567885,0.3870756894449046,0.9352204344398318
2021-09-23,6.954004569840677e-05,0.00012140484031415241,0.03611273793561664,2.1182824851574144e-05,0.00030986290129413454,0.0056401047058581705
2021-09-24,4.021233061791436e-05,3.32162463736191e-05,0.006411340856305961,1.1162681055673089e-05,9.226222504634436e-05,0.0007828907436956979
2021-09-27,0.0424047387341126,0.011418172923032188,0.06579654776056303,0.01673199417921149,0.0161572061842864,0.004016485549915381
2021-09-28,0.9999985228955206,0.9999991138993509,1.0,0.9999999508036138,1.0,1.0
2021-09-29,0.045862624002814,0.05790827617229167,0.06572908097784286,0.018244300503138047,0.017851100960315218,0.0045398813864487445
2021-09-30,6.254113760938088e-05,5.901304117724222e-05,0.004019575699975926,1.1049884030032641e-05,0.00012822502895391372,0.0002327028605894514
2021-10-01,0.0080942233681377,0.01356801388341666,0.02536280731555657,0.0019648070077771754,0.007053315182630945,0.0014431843382805537
2021-10-04,0.0053725888447981,0.008838229471082992,0.023548789026757787,0.0011051111689452376,0.006960829836297223,0.0022152085674181535
2021-10-05,0.0092358942392691,0.014436909563597115,0.055022797489143065,0.0022745033764286745,0.02314388837341929,0.20642309677180343
2021-10-06,0.0192319661870537,0.02506437082063815,0.1187530856104242,0.00455998742742015,0.04811037373538764,0.5902983994390801
2021-10-07,0.0615960823879054,0.07742369100559687,0.25057889151234713,0.016634887580201364,0.13965524302522803,0.9274220900545648
2021-10-08,3.170615384360013e-05,5.53793572832051e-05,0.004515769552281952,4.814693005041427e-06,5.5670605056141495e-05,6.894928044920652e-05
2021-10-11,1.1122681528366922e-05,1.9431587479804205e-05,0.003087270970490683,1.966506670133962e-06,3.1718250091857566e-05,5.0004266081906614e-05
2021-10-12,1.2506295172616696e-05,2.1849581814013607e-05,0.0034205751402493372,1.949014327196462e-06,2.7249904814572807e-05,1.1363140932574641e-05
2021-10-13,1.0193895924724036e-05,1.7809844331781112e-05,0.0033865646607667355,1.917618875596964e-06,3.8782203410422474e-05,0.00011132029077072812
2021-10-14,1.652007636108486e-05,2.8862794952587904e-05,0.007096521991830604,3.634818752381326e-06,8.054344989786844e-05,0.0010448573864601473
2021-10-15,9.647763606274714e-06,1.6855406952934835e-05,0.003070426827917084,1.8094178398018605e-06,3.29853875592061e-05,5.4303173297551803e-05
2021-10-18,9.933546299963286e-06,1.7346421213455004e-05,0.0030031831660266334,1.8068873181044088e-06,2.9948933568506163e-05,3.0851080227223106e-05
2021-10-19,2.019767736048868e-05,1.934885772785445e-05,0.0035309359016240964,3.3494866269291895e-06,5.755930554248827e-05,2.610869667713721e-05
2021-10-20,0.0043227784552514,0.005520144676969543,0.016861748151816406,0.0009140283641170009,0.008510017694680983,0.005169314449970363
2021-10-21,1.727229618610059e-05,3.0170962291393726e-05,0.0030568378924047943,2.8392908834507314e-06,6.86900732681758e-05,6.222924897234247e-05
2021-10-22,9.115171078695091e-06,1.5925311336097257e-05,0.003051295752684398,1.7177761077118727e-06,2.9261953626520656e-05,2.1329737640347145e-05
2021-10-25,1.09281479361197e-05,1.9093274623402664e-05,0.003962593250537413,1.999782990644038e-06,2.9186841522027095e-05,7.308696087931533e-06
2021-10-26,8.22766091641382e-06,1.4368057890724012e-05,0.0031678307661329582,1.769976038637779e-06,2.839814697982301e-05,1.5752263863675644e-05
2021-10-27,2.237972555474784e-05,1.3929813046409954e-05,0.010320295187077961,3.2902874437950526e-06,0.0001642561764100462,8.069164955771708e-05
2021-10-28,0.1328471892080829,0.20831501032365152,0.9999999105593855,0.01982490594381076,0.9951626523500735,0.9927662752924349
2021-10-29,0.0030521393778263,0.005224851442561926,0.05280594126096076,0.0003781342989972932,0.023587043038332353,0.014948206110662743
2021-11-01,0.001988974409953,0.003394751032546917,0.021429285888995127,0.00035756288261551,0.010741532583781464,0.01723238968032349
2021-11-02,0.0026559815027077,0.004530976672929569,0.06784787480316738,0.00042914970405230184,0.010766719281471427,0.0027275927106186477
2021-11-03,0.002668600342658,0.004552620721397979,0.957933322118127,0.0008446732782901383,0.08371994096844175,0.1834706595652639
2021-11-04,0.0026624484022753,0.0034014994152793193,0.05024112915665233,0.0003579235349496997,0.010700818345169057,0.007608619234305501
2021-11-05,1.5128259461812483e-05,2.64262399304346e-05,0.0033482725048484675,2.062578585904016e-06,7.993195282694033e-05,0.00010056694943246586
2021-11-08,8.127831634327773e-06,1.4199931707850802e-05,0.0030339788289119214,1.1841054611681945e-06,3.479371408925435e-05,3.9018236158669834e-05
2021-11-09,1.1666935380197036e-05,2.0383241156979593e-05,0.004070927147471922,1.4271913793871405e-06,3.5034470350336347e-05,1.1216782281869839e-05
2021-11-10,8.972819811415686e-06,1.5677012921664843e-05,0.003108624062634107,1.202412682347865e-06,3.4131104594453286e-05,3.1185333284152426e-05
2021-11-11,8.638740113315351e-06,1.509401628519717e-05,0.004081905274363799,1.3579305703396823e-06,3.652732251400001e-05,1.2027201831396677e-05
2021-11-12,6.004632289341883e-06,1.0491529600565103e-05,0.0030411454742125987,1.135518562753051e-06,3.920562206807663e-05,9.95962338555238e-05
2021-11-15,6.338673174819333e-06,1.1075204099464954e-05,0.003157268784489194,1.1381400781738608e-06,3.432900456873108e-05,2.468867411370601e-05
2021-11-16,5.79722517922961e-06,1.0129194158551042e-05,0.0029270056660407754,1.0684854677359807e-06,3.51357696623351e-05,4.375226170430502e-05
2021-11-17,6.313529685592512e-06,1.1027969311770236e-05,0.0034501009928537083,1.2147157005373344e-06,3.409257807225582e-05,1.8618653898904428e-05
2021-11-18,1.2976921387279203e-05,1.2510208956615193e-05,0.015563786638555222,2.757116843685928e-06,0.00013309039095346731,0.0011384887717557507
2021-11-19,0.0027994125532612,0.004740763658492538,0.9841280716232111,0.0006603018884855556,0.0774632135643205,0.19816722209247736
2021-11-22,0.004000658366408,0.006794488784565066,0.9904232326663897,0.00035840093933814165,0.07319162577405677,0.041362536663586955
2021-11-23,0.0033396188145903,0.005711395480767298,0.12517090390951685,0.00042399754837913465,0.0326834781139164,0.21902482230809314
2021-11-24,0.0021335821547749,0.0027255701351662728,0.019470502209738585,0.00026085390809899424,0.010482115831938433,0.007066805093300378
2021-11-25,0.0001221553567933,2.2613938104464293e-05,0.011195258312609474,1.637273797430706e-05,0.0004937856912682453,0.00046706886822444547
2021-11-26,1.0,1.0,1.0,1.0,1.0,1.0
2021-11-29,7.637662618320433e-05,0.0001333324747442927,0.013194942830028145,5.3096608150143e-05,0.00021251629242331977,0.0005269150068940469
2021-11-30,7.528139529841966e-05,1.4158612750436847e-05,0.014344684972801548,5.686023762579409e-05,0.00023832997120508238,0.0007799376997993863
2021-12-01,0.9802479241418836,0.9844846470414778,1.0,0.9995059679634503,0.9999999996368842,0.9999999999054126
2021-12-02,0.0002189710866865,0.00019995514981198563,0.02762096002201784,0.00016498680569580832,0.0008558517834878968,0.007727146628507406
2021-12-03,0.016060701897054,0.007257253137708807,0.06527802777188979,0.007893102762241548,0.019413623089030548,0.010088402768468476
2021-12-06,0.5143326078995211,0.21643643461137999,0.9999999758920243,0.514078497864297,0.9990996638753573,0.999062089278488
2021-12-07,1.0,1.0,1.0,1.0,1.0,1.0
2021-12-08,0.0001197102994034,0.00020909947701966826,0.011033502270662748,3.561214227789917e-05,0.00013747533607213154,7.379442540010695e-05
2021-12-09,1.9120821690161902e-05,3.340530721030687e-05,0.004714105354019503,4.256379520473978e-06,2.0447609123243218e-05,2.3673302099077953e-06
2021-12-10,1.5444241436328063e-05,2.698361552197031e-05,0.003646864503216369,3.816657058610184e-06,2.0357916771325682e-05,5.049027136754857e-06
2021-12-13,9.316806946729132e-06,1.6271556724216305e-05,0.0032151074194703274,3.6870209917732933e-06,3.144278554558564e-05,6.919713121881272e-05
2021-12-14,1.6432293111271136e-05,1.530155537440153e-05,0.0038490066781454407,6.855141699203295e-06,6.713797457633443e-05,0.00017105118623319854
2021-12-15,0.0111704349525704,0.008989339417313297,0.08414269889180424,0.01144133293778366,0.02140073136702481,0.002101542826589508
2021-12-16,0.2100987188108779,0.25380524745939026,0.9999999612637119,0.5766317423699512,0.9994006468378249,0.9998935448526564
2021-12-17,5.968422964053434e-05,5.331841679164055e-05,0.03484200690964065,5.351373680309452e-05,0.0004455754859615791,0.00015395577597497235
2021-12-20,0.0216731670279124,0.01721661214044034,0.995267180106839,0.09729280793412283,0.39243744000000785,0.7752642673647626
2021-12-21,0.2205313521551092,0.3241456340165214,0.9999999925666998,0.7065134924482875,0.999722210128977,0.9999752047015129
2021-12-22,0.0090984210678943,0.01160188384027515,0.07736932601007565,0.013240162170567314,0.03212987057973999,0.04488549288307588
2021-12-23,3.1909918511923816e-05,5.565539167625962e-05,0.009398871249304315,1.3050835957155773e-05,0.00017081967930928187,0.0017118797595000017
2021-12-24,0.000194821361036,0.00018500393514585576,0.049688856639160485,3.184979902901109e-05,0.00010004592771472876,3.836234821708707e-07
2021-12-27,0.006380558942394,0.010595586253800814,0.028785382134171245,0.0026289642079749408,0.007242534815462683,0.0011510282249091225
2021-12-28,0.0073422232311064,0.0093678534879625,0.02797916785625961,0.00248993287799919,0.008210782696878817,0.0007698789111559242
2021-12-29,1.9223260332957037e-05,3.357947074981247e-05,0.0032078582665594226,5.235378606530698e-06,5.122303622573924e-05,2.187054035180784e-05
2021-12-30,1.5580278554641853e-05,2.7196253323497658e-05,0.005873355012317778,3.904198453845727e-06,2.274345189189165e-05,2.185528279997144e-06
2021-12-31,0.000108924555941,9.854479230703985e-05,0.08145508929534687,2.0757287892334895e-05,9.707453053661323e-05,6.433604738812722e-07
2022-01-03,0.0183251415314844,0.013787410838166909,0.9910117704204233,0.006512600366345768,0.14238676857819726,0.055871421304451
2022-01-04,0.2409148076802114,0.28869048287484156,0.9999999791180019,0.08469184464133236,0.9965524983095959,0.9868943859150178
2022-01-05,6.969367881005652e-05,6.683261726873595e-05,0.011068574142148761,1.4426096145542207e-05,0.0002803573297076626,0.0001538470628260574
2022-01-06,0.0041802970570113,0.007044720284436117,0.02477145400446404,0.0021682082321563753,0.009095613533394374,0.015613678961689628
2022-01-07,0.0047646213388374,0.007844337010530588,0.08246571713248857,0.0016479729138927477,0.010438145696107466,0.0015347001698504542
2022-01-10,0.0091295232262896,0.015193904005155101,0.9954996881361613,0.0103666674355069,0.2336682510038223,0.664243175541705
2022-01-11,0.0066612204024512,0.011112050104198223,0.9921852043154158,0.0046597140106126545,0.1345430421340832,0.2788165061347711
2022-01-12,0.0064439041211185,0.008222189141577638,0.10762766359031571,0.0028966118325406617,0.0207582976199908,0.07766254632812801
2022-01-13,0.0001291962674264,6.899312118555852e-05,0.024241533121128454,2.4007546234308733e-05,0.0002906542706286254,1.0560190465971098e-05
2022-01-14,0.1937798913307899,0.23510121210675097,0.9999999107449224,0.21291835570546358,0.9975842607580854,0.9985200430123665
2022-01-17,6.662645851054237e-05,5.924426620456217e-05,0.013875996003154176,2.164645535391966e-05,0.0003755148087079698,0.0005120925149614546
2022-01-18,0.0228720503087412,0.029056795613483816,0.10626139952019542,0.013669470657624513,0.05961191256605372,0.6415794659582612
2022-01-19,2.171357203581759e-05,3.7887753240422806e-05,0.0039284471882492355,5.735938418857765e-06,6.580166598567652e-05,9.658589847599949e-05
2022-01-20,0.0001107711780107,2.050135303055225e-05,0.010809913005315959,3.2222212119449024e-05,0.00013797956945758744,6.698478367657057e-05
2022-01-21,1.0,1.0,1.0,1.0,1.0,1.0
2022-01-24,1.0,1.0,1.0,1.0,1.0,1.0
2022-01-25,0.0018769722946264,0.0003479217396302927,0.051560836308569565,0.001131145596044961,0.0008372433623092606,0.0005697510655016886
2022-01-26,1.0,1.0,1.0,1.0,1.0,1.0
2022-01-27,0.0894351833807869,0.1337434975994001,0.10632206426454961,0.10908713450321098,0.013127480903702365,0.0009517599167884377
2022-01-28,0.0265453901200451,0.03367960869208554,0.053550913746421396,0.04464013576917422,0.012304471016967312,0.02612568423296275
2022-01-31,0.0001565180318035,0.00011069729917769638,0.010811225001048958,0.00012939572918143786,0.0001935624660199396,0.0012009988056117058
2022-02-01,0.0889695198298885,0.1109703499080581,0.1934053324733265,0.17983934889611897,0.0681625237080374,0.7428504692609555
2022-02-02,0.0001862415120748,0.0001388858740734692,0.009899527795460186,0.00010775523795683317,5.513589463061238e-05,8.694772321573353e-06
2022-02-03,0.0723062836053905,0.10936760328268708,0.19510044409018332,0.17039696645085609,0.05915599757235658,0.7065028689336703
2022-02-04,0.0243800176641172,0.030955570435324355,0.053108706280816154,0.054828675173000156,0.010573563367397731,0.026931782455590622
2022-02-07,4.926984536748701e-05,8.591486045888306e-05,0.005261461575406659,3.1979447932345106e-05,5.1310463652008e-05,0.00013364987809800634
2022-02-08,0.0002001148707632,3.703860540010929e-05,0.011934962324631844,0.00010466446079199661,6.969175967414803e-05,2.623516582055415e-05
2022-02-09,0.9999998034691282,0.9999998462615943,1.0,0.9999999857350305,1.0,1.0
2022-02-10,0.0005226111374185,0.00036524581412808926,0.014477010590177638,0.00031088564401915604,0.00012021350919017182,2.7764038654346973e-05
2022-02-11,0.0929323602138978,0.026027065588206683,0.087434401393662,0.15040363741411517,0.011618129623245349,0.0020603850670627743
2022-02-14,1.0,1.0,1.0,1.0,1.0,1.0
2022-02-15,0.981654771853688,0.9855907645628357,0.9999999985648174,0.9993664119263972,0.9999732074894773,0.9999979949709178
2022-02-16,0.0002513760728123,0.0004385261945464377,0.015288051429339021,0.00014279195458537268,3.911323028812944e-05,2.696824996727163e-06
2022-02-17,0.0001564832812997,0.00010250838625176143,0.029329371674012745,0.0002963010413376649,0.0002068272582138461,0.008005001434245386
2022-02-18,0.1145662789853452,0.03264652574093887,0.1607519127028164,0.2131316011631577,0.036083139725057514,0.11182664106083005
2022-02-21,1.0,1.0,1.0,1.0,1.0,1.0
2022-02-22,0.1352447307796434,0.16323711472764585,0.132298423593011,0.1724625325519019,0.013055265866372031,0.0005525506940641087
2022-02-23,0.1044904052561391,0.029535006366077886,0.12541201599045843,0.17116481343268852,0.01975963525147676,0.012257487630935785
2022-02-24,1.0,1.0,1.0,1.0,1.0,1.0
2022-02-25,1.0,1.0,1.0,1.0,1.0,1.0
2022-02-28,0.9999999999997726,0.9999999999995612,1.0,1.0,1.0,1.0
2022-03-01,1.0,1.0,1.0,1.0,1.0,1.0
2022-03-02,0.9813464146384198,0.9320735178675811,0.9999999987931005,0.9996404972868592,0.9999388766068563,0.999926245201725
2022-03-03,1.0,1.0,1.0,1.0,1.0,1.0
2022-03-04,1.0,1.0,1.0,1.0,1.0,1.0
2022-03-07,0.9999999999995453,0.9999999999981759,1.0,1.0,1.0,1.0
2022-03-08,0.9998412603421152,0.9993916702073339,1.0,0.9999997875688903,0.99999999997749,0.9999999999272404
2022-03-09,1.0,1.0,1.0,1.0,1.0,1.0
2022-03-10,0.999999987830961,0.9999999550037462,1.0,0.999999999992724,1.0,1.0
2022-03-11,0.9934737532199676,0.9754329327393108,0.9999999997162377,0.9999803742509832,0.9999898293816549,0.9999969950103734
2022-03-14,0.999999928568516,0.9999999440499379,1.0,0.9999999998262865,1.0,1.0
2022-03-15,0.0019187543582208,0.00035565064388961795,0.04925608898397601,0.002211356317734836,0.0003392486629709917,1.1196127365993838e-05
2022-03-16,1.0,1.0,1.0,1.0,1.0,1.0
2022-03-17,0.0989491740563536,0.1231012812576501,0.11845739663415669,0.5291614224683057,0.017287308747162364,0.003872603671136556
2022-03-18,0.0001111155064426,9.544731232088943e-05,0.006612447166305368,0.0006083903303632241,9.767957015344294e-05,8.76364045518786e-05
2022-03-21,0.0318521480374693,0.040357587106587815,0.04039001589252522,0.13432312589985493,0.004219764117302715,0.00010327108864926591
2022-03-22,0.0001070856153711,8.167114093563709e-05,0.008980088464992908,0.0007313645110876596,0.00014591223564892824,0.0003162962474612663
2022-03-23,0.0654423875003202,0.08216267787815554,0.17242302742267254,0.5160039286881012,0.046374129837345374,0.40246330294455995
2022-03-24,9.809913490616303e-05,8.305199440148715e-05,0.00695403877404085,0.0005304392023155275,9.412141678813901e-05,8.972293635187775e-05
2022-03-25,0.0357428117917744,0.045193072890505316,0.044562492691351145,0.13001460251296365,0.004407516558979811,8.527171682983832e-05
2022-03-28,0.0004040100142959,7.4799603751172e-05,0.015490222657758037,0.0006970844699703477,0.0001944906833344481,4.0003487970807285e-05
2022-03-29,1.0,1.0,1.0,1.0,1.0,1.0
2022-03-30,0.2146597371637119,0.25884570222281406,0.9963555882133842,0.6902862671226159,0.2073443369896176,0.051403311633771515
2022-03-31,0.00026296992582,0.0004593492804243947,0.12014400100351158,0.001532184320675824,0.0006473797896533346,0.018233644994666072
2022-04-01,2.17959430108512e-05,3.805509626501083e-05,0.006036261355080408,2.981832456269134e-05,2.0368656133672018e-05,2.0408549326502135e-05
2022-04-04,7.534551181748575e-05,3.922896094298715e-05,0.01420519460035901,0.00016937958980454967,3.296758569717212e-05,5.516746564369287e-06
2022-04-05,0.2045651291644292,0.06287460369818527,0.9959259258147245,0.6828325482746298,0.18238180595227632,0.05241849091350029
2022-04-06,0.999777122975248,0.9998256275212573,1.0,0.9999999607844082,0.9999999999968168,1.0
2022-04-07,0.0002620321661573,0.00045565486835139903,0.03452738996049391,0.00021437209252425565,5.740167480130088e-05,4.133602407116642e-06
2022-04-08,0.000570952870996,0.0009971310276155635,0.44322173106022056,0.0023668597727575405,0.0028407744030304973,0.5957475365458584
2022-04-11,3.096872446917266e-05,5.410365821314881e-05,0.017013805199825156,5.343152618356385e-05,4.5386995848581416e-05,0.0005269533355211882
2022-04-12,3.245044196532085e-05,5.669528106530062e-05,0.005682689706441514,2.272922079968454e-05,9.643656847078489e-06,3.371082843036605e-07
2022-04-13,2.3974132815034227e-05,4.188534633101298e-05,0.004162396670622635,2.2145957789635833e-05,1.2075979340703431e-05,2.1502325635484134e-06
2022-04-14,2.4356273690043477e-05,4.247127028693294e-05,0.0050518422047324965,2.3480136197484103e-05,1.566789839864821e-05,7.824152580241114e-06
2022-04-15,0.0002657421245245,0.0004633625165696985,0.08078501207773159,8.611357283699388e-05,1.683865347713016e-05,6.672158442076438e-09
2022-04-18,0.0002588511745929,0.00045221487204780093,0.10234932408924642,9.666287167957854e-05,2.1530330159280644e-05,5.4826148057268094e-09
2022-04-19,1.9526646016573995e-05,3.411801375190574e-05,0.005500860873346107,1.8555987705200066e-05,1.0653749599607593e-05,5.62907739217988e-07
2022-04-20,1.839028966610444e-05,3.211110659281999e-05,0.007465173971398665,4.353106279406765e-05,5.031364164178636e-05,0.00032863898607408444
2022-04-21,6.862496476884663e-05,2.2921470966521116e-05,0.012822554786806047,0.00019813486299064215,9.596125008242167e-05,4.70464169448847e-05
2022-04-22,0.4496810166928343,0.17595040741053383,0.9996050165391892,0.9830637371151444,0.8550897010617842,0.9909093701445315
2022-04-25,0.9986681746037734,0.9991923237545345,1.0,0.9999998703442627,0.9999999999888587,0.999999999996362
2022-04-26,0.0574335616331829,0.09273880578707268,0.16042290806893986,0.4728738053338905,0.03387484906598789,0.04104127314523595
2022-04-27,0.0078912243743459,0.013027521448567534,0.03661118456605736,0.15933284924121194,0.005406070836337642,0.0010244819100133423
2022-04-28,0.0083464563725133,0.010646569059173338,0.032716786742952676,0.09716426903472118,0.007786023490236668,0.004196816823598635
2022-04-29,4.915287922498985e-05,4.00988892198183e-05,0.005774024465758217,0.0002597019462171459,8.387092401471164e-05,4.1811669070911715e-05
2022-05-02,0.0459370371453257,0.07125820008959723,0.25122675261923677,0.5206900636505054,0.07883161660830947,0.7247571099255573
2022-05-03,0.0193433805467458,0.02459792823468707,0.10985229305691219,0.33765577113049533,0.026042007741574984,0.13709955400008075
2022-05-04,5.4104269323235184e-05,4.9254229168327896e-05,0.010033018552994984,0.0004690277535066085,0.00018906029854477455,0.0008018445118183153
2022-05-05,0.0168384429881052,0.020712610664334115,0.17447111861723746,0.18411845818894193,0.021744769451166417,0.14327686343126056
2022-05-06,0.0095899009675617,0.0017884983953366429,0.855825738508501,0.08458352401778933,0.06534260359969721,0.9714548140981307
2022-05-09,1.0,1.0,1.0,1.0,1.0,1.0
2022-05-10,0.0006545923120122,0.00016995088979732998,0.039183683833352634,0.0018582856335868096,0.0005030453531673658,0.00016734599342218396
2022-05-11,0.6461984945332216,0.5687445479233308,0.9511150145039128,0.988068616704976,0.7552440525942997,0.9995421480894991
2022-05-12,0.5317587937937699,0.2285758544823602,0.8238692737007641,0.9686946815293646,0.41955814564389554,0.9371905175229586
2022-05-13,0.999790470390838,0.9998360679071876,0.9999999999990905,0.9999999849796951,0.9999999911419764,0.999999999996362
2022-05-16,0.0002667992274627,0.00046528766615399453,0.03549606597073133,0.00018457470302523429,6.202261650849296e-05,1.0188474210735731e-06
2022-05-17,0.0002258210656033,0.0003942913051052499,0.23938832821532516,0.0008019275909183275,0.0013925493706178627,0.30185537723298045
2022-05-18,5.950588761312594e-05,4.148528128754943e-05,0.04285442237639841,0.0003010296498983126,0.0002161512259421121,0.0021057782025032277
2022-05-19,0.0934904917359183,0.11648945632049666,0.9973659974838629,0.7208953753788061,0.5373175748586638,0.9475164194040476
2022-05-20,9.236559633806404e-05,4.5054587247836824e-05,0.03289928428899928,0.0009515511282476481,0.0003445915462137336,0.0004997688602920769
2022-05-23,0.2342556048484466,0.28111973687636,0.6412840199292572,0.707359567957012,0.3590470476349718,0.9903297412221665
2022-05-24,0.0001697997726807,0.00014743240990372053,0.03485374261310363,0.0012668537120979445,0.0005472088927277808,0.007872240198262683
2022-05-25,0.0290059416358943,0.043175057901989784,0.1730596931192124,0.29865316854421253,0.04357253865688499,0.47129401893990425
2022-05-26,0.0298965805229375,0.04876763725723148,0.20625691390907633,0.31446442096486527,0.0537113329271302,0.5173909363257189
2022-05-27,0.0087667370098075,0.011180538481319578,0.08479672774238431,0.13401146432195168,0.028266685340648974,0.16917938410329866
2022-05-30,1.5813000464461117e-05,2.7623971648165182e-05,0.003578763526155114,2.9009451479740993e-05,3.563941447378546e-05,1.1652597128979217e-05
2022-05-31,2.921148296370254e-05,5.104879202093786e-05,0.02332316410242112,8.302607038848481e-05,0.000180694267751521,0.008645387372245534
2022-06-01,6.651933545600808e-06,1.1624757802323006e-05,0.019675064733962643,6.525095664158378e-05,0.0001833303224796164,0.019393293163473175
2022-06-02,1.3412303588608931e-06,2.3438523148107767e-06,0.0018059051937188962,8.199973067726251e-06,1.6859382048909198e-05,3.254374554635124e-05
2022-06-03,1.1276268147360484e-06,1.970590007121682e-06,0.0015085995482961216,6.38249865643892e-06,1.200899102619725e-05,6.440573322941616e-06
2022-06-06,1.736143450895939e-06,3.0339855674543027e-06,0.0028844130194167336,1.3233302382764463e-05,3.2800168159337296e-05,0.00031201785359752946
2022-06-07,1.2674483419170142e-06,2.215004452887514e-06,0.0016671854043414996,7.763887792674589e-06,1.594307966117823e-05,2.5612514495368382e-05
2022-06-08,7.434900112269917e-07,1.2988288224928509e-06,0.002423185167588735,6.6513638974007255e-06,9.083336695972912e-06,1.3935408921455035e-06
2022-06-09,4.983068240426628e-05,9.220746240405422e-06,0.15275740736650237,0.0015498077688329438,0.002258311975654672,0.36510060747279083
2022-06-10,1.0,1.0,1.0,1.0,1.0,1.0
2022-06-13,0.9999999999893134,0.9999999999910911,1.0,1.0,1.0,1.0
2022-06-14,0.3564387615304198,0.4744444824397129,0.9999999986494004,0.9990715599565534,0.9999590607919128,0.9999914284457114
2022-06-15,0.0326146684402011,0.008716902639086612,0.9981351798630566,0.801931546928595,0.5897311675101716,0.6499532956512851
2022-06-16,1.0,1.0,1.0,1.0,1.0,1.0
2022-06-17,0.0070964028882864,0.00905376390708789,0.04208653389674558,0.04928800767888765,0.014117520118335083,0.00177804081017369
2022-06-20,1.6993659088136432e-05,2.9690964545239925e-05,0.02405498597597512,0.0001296957389928881,0.00046518917860513445,0.03813734775172656
2022-06-21,3.4235114962517222e-06,3.2384617182797447e-06,0.006948505377860191,4.387706616643599e-05,0.00012810782417169218,0.005130892129550927
2022-06-22,0.0073043056640032,0.009316309539361346,0.1652244505956429,0.08840316517670424,0.08508765635025753,0.7908518085701726
2022-06-23,9.413572981730558e-05,4.326865582720329e-05,0.1972439274674184,0.0026937563799201147,0.005831813295819604,0.5085407201687517
2022-06-24,0.2628076248475846,0.37989429777297357,0.9999999987849151,0.99615367874912,0.9999641091755489,0.9999990051688147
2022-06-27,0.0040933976579171,0.007027445833272202,0.9924212376406235,0.21048455366506544,0.3035504498352191,0.41815132948998257
2022-06-28,0.0013367230628878,0.0017081720651235782,0.05870271264042791,0.01808018552370899,0.014434698029940136,0.01600025971588207
2022-06-29,5.3030768411824274e-05,1.0784099873838712e-05,0.019142154803356758,0.0002511776620336387,0.00068391485732347,0.005858926366294879
2022-06-30,0.8890969459730649,0.9111229901592922,0.9950718377545454,0.9817226023514106,0.9871947997810089,0.9999966370562264
2022-07-01,3.135143118428743e-05,2.8862357960777677e-05,0.007445029341687459,0.00011815371093156696,0.00018430456805327745,0.00010335407986016827
2022-07-04,0.014018987818595,0.0036948050295405126,0.06929884387774948,0.057040918583529304,0.01676975992152763,0.0005266922525164127
2022-07-05,0.9999999999520242,0.9999999999708502,1.0,1.0,1.0,1.0
2022-07-06,0.0580950130878007,0.019173719594713756,0.29098857458828553,0.4045136736608238,0.1198070670294343,0.21775561350791758
2022-07-07,0.8014987197487099,0.8377155100387914,0.9999999996734914,0.9998622760905684,0.9999972805476915,0.9999999717092583
2022-07-08,2.9816741964676683e-05,5.2091446815292474e-05,0.01857878031696335,0.00017139408044134538,0.00032140916843072963,0.0035894979323518195
2022-07-11,1.050944390741445e-05,1.0199781688953684e-05,0.012077792867208087,6.235339481738138e-05,0.00024029636571263385,0.014371812998894524
2022-07-12,0.0011862239812274,0.0015146431659001482,0.014901865621910825,0.008892545001596508,0.006437840323376747,0.004516633040280829
2022-07-13,0.0002624655216112,6.680582626568437e-05,0.08379737303360106,0.0005997576731485382,0.0028054846237750906,0.08942909407648099
2022-07-14,0.6634321260988197,0.7467413813281704,0.9999999993842721,0.9985117564033819,0.9999901826526966,0.9999999014762628
2022-07-15,0.1169769013862891,0.17508972852669452,0.8540674230156465,0.4639625184978639,0.5232855364346348,0.9833235411601027
2022-07-18,0.0234105681671746,0.02972341245130926,0.9974993185300087,0.2525701431674476,0.5134626287048392,0.9366242940747941
2022-07-19,0.0001087442588874,0.00018999534844959084,0.25039919197978966,0.00038412901035783463,0.002587061306229117,0.30940356098115024
2022-07-20,6.60798276091822e-06,1.1545743139635805e-05,0.00483572781558598,5.59990650323658e-06,2.7893112120143372e-05,9.764587954251225e-05
2022-07-21,1.3448860609034292e-05,2.3498319622918255e-05,0.0067556862490019895,9.342499831944605e-06,6.926519171872948e-05,0.000879284210513811
2022-07-22,9.940923969174056e-06,1.736886980043102e-05,0.003665802235322272,5.089968302526347e-06,3.5655671001842045e-05,0.00011868996966485613
2022-07-25,8.988784474677566e-06,1.5703932774835435e-05,0.0029464543654809864,3.844659203455001e-06,2.119443831649963e-05,1.0276194367015871e-05
2022-07-26,1.2137065993240031e-05,2.1203712996500084e-05,0.003156353543485663,2.8366823124039755e-06,2.9403303195225277e-05,0.00011206815118268127
2022-07-27,1.4097753153606784e-05,2.4585888920426457e-05,0.004755046543435268,3.5273201748295373e-06,3.899863896154826e-05,0.000277109504837748
2022-07-28,0.000214760434245,8.389734678816956e-05,0.07116014151204632,4.068486424919568e-05,0.0008050184788814292,0.03201839971427639
2022-07-29,0.350630582432712,0.40840686189077646,0.7131806582197544,0.09753792685529748,0.5587614672270793,0.9981662447826027
2022-08-01,5.655351577564101e-05,9.877768695869709e-05,0.008074903929987975,5.405655385055578e-06,0.00011156907671258513,0.00016986142215599017
2022-08-02,8.469435879325124e-06,1.4795915729249119e-05,0.002334637637020112,1.8567628737582074e-06,2.088346568080982e-05,4.017988540203835e-05
2022-08-03,2.453969977062741e-05,4.2871810926929925e-05,0.011499994877908502,6.012310332511795e-06,0.00010483974838242219,0.002575343758857521
2022-08-04,1.0555204319138236e-05,1.8439623150468412e-05,0.002666811189833399,1.723244573990502e-06,2.5774360568242572e-05,4.489950047837624e-05
2022-08-05,1.1745873175183732e-05,2.0519787990109112e-05,0.003207035119595028,1.8223217039391336e-06,3.467426145065513e-05,0.00011111908558924778
2022-08-08,2.3966465512525832e-05,4.1866464929882105e-05,0.010850000600876306,4.579165344036067e-06,9.985439979075502e-05,0.001976630220443472
2022-08-09,4.058732548603047e-05,7.077931810610268e-05,0.03555896487442449,7.488637596066442e-06,0.0001938376047299272,0.010016866839711893
2022-08-10,0.0002562458485495,0.0004476169909761365,0.26007033830326975,5.6216041302660895e-05,0.0014406826148123933,0.2011445151440322
2022-08-11,1.0780191132434244e-05,1.8832476545921924e-05,0.004414503342373204,1.4581903522512537e-06,2.7580401793002068e-05,5.20306772178681e-05
2022-08-12,1.09832347142364e-05,1.918684749665862e-05,0.002863224764882535,1.47748761798444e-06,3.136444894238949e-05,6.0296688300616935e-05
2022-08-15,1.3460971817912713e-05,2.3503859992877846e-05,0.0033788567444024017,1.5400523939296412e-06,2.7589417272714384e-05,1.1263341440602958e-05
2022-08-16,2.351375572951488e-05,2.0831178386179835e-05,0.004082040136645324,3.046225425707259e-06,8.683065330910586e-05,0.0003549110048358936
2022-08-17,0.0237235274977364,0.03013282949372347,0.09023281575766966,0.0030930135829656488,0.06292101064428857,0.6742527764778512
2022-08-18,2.4672430761856117e-05,4.30926138951587e-05,0.003459013145911736,2.5616722117049504e-06,6.112444196759083e-05,5.358283250878327e-05
2022-08-19,1.548979464143793e-05,2.70246962721533e-05,0.007273390866688149,2.644538660178316e-06,5.5533541950597225e-05,0.0005933999338391386
2022-08-22,0.0001974085663711,0.0003448584683136918,0.18493561184015475,4.589192869462739e-05,0.0010734891306938535,0.1366273341591511
2022-08-23,1.2159221331453052e-05,2.1241241286944084e-05,0.004752081820860303,1.9486096832985668e-06,3.5755689658679705e-05,0.0001599791383092546
2022-08-24,1.436854798153838e-05,2.5100619291942445e-05,0.0033797163632824367,1.8897989357030275e-06,2.3487840891365844e-05,8.334530669006788e-06
2022-08-25,1.4072352558854867e-05,2.4489002322334205e-05,0.0070340474506996875,1.9097357309843217e-06,2.4119315520819155e-05,2.107161940093315e-05
2022-08-26,0.0005012639385964,0.0008752724730763163,0.4789518487339628,0.00013719727690602806,0.002883138567601138,0.4655546872757229
2022-08-29,6.0149305291833375e-05,0.00010508536115072787,0.07485067899577195,1.3655407803935181e-05,0.0002862021524763947,0.030887358412867046
2022-08-30,1.4662949837381477e-05,2.558302411652593e-05,0.005375077739080388,2.664764275485985e-06,4.784348663011116e-05,0.0003484764605140415
2022-08-31,0.0001408455102869,2.6103976854384533e-05,0.01609038178935502,2.6613143106924034e-05,0.0002769971983516221,0.0011594361548881618
2022-09-01,0.9983051830704583,0.9938714486132791,0.9999995175350049,0.9985549205446855,0.9998938303836251,0.9999999667834351
2022-09-02,0.9900794076834896,0.9921766253436628,0.999998487814316,0.9888200952295751,0.9993706344323502,0.9999995306744687
2022-09-05,0.007516725518786,0.0071937825900557344,0.7428400270872964,0.0015527101706319054,0.029800480870368424,0.8248956262930467
2022-09-06,0.0047206913926123,0.006027299561386215,0.04343347404697191,0.0006275689279386398,0.00935326293728161,0.013283347043250642
2022-09-07,2.764353070068032e-05,4.825244139809713e-05,0.005301161139890287,3.3063499190890646e-06,0.00012633013394927386,0.0006628352601462038
2022-09-08,4.474997453178165e-05,1.837572723727266e-05,0.008975989046304679,2.462240440214151e-06,0.00014098655967675948,0.00016040244042199637
2022-09-09,0.3221437527121447,0.2311181969921146,0.7992763564769971,0.021597813729124043,0.5949052327978556,0.9960018992363876
2022-09-12,0.3818950579720586,0.2550729888223516,0.9997781116552895,0.04886095064179041,0.8013915733111933,0.9998421656007775
2022-09-13,0.3134618367974122,0.3685637886591662,0.7770331603474568,0.023007965630466285,0.5809976106330088,0.9940473438819355
2022-09-14,7.98613001378327e-05,0.0001394947275224265,0.020641449199200038,5.292412549236401e-06,0.0003236918834968997,0.0030998281934189673
2022-09-15,1.0933762038685156e-05,1.902450755317126e-05,0.00514496500645857,1.4094748940005355e-06,3.260666668602271e-05,0.00011159490080630526
2022-09-16,0.0005049494250823,0.00048253008750732875,0.2890920968662263,9.587635668953178e-05,0.003239344081416486,0.37810863128805516
2022-09-19,0.0048638559898106,0.006202386003801776,0.03596083182157084,0.0006473514211226677,0.008530565900878428,0.00785886055736936
2022-09-20,0.0003074072791532,0.0005365917484292967,0.1543283959512491,5.139311025102602e-05,0.0019335704343804109,0.15280671162025053
2022-09-21,5.375938556090905e-05,2.589816563831478e-05,0.023072937805344303,6.444769052284495e-06,0.00027861562305138253,0.0017531746454133089
2022-09-22,0.2400234568304235,0.07610725841962512,0.9988067306358621,0.13553001256082378,0.7998998352969846,0.9937337902410741
2022-09-23,1.0,1.0,1.0,1.0,1.0,1.0
2022-09-26,0.0329310602419381,0.041731174905188066,0.07112160922831971,0.006363051121527241,0.03432145110631633,0.06317858752858994
2022-09-27,5.140692310002168e-05,4.474740026354245e-05,0.004232342889076487,5.322552525873724e-06,0.00016579662059648816,0.00030190531096943037
2022-09-28,0.0284521350227228,0.0075956012809477785,0.06995082195777237,0.00561644888416068,0.032452394165342215,0.08359948787077005
2022-09-29,0.9976967523892016,0.9981881031457328,0.9999998324710899,0.9973541153942631,0.9999404818147833,0.9999999924630174
2022-09-30,0.0065834777828058,0.003866913889716175,0.6531167193267233,0.0011873036011594105,0.019244279153229123,0.691414875115589
2022-10-03,0.1579741302729702,0.046651258119210066,0.547318696926082,0.03372728865374553,0.2027441730459755,0.9163201993390808
2022-10-04,1.0,1.0,1.0,1.0,1.0,1.0
2022-10-05,0.0013891122305025,0.002424364131259513,0.3104467441705922,0.0005908849162809866,0.003746831554158555,0.23253853944226305
2022-10-06,1.3740875467741355e-05,2.3976623710609844e-05,0.006650182263572476,2.8343002167917116e-06,1.9061595435989413e-05,2.6764085359427056e-05
2022-10-07,0.0001776971520632,0.00031042001925528747,0.1440929479545523,6.978734057242185e-05,0.0008425869076099411,0.11915798157059806
2022-10-10,1.370671179338828e-05,2.3933232425785523e-05,0.0038714515241640357,2.5617826587384325e-06,2.0974584138446018e-05,2.098215414612834e-05
2022-10-11,2.754656560226468e-05,2.607169061076647e-05,0.003980744945537457,6.443607704723485e-06,7.245701443111013e-05,0.00037826464725524366
2022-10-12,0.0072251226591705,0.009215808584673843,0.020361798087954897,0.0021676508930338115,0.008648209226556142,0.013670887479583867
2022-10-13,8.657224866395679e-05,0.0001511426343914194,0.029504405338579752,2.303515227774605e-05,0.0003563214877667951,0.012602381369138061
2022-10-14,9.803584518872134e-05,0.00016184990793229016,0.19246378814449383,3.693014172842195e-05,0.0004763511187960731,0.1089365747193158
2022-10-17,0.0069474248027364,0.012076084323380016,0.9764624304493287,0.004144444136916801,0.04090962318649093,0.9855327283298069
2022-10-18,2.195392047647132e-05,3.835434405102573e-05,0.02213341361131042,7.166845147247634e-06,6.589626836243111e-05,0.002176911222063315
2022-10-19,1.5293066734206036e-05,2.6717368978018148e-05,0.003967699857029393,4.298677471450937e-06,3.245459580682041e-05,0.00015115112972879504
2022-10-20,1.4346195971223429e-05,2.5062587072610155e-05,0.0036413222841294723,4.173943269573525e-06,3.087206875091265e-05,0.0001450670813767715
2022-10-21,1.333724409722934e-05,2.32733288233583e-05,0.003891749217352264,3.0184617690834786e-06,1.767101068553826e-05,1.8014435523361215e-05
2022-10-24,0.000172830663645,0.00030164782821936445,0.17463857495299084,8.162700019809367e-05,0.0007924981811647323,0.13735640470166288
2022-10-25,0.0001467431540563,0.0002563636415236501,0.1583095334662719,7.429941540800414e-05,0.0006806474804729343,0.1170973519314266
2022-10-26,1.216388643325443e-05,2.12511158630012e-05,0.004371502218407279,3.9549698250069105e-06,2.5741277843045835e-05,0.00013533906336143345
2022-10-27,9.048339793808849e-06,1.580808665640915e-05,0.0024507201377211877,3.1949495086373132e-06,1.9294289369515575e-05,5.82681557816944e-05
2022-10-28,5.765888708081318e-06,1.0073258322061788e-05,0.0017396043176985214,2.450213478465973e-06,1.052706405697252e-05,8.973136395045696e-06
2022-10-31,6.813019657876429e-06,1.1902693183570765e-05,0.0018850886762123438,2.5243210715693523e-06,1.3073679170082726e-05,1.751347628925791e-05
2022-11-01,7.341389903302331e-06,1.2826300820727876e-05,0.001984530092112684,2.8771685937167005e-06,1.367625276719638e-05,2.249299287255905e-05
2022-11-02,6.8017817961114105e-06,1.1876114133795132e-05,0.002462346535454524,3.575287237482044e-06,1.9585476249323303e-05,0.00010821358278228019
2022-11-03,5.6447995221614514e-05,1.0455517175127858e-05,0.009262019187263175,3.777503506595884e-05,0.00012210296462618995,0.000591059057502844
2022-11-04,0.998966698024179,0.9991916112065127,0.9998750215351634,0.9961375667682529,0.9996631444518858,0.9999999931396815
2022-11-07,4.52634243420733e-05,7.907884609782288e-05,0.01045190705115824,5.146394827122333e-05,0.0001288394855096149,0.00107159052616609
2022-11-08,3.088997945266673e-06,5.393938837879915e-06,0.0017332564996881152,3.5497605328081066e-06,1.28108390021301e-05,8.700413668516606e-05
2022-11-09,3.83369384086345e-05,7.095225754936637e-06,0.0053426440406889476,2.747448709615e-05,4.073951331521007e-05,1.4901470036348932e-05
2022-11-10,0.99997309507122,0.9999789570910003,1.0,0.9999999427564051,0.9999999999997726,1.0
2022-11-11,4.0511905599422185e-05,7.077170953753057e-05,0.0058374589614783035,3.088922461708073e-05,6.607966241701257e-05,0.00012779179385064154
2022-11-14,5.703366164717806e-06,9.964548004493316e-06,0.0021807334594918103,3.7738781766426964e-06,1.6445132407216162e-05,8.748164068198389e-05
2022-11-15,4.879314602150012e-06,8.525470772046602e-06,0.001595740536909028,2.8462191919932632e-06,8.870576825227297e-06,8.902008715839005e-06
2022-11-16,6.652492204011405e-06,1.1623758294801305e-05,0.004500543792911213,7.547118620993517e-06,3.324949736117285e-05,0.0007330731470005973
2022-11-17,2.767568480644076e-06,4.835921483227038e-06,0.0014367694909880229,3.2326185202463134e-06,1.0186760015167266e-05,4.753926105130321e-05
2022-11-18,5.448474334631304e-06,9.519968447133873e-06,0.004953130401977858,9.673065241136988e-06,3.3812151876623495e-05,0.0010324623402036945
2022-11-21,2.836198224965615e-06,4.955784474798524e-06,0.0013556552003717408,2.9399310610543053e-06,5.645829138613608e-06,3.2291663228602585e-06
2022-11-22,8.75225567823367e-06,1.5292629878497188e-05,0.008750966879348362,1.451695446091239e-05,5.5833548911253865e-05,0.002556731461870671
2022-11-23,3.369593172773051e-06,5.887304082238934e-06,0.0014225093675868656,3.070052557008723e-06,6.078530304120967e-06,3.737960208605521e-06
2022-11-24,3.620930326040861e-06,6.32645217074179e-06,0.001540723798714711,3.289072765060058e-06,1.0723653053540277e-05,3.935867618137857e-05
2022-11-25,6.317911309866739e-06,1.1039466036752751e-05,0.0026518282746271406,4.213754628220477e-06,7.053371503348579e-06,1.1032530141902765e-06
2022-11-28,6.077555369772731e-06,1.061911319872189e-05,0.0044901228741645125,8.92004589385949e-06,3.1043544278001935e-05,0.0007583353084565456
2022-11-29,2.6789669065537835e-06,4.68068642235151e-06,0.001197433671504396,3.0826000940702123e-06,6.0047389645190455e-06,7.1450579816174205e-06
2022-11-30,3.042057004241635e-06,5.31523236448952e-06,0.0012707265767715687,3.3636937126461347e-06,5.840328492618062e-06,5.6962600012415425e-06
2022-12-01,4.280189774753712e-06,7.4787090239893915e-06,0.0020726694916316886,5.2298389381308555e-06,1.3900478571955875e-05,0.00010590535466558875
2022-12-02,5.024955218632181e-06,8.779458472828023e-06,0.002617136272147071,5.618265579752749e-06,1.8808664688171735e-05,0.0002051815769832054
2022-12-05,4.850215506629178e-06,8.473980299334841e-06,0.0015944009581911362,2.8925030546740393e-06,9.928071725484478e-06,1.530642218819428e-05
2022-12-06,6.285912034106863e-06,1.0982375136498951e-05,0.002201002678943015,3.6315739058325946e-06,1.6846158729287917e-05,7.901288499088795e-05
2022-12-07,7.308099963884542e-06,1.276792286994516e-05,0.0024550276733101262,3.8043500485932327e-06,1.9200521438342496e-05,9.827765117464771e-05
2022-12-08,6.916629550012016e-06,1.2083889663544968e-05,0.00190037557228047,2.8791136731818284e-06,1.037495549359124e-05,7.680380321092998e-06
2022-12-09,6.185260123975375e-06,1.0806025618001557e-05,0.0018302272380058366,2.7933614069904883e-06,1.2745284481415381e-05,2.3308531960368853e-05
2022-12-12,7.259813702322905e-06,1.2677960628020488e-05,0.0022796918526194984,2.893213722635559e-06,1.2495290696956454e-05,1.7727204447978988e-05
2022-12-13,8.125802615956898e-05,0.00014179295795563118,0.07190565456405142,4.8780065255475676e-05,0.00039448835527629864,0.044085620915957795
2022-12-14,0.0001248734672169,2.3111924281909394e-05,0.013023997674975831,3.528959965088858e-05,6.637772008990722e-05,8.303617761553655e-06
2022-12-15,0.9999997293742038,0.9999997882980518,1.0,0.9999999989377102,1.0,1.0
2022-12-16,0.0002172801840207,0.00037950167379291705,0.029017304955213135,5.978083124742868e-05,0.00043449873516303365,0.004267350759124952
2022-12-19,1.359466415044365e-05,2.374869242940242e-05,0.0031339134399653145,2.3618622000473003e-06,1.8876760357738777e-05,8.913601368422295e-06
2022-12-20,1.5841436308651646e-05,2.7518973935261957e-05,0.008163626064404711,2.6326545725622835e-06,1.8838494649927028e-05,1.257981984880083e-05
2022-12-21,0.0007127276222047,0.001244603975075426,0.5753415332688201,0.00031026747232970175,0.003910307253107056,0.6196051518620811
2022-12-22,1.3024342484519348e-05,2.2751804428100388e-05,0.007208989806538602,2.2546320899430427e-06,2.6631390028291734e-05,8.27421757712911e-05
2022-12-23,2.4070979296057544e-05,4.200170209706836e-05,0.006624358480479691,3.168813041262984e-06,2.5171012109043067e-05,2.533941590932605e-06
2022-12-26,0.0001739965758131,0.00030386777771798814,0.06265369227890379,1.7833842707844753e-05,5.973779895952858e-05,2.485381919872326e-07
2022-12-27,1.7733433487128982e-05,1.7062611852176597e-05,0.00519874022494827,4.257186154791199e-06,5.7990838579100107e-05,1.0436557852302751e-05
2022-12-28,0.0032666455785086,0.004172543517761526,0.01638826081111224,0.0009177083074969979,0.008568245563573018,0.004047631557847948
2022-12-29,1.3216007585051377e-05,2.3088394594074555e-05,0.004352736605551114,4.162144235187239e-06,0.00011117077075230135,0.0006372327493523626
2022-12-30,2.026620225956788e-05,3.53970975217393e-05,0.021515443480867254,8.771110971427717e-06,0.000192803448842138,0.010842176807767199
2023-01-02,4.837541956479435e-05,4.443741677238033e-05,0.037188020320589245,1.9943824355118237e-05,0.0005716336539459519,0.04848789607695313
2023-01-03,0.0144953345265567,0.018450410035718075,0.13222079646770013,0.0046599605536598535,0.07885425958161182,0.770323310868209
2023-01-04,9.08331780836529e-05,0.0001587032004742159,0.10242045786662424,4.262643120839286e-05,0.0014155317117028265,0.21158203412779167
2023-01-05,5.2112746446508045e-06,9.10576915356917e-06,0.0033313380235693107,1.677440497702539e-06,2.9788893331344116e-05,5.854165740286222e-05
2023-01-06,5.2838883389132576e-06,9.231847977531612e-06,0.0038423074289380445,2.2265689488621415e-06,4.376004674703938e-05,0.0002859532667595396
2023-01-09,3.061636705480362e-05,5.349852805836475e-05,0.046799581477451724,1.702416358982534e-05,0.00037308064623662663,0.03996736792873524
2023-01-10,4.459327508270101e-06,7.79206497394618e-06,0.0029370341107375912,1.6196382126558248e-06,3.19143804479034e-05,7.463988389481842e-05
2023-01-11,3.965941113759333e-06,6.930087481476897e-06,0.0030418517518910958,1.8902932555401372e-06,3.8929809426950175e-05,0.00020210702901234543
2023-01-12,5.6607332041162684e-06,9.888108900056974e-06,0.004818983681989926,2.716565380126587e-06,6.022632836762354e-05,0.0007662744740280811
2023-01-13,6.43392692312051e-06,6.240661078287262e-06,0.0025151407127712586,2.7444754279384567e-06,5.805917942653876e-05,9.446611995423564e-05
2023-01-16,0.0013575311629466,0.001734961959226394,0.011767478964520389,0.0006871631133291951,0.008533991112332278,0.009757339458155679
2023-01-17,5.523519455545117e-06,9.650367330585866e-06,0.002465737651453625,2.5451942665015574e-06,5.591414588334541e-05,3.7001715457415006e-05
2023-01-18,3.1601610462517875e-06,5.478783538815827e-06,0.007848347528054214,1.5102484625520073e-06,2.8254512627985065e-05,8.454144230733989e-05
2023-01-19,0.0009596473759337,0.001675741576166169,0.8967681325017457,0.000800746009215464,0.014591123696325705,0.954549861976488
2023-01-20,5.785848762118913e-06,1.0109768098841325e-05,0.009887291536680352,1.8927869875393627e-06,3.977867680111507e-05,0.00039213162946901087
2023-01-23,6.768903343459075e-06,1.1827470034279364e-05,0.004676645358149606,2.8214182138701422e-06,5.700965400218962e-05,0.000575127874096312
2023-01-24,6.10562023853255e-06,1.0668263129727525e-05,0.0034595726485625593,2.071879002752121e-06,2.6490917663183847e-05,7.065173186929613e-06
2023-01-25,5.883970619759295e-06,1.0280947600041425e-05,0.0029868223032789975,1.926765804798779e-06,2.6097125287266423e-05,1.1619532032695997e-05
2023-01-26,5.2892455211240645e-06,9.241733496887391e-06,0.002757922795981277,1.97615018762469e-06,3.227591531361535e-05,7.477842414895335e-05
2023-01-27,5.473193042814343e-06,9.563263608441527e-06,0.0027821823459944265,1.6238664450602505e-06,2.8160068439747076e-05,2.1141891389621448e-05
2023-01-30,4.969116338929804e-06,8.68252855581063e-06,0.0028209752723721555,1.8463578096494515e-06,3.422308867041277e-05,9.723369572312184e-05
2023-01-31,7.412369112194764e-06,1.2946962155583094e-05,0.004366373518453056,2.26581437906878e-06,2.9021886106540715e-05,4.751681272089167e-06
2023-02-01,1.0491482920072483e-05,8.248929269248846e-06,0.005616697749994703,3.4574199778204896e-06,8.557631038308171e-05,5.848013100524827e-05
2023-02-02,0.0563769958450613,0.07096428140054784,0.43285810781519396,0.026078072349886083,0.34079909396102637,0.9857824617970956
2023-02-03,9.369673980238178e-06,1.6370329785568206e-05,0.005718460075323452,3.267385529077826e-06,8.47427000198448e-05,4.191433499430182e-05
2023-02-06,6.631028439621546e-06,1.1586930306599667e-05,0.006691794624048018,3.984246469539596e-06,7.882265255691428e-05,0.0016695334967630026
2023-02-07,4.696564994757753e-06,8.206910950426368e-06,0.003028989269790973,1.875245538237383e-06,2.575643311113982e-05,1.0012332499545583e-05
2023-02-08,4.533978021129383e-06,7.921724737969505e-06,0.004795940222696821,2.9982890932813503e-06,5.963522620809316e-05,0.0009021187302333127
2023-02-09,8.900194550980499e-06,1.5549388004689064e-05,0.003157945657391001,1.0758407852539601e-06,3.704909125131728e-05,5.289462242203986e-05
2023-02-10,2.4038609766104697e-05,4.200079540558408e-05,0.01522098121451995,3.507299979822157e-06,0.00015255844863198032,0.0038940944292338254
2023-02-13,1.530554444398509e-05,2.674041425371843e-05,0.007776075612358084,2.007843403380288e-06,8.912780877150845e-05,0.0011267348099671436
2023-02-14,1.2777845247309785e-05,2.2324172699485597e-05,0.004639407597242967,1.3202269459322638e-06,3.95364105559009e-05,1.0970749739033003e-05
2023-02-15,9.521735100469415e-06,1.6635060387932796e-05,0.0034047151668762394,1.0448911518621433e-06,4.4700962170493814e-05,0.0001315077422529943
2023-02-16,1.009291053729854e-05,1.7632635102439836e-05,0.00339159396886058,1.0173816043934334e-06,3.701044625322522e-05,2.385462953785445e-05
2023-02-17,9.984473629008274e-06,1.7442777123312214e-05,0.0032251509600698344,9.554199360848393e-07,3.6987277406749966e-05,2.8878017058306255e-05
2023-02-20,8.455021886915912e-06,1.4770621392878827e-05,0.002707450529377089,7.179589831817129e-07,3.535015977279649e-05,3.5745868746962623e-05
2023-02-21,8.66198929271362e-06,1.5132835399853203e-05,0.002735070910561696,7.398726305407e-07,3.533715230494737e-05,3.6112609767588035e-05
2023-02-22,9.284063070409184e-06,1.621945811968079e-05,0.0033304375222749814,8.436407901072073e-07,4.597584258842674e-05,0.00016647804008662563
2023-02-23,8.117676625183781e-06,1.4182328827706503e-05,0.0026516060364180443,7.34063086642567e-07,3.570230962530154e-05,5.775994883266603e-05
2023-02-24,1.3470504378974128e-05,2.3529368927354887e-05,0.006940302151777849,1.4037328532867622e-06,7.435809096089991e-05,0.000709759699753624
2023-02-27,5.645585036458009e-05,9.863310736333886e-05,0.049173055354768805,6.628312776978134e-06,0.00033475528749328553,0.013002490773767665
2023-02-28,7.4183926004119005e-06,1.2959831948091756e-05,0.0026432307005136105,7.835519932933302e-07,3.101578637584124e-05,4.657826068669783e-05
2023-03-01,7.986404381360263e-06,1.395279009354708e-05,0.002622167170683982,8.047136104645169e-07,3.5520504917088214e-05,7.842465867796825e-05
2023-03-02,1.0401440205100266e-05,1.8165862804031478e-05,0.004064809768680806,1.008614747950825e-06,5.3243354413262286e-05,0.0002829505344656143
2023-03-03,2.743969818087941e-05,2.6492849222441713e-05,0.00834919847815018,2.8528795857527677e-06,0.00018474699393169824,0.0023403358018164694
2023-03-06,0.0024419935144298,0.0031200598088684988,0.010991702940744676,0.00020934310288782366,0.009498264312641497,0.013213514598221336
2023-03-07,1.5613813997404594e-05,2.727179226007976e-05,0.0033976851716097907,1.3942839965696357e-06,0.00010102650765787288,0.0003495317055579573
2023-03-08,8.973400768521985e-06,1.5666729496913393e-05,0.0031646139830560334,8.641715627215704e-07,3.3478319590645106e-05,1.3868634840542341e-05
2023-03-09,4.135568978018914e-05,1.481058307611372e-05,0.010722053936846186,1.927912360207225e-06,0.00022908241054454782,0.00037465669718006906
2023-03-10,0.403676249459494,0.15006747189475522,0.9993944055072119,0.12463968619964325,0.9064814474194707,0.9981213575549553
2023-03-13,1.0,1.0,1.0,1.0,1.0,1.0
2023-03-14,0.9083413248947704,0.7210442137306045,0.9999382239585504,0.8545019281380675,0.9863880333480461,0.9998112920990363
2023-03-15,1.0,1.0,1.0,1.0,1.0,1.0
2023-03-16,0.0023340438696001,0.0010613865118886958,0.2603714313959037,0.0004682127574886951,0.005354445866492037,0.14278463043062312
2023-03-17,0.2696905924333707,0.29148810389980523,0.7396614861038675,0.06797791117307667,0.44264863464659937,0.996973458176801
2023-03-20,0.185534865343291,0.056411552858583604,0.48015479746131223,0.04149046768011773,0.19680398113424472,0.81840814604047
2023-03-21,0.9938963009498806,0.9952162115421319,0.9993739457072067,0.9555850892674042,0.9973176329657676,0.9999998006569711
2023-03-22,0.0012921950950415,0.0002394343980930732,0.036057222649323796,0.00027348334339092375,0.0006798483322857222,0.000197548941010112
2023-03-24,0.9999999785891308,0.9999999832456793,1.0,0.9999999999972715,1.0,1.0
2023-03-27,0.0005506242697861,0.0009608338105154603,0.08986746672939672,0.00024899908696105345,0.0011038715827879114,0.030805065842881178
2023-03-28,6.392218312386995e-05,4.03384713365314e-05,0.009180695547231754,1.1921757222807989e-05,4.018186408992455e-05,7.262515349873275e-06
2023-03-29,0.1278492568672246,0.04855394219508093,0.3051198826419164,0.10733456566980923,0.12989230155388337,0.7850773686631832
2023-03-30,0.7350136036919889,0.7800369747016943,0.9999999923493306,0.9338331426547845,0.999909848333629,0.9999977667055118
2023-03-31,0.0001122337919071,0.00019603207485691882,0.010468466342201747,3.964318133588592e-05,0.00011047972684900618,8.831373301650689e-05
2023-04-03,1.6041276970079702e-05,2.8023340304266746e-05,0.0034869728142667535,4.833855934996427e-06,2.5599063696348628e-05,6.732395577672039e-05
2023-04-04,1.85033804614584e-05,3.232517200826002e-05,0.0034433525223593027,3.956969772416959e-06,1.5921696566829813e-05,4.385862722040639e-06
2023-04-05,1.6179167550235864e-05,2.826456784608575e-05,0.003488563006665727,4.720487924134395e-06,2.676257229434321e-05,7.22659143297738e-05
2023-04-06,1.6031892930638836e-05,2.796741654724085e-05,0.003500607877503535,3.838928634917703e-06,1.732070072009815e-05,1.0563517892068608e-05
2023-04-07,0.0002037344549304,0.000355437526803636,0.06820621295135235,2.4511665236441013e-05,4.023578907866812e-05,1.2009680467072619e-07
2023-04-10,0.0001876416396615,0.00032777538295142874,0.0622037970169144,2.338684651410768e-05,3.693458730279137e-05,1.1920362886209896e-07
2023-04-11,2.919506191999896e-05,5.100399737931208e-05,0.009753804980518997,1.2645176751043326e-05,6.64695861048635e-05,0.0009200829950867408
2023-04-12,1.805199691836653e-05,3.153581026462632e-05,0.0032700853116339,4.787796214152065e-06,1.647598613721707e-05,8.133903302774346e-06
2023-04-13,2.1308016165078184e-05,3.7224841451784526e-05,0.0037405648745719774,5.055977763510899e-06,1.4811670122525395e-05,3.1212788744741524e-06
2023-04-14,1.6892966564459608e-05,2.950835324339116e-05,0.003221320878874158,4.7930273646830426e-06,2.0068521884677436e-05,2.071945087261143e-05
2023-04-17,3.687521933332466e-05,6.442106517263984e-05,0.007185849947724921,6.718895579340174e-06,1.6977919806480538e-05,7.597790024124492e-07
2023-04-18,1.680639585359969e-05,2.935988726090809e-05,0.003253654929858499,4.712629537600038e-06,2.0931814786045003e-05,2.2469597809800317e-05
2023-04-19,2.069463155234641e-05,3.615281955927792e-05,0.003729754754113433,4.748227538868946e-06,1.6217559994212257e-05,3.7031438775819243e-06
2023-04-20,1.9423983453526145e-05,3.393238767499651e-05,0.003532933686269426,4.7053845051886096e-06,1.68514014093845e-05,5.117340345907403e-06
2023-04-21,2.3189547177898776e-05,4.050952053041851e-05,0.004310991183156626,4.959351534536319e-06,1.6508357941279845e-05,2.3776903124187736e-06
2023-04-24,2.872368249433365e-05,5.018051597050726e-05,0.005464317217848938,5.720723743652518e-06,1.6733812655486914e-05,1.292719636651715e-06
2023-04-25,1.6860500540463652e-05,2.943862249787766e-05,0.0034607140038690515,5.004551508101679e-06,2.3316118125817933e-05,3.135766724588447e-05
2023-04-26,4.008582658547898e-05,3.5251369592513175e-05,0.012716300290894773,8.658678135906803e-06,3.796671568358654e-05,9.273812652499127e-06
2023-04-27,0.025625224983445,0.032528612573527356,0.9737904898798159,0.008508519186583663,0.06479228700554752,0.032763169208799035
2023-04-28,3.470073060987987e-05,6.050380115580958e-05,0.01384410030894565,7.727970829712478e-06,5.54671877690866e-05,4.843129010018016e-05
2023-05-01,0.0002439690954451,0.0004257138455946928,0.09606022739125646,2.957575807914969e-05,4.4008436127726655e-05,1.1201691317565655e-07
2023-05-02,0.0001650175100829,0.0002882735045788789,0.13412033035082174,9.594510389696874e-05,0.0007321168513052828,0.10287649069784542
2023-05-03,1.7625056557123207e-05,3.0790950575309386e-05,0.004425977611129379,4.356217140119666e-06,1.8655528350720288e-05,1.0325798437896123e-05
2023-05-04,1.7532496696320366e-05,3.061349456550697e-05,0.004250176326092878,5.683859382643472e-06,2.8624364542719493e-05,7.199412443087338e-05
2023-05-05,9.536351605635878e-05,0.00016659880960335761,0.05395798574983711,5.3489215491418054e-05,0.00037384110110501317,0.0317113968596416
2023-05-08,1.9507690076367886e-05,3.407964456221186e-05,0.004026116274130135,4.845255689918938e-06,1.710383344354732e-05,5.291369566095808e-06
2023-05-09,1.7578753581675384e-05,3.069251926926444e-05,0.0032602567875105017,4.733275103687485e-06,1.866059156026829e-05,1.151742807419004e-05
2023-05-10,4.255308069307857e-05,3.886155087039844e-05,0.004272646901394247,9.245033659378718e-06,3.279643735858203e-05,6.295141303883978e-06
2023-05-11,0.0159949980650528,0.02035729888477645,0.028800719870286984,0.006526815143675875,0.006627207265054632,0.0007979113398950944
2023-05-12,4.3156799447495e-05,7.537577847789456e-05,0.004105097389824054,8.021607859465084e-06,3.643418237723369e-05,5.737194534105632e-06
2023-05-15,2.7476742232199075e-05,4.800169407273997e-05,0.005135790033279199,5.388443492243777e-06,1.6118456729827058e-05,1.4508213228756965e-06
2023-05-16,1.6560122365806822e-05,2.89268376559015e-05,0.0032405941211744865,4.472567225473136e-06,2.0890484723603962e-05,2.1421303594486014e-05
2023-05-17,3.922715596562192e-05,6.849457965968296e-05,0.008263602018357883,7.495714311230496e-06,1.87869660087532e-05,6.038546052196168e-07
2023-05-18,3.680811401739806e-05,3.480958400486134e-05,0.003992665278892274,8.65376623445066e-06,3.541452475918092e-05,8.877120292005549e-06
2023-05-19,0.0074115409220982,0.01225462565850852,0.022475816632861148,0.0037807773234184608,0.0065638698579298755,0.004466215985647016
2023-05-22,0.008085494463488,0.01030684112885794,0.023193028562940685,0.0033071288630765806,0.00671893789001411,0.0018900731625302203
2023-05-23,0.0002654966683297,7.448066000439512e-05,0.014494030115825235,4.4892843162217024e-05,0.0001851627594532547,1.3380820781027555e-05
2023-05-24,0.5804642046639127,0.6388366716892179,0.8708693462892265,0.48350170733494946,0.7296474918563927,0.9995209761176758
2023-05-25,0.0001061412548313,0.0001853675980888956,0.012027950803943404,3.035437766223303e-05,0.0001303185298676794,0.00018589131711771098
2023-05-26,4.470503023512705e-05,7.809689812665984e-05,0.018066089333013718,2.188305872770963e-05,0.00014079569317920792,0.0044123992811466095
2023-05-29,2.9114095774564887e-05,5.0862816454789e-05,0.005947941365216956,6.153360202258929e-06,1.714031863706616e-05,1.1444665651092403e-06
2023-05-30,1.9677153494278e-05,3.436546993757812e-05,0.004973053276882191,7.276090907157058e-06,3.6044983723584595e-05,0.0001495493615175823
2023-05-31,6.8937083038842e-05,0.00012003863874815995,0.036600338673997444,3.796403363092373e-05,0.00023716425377421247,0.013533578518466299
2023-06-01,0.0004002027593288,7.552414084678202e-05,0.05874618024046532,0.000211034577132189,0.0007149017848645096,0.011936722131068424
2023-06-02,0.9764327359612954,0.9838911266814677,0.9999999997562554,0.9996007054781063,0.9999975076538384,0.999999991418008
2023-06-05,0.1732583816617068,0.21131334844606672,0.20106868953153265,0.09188772647991121,0.02845976223138108,0.00033438955318119805
2023-06-06,2.4753770506644614e-05,4.324545287279108e-05,0.004181829755731371,1.1162788103718881e-05,5.0433020825826466e-05,3.1142753662325935e-05
2023-06-07,7.890715812279483e-06,1.378945159330767e-05,0.0033784663864580983,4.596155204658768e-06,1.7963706008563468e-05,2.5734302147776105e-06
2023-06-08,4.673359360219713e-07,8.167353409767871e-07,0.0014726157355350192,2.87405884603932e-06,1.1832944913326886e-05,3.952971611926567e-06
2023-06-09,6.220748843159858e-07,1.0871629908149075e-06,0.002010950687298252,3.6060754110133695e-06,1.2446703058708342e-05,1.672801132727718e-06
2023-06-12,2.789141651120796e-07,4.874367936153922e-07,0.0011064940005365783,2.6562658246627533e-06,1.0671297709081606e-05,7.4353645704701965e-06
2023-06-13,3.22034434927841e-07,5.628011853615873e-07,0.0011893548094379421,3.0009631645186607e-06,1.5314137087982455e-05,6.905460823035571e-05
2023-06-14,1.6281918183637668e-07,2.8451491345743313e-07,0.0008991890433965539,2.532231570662576e-06,1.1045803878043511e-05,3.0413279577966435e-05
2023-06-15,3.924936408239022e-07,3.8282124913511506e-07,0.001394843537232253,5.789670295075382e-06,1.9653466138417047e-05,4.382996521267533e-06
2023-06-16,1.827759095415789e-05,2.3366773909908336e-05,0.0025903298671877497,0.0015247433159939112,0.003807861429354778,0.0006668348420510952
2023-06-19,6.117942675741434e-08,5.967289208810941e-08,0.0037438584288944543,1.788209963223328e-05,6.74502784092939e-05,0.007307226397500028
2023-06-20,1.7808052001648416e-05,2.2765663906267676e-05,0.7700990344730496,0.0021606601422718558,0.02004637305634733,0.00359583649599364
2023-06-21,1.926671018578938e-08,3.367269421598686e-08,0.0011408058585315336,3.2379912586526605e-06,1.0555561243858666e-05,3.1241120952697756e-05
2023-06-22,1.2605560288959104e-08,2.203040309871622e-08,0.000496509745448817,2.4013039484949897e-06,6.683422327681782e-06,0.00012099572578903655
2023-06-23,2.1126582127712736e-08,2.060512318679671e-08,0.0006626687572807521,5.971836032933145e-06,1.7424100942847635e-05,0.0009395304452488321
2023-06-26,1.3243914625753066e-05,1.693091298224675e-05,0.002369435696667971,0.0014809181664302107,0.003807653019342906,0.0006079417560948229
2023-06-27,1.7730020381796544e-08,3.098409285518106e-08,0.0003792288555301082,3.204425085990519e-06,9.97602603159775e-06,2.9135800505436648e-05
2023-06-28,4.0458178736101146e-08,3.9456016841774075e-08,0.0023185423947264154,5.78090331931379e-06,2.113606773469081e-05,0.0007732031773261131
2023-06-29,3.7569760477681125e-05,4.8028427294832995e-05,0.8173964854696275,0.0019632818387190325,0.023533983807121288,0.0048406329829481475
2023-06-30,4.418152760445447e-08,7.721654069326893e-08,0.0024220040167222357,5.079324326370958e-06,2.3442004603942678e-05,0.000651392561795246
2023-07-03,1.4004263389829046e-08,2.4474179941436045e-08,0.00043613746220216805,1.9168257898965495e-06,5.15300325669721e-06,1.632280336069069e-05
2023-07-04,2.663412290609543e-08,2.5972044856265686e-08,0.0005328268556163074,3.846911871335336e-06,1.0267159691096025e-05,1.1344737793679678e-05
2023-07-05,5.872579569537142e-05,1.53178843675102e-05,0.008129627923031115,0.007274406632663893,0.011334196748746393,0.010684817833770925
2023-07-06,0.999999999999318,0.9999999999993792,1.0,1.0,1.0,1.0
2023-07-07,1.0025507501077572e-06,1.7520997994299047e-06,0.003118097662475363,2.056732159682854e-05,4.98623414806951e-05,2.6685202565161245e-05
2023-07-10,1.240141302934868e-07,2.1671118005980381e-07,0.0010844877749735544,2.3974995397174137e-06,9.134410341062303e-06,4.010855637172844e-06
2023-07-11,2.6725378585661186e-07,2.543072875850074e-07,0.002107955898127914,6.693225947197466e-06,5.040004783546509e-05,0.0010897525443468138
2023-07-12,0.0058724470892565,0.0074953830877406685,0.24273322518297777,0.043670372691251985,0.23458728877982196,0.9606924337308187
2023-07-13,5.842573574130735e-07,1.0208119838392498e-06,0.002002936373058279,4.639124469835092e-06,3.4216400068486103e-05,2.017096042955348e-05
2023-07-14,4.739517463971571e-07,4.621135753362151e-07,0.0011874391919988233,4.155338208940374e-06,2.2557549651756287e-05,1.5387531033358654e-05
2023-07-17,0.0001049391519531,0.00018192308799574902,0.005300723063926413,0.0009038557805980923,0.004887458887177954,0.001756004606095925
2023-07-18,8.405043693056859e-05,0.0001456904901242794,0.005394453307471884,0.0006257491955260463,0.004961142980310826,0.001240494612198293
2023-07-19,0.0001108441943944,0.00014170437538617772,0.005634052594988913,0.0009808656999164334,0.005423792598493916,0.0008496670720723508
2023-07-20,3.750462425065465e-07,6.554012530661627e-07,0.0010341599143008616,3.92888375523858e-06,2.9423640772086673e-05,0.0001061735611398694
2023-07-21,3.053107459359193e-07,5.335843227057557e-07,0.0014227549478157044,2.668773137728859e-06,1.1243711905195678e-05,3.4562533163057644e-06
2023-07-24,2.035183827949389e-07,3.55682999286791e-07,0.0011801944213824342,2.618229898934195e-06,9.912508535246009e-06,3.912309981713688e-06
2023-07-25,1.4833496227103768e-07,2.591963171986574e-07,0.0008917184352271542,2.3323524297181302e-06,9.693998714523555e-06,1.2519728588803257e-05
2023-07-26,2.747088462116148e-07,2.669429874836718e-07,0.003304507816102605,7.03922171567901e-06,6.755339253544409e-05,0.00018252295559021434
2023-07-27,0.0008965597868675,0.0011458976157897416,0.9999993408584841,0.12775848905984763,0.9915084596498867,0.9925688384366894
2023-07-28,4.338747479177853e-07,7.582191597382923e-07,0.005760284067434273,7.446366316201301e-06,6.279310845583448e-05,7.6085565222671965e-06
2023-07-31,4.2856048521346e-07,7.488562639732725e-07,0.0016400161239756024,2.031355690255515e-06,1.4138512273213179e-05,6.137249464811892e-06
2023-08-01,5.719484154737834e-07,5.204396743051756e-07,0.001996090315880737,4.251491637421811e-06,4.816670991762587e-05,0.0007700207282795383
2023-08-02,0.0168534540009057,0.021452103826208102,0.12571825477102447,0.0029811126987466362,0.09805922769846992,0.8067646137287037
2023-08-03,2.1867383538440173e-05,2.112824361531923e-05,0.004222195990830627,3.3387384494470224e-06,0.00018450877195702654,0.000379985097836523
2023-08-04,0.0023939588137619,0.003775259641018466,0.04965441967678691,0.00029308236605612526,0.011085350926464626,0.012378630987267433
2023-08-07,0.0176246558944794,0.029697868353833718,0.9903758173802772,0.0007210780993132564,0.12093077114368112,0.02174726966066807
2023-08-08,0.0032541825261267,0.005547439424411783,0.0823692160975791,0.0002696029299564138,0.020943601636755432,0.0759397315859436
2023-08-09,0.0027333286051474,0.0034917991070269215,0.01981738694354335,0.00026585536658318715,0.012671276330784955,0.025213916516827015
2023-08-10,2.279619501866669e-05,3.979911439021861e-05,0.0053126929065820915,2.1451749248902912e-06,0.00013904945461302155,0.0007237354140845383
2023-08-11,6.821113359288068e-05,6.400411123391748e-05,0.027033510731123814,7.721333504650985e-06,0.0004568960647163489,0.01592935581149647
2023-08-14,0.0092745347909442,0.011827280216743119,0.035440477989674105,0.0008344577482434456,0.015364410689066223,0.002827576788897788
2023-08-15,2.02657548363199e-05,3.537838812349751e-05,0.0035713104187562045,1.6786203093035713e-06,9.543532716170331e-05,0.00020658157635627302
2023-08-16,1.785432931953506e-05,1.695145293791077e-05,0.010241542802640538,1.49375755817635e-06,9.150584233397664e-05,9.616576799341832e-05
2023-08-17,0.0064828516805427,0.011025077058029215,0.9653962176027273,0.0008353919851090425,0.1347601709022499,0.5730861368410857
2023-08-18,0.0028008824668809,0.003578312633577607,0.0469325382040361,0.00017415247194563753,0.013134433162506287,0.01940880196040138
2023-08-21,1.8162838135709463e-05,3.1724569225899275e-05,0.0033004326928320732,1.2973816460658983e-06,8.546846525026307e-05,7.885940462753616e-05
2023-08-22,9.510374644041898e-06,1.6606952078009895e-05,0.003258787429863542,8.413434902870334e-07,4.44359340281503e-05,0.00011577098085350588
2023-08-23,1.8206778380820236e-05,1.7438405768040904e-05,0.0036738701432035667,1.491365545982258e-06,8.49369119371269e-05,5.863513994666717e-05
2023-08-24,0.0043727186363376,0.005583801381670271,0.0188421835698605,0.00034298865477366613,0.011791747308154068,0.0055232196703642825
2023-08-25,1.8772546032704213e-05,3.2770774982819705e-05,0.0045037730175597175,1.264930933714294e-06,0.00010350092916538269,4.724904106215859e-05
2023-08-28,8.793046641077291e-05,8.451118732016615e-05,0.046358314168289234,7.764958310282474e-06,0.0006532210161375108,0.02590677596460582
2023-08-29,0.0034898296207449,0.0044575594004944465,0.01712074933980501,0.00022769432887414303,0.01252522062513119,0.030337185182392746
2023-08-30,1.7880630561139607e-05,3.1232472855624267e-05,0.003432478448281041,1.2109185874057058e-06,9.375975157447576e-05,6.372617890307781e-05
2023-08-31,9.185652372606842e-06,1.604083995354787e-05,0.003354588152068304,7.561832308395946e-07,4.203701214650287e-05,3.536963599886329e-05
2023-09-01,1.5510020649482702e-05,1.4875618734814048e-05,0.003340485210920343,1.2990531566407835e-06,8.73715195307702e-05,0.00011714788004091098
2023-09-04,0.0040449031826757,0.005167112043710435,0.01880347637222552,0.00033653450207356755,0.012024155285669661,0.0060741284785267675
2023-09-05,2.9549933487259223e-05,2.8576805942198143e-05,0.0034565672143206877,2.15333813907181e-06,0.00019365080059277907,0.00019314647580683683
2023-09-06,0.0022062529037371,0.0037622307785286583,0.01485447985927492,0.0001692310332677946,0.010425735626127228,0.0165244176196797
2023-09-07,0.0027943859922436,0.003569914096244275,0.01871294902112424,0.00017618119439866652,0.01531400893686179,0.040094295635358435
2023-09-08,1.5119238825166188e-05,2.6411696157769826e-05,0.0034400550607055942,1.2092531910616781e-06,9.568325367813848e-05,8.181313815225615e-05
2023-09-11,7.020671843052935e-06,1.2266631048519806e-05,0.0032842819242999144,7.227349491688632e-07,4.4569372294560956e-05,8.580917411607347e-05
2023-09-12,7.010061009455246e-06,1.22389881250004e-05,0.003338790271960721,7.209630549546976e-07,4.3218947740348845e-05,5.970507753975594e-05
2023-09-13,6.734026459788726e-05,1.2462977224528418e-05,0.011946408394529477,7.800491932905564e-06,0.00023377659631303535,0.00011956482465846686
2023-09-14,0.9999648413950892,0.9999725071225021,1.0,0.9999980896846011,1.0,1.0
2023-09-15,0.0001134937806977,0.00010782328411000545,0.011823619829176993,1.4764897195158714e-05,0.0004664677671652067,0.00037542044733885515
2023-09-18,0.0063720783477338,0.008134617524106725,0.03235125903554499,0.0004936535360929151,0.02544092294191613,0.18379670680146648
2023-09-19,2.9333700931237397e-05,2.7743555859390524e-05,0.0038797599593771276,2.6393816637796262e-06,0.0001912697888576833,0.00023783029378885863
2023-09-20,0.007518320396223,0.011489456236761357,0.06288933651449058,0.0005223399393659275,0.04169855786140358,0.48167213442279977
2023-09-21,0.0239438167088508,0.030409701674529593,0.14973594534926157,0.0013376055958903591,0.11018913290840021,0.8137542552794667
2023-09-22,2.416736797633837e-05,4.221521761194445e-05,0.005525768575411599,1.8806140185790282e-06,9.896304124594699e-05,4.409387919594892e-05
2023-09-25,1.4719277314564742e-05,2.5716910380845876e-05,0.006944993481958303,1.8404016683737318e-06,8.315703365090988e-05,0.0009242572834412564
2023-09-26,9.738080496567544e-06,1.7004972487336145e-05,0.003573420301872282,1.1175930607706131e-06,4.6574314772773654e-05,0.00015966669331389204
2023-09-27,1.67996367374947e-05,1.6213866096474645e-05,0.003152906452054039,1.7700669187630044e-06,7.881058713164121e-05,0.0001370543197721372
2023-09-28,0.0025600425786397,0.0032706941804367565,0.014436020973107606,0.0003129746893611094,0.010194348753322504,0.00980698147356572
2023-09-29,1.3957529872826489e-05,2.4360578885360055e-05,0.004607786136831706,1.5011534715845334e-06,0.00010337180411126104,0.00030166380327088994
2023-10-02,0.0001197688301617,0.00010617642666199151,0.1257240403521116,1.601747212389477e-05,0.001124807980103592,0.09097830562704737
2023-10-03,0.0234925665745458,0.03855783068216593,0.4031208508482775,0.0013962183811203335,0.11462025199600782,0.8329839802755628
2023-10-04,0.0080819378867587,0.010309744385657654,0.9788479433199069,0.00039088079802423564,0.08840470903604103,0.06088183772402461
2023-10-05,1.3804035497020366e-05,2.4102681904695024e-05,0.011232173066956813,1.3591846969608255e-06,0.00010046974996161439,9.444329058552169e-05
2023-10-06,3.552175271431884e-05,1.53129183886042e-05,0.01593858348888927,2.5739248746899666e-06,0.00033030168105782783,0.0010951053739878098
2023-10-09,0.2957000268837688,0.09869937217746133,0.9999999406154547,0.09477815259621869,0.9983281208803766,0.9994574094618208
2023-10-10,1.0,1.0,1.0,1.0,1.0,1.0
2023-10-11,9.248003010030012e-05,0.00016153948932367575,0.011440931725412684,1.0561413018529668e-05,0.00019928333048280483,8.341042616177295e-05
2023-10-12,9.826548547795295e-06,1.7161021051162712e-05,0.0033339198882101338,1.030581267041526e-06,3.61571917740338e-05,2.8872351024079596e-05
2023-10-13,3.3825383599234926e-05,3.247971266869437e-05,0.009702128395172219,4.029937529611912e-06,0.00021793728177249834,0.0036600261497168446
2023-10-16,0.0037394056239467,0.004776070793955822,0.016603945678270306,0.0003511417390103549,0.012007404966746398,0.02977399122350746
2023-10-17,1.867258449963554e-05,3.260148625110952e-05,0.0033523404942926403,1.4413975591435636e-06,8.384950291500963e-05,8.478142272554989e-05
2023-10-18,3.982060081669202e-05,3.728857428267246e-05,0.03725677700683396,4.110672086026156e-06,0.0003157513976605479,0.005522739413744157
2023-10-19,0.0097840475043522,0.009054328601596988,0.9792090430708519,0.0008007732053448786,0.17974491333307765,0.5973448506181906
2023-10-20,0.1588505135709335,0.19450438378102639,0.8002977720852694,0.00874757334952307,0.5199376011051504,0.9938710868276657
2023-10-23,1.8476953309948265e-05,3.2271872983374754e-05,0.005963836953561275,1.4804294985096584e-06,9.341803832706714e-05,8.977834623373422e-05
2023-10-24,5.542513360120609e-06,9.677206754777943e-06,0.0021829609109040964,9.830238535518578e-07,2.8064626143984044e-05,9.37999123584705e-05
2023-10-25,9.51085273358503e-06,9.19972710974148e-06,0.0019001116740903743,1.4629356127923432e-06,4.6735287232744214e-05,6.156232857516959e-05
2023-10-26,0.0020554400843805,0.002626662339463998,0.009297158766554917,0.00028716903684384735,0.007561049583073294,0.006253962385559441
2023-10-27,1.1465743441436349e-05,2.00251830325759e-05,0.002065697191466523,1.2795615263604642e-06,5.828262692224714e-05,6.516208364165362e-05
2023-10-30,5.947860004816439e-06,1.0391381385664262e-05,0.0020304954832791487,7.970708322150376e-07,2.520677595909618e-05,2.88795920968775e-05
2023-10-31,8.60895839807538e-06,1.5029090288463476e-05,0.00398562292108173,1.2085895968826955e-06,4.975707507126917e-05,0.0003481826166410091
2023-11-01,5.1485641911755805e-05,9.529076868234352e-06,0.006855608223644657,7.586523124952287e-06,0.00013594588978080183,8.814418683283871e-05
2023-11-02,1.0,0.9999999999999998,1.0,1.0,1.0,1.0
2023-11-03,0.0254187845887128,0.032284826135621704,0.9790386779659843,0.0037114815493192194,0.174287660491416,0.23196797422999102
2023-11-06,2.3841819997882e-05,2.2692048872561785e-05,0.02333460350053045,2.5447943119508893e-06,0.00015071305275324312,0.00014007425242579063
2023-11-07,0.0060662323822487,0.0077464351570654425,0.9375659913971501,0.0005234298567759998,0.05524334111294208,0.04744883777914038
2023-11-08,2.37915289700902e-05,2.2710931472808073e-05,0.008159383503654033,2.743772004218442e-06,0.00011775368583599738,5.3739625112645514e-05
2023-11-09,0.0053675806440499,0.006852664524562648,0.025350647796227192,0.0005887705746359998,0.02399541872277751,0.18079335624033865
2023-11-10,1.1778183645232068e-05,2.0559977166371203e-05,0.002665445572644866,1.7256421781718172e-06,7.333866803922807e-05,0.0002806708589739063
2023-11-13,4.394658607723505e-05,8.133460761133215e-06,0.0069267934847706426,9.13539252876907e-06,0.00014363108580155425,0.00026835473546034
2023-11-14,0.9999999998829026,0.9999999999084561,1.0,0.9999999999977263,1.0,1.0
2023-11-15,9.155954443290116e-05,8.855095540298334e-05,0.006635276971488742,1.7087318148387864e-05,0.00022521306725997207,0.00013125632894190955
2023-11-16,0.0021863125325762,0.0027935832174859126,0.00960444666915544,0.0003853471103228274,0.007463935552114005,0.008739114356492824
2023-11-17,1.3843108919184687e-05,2.4165767578258197e-05,0.003405448274363833,2.538982000888306e-06,8.77433014354106e-05,0.0005191506325179859
2023-11-20,1.5211717911107553e-05,1.4688431064674682e-05,0.0030401973945775934,2.360081838179222e-06,4.65880127494634e-05,1.4484802370183272e-05
2023-11-21,0.0024641750445545,0.0031499831689697153,0.010236416929698842,0.00038069188959328316,0.007265105442698776,0.004611072927751665
2023-11-22,1.489161703069945e-05,1.4347662619472778e-05,0.0017288233316803496,2.6566251091600774e-06,8.187773383698466e-05,6.533265157755121e-05
2023-11-23,0.0031614828222841,0.0040388149500445465,0.014829176400773933,0.0006650074724620814,0.00872823547109114,0.0013798528734638997
2023-11-24,1.255454932395868e-05,2.1914777136097906e-05,0.0028260535710584924,2.208444043736615e-06,4.507008777748161e-05,9.047122764817783e-06
2023-11-27,8.628094463850515e-06,8.353970946422743e-06,0.001754845081984362,1.6544965687583681e-06,4.0286395612396324e-05,5.474716937664736e-05
2023-11-28,0.0018261656479047,0.002333868871442866,0.008603754450622237,0.0003286783035955904,0.007351715749295133,0.008363463448958181
2023-11-29,7.870580852823516e-06,1.3738575442085668e-05,0.0016113951595007365,1.474793048658087e-06,4.148086842150886e-05,4.642542577773762e-05
2023-11-30,7.131482146686232e-06,6.886424158152382e-06,0.0015818122997471081,1.7289819319086155e-06,3.4428006171602234e-05,4.276963927416287e-05
2023-12-01,0.00246006752294,0.0031434238748261063,0.011379311152878789,0.0004638571337897042,0.010133140978095194,0.028883815808101104
2023-12-04,1.0828783015531878e-05,1.891254712553556e-05,0.001996416933256345,1.8085249081690966e-06,4.04178892774728e-05,1.9471208495352907e-05
2023-12-05,5.310141925381918e-06,9.276580564160715e-06,0.0017863524516319447,1.0533312991519955e-06,1.9151108401756874e-05,2.294574691072656e-05
2023-12-06,5.301203277878635e-06,9.260759414017755e-06,0.0018093927312836492,1.0291492532202672e-06,2.060282430366424e-05,3.275883811658354e-05
2023-12-07,7.600162266974625e-06,1.3277620674063632e-05,0.002472614948095547,1.0971397360329506e-06,2.282242870208313e-05,1.0563863739459405e-05
2023-12-08,6.4942302940245584e-06,1.1345096517345352e-05,0.002492042066723724,1.1541239635246574e-06,3.132557921129541e-05,0.0001321213331997836
2023-12-11,7.762646395829565e-06,1.3560793380504782e-05,0.0024578229983966676,1.0181926892803775e-06,2.434435816884808e-05,1.3046674415821539e-05
2023-12-12,6.19855711402402e-06,1.0817566272635967e-05,0.002061351855770667,8.950547537205952e-07,2.3762579019491855e-05,2.7507944666368014e-05
2023-12-13,8.768131858704644e-05,1.622867675076724e-05,0.010852265095471816,1.1829851626974483e-05,0.0001445755756428945,2.5845565721648493e-05
2023-12-14,0.9999942366864712,0.999995492544006,1.0,0.9999849345356582,1.0,1.0
2023-12-15,6.853054293507492e-05,0.00011969775123359294,0.008064251625928326,8.092057924641012e-06,0.00016355343796719862,0.00013647714265892217
2023-12-18,8.142313327858587e-06,1.421674204548847e-05,0.002511888058196159,8.207015464350051e-07,3.073698242458533e-05,3.284853731521173e-05
2023-12-19,1.3063444954484013e-05,1.260247909798565e-05,0.002427047394331146,1.4363608193607496e-06,6.408219806305447e-05,0.0001307641484975245
2023-12-20,0.0026771798645339,0.0045460812458853125,0.014975653024464325,0.0002635250019530791,0.008892541145484453,0.0035879976211084254
2023-12-21,0.0035141321955429,0.004488910873025297,0.0182538520172028,0.0003215400143110835,0.010751311424999082,0.0019350125163435958
2023-12-22,1.3546685555457487e-05,2.365199777347558e-05,0.002630121182274796,1.3310494670643218e-06,6.029389619464396e-05,3.061766722787711e-05
2023-12-25,5.925385119245479e-05,0.00010347424800350417,0.034160412610635,4.955756813964717e-06,0.00010492903391514218,3.0236766852244904e-06
2023-12-26,7.185645900453766e-05,0.00012553112301202536,0.04010819872162851,5.143130154091858e-06,0.00012347016334961891,3.1401860019121155e-06
2023-12-27,1.1581133016577651e-05,2.022064604493326e-05,0.004048425383546887,9.387956623344581e-07,3.8935739593478304e-05,1.686014809027857e-05
2023-12-28,2.202712817617253e-05,2.1009394746753187e-05,0.004008785788107042,1.7535114595568329e-06,7.967297070319846e-05,3.41021508319208e-05
2023-12-29,0.0053814524659957,0.006865904098673028,0.02269831523452336,0.0004545196889278609,0.011739995383894279,0.003880491311669214
2024-01-01,0.0001587705735199,0.0002772293443492291,0.042463437629790525,9.610119780073304e-06,0.00026242436865246536,4.120229374901691e-06
2024-01-02,1.3178883708962649e-05,1.2462042414290693e-05,0.003864687133364065,1.3861665658865438e-06,8.828583988176228e-05,0.00012129366585426214
2024-01-03,0.0074337474938188,0.0094838048817541,0.0368733805095712,0.0004899168952113327,0.029693040547413854,0.23423216585910198
2024-01-04,2.589070997899214e-05,4.522839633410949e-05,0.0068253159136534205,2.1719510705866735e-06,0.00017856501761931586,0.0014318476518685047
2024-01-05,9.096948357005568e-06,1.5886959409053295e-05,0.003549097477277017,8.566767554360454e-07,4.1225370468923536e-05,2.867215329007965e-05
2024-01-08,1.5678839640878978e-05,1.509822728635664e-05,0.003626059482882509,1.523443262090682e-06,9.871644161265722e-05,0.00033032507186087415
2024-01-09,0.0030796781900319,0.003934073781792977,0.014936474037643567,0.0002848838330253704,0.010422605380977137,0.0096762542119928
2024-01-10,1.5888816572739775e-05,2.7756268205945808e-05,0.0033329202192127327,1.2532068779016157e-06,9.74748397699273e-05,0.00014184467399477418
2024-01-11,7.485334754168007e-06,1.3080006290717848e-05,0.0037053436342557866,7.868427898944542e-07,5.045347952376986e-05,0.0001743475207204766
2024-01-12,5.338333860986535e-06,9.328434644477237e-06,0.004760670626815381,8.417337040073557e-07,5.8279915759846435e-05,0.00042192195393450557
2024-01-15,4.0866552778226906e-06,7.138736491357552e-06,0.0032933287346572125,6.898236825517053e-07,4.267883150744458e-05,0.00011603225985905278
2024-01-16,8.474458557165183e-06,8.094559006145839e-06,0.011182877267786018,1.221582141961718e-06,0.0001140928555571332,0.0003120942812702936
2024-01-17,0.0049970156238502,0.008517810708440265,0.973465853809266,0.0011311796973235348,0.17011332488312447,0.7147228912232344
2024-01-18,0.0025444971163255,0.003250883276673962,0.05655672941757484,0.00016086641044466032,0.018233048318595728,0.05339799033964301
2024-01-19,1.4235563661135628e-05,2.4859499592423333e-05,0.003805862078299308,1.158623293883869e-06,9.823584960918434e-05,8.712863270002671e-05
2024-01-22,1.2549508631288978e-05,1.211489437500711e-05,0.0036560151708268035,1.2771202512304865e-06,9.940827701255255e-05,0.0003059838841110486
2024-01-23,0.0024810011108432,0.004216862559528507,0.01824110282580389,0.0002162588418278288,0.011422137909284397,0.007560367213943253
2024-01-24,0.0033653162555406,0.004299487736580616,0.022358854207444722,0.00018372684135885647,0.018472355339654738,0.06204261460759404
2024-01-25,2.1447875059448743e-05,2.0726248470170614e-05,0.0037288664831261957,1.9356576537364667e-06,0.00020757584834924458,0.00020288792053950176
2024-01-26,0.0023404372527265,0.0029909717545033043,0.014654455524897136,0.00020437652236973914,0.012306502682066121,0.02767971545166269
2024-01-29,2.290186252620001e-05,2.2102143894475046e-05,0.003855581891006795,2.0070655257035917e-06,0.00020950952464313016,0.00015747729243352783
2024-01-30,0.0026553044842426,0.0033928407854243504,0.015813908341396034,0.00024616041413546907,0.011717527574207838,0.009105090209105163
2024-01-31,2.2451925813510625e-05,2.1700367488006197e-05,0.0041902701663144885,1.929699707259274e-06,0.0002422880628697289,0.0007582970780572025
2024-02-01,0.0022752296466691,0.0029069929719903894,0.013888218611836216,0.00020549899321922995,0.011083756442884129,0.014428557861349953
2024-02-02,1.1341312805575584e-05,1.981505619281298e-05,0.0043361154682864346,1.2736254323505942e-06,0.00010686703895807391,4.8863914402794216e-05
2024-02-05,4.73514620683236e-06,8.272657116390565e-06,0.0034985585730387095,6.410912807842276e-07,4.638830139948554e-05,0.00013683411473614808
2024-02-06,4.959885836177631e-06,4.817465265330311e-06,0.003266714103995849,1.0891011812390266e-06,8.142603860711898e-05,0.00016261191662035994
2024-02-07,0.0010165330943225,0.0017539007212797229,0.013008750540323362,0.00014790745528324266,0.010891328485594971,0.02482906282728639
2024-02-08,0.0008156633582671,0.0010425444879918534,0.011768904716679561,0.00013975976166738583,0.010970483465912373,0.015833897455087724
2024-02-09,4.0105172674988415e-06,7.008219227976669e-06,0.003538110433313566,1.1444949377407879e-06,8.602981218551441e-05,6.969842223339179e-05
2024-02-12,2.006950524711506e-06,3.5074629332691252e-06,0.003485608031466695,6.471060781617699e-07,3.9741387219101365e-05,0.0002221545845650554
2024-02-13,4.119042375055214e-06,7.198516464000121e-06,0.008829740320096804,1.2276097739812607e-06,7.56553255688709e-05,0.0015431491030192413
2024-02-14,2.408666957219213e-06,4.208485072395447e-06,0.003334786340570049,6.177596307053051e-07,4.014412073465342e-05,0.000158300294282181
2024-02-15,4.188414151487722e-06,4.06125316216535e-06,0.0033575130885901234,1.10684293124515e-06,8.198274642587268e-05,0.0003709928157062734
2024-02-16,0.0014085348854676,0.001800049135800793,0.01245374120882598,0.00019727512539157322,0.010975609680527906,0.018470102184572172
2024-02-19,6.53949025351532e-06,1.1426397791064867e-05,0.0036966278647874848,1.0085618145475866e-06,9.707495943617828e-05,8.880253033987924e-05
2024-02-20,4.089230977157721e-06,7.145860772583744e-06,0.004175408764941016,6.925056313862189e-07,4.791815407039358e-05,3.669429436283156e-05
2024-02-21,3.656129837643524e-06,6.387971680403088e-06,0.003488434147291742,5.717440667230359e-07,4.380880632437846e-05,7.753710639592908e-05
2024-02-22,9.173353884410506e-06,8.892574452706124e-06,0.00637704525794111,1.4190916828047258e-06,0.00013342547004193883,0.0013630366525809081
2024-02-23,0.0014637561622506,0.0018706191568318951,0.013136450045667807,0.0002214439323311484,0.01100007052960932,0.011684809588034483
2024-02-26,1.4977194121173962e-05,2.6165851384077314e-05,0.0040879124625418164,7.412870212460987e-07,0.00012432080078977678,9.711313393933731e-05
2024-02-27,7.365005563782538e-06,1.2864619652100202e-05,0.004011754867864625,4.4574848346962416e-07,5.535042656073744e-05,7.226620529890449e-05
2024-02-28,1.3443534985226383e-05,1.2937380451612773e-05,0.0041310865899369794,7.832950723320954e-07,0.0001142136282404413,0.0001719763489412933
2024-02-29,0.0032155856263923,0.004107207191864921,0.01626606420027233,0.00019994628990350422,0.01266205632132466,0.008869768436150253
2024-03-01,1.6364565252129643e-05,2.8590678939872895e-05,0.005129306303875202,7.837740280554831e-07,0.00013951375369631458,0.00031420435958769903
2024-03-04,7.86380137664912e-06,1.3740416390286013e-05,0.004265401736144286,4.888985751393829e-07,5.777001690098996e-05,4.754230853393531e-05
2024-03-05,7.608991463089345e-06,1.329515292378693e-05,0.00397841378344644,4.3127465646585687e-07,5.56325532812057e-05,7.211848791506874e-05
2024-03-06,7.790698361443217e-06,1.3612765606625988e-05,0.003907948319027749,4.1822296295801247e-07,5.5404995401005416e-05,7.893265250644805e-05
2024-03-07,7.797197762343468e-06,1.3618116600662943e-05,0.004121893991937646,3.860569023741167e-07,5.636370637383517e-05,9.023090831713975e-05
2024-03-08,1.4878477638610669e-05,1.4260769041690897e-05,0.013519984908388615,7.953907445362497e-07,0.00013091619247765563,8.185408077614092e-05
2024-03-11,0.0041851474611368,0.005342695478635037,0.9334005656069658,0.0002544365648046524,0.052774465939807724,0.06928282088977744
2024-03-12,9.917960918013543e-05,9.557977300276676e-05,0.0802349768807548,3.3450443363659704e-06,0.0007984531175677962,0.004978087039337428
2024-03-13,0.0028895690781017,0.0036920921933890397,0.01565518831932295,0.00015124684444651262,0.011476132619468987,0.01006286902634055
2024-03-14,2.718596698037081e-05,2.619830311821483e-05,0.004027776625949414,1.166334745202733e-06,0.00025614288875308735,0.00020278492257363298
2024-03-15,0.0029997397339957,0.0038319168223839174,0.01405613232048046,0.00017141766662984406,0.011735177146958788,0.008184362557278536
2024-03-18,1.6668222469779005e-05,2.9120511086351177e-05,0.0045410773639565334,7.580227503448733e-07,0.00013871022702854075,6.237537510925731e-05
2024-03-19,1.1048553940734587e-05,1.9290589344457825e-05,0.007073200548822878,5.001708645726604e-07,7.548541626360896e-05,0.00024981946211297725
2024-03-20,6.695827711360095e-05,1.239223340980577e-05,0.013709394367885394,4.438240392088336e-06,0.00033304314402673974,8.190357231133945e-05
2024-03-21,0.9999736759720804,0.9999794091588459,1.0,0.9999237017473426,1.0,1.0
2024-03-22,7.399335371948488e-05,0.00012927045245340427,0.015609940083051752,3.79997728443256e-06,0.0003267958796995565,0.0003447206335649331
2024-03-25,8.177783426405891e-06,1.4288468557504565e-05,0.0043925096309161155,4.624881718261864e-07,6.273066164430399e-05,2.9894552643015554e-05
2024-03-26,7.524320851550224e-06,1.314706461564266e-05,0.003804669336758429,4.071086181035496e-07,5.689016722601819e-05,3.876972578556091e-05
2024-03-27,7.966215833278031e-06,1.391983836274477e-05,0.004402587252590939,4.1137378949390834e-07,6.34715685042616e-05,3.76727605663609e-05
2024-03-28,7.706728133494143e-06,1.346415434315608e-05,0.0047398693188305625,3.6270082179622315e-07,6.012781480029746e-05,6.187682691506321e-05
2024-03-29,3.0737672002533305e-05,5.3670527063820464e-05,0.029473348038314612,1.962466936227021e-06,0.00023096687605873213,2.1836126112417217e-05
2024-04-01,6.699069023049787e-05,6.470000823470072e-05,0.036750361715287796,4.25447048980234e-06,0.0005561674641412452,4.7064847166697865e-05
2024-04-02,0.0023561015631625,0.004035521006119134,0.015837478667099177,0.00012572029375777219,0.011189049880287395,0.008431871144647671
2024-04-03,0.0019729502667394,0.003372479226241324,0.018156752919866792,0.00010138775011160415,0.012182478001551427,0.004957902838124696
2024-04-04,0.0023835319535029,0.004051579767142994,0.06409823240522641,0.00014725365228847862,0.0154916802683229,0.004219581998394782
2024-04-05,0.003358783474855,0.004289845383946501,0.9341741392212999,0.00018761876806091803,0.052193542280374365,0.051434960710109424
2024-04-08,1.8008586479712885e-05,3.1465377199327916e-05,0.018720167998029225,6.502410605823226e-07,0.00015558769505361986,0.00023169728828315367
2024-04-09,8.994291005161605e-06,1.571723023040549e-05,0.005743124733219039,3.868346069074046e-07,6.482637635440204e-05,0.00011892853526159611
2024-04-10,7.447280995431866e-06,1.3011107883541162e-05,0.00535971219015639,3.885561656357437e-07,6.460569635618011e-05,5.7495067004837704e-05
2024-04-11,2.0225077510207617e-05,1.943191604744569e-05,0.008979126798641312,8.022624942805136e-07,0.00015847278836249917,0.00043888079672287805
2024-04-12,0.0035710006070956,0.004559007409304418,0.016950937986936615,0.00022334476622053973,0.012399938537986243,0.00766210437417169
2024-04-15,0.0001430279094292,2.6474311337696483e-05,0.017966476721839524,6.1059530924111415e-06,0.0008053931659605752,0.0002863303529390624
2024-04-16,1.0,0.999999999999996,1.0,1.0,1.0,1.0
2024-04-17,7.366810566595073e-05,0.00012870934649736408,0.014460363248823268,3.736211836281969e-06,0.0003203458837420362,0.00025769131383544824
2024-04-18,9.45751664618033e-06,1.6518245969846538e-05,0.005758117165058747,4.3294655699437525e-07,6.625049334574425e-05,0.00016048933051676756
2024-04-19,1.790995833864162e-05,1.435023749361014e-05,0.014738675312186379,8.072859593079113e-07,0.0003399577318563889,0.00011781426818178001
2024-04-22,0.0509446015134633,0.0718795547490246,0.9999998927769469,0.00641718075692271,0.9972302807610245,0.9991365083232113
2024-04-23,0.0440585782646952,0.07330237681898846,0.9999998966704933,0.005405051907658279,0.9977281954804782,0.9991280047353502
2024-04-24,0.0023524678387345,0.004032132859995305,0.05847045440088693,0.000114505129429453,0.03309096753883523,0.0077484073379681705
2024-04-25,0.0018453993982658,0.0031230615344904704,0.04929399087696201,6.760333044740015e-05,0.014500202351835453,0.014718317540848335
2024-04-26,0.0042246764035467,0.005396247632186296,0.9421938063952443,0.00027714087159666425,0.09402864220154268,0.23180722696155992
2024-04-29,2.468698567958625e-05,2.3843128884905852e-05,0.011302938723324208,1.1274350603831e-06,0.0002598173798253711,0.0002710362056022265
2024-04-30,0.0024870135035856,0.0031768628782436617,0.012430615083951152,0.0001350487788882054,0.011565859775500443,0.01324176036803043
2024-05-01,5.994813049186013e-05,0.00010472336628591155,0.023657942944563658,3.736975063163081e-06,0.00039461276076560456,2.1822051253351002e-05
2024-05-02,5.539267161296551e-06,9.673345973441577e-06,0.0029487635056697787,3.759600566272962e-07,4.4074895958077666e-05,5.094099908103672e-05
2024-05-03,1.1768932097331596e-05,1.1366883150803249e-05,0.010596990690644171,8.363884872322562e-07,0.0001082451489117143,5.592081612156716e-05
2024-05-06,0.0023867188317521,0.004059425518061307,0.9127206586233327,0.00017108542971158418,0.047541846247061724,0.06120095229380725
2024-05-07,0.0032487272522285,0.004150889528185982,0.05612761353952517,0.00010408344385686341,0.018023918266222707,0.026810012490183274
2024-05-08,2.295097325343588e-05,2.2027879486762285e-05,0.011660462581255197,1.1083030163317373e-06,0.0002413911277148166,0.0001864034035960855
2024-05-09,0.0039830323501412,0.0050859850726371805,0.9269655681729267,0.00024773167399267965,0.05219768272621465,0.06321320447447332
2024-05-10,2.7086236946584164e-05,4.730143128270856e-05,0.03417302932652672,1.1542315027474708e-06,0.0002265868742640273,0.0007264340941784513
2024-05-13,8.281133917818926e-06,8.023262602833184e-06,0.002921042513190331,7.254766669096072e-07,9.099621964166222e-05,5.051861177542067e-05
2024-05-14,0.0016472223804855,0.002105070486115828,0.009981587940781984,0.00020816018943511667,0.010045443936130214,0.0029479709934646737
2024-05-15,7.549593690054356e-06,1.318861058054187e-05,0.0024951510318686108,5.537602196071961e-07,8.788962122841029e-05,7.890347668576179e-05
2024-05-16,4.221201588174356e-06,7.372041608283259e-06,0.002465646367123177,3.736249933510561e-07,4.200295867222988e-05,2.5237728885372173e-05
2024-05-17,4.673946160045944e-06,4.535057580303026e-06,0.0019321453522700648,6.378737599414394e-07,7.045116797644705e-05,4.227255054033599e-05
2024-05-20,0.001301662447965,0.0016637075724870015,0.008914021436653945,0.0002300225386199156,0.00960523996441083,0.002168701022612597
2024-05-21,5.019774555868262e-06,8.768806789439543e-06,0.0019672272191199242,6.033209359080507e-07,7.775738459843788e-05,2.9656377349589762e-05
2024-05-22,2.709958493569466e-06,4.7347332218495765e-06,0.001914891757841202,3.4191573761019224e-07,3.4389967408747415e-05,2.1897655662447625e-05
2024-05-23,3.782755416264127e-06,6.609116258969918e-06,0.002520022307440354,4.311224254366966e-07,4.276647693464307e-05,1.754813245487795e-05
2024-05-24,5.063206660879571e-06,8.843155279202072e-06,0.002870649467314771,3.9306044037742185e-07,4.7476173392407946e-05,2.5079821421244624e-05
2024-05-27,8.768140111794904e-06,8.277007952902568e-06,0.002881609981400501,6.096830549495922e-07,9.237143136883254e-05,8.42174147134723e-05
2024-05-28,0.0078461460424375,0.0022737996749820173,0.03298464687021803,0.0008145826055987888,0.024329046980823655,0.008491991142101859
2024-05-29,0.8890131666930335,0.9324529206040747,1.0,0.8211011337962915,0.9999999965700681,0.9999999995106919
2024-05-30,0.0068665173281289,0.008765844842473752,0.03047009277820405,0.0008264164113307386,0.02492893815451874,0.004747274544929648
2024-05-31,1.3731406219387702e-05,1.3092001639056606e-05,0.0025037025755518098,1.2220184280878134e-06,0.00017473920433097037,8.063578518908555e-05
2024-06-03,0.0056134041028511,0.0016974663811665553,0.02912597986713729,0.0007449660700754649,0.022382083853154204,0.0058193710738931636
2024-06-04,0.8429345093339122,0.9028042320503424,1.0,0.6461009264110977,0.9999999940348516,0.999999998628482
2024-06-05,0.0022442190617807,0.003874955414542496,0.01846591664499542,0.0003773449525181408,0.01836903770968584,0.004901766835796264
2024-06-06,0.000528137125848,0.0006752045492651745,0.005439886152982803,9.554899944535326e-05,0.007250840775589887,0.0022172382974049863
2024-06-07,2.8441558309504e-06,4.965610205523501e-06,0.0012150712147448307,6.169408291881791e-07,4.7802316274571034e-05,3.481251125816138e-05
2024-06-10,1.986781471959384e-06,1.929857587221568e-06,0.0035213241659278103,6.662026843454021e-07,4.320984741603609e-05,4.832814413883924e-05
2024-06-11,0.0010554311002453,0.001760331886149083,0.9561047808556816,0.00029606064487296943,0.08010559748605076,0.18690630680843326
2024-06-12,0.0069855336625238,0.0018314662244144494,0.9883886228061168,0.0017341651602064225,0.1857703261331015,0.2855123329364462
2024-06-13,0.9999999999088232,0.9999999996507156,1.0,0.9999999998835847,1.0,1.0
2024-06-14,0.9999965834514726,0.9999973280716388,1.0,0.9999955455572566,1.0,1.0
2024-06-17,1.8592202838977383e-05,3.247832182133154e-05,0.004346962292174196,5.0512347142701065e-06,0.00010634897760776459,7.120037737936812e-05
2024-06-18,2.065722301769323e-06,3.6089211045003332e-06,0.001589038764247185,6.005042071338909e-07,2.3863569126195205e-05,8.060541155687458e-05
2024-06-19,2.036573612917207e-06,3.558364210547316e-06,0.0012603866981454998,5.369541245335783e-07,1.8844580509009882e-05,1.860262059950218e-05
2024-06-20,3.805332061937849e-06,6.645324632320125e-06,0.0034702770206365943,1.0175305324999976e-06,4.233330163072798e-05,0.0003096031620569307
2024-06-21,4.503473088468865e-06,4.374026907762761e-06,0.0014927822711668422,1.0049525286835785e-06,4.614602088049412e-05,0.00011375526804845459
2024-06-24,0.0010786921726637,0.001378897454298372,0.006894189482368826,0.00017800637080314996,0.008289779543741922,0.01100581029848039
2024-06-25,4.311188827853239e-06,7.52983434313805e-06,0.001314009186381618,9.059225828570714e-07,4.240524026164074e-05,3.32240082596723e-05
2024-06-26,2.415550852517853e-06,4.22003951620029e-06,0.0013571302124139252,5.475377702379135e-07,2.080193550132882e-05,3.3679526122898375e-05
2024-06-27,2.430433443299797e-06,4.24363516628683e-06,0.001378385475322645,5.469140406401369e-07,2.101407770897927e-05,3.5079631273205476e-05
2024-06-28,4.501983692525921e-06,4.353967634059127e-06,0.004443217083746887,9.92526537794566e-07,4.408414998604022e-05,4.659689933491187e-05
2024-07-01,0.0020967898801225,0.002679490936573403,0.8806153820203086,0.0003024980822488487,0.04614612607429154,0.05329195682118404
2024-07-02,5.31657280483658e-06,9.286828452966217e-06,0.004883540916019204,8.828636751378688e-07,5.4919260365068854e-05,7.958793612505983e-05
2024-07-03,3.79066824308372e-06,6.622627157561069e-06,0.0024104266435642707,7.222266845108839e-07,3.379258752541571e-05,0.00014884559829148278
2024-07-04,3.1643244959297728e-06,5.527984147327353e-06,0.001569401906571798,5.699038612515838e-07,2.361992643738614e-05,4.019955915750518e-05
2024-07-05,3.0140455377999995e-06,5.262587199441833e-06,0.0015794391679578902,6.494096558415274e-07,2.061727872342941e-05,1.4290793844156758e-05
2024-07-08,4.573947716134832e-06,4.395069032732614e-06,0.004509979007054483,1.0240200768690023e-06,4.345072807909333e-05,5.1743228878235045e-05
2024-07-09,0.0036275751990073,0.004633048053788817,0.917577621601484,0.0002761681290395245,0.05197183413419822,0.053819188188881956
2024-07-10,1.6683156606714504e-05,2.9132033102668865e-05,0.017027677195881486,1.4227553501566503e-06,0.0001484403463819265,0.0006878906486972497
2024-07-11,1.0228224999879757e-05,9.89111991079107e-06,0.009259281242851828,1.0613758556609272e-06,8.88112940337826e-05,0.0002996496287388532
2024-07-12,0.0020872949278599,0.0035908206855931055,0.9012374770585342,0.00023140782426437045,0.052660079398335224,0.0999181668462062
2024-07-15,0.0012100302014234,0.0020859448886984926,0.03548536216834663,9.271146163937244e-05,0.012575876035414267,0.02343600890284975
2024-07-16,0.000947043464781,0.0016252139087914476,0.009662285937409242,9.999059061112333e-05,0.007836665951178618,0.0029026301737433255
2024-07-17,0.0017927973325603,0.0022912112673973907,0.012056980609101679,0.00018319538676044524,0.009792623737934155,0.002202031518767584
2024-07-18,1.017866164295148e-05,1.776984379383808e-05,0.0021572576761002033,9.62643712625099e-07,6.576661802195347e-05,4.2436549136959014e-05
2024-07-19,1.0202048794558808e-05,9.736668248161702e-06,0.002512512534918854,1.0272028099829822e-06,7.545793589039739e-05,0.00020236768149433287
2024-07-22,0.0052291280052206,0.006676369423893825,0.024031160071071977,0.00027633348205344845,0.024298330119092854,0.12757036086190993
2024-07-23,1.2571711140034564e-05,2.1947725254295664e-05,0.0027097255542192634,9.615621305868038e-07,7.94855296223685e-05,4.3055727425590724e-05
2024-07-24,1.5765482001947963e-05,1.1474880535415483e-05,0.009511305766090205,1.0300918865128735e-06,0.0002259408136496959,0.0003100906738700664
2024-07-25,0.079709544739528,0.09969897521927912,0.9999996833903925,0.007632975096574846,0.9941822405415441,0.9979710566156557
2024-07-26,1.6874922935534182e-05,2.947598177168439e-05,0.010403095790462839,1.0179129343516056e-06,0.00024158212605371928,0.000432660166014574
2024-07-29,5.132223356799054e-06,8.962084301201953e-06,0.0021894966189142484,5.162956957104112e-07,3.2430971967726315e-05,3.2178125136825594e-05
2024-07-30,1.127883584465512e-05,1.0480286716963371e-05,0.0027543832523478588,9.15637518928227e-07,8.209125769037762e-05,0.00017235573429704872
2024-07-31,0.0117133286154563,0.00308182467127509,0.03976563249872283,0.0009794286896325733,0.029571005498347194,0.0431499848199747
2024-08-01,1.0,1.0,1.0,1.0,1.0,1.0
2024-08-02,1.0,1.0,1.0,1.0,1.0,1.0
2024-08-05,1.0,1.0,1.0,1.0,1.0,1.0
2024-08-06,0.28820254913146,0.09551941675703349,0.9975144396072675,0.06666377246248076,0.326858634964752,0.08069872568095138
2024-08-07,1.0,1.0,1.0,1.0,1.0,1.0
2024-08-08,0.0001501019815613,0.00026206312150121495,0.014758290027271354,3.208225207780247e-05,0.00012742781200937817,1.2077664155880467e-05
2024-08-09,2.5162397754185807e-05,2.3827692494218497e-05,0.003774732585776136,5.372739239523476e-06,4.642648310964553e-05,1.5256585367199062e-05
2024-08-12,0.0070937124347712,0.009051132123516038,0.02035906828081408,0.0021246950900159723,0.007529258463210351,0.0025321491701064095
2024-08-13,3.106896614430256e-05,5.424133415916026e-05,0.0040206529309466735,4.881477139143505e-06,5.025989182235392e-05,9.38565305350207e-06
2024-08-14,2.4274732749398736e-05,2.2293240299276267e-05,0.010908880924875413,4.986496060183957e-06,5.5155376788123464e-05,3.7619514855558144e-05
2024-08-15,0.0146062395190895,0.022659810844952322,0.9915428291685979,0.0022859741218139284,0.06581831688604681,0.028306315128823333
2024-08-16,0.0206876589225536,0.02629782016552383,0.9931415895191463,0.0019908127016020865,0.07350820586640275,0.014820988545604836
2024-08-19,2.7877248602047213e-05,4.869125106850629e-05,0.010657271148587161,4.199834804277012e-06,6.353452905224154e-05,4.899351252971117e-05
2024-08-20,1.3762138151846218e-05,2.4042289565999865e-05,0.003420936662937942,2.817830378804345e-06,3.224700991325851e-05,7.788404658813304e-05
2024-08-21,1.41678787956876e-05,2.4748681180915874e-05,0.0033635087692136813,2.406254426705087e-06,2.4084287975362423e-05,1.0664880273340194e-05
2024-08-22,3.331747181208003e-05,5.82069906086233e-05,0.0088831795883755,4.5223436459045614e-06,2.869833845914969e-05,1.2690448124145442e-06
2024-08-23,1.2605769621087704e-05,2.2021741315233965e-05,0.0031641697642730334,2.5772107398587412e-06,2.8247712637920303e-05,3.7723823254273906e-05
2024-08-26,2.009421515596351e-05,3.510439419977775e-05,0.004944062307800624,3.1815070936621123e-06,2.4108576496717413e-05,3.0556694098665936e-06
2024-08-27,1.871445813709588e-05,3.269327547195391e-05,0.004740206624237338,3.0746491010612755e-06,2.4158028041600036e-05,3.4181038275848495e-06
2024-08-28,2.321819876968613e-05,4.056329651227247e-05,0.005983555993096979,3.632461994540252e-06,2.52044117606338e-05,2.1126263245896794e-06
2024-08-29,1.2531029366251626e-05,2.1891733050831493e-05,0.0031217308067863028,2.6015135303366526e-06,2.5502586811400643e-05,2.031076367929836e-05
2024-08-30,1.731686757624628e-05,3.023666697335074e-05,0.004540094646891141,3.0729116402493713e-06,2.3651557443075333e-05,3.7862596083985304e-06
2024-09-02,3.5978737098075475e-05,3.3323806011197726e-05,0.016266611490489212,5.60101074486455e-06,5.907829764479792e-05,8.658741855699622e-06
2024-09-03,0.0124967670091924,0.015924351157586343,0.972249714024828,0.006211189156035876,0.11784311436598671,0.3338422421777991
2024-09-04,5.238551297377038e-05,4.912005855618846e-05,0.0177160569345515,1.0330743644670637e-05,0.0002570647751234984,0.0012568810393209233
2024-09-05,0.0095974557231831,0.008882470193588206,0.07580538536665797,0.0017772812123143693,0.021379315395664674,0.00410278176151578
2024-09-06,0.1587410860606145,0.19434500267827984,0.9999999002202508,0.06918453064272882,0.9970089297713064,0.9972634679640594
2024-09-09,5.532319862357927e-05,9.663691265271027e-05,0.022493029737469927,9.58310407519924e-06,0.0003903232089599132,0.0024301136287549325
2024-09-10,1.2527747441632796e-05,2.188615962527849e-05,0.003492692631638703,2.3715270247829107e-06,3.4601358370551756e-05,8.540881856065754e-05
2024-09-11,1.2161655189563405e-05,2.1246585164396593e-05,0.003108179703228308,2.1672318174204323e-06,3.079252744231894e-05,5.0971967689752985e-05
2024-09-12,1.2662457989122326e-05,2.2110635038171025e-05,0.0034195852901898944,2.2807276572919095e-06,3.6237131117703147e-05,0.00010180098894897365
2024-09-13,2.8833557623827535e-05,2.697305409885592e-05,0.004937410977805226,5.248349134975122e-06,0.00010183682659410448,0.0006870948856567824
2024-09-16,0.0100545951431383,0.01687114986940115,0.03551533256287916,0.0016011083371207202,0.010155312933419387,0.0012442923161621652
2024-09-17,0.0049704034546974,0.006341477820372638,0.018777911139269472,0.0007075939356901072,0.008000506382461322,0.00327792307687457
2024-09-18,0.0002741584996183,5.0765186542250653e-05,0.012241031623017623,3.294127779331692e-05,0.0002967431951115665,4.996565769391285e-05
2024-09-19,0.9999994492388092,0.9999990392116446,1.0,0.9999927120235954,1.0,1.0
2024-09-20,0.7880129879380465,0.8261626432865605,0.9999999810534066,0.23080695551420463,0.9986866444016991,0.9949444366176564
2024-09-23,0.0001219396514567,0.00021297979565123267,0.011914148958986098,8.323785198666284e-06,0.00012645198247805692,2.6400903523225497e-05
2024-09-24,1.3173587523707876e-05,2.299660936919789e-05,0.003189430621925646,2.4029867243110773e-06,2.8628642933397332e-05,5.2131541915798544e-05
2024-09-25,5.353281732806996e-05,2.535913208084458e-05,0.011148482487073591,5.5752332890393374e-06,0.00012832771941402707,3.57775310785804e-05
2024-09-26,0.2480822397713785,0.2965531986872657,0.9999998985340477,0.0875341520699118,0.9971101885024068,0.99832063269821
2024-09-27,0.0004607944133146,8.584477761116491e-05,0.039295196706580895,5.182243638582673e-05,0.0010284727533519205,0.0008125706571184204
2024-09-30,0.9926291115050728,0.9955205194422166,1.0,0.9515127083767375,0.9999999980573193,0.9999999977053449
2024-10-01,0.0568400791805041,0.09177284139751424,0.9905573055344672,0.00889497587883255,0.15285442864999932,0.06386057356460892
2024-10-02,0.0079948048971723,0.0101982803427516,0.07073555274216882,0.0010220274667151804,0.010406738213190004,0.0018699824832371684
2024-10-03,3.051265570772553e-05,5.326849102215781e-05,0.005301688852815849,5.133287484496196e-06,0.00010828901385271221,0.0004820832479151804
2024-10-04,2.3150019124508296e-05,2.1697558851623766e-05,0.0038618567027454876,3.7896784747441332e-06,6.332660009363942e-05,0.00012140902204592192
2024-10-07,0.0096007852398071,0.015044066773410046,0.09951506625680116,0.0014083658397209093,0.010614413812681267,0.0014023745344098441
2024-10-08,0.0187170868580395,0.023806033667021713,0.9772828865267473,0.001352252677542458,0.07023317910729653,0.016867763799892174
2024-10-09,2.61271105587977e-05,4.563363280244426e-05,0.010800416017632082,3.5744553929824843e-06,7.618897920885792e-05,0.00010714369911562635
2024-10-10,1.3110346786367929e-05,2.2903448649569523e-05,0.0031118843161538658,2.000637102947898e-06,2.563777621080058e-05,1.789344755586353e-05
2024-10-11,1.2522926624709476e-05,2.186561159100533e-05,0.0030067462985458124,2.094585750808998e-06,2.7791843485172996e-05,3.202353208058315e-05
2024-10-14,2.366744622514736e-05,2.2472724516258197e-05,0.003107352968588035,3.949920767721808e-06,5.6050552639990045e-05,7.941464127733506e-05
2024-10-15,0.0064554254536489,0.008238630499918296,0.01784271679824964,0.001205725121264725,0.007670003957365394,0.0035997871408375054
2024-10-16,2.56381817346614e-05,4.4779866298646804e-05,0.0030785312448768113,3.3476084005782113e-06,5.6095482468023226e-05,3.7214623239734214e-05
2024-10-17,1.7117712995726498e-05,2.9888087099505352e-05,0.005238834289410929,3.3964961975805438e-06,5.563072709331562e-05,0.0004468793288454445
2024-10-18,2.6245516767320745e-05,2.5052849902584945e-05,0.0037243013354786927,3.7404803909731136e-06,4.95936156010949e-05,2.4586010495147396e-05
2024-10-21,0.0051868068535978,0.007598606339581796,0.0571200515583,0.0008772365245333744,0.008313804138456723,0.005802264022386588
2024-10-22,0.0328288197688414,0.0415913239758157,0.9848390287085309,0.0017633058153623275,0.08223147183915804,0.010897685381023854
2024-10-23,3.371925959344782e-05,5.888847162243767e-05,0.012037457070587817,3.6707936297993235e-06,5.63396038278624e-05,1.3258598002317973e-05
2024-10-24,2.9626484956697213e-05,5.175851512960023e-05,0.007736289120595622,3.576004380656543e-06,2.8696735549365422e-05,1.867565000705173e-06
2024-10-25,1.2280167018401889e-05,2.1458654630225495e-05,0.003498210403363267,1.8596257553295889e-06,2.8024192289725065e-05,1.1345409623875244e-05
2024-10-28,1.1518606558978304e-06,2.012424899642217e-06,0.002013959079422034,1.1458946440781673e-06,2.544788764112571e-05,8.023651829313327e-05
2024-10-29,2.99865706330506e-06,2.921106865890219e-06,0.00805938940101406,2.2056814251683243e-06,7.365280392021023e-05,0.000439332462844998
2024-10-30,0.0003297416147673,0.0005714311672263198,0.9293714134817914,0.0015268880414049076,0.08192017310640562,0.3587946556232131
2024-10-31,0.0001203234342548,0.00020849432908856148,0.021992435691648837,0.00021250121923975288,0.007951514694532019,0.011299291475171868
2024-11-01,0.0001662379519167,0.0002876354028876172,0.02551548833036739,0.00022138936446729855,0.008480641037631052,0.012640373849739985
2024-11-04,0.0004185472419992,0.0005350992189559712,0.9262577362142217,0.0005574849970228387,0.04393878528968377,0.017042458533357847
2024-11-05,2.237374679280436e-06,1.3986855757132847e-06,0.017401762547512026,1.7324878864731484e-05,0.00024022139585751706,0.0003009744271073462
2024-11-06,0.1312568331405095,0.20530383187322002,1.0,0.9857353020125534,0.9999999982455847,0.9999999994270183
2024-11-07,0.0044178116570463,0.005640938171094937,0.9999998753792247,0.08749787333675546,0.995501600747465,0.9909819969310933
2024-11-08,4.026614668969448e-07,7.036194411357965e-07,0.004339602628249996,2.6245632085924006e-06,8.364100076038795e-05,0.00019537913516175286
2024-11-11,2.314369179868716e-06,4.2824748734424687e-07,0.006149914441086975,1.4719334813051586e-05,0.0001187029293631932,0.0012090210563859324
2024-11-12,1.0,1.0,1.0,1.0,1.0,1.0
2024-11-13,2.7498146117518587e-06,2.6683620930155098e-06,0.014684774835672083,2.5386754576471637e-05,0.00040273924235868216,0.00021548879469001248
2024-11-14,0.0012432221411013,0.002141842760428893,0.9999998314851979,0.04087911899164561,0.9967169853187622,0.9983554377672264
2024-11-15,0.0010536307108218,0.0018212510597349918,0.9999998330831797,0.014113875022774874,0.994975991278591,0.9924467255732796
2024-11-18,0.0004821370291415,0.00012592381405927236,0.0650630569210255,0.002531478254405635,0.04351303457767104,0.008329868741160868
2024-11-19,0.9988313547418672,0.9990856547080523,1.0,0.9999761323257936,1.0,1.0
2024-11-20,3.2876923030139693e-06,5.744353188938893e-06,0.005045106228406413,1.1431455696867007e-05,9.249528823692353e-05,0.00010307455829765993
2024-11-21,9.63801558747562e-07,9.101185332781883e-07,0.0057455600954617134,2.1101752110600814e-06,0.00011440996977818165,0.0002664727250700783
2024-11-22,0.0077266052057534,0.009858190818639222,0.9999996973547699,0.016178128278685724,0.9899793314162366,0.9890112008632638
2024-11-25,2.661240231070434e-06,2.5936958714018843e-06,0.008551417702124734,4.41756095152566e-06,0.0002470930473445652,7.735916343828269e-05
2024-11-26,0.0002573054532738,0.0003289724829442787,0.006734574979786758,0.0004081062618865197,0.007217518622264315,0.008174180546123037
2024-11-27,1.3959602850173065e-06,1.3607373507417765e-06,0.0015711114816687644,3.0191960627877857e-06,8.242656962647731e-05,0.00015881216756580922
2024-11-28,0.0002192611848258,0.000379970187744068,0.008736390312198345,0.0004103601857888382,0.007804311543208406,0.0034513268357165617
2024-11-29,0.0001355982653305,0.00023173434223740518,0.025428416149214088,0.00024623494129137136,0.019517899887669266,0.005727491931565485
2024-12-02,0.0026342751423624,0.004558059911224972,0.9999996384877449,0.006904999914784407,0.9876437168361933,0.9852821396974274
2024-12-03,9.613581417493673e-05,0.0001665105630197469,0.061824476273644985,0.0001859027160817501,0.018335343316505166,0.011645428330636776
2024-12-04,0.0002458897291455,0.00031436297751635096,0.8944576465036911,0.00038973472044859437,0.03737021904162583,0.029547485284850246
2024-12-05,1.554821527386499e-06,1.5158156493586254e-06,0.02201959751813177,3.1913657992714603e-06,0.00012423330207866765,0.0012663628117021855
2024-12-06,0.0001658420103006,0.00028733442743910867,0.8853725305287528,0.0004395439071553512,0.032038732382560976,0.03153197292425692
2024-12-09,0.0001811589186099,0.0002315867111225773,0.023364266341321577,0.00029503091210509577,0.008423806199911997,0.003514510007985395
2024-12-10,5.225263074510141e-07,9.131689747719747e-07,0.0015498093647665003,1.4432246711315277e-06,3.8561604563981504e-05,0.00010519192700093217
2024-12-11,2.0699701589411386e-07,3.6177989260333144e-07,0.0014042975885970221,9.315837247133669e-07,1.568867070205719e-05,3.740602849776192e-05
2024-12-12,1.6196292458685658e-07,2.8307677128438745e-07,0.0018013526749655578,1.274103293538892e-06,1.5822848598839847e-05,1.2865065245412275e-05
2024-12-13,1.1814738018419501e-07,2.0647665384312417e-07,0.001935243384036514,1.4866872077022985e-06,1.519953944310592e-05,9.665430114247503e-06
2024-12-16,1.52695184897666e-07,1.4890800263094966e-07,0.0035710292441353112,1.7459683344618123e-06,2.765080407232348e-05,0.00036412036404311835
2024-12-17,4.587280730794121e-05,7.92486959047701e-05,0.813501931368412,0.00048327290416780983,0.024992440168415245,0.037309396320858126
2024-12-18,0.0007100672290232,0.00018544781009588107,0.07685072468761867,0.002134431066763428,0.022767681835587517,0.0059502335723854395
2024-12-19,0.99907062079082,0.9994408283015832,1.0,0.9999541040488676,1.0,1.0
2024-12-20,0.0487370412477793,0.061475045283221084,0.9916465628870604,0.0023085357457127064,0.2008767504432634,0.09161916315636012
2024-12-23,2.2005861303765204e-05,3.844010962494263e-05,0.017331426857499888,8.991985685477354e-07,0.00018957524275186056,5.606702217000894e-05
2024-12-24,1.7403897559525726e-05,3.0400977906260635e-05,0.011701871365981586,1.0521244855272558e-06,0.00010824587395783296,1.821861793816431e-05
2024-12-25,4.408190860812984e-05,7.696499208620457e-05,0.039375834535845575,2.8263782289549254e-06,0.00023115754647758542,1.4263831615947182e-05
2024-12-26,7.637404865975e-05,7.359617958902128e-05,0.04224026291256784,5.271819534583566e-06,0.0004824613389603087,3.246806041177908e-05
2024-12-27,0.0028881667321786,0.0036894752038885495,0.016371233379386778,0.00017568994439889617,0.012029784654795563,0.011499372978095885
2024-12-30,1.4722158138201563e-05,2.5719993038732914e-05,0.004360704301317538,7.888226544263353e-07,0.0001267122213878786,8.777163810967785e-05
2024-12-31,9.324392453400316e-06,1.6282514687733088e-05,0.007380419833869898,6.49134804433407e-07,6.840175585755463e-05,3.052417220929725e-05
2025-01-01,6.494877353867799e-05,6.276535160790962e-05,0.12528658071816873,5.679594938821024e-06,0.0005038805220629624,3.2389650508914494e-05
2025-01-02,0.0022059299212732,0.003745629317717996,0.9811610595130114,0.000225368282998085,0.06593625761302191,0.15241764462314603
2025-01-03,0.0035768081345918,0.004400684582277501,0.9959577811177912,0.00016957198279510686,0.1544066262136885,0.1142525760229737
2025-01-06,0.0732883169166443,0.09183319978366788,0.9999999591536843,0.00435527526827323,0.9939242925671727,0.9960871623491405
2025-01-07,3.41664755425501e-05,3.269262982304896e-05,0.05439989931630976,1.4941817249004358e-06,0.0007505481171273549,0.0013934826161472646
2025-01-08,0.0046426906247987,0.007907227046634751,0.9652835066054392,0.0002453033076848017,0.06618715523954942,0.07035936275317237
2025-01-09,0.002741221820925,0.003582207498920329,0.17372548365756457,0.00010860134162014256,0.03616094479289595,0.01174719077565139
2025-01-10,0.0583714099763773,0.07343072850908816,0.9999997644509044,0.004048199353046312,0.9928064687918158,0.9967559336962245
2025-01-13,2.0458916642015665e-05,3.5728812082127544e-05,0.016766121222007373,7.818308382954189e-07,0.00034123500606245334,0.0005308402450536784
2025-01-14,1.4796319596886318e-05,1.3896517668127174e-05,0.013776643405809579,7.993525466618955e-07,0.0001515886496999493,0.00015685065679803384
2025-01-15,0.0090777542696632,0.015306264736393353,0.9927553125825228,0.0007677648658226617,0.2059680597943237,0.7116372511942676
2025-01-16,0.0041361900113062,0.0069013366429207645,0.9876444197261505,0.000151426385804605,0.08422010767596116,0.08280620387317272
2025-01-17,0.0066391951968202,0.008472730927956255,0.10888964442896147,0.00015583391361555988,0.03346643957950865,0.10610733253705018
2025-01-20,1.5978597183173377e-05,2.7912402861699115e-05,0.004490072785515084,7.692552496396612e-07,0.00011975377697925213,7.165284979208705e-05
2025-01-21,7.829201644366017e-06,1.3679635205255908e-05,0.0035122887841156267,4.4216967015999554e-07,5.1677768515171314e-05,6.05822885742389e-05
2025-01-22,8.018419069675995e-06,1.4010806063893867e-05,0.003954084896363649,4.409769858559258e-07,5.548554773077585e-05,0.00010225014461491053
2025-01-23,9.79017536278546e-06,1.7106468730943994e-05,0.005481809212398354,5.17477408359209e-07,6.765908850211832e-05,0.0002347223506753888
2025-01-24,7.749269888224933e-06,1.3539755695985117e-05,0.0038890250883847318,4.312038604077822e-07,5.497827018690403e-05,6.787508867067834e-05
2025-01-27,9.578893024627403e-06,1.6736881020355794e-05,0.005030928193112815,5.762028653909874e-07,6.519983144807864e-05,3.166590242127749e-05
2025-01-28,7.700161044496263e-06,1.3448935394516398e-05,0.004000996926815744,4.4463265817984197e-07,5.507150874253355e-05,6.383998549379152e-05
2025-01-29,1.438439469064651e-05,1.3796377383959396e-05,0.012687619607560504,7.98459292793758e-07,0.00012094693529321242,0.00013260057466643949
2025-01-30,0.0040232882960715,0.005138499469701395,0.9332221379189901,0.00025874526414987017,0.05639183922792739,0.10576820349015621
2025-01-31,6.174888019164325e-05,3.5215029823081024e-05,0.05754167281208914,2.410757780255904e-06,0.0008742550991896287,0.00016426689715094998
2025-02-03,0.1665474881745054,0.20349100717793342,0.9999999072133549,0.07999181666212499,0.9990131659594343,0.9999387292590879
2025-02-04,2.5583365645075116e-05,4.4657915496878396e-05,0.013248571759560153,1.0769352985893138e-06,0.0002970241295769776,0.0003139588966072648
2025-02-05,7.30758251447251e-05,1.3944263694816177e-05,0.013021543612562605,4.649024101369326e-06,0.0002916568030571007,0.0001864324649818139
2025-02-06,0.9628179230282088,0.9779474695617205,1.0,0.9936262940136545,0.9999999995261533,0.9999999999799911
2025-02-07,0.0144567112027493,0.018408583299723797,0.04841293780441737,0.0009500902431183337,0.03111760408743204,0.01933292975656414
2025-02-10,1.6290786981396535e-05,2.845046886607332e-05,0.0042168580308913454,9.021252883193081e-07,0.00012177799932791432,0.00022074280155435133
2025-02-11,1.2374090478483831e-05,1.1493459673546046e-05,0.004155187912267384,9.417193198636856e-07,0.00010729641927889007,0.00015679099839658345
2025-02-12,0.0117819192854083,0.0034111479404669402,0.04894462170632072,0.0007711254911577143,0.029731175803610125,0.03261328983572766
2025-02-13,0.893376619446224,0.9146350485409255,1.0,0.7354557095117965,0.999999994117843,0.9999999988058335
2025-02-14,0.0001080102619534,0.00010449645528380539,0.0134012120584,6.985463023412597e-06,0.0005874389296491866,0.0005506701566356177
2025-02-17,0.0020244478342291,0.0033560210373630717,0.016851133312212815,0.00013985974646046594,0.011471227496449387,0.011695976267874423
2025-02-18,0.0080401987586248,0.0023998742922906285,0.049429395372693856,0.0005531645945426156,0.030114962303972738,0.02497128003206641
2025-02-19,0.858304352503285,0.8856590779223947,1.0,0.7567383321322741,0.9999999937724624,0.9999999986894181
2025-02-20,9.503171215838896e-05,9.056576546896847e-05,0.04737910437308655,8.488121937881098e-06,0.0007322778100354771,0.00033132187028882514
2025-02-21,0.0056032814634093,0.007897452150076988,0.989719204776031,0.0002828829354429232,0.16227322107404982,0.1238611917523088
2025-02-24,0.0413217867119227,0.052216301999529216,0.999999930729248,0.004728446427028423,0.993160615461368,0.9966963777879895
2025-02-25,0.0001211922181035,2.2434369587035315e-05,0.04562937715094322,8.715768551422636e-06,0.0015755460386514693,0.0012471608188595442
2025-02-26,0.9999281680466376,0.999958148107421,1.0,0.9999601160903097,1.0,1.0
2025-02-27,0.0123307227729123,0.020843480063268516,0.06517069161357887,0.0007248158637768971,0.03907405780460314,0.05901817427796
2025-02-28,0.0032706882963886,0.0027997299859281025,0.0548788014461142,0.000104171847477457,0.031105113552394856,0.02294538717750138
2025-03-03,0.1831705504090611,0.055257200464469795,0.9999999288247662,0.030283324059397848,0.9973182165295897,0.9985393473723657
2025-03-04,1.0,1.0,1.0,1.0,1.0,1.0
2025-03-05,1.0,1.0,1.0,1.0,1.0,1.0
2025-03-06,0.0176174062538819,0.025346819660219105,0.1610442557470713,0.0013127268101498105,0.036553189661298086,0.0404607743664858
2025-03-07,0.037499784730704,0.01011407351196856,0.9891777460963088,0.0021222053589032477,0.15846212824938302,0.07666033052835777
2025-03-10,0.9938193318724564,0.9768279984410823,1.0,0.9791399309685207,0.9999999992007815,0.9999999996807674
2025-03-11,0.9990566311484936,0.9965035308394644,1.0,0.9982535145299937,0.9999999997794475,0.9999999999145075
2025-03-12,0.9943455594570446,0.9966790050004508,1.0,0.9781078912489494,0.999999999128022,0.9999999996371116
2025-03-13,0.0188622484278808,0.026885701955185647,0.1609881611893463,0.0016300788632612757,0.04455756846320793,0.01330453152823255
2025-03-14,0.0397457696482409,0.050268279033322594,0.9941421340133721,0.0076879935958373445,0.5470725257588362,0.9731714450150987
2025-03-17,5.027560718056269e-05,4.84402496248218e-05,0.01710873596987,4.812560358513479e-06,0.00048281701645660764,0.0033322991145406226
2025-03-18,0.0030663925722057,0.0039173084732208605,0.012281186080568201,0.0003478535647743829,0.008599420818425269,0.010270286505311976
2025-03-19,2.054350270505392e-05,3.586079033452969e-05,0.003149120763362433,1.8378690088273157e-06,6.301814853504793e-05,1.9981217358740717e-05
2025-03-20,1.517664632636161e-05,1.4601925234492525e-05,0.0025855627561215764,1.7614118225040686e-06,6.487642953927818e-05,0.00015059786176680338
2025-03-21,0.0033111009387023,0.004229669283747463,0.012421800938386584,0.0003617174572262827,0.008529108694181577,0.008359906278223698
2025-03-24,1.6973365387530665e-05,2.9645189309802224e-05,0.0025743772689697554,1.5528807561366405e-06,6.753154721576985e-05,7.235916953546549e-05
2025-03-25,8.588581963787688e-06,1.5004559382167178e-05,0.0026861474757949835,1.0133205619739975e-06,3.438927457623102e-05,9.189826106382161e-05
2025-03-26,1.1250210428250238e-05,1.964213507095872e-05,0.003936182814605924,1.2958046843788338e-06,5.000062512686036e-05,0.0002773156957774946
2025-03-27,2.142976013133788e-05,1.7720077219318376e-05,0.0037413350641493526,1.8701223230649393e-06,6.697299567174826e-05,4.2714185094729926e-05
2025-03-28,0.042143630345823,0.011345589984915727,0.116375837884698,0.004496971976874191,0.07209539930417537,0.4032227395663065
2025-03-31,1.0,0.9999999999999998,1.0,1.0,1.0,1.0
2025-04-01,0.0004330677336125,0.0007557049544083035,0.10649750223462022,8.574794420698023e-05,0.001375825759953699,0.03453705473048658
2025-04-02,6.68455598702788e-05,1.2372025164138932e-05,0.009175006509405248,1.1590393303304813e-05,0.00011748265455925509,7.59189223967637e-05
2025-04-03,1.0,1.0,1.0,1.0,1.0,1.0
2025-04-04,1.0,1.0,1.0,1.0,1.0,1.0
2025-04-07,1.0,1.0,1.0,1.0,1.0,1.0
2025-04-08,1.0,1.0,1.0,1.0,1.0,1.0
2025-04-09,1.0,1.0,1.0,1.0,1.0,1.0
2025-04-10,1.0,1.0,1.0,1.0,1.0,1.0
2025-04-11,0.8225242746022703,0.5472690987586973,0.483505817562683,0.9847122402829005,0.020049125810472718,6.955119070649684e-05
2025-04-14,1.0,1.0,1.0,1.0,1.0,1.0
2025-04-15,1.0,0.9999999999999629,1.0,1.0,1.0,1.0
2025-04-16,0.0009169919593186,0.001600375329356769,0.03675077433981748,0.0009434888801178985,2.549846650473188e-05,9.777861455118481e-08
2025-04-17,8.412686715761081e-05,0.00014500610888999103,0.017182734155938784,9.35323132765386e-05,4.6890650515559536e-06,5.486142850171618e-08
2025-04-18,0.0016548331870436,0.0028491991731647553,0.34624693972272397,0.0006165559735625906,8.712209329971597e-06,2.710192371634326e-10
2025-04-21,0.0016771950251239,0.002911226629564037,0.35973003855285246,0.0006389667245536451,8.675162625736991e-06,2.6272598596870246e-10
2025-04-22,0.0006668079142152,0.00012345893419833166,0.073344770849795,0.0024508157873323385,0.00016539581199133448,0.000273128394758918
2025-04-23,0.999949226069306,0.9999602563984047,1.0,0.9999999806823328,0.9999999999881766,0.999999999994543
2025-04-24,0.0008522438977364,0.0014877680396054914,0.03311202715349736,0.0010153909390538708,2.5545383654312892e-05,1.169088023849153e-07
2025-04-25,5.627153636184812e-05,9.810457027175681e-05,0.006781541550435981,0.00010408394082591587,6.797473069359364e-06,5.534494663585187e-07
2025-04-28,0.000274650586219,0.00018158388457062823,0.013042884449394904,0.0007912006087619417,9.28548792587665e-06,4.790120634413106e-08
2025-04-29,0.1113929978595383,0.13807498822986608,0.06119472365648062,0.6996918176299955,0.002912304374623693,6.755425946589084e-05
2025-04-30,0.0001589660720904,0.00024777980781120633,0.01906032040019327,0.0010631449075584067,3.410824745737175e-05,1.9154940390097962e-05
2025-05-01,0.0143616559615413,0.0026890891687845826,0.5248946587657041,0.005789719802466364,5.1907809167520426e-05,8.748267703784155e-10
2025-05-02,0.9998726141241004,0.9998903427329123,1.0,0.999999836854399,0.9999999998665317,0.9999999994506652
2025-05-05,0.3886800883159447,0.44828047199376586,0.18096011131722656,0.908397532880577,0.008133992571210488,7.073029974795478e-05
2025-05-06,0.0002590148271326,0.00045237827623219936,0.008885857754866193,0.0007237628497031404,1.4455530284652931e-05,5.183404568431502e-07
2025-05-07,4.5770501215928594e-05,7.985674403752e-05,0.006103404264840491,0.00010017472725948063,1.0430339436926883e-05,2.542355920365738e-06
2025-05-08,0.0001752439908159,8.048030299782953e-05,0.009567773142480538,0.0010976107365198709,3.085711559713485e-05,2.0356351831427415e-05
2025-05-09,0.2632630348167559,0.09280893064193349,0.16817688524731997,0.9231113374052599,0.00995877132713904,0.0007626844333718303
2025-05-12,0.9183107379682496,0.9349078385436826,0.9999999908914106,0.9994870283846183,0.9991013628886943,0.99406811542116
2025-05-13,0.0007044760042922,0.0012284984555596527,0.03174188074431439,0.0008025633812543911,2.9223739417893618e-05,1.4422408169061107e-07
2025-05-14,0.0001795063456888,0.00012260498427732269,0.00943654268799606,0.0006993084064426688,1.0832259789739202e-05,1.8995028354450184e-07
2025-05-15,0.1002989630737378,0.12179547366309192,0.06369861679325427,0.8692339971662589,0.0028471885925499324,6.233194885963606e-05
2025-05-16,0.0961663695061969,0.10731976867623197,0.06592905088432675,0.9334330860349966,0.003421474485763288,0.0002094219097226557
2025-05-19,0.1250532909470815,0.15444857175479282,0.07002406959856758,0.8425983373599845,0.0031124008934941614,2.9228269663054814e-05
2025-05-20,0.0001386494622052,0.00024214729930049263,0.008166929166513738,0.0008833865657835016,3.5730791064539915e-05,2.5541411026159307e-05
2025-05-21,5.816236285192434e-05,0.00010151548894174165,0.006582148941851365,6.589676987816871e-05,5.976002966067051e-06,2.106282067945874e-07
2025-05-22,0.0001264832052225,8.265108807678296e-05,0.008165248168385611,0.0008606703495803579,2.8195137859652913e-05,2.1163234352250212e-05
2025-05-23,0.1154177993704222,0.107279134477507,0.10756855938021892,0.9248921493223483,0.007454885495522452,0.006763131951071191
2025-05-26,0.2020038868834679,0.20061031200468493,0.21708228908224592,0.9851607535489353,0.020925594535489554,0.07965730521693729
2025-05-27,0.2077447279379237,0.25100480297958205,0.11324076456938471,0.8583037430475027,0.003576506806458965,1.5674596328983202e-05
2025-05-28,0.0001608674810419,0.000280907175701949,0.007000196098954686,0.0005316663943791565,1.764626804271792e-05,1.855024305039546e-06
2025-05-29,7.597745963190225e-05,0.0001327056058358487,0.008600771751381072,6.484879522071003e-05,5.306665465344346e-06,6.838961938892955e-08
2025-05-30,6.339129028136839e-05,0.00011071639604222251,0.007110674355769752,6.165558084695864e-05,5.515541391308759e-06,1.425959121340789e-07
2025-06-02,7.068715609489059e-05,0.00012342911912174633,0.008015462973880214,6.306866923455967e-05,5.319141919313721e-06,9.042358906400653e-08
2025-06-03,0.0001008889754796,0.0001762270457479896,0.01171775017122929,7.441458707135402e-05,5.106770547076785e-06,2.9148064953756397e-08
2025-06-04,5.443173186998233e-05,9.507709821622564e-05,0.006163069918232222,6.42733126137042e-05,6.178541266855425e-06,3.435310089482116e-07
2025-06-05,5.894990342290706e-05,0.00010294125743070107,0.006569232760308981,6.481553584476889e-05,5.706098293717268e-06,2.1688278857711745e-07
2025-06-06,9.329116256888778e-05,0.0001628077684071479,0.010817234325816332,7.428918318780579e-05,4.7941455219889625e-06,3.753816124685028e-08
2025-06-09,0.0001681022263983,0.0002936365702969931,0.020741207804692092,0.00010232398101928694,5.021608845343607e-06,9.277639057075875e-09
2025-06-10,4.583485109576884e-05,8.003972126156988e-05,0.006172177959175722,7.803617132720359e-05,1.0933450411652501e-05,4.910722618752836e-06
2025-06-11,9.245188422295508e-05,0.00016148229732613537,0.010467022476024638,7.278031277993539e-05,4.959857104355433e-06,3.788544799288998e-08
2025-06-12,6.107417579210378e-05,0.00010664856685433883,0.007100569062548147,6.379494880596029e-05,5.634470776758382e-06,1.7425344984653143e-07
2025-06-13,9.432105019260302e-05,0.00016476501126073875,0.02252175475120526,0.0003146827813039314,6.936005408678674e-05,0.0009198218295488356
2025-07-02,4.52304486656431e-05,7.90115883060347e-05,0.005796053339748382,6.943973657220692e-05,9.140628993910302e-06,2.7918178258782324e-06
2025-07-03,4.707789257410414e-05,8.223107522782068e-05,0.0065641394098353446,8.927454750989941e-05,1.4059097198458631e-05,1.2238522485245773e-05
2025-07-04,6.021649448797575e-05,0.00010516758782890281,0.006670447970325644,6.192501250363642e-05,5.452774926326169e-06,1.8809812217187385e-07
2025-07-07,7.562513829910145e-05,0.00013209045516397123,0.008416600109446438,6.507308802037172e-05,4.982072192182696e-06,7.27711304233443e-08
2025-07-08,6.336219577087832e-05,0.0001106810529220538,0.007016127166136763,6.30978919486903e-05,5.211454484800013e-06,1.4831878788081917e-07
2025-07-09,5.159437008050129e-05,9.006818922629082e-05,0.008005738097755826,0.0001127252222661587,1.9602606729048214e-05,3.3592313864790264e-05
2025-07-10,0.0001030729783834,7.792774014667922e-05,0.0064080290845092355,0.0004055419816462659,2.228732880804304e-05,1.0315682794097512e-05
2025-07-11,0.0679758896419339,0.08525102416989215,0.0492452577208932,0.47699234621442393,0.003931285937670357,0.0004906568757074553
2025-07-14,0.0001586502375511,0.0002770693607534653,0.008360987774310982,0.0003117521909658423,1.2994600394926954e-05,1.776989218201477e-07
2025-07-15,3.423772533444679e-05,3.254991783459547e-05,0.004658658271826767,5.751238767028526e-05,1.898358359109964e-05,8.375335743885386e-07
2025-07-16,0.0061046654603516,0.007791172907135316,0.02470528069866097,0.05795473222874097,0.004626249793481069,7.814538060305769e-05
2025-07-17,2.5930751362874527e-06,4.53164164826686e-06,0.003892350349527131,7.262696174706166e-05,9.025323491602646e-05,0.0012803913223580522
2025-07-18,2.9704763958731537e-08,5.1917665957360336e-08,0.000508934274401576,7.0696332450908284e-06,3.5217946514565093e-06,6.887369411900324e-07
2025-07-21,4.8970212856934615e-11,4.7762283486845775e-11,4.875982342949433e-05,8.271893538609081e-06,9.455970340743117e-07,1.4175581773857818e-06
2025-07-22,7.147718195753507e-08,9.137250675468579e-08,0.0002563540966066251,0.005568994653356644,0.001031574873219399,3.759023585972326e-05
2025-07-23,3.848675613438005e-12,6.727136663440307e-12,2.2496686023733842e-05,9.317857016474584e-06,7.313268607527573e-07,5.6438456875745465e-05
2025-07-24,1.5635933793790784e-13,2.733062894324422e-13,7.809232267845391e-06,4.148643043365451e-06,1.0624663110519715e-07,6.1831030920518045e-06
2025-07-25,4.690878002559494e-13,8.199353794385329e-13,1.747482909563779e-05,5.0808358652323e-06,1.2616245908123166e-07,1.6237431017341756e-07
2025-07-28,1.628940333116854e-13,2.8472368095043953e-13,7.661254624445541e-06,3.823260214247402e-06,9.15273977225669e-08,1.4685499070619347e-06
2025-07-29,2.295573829805384e-13,2.2389054729709125e-13,7.873327010036419e-06,8.568551663336294e-06,2.2270142395118322e-07,2.6933172669927067e-05
2025-07-30,9.56027885056145e-10,1.2221405418499673e-09,5.7520128962593254e-05,0.007509055495434113,0.0005882819942881259,7.842645489500249e-06
2025-07-31,3.0866223567700137e-13,2.9981345863955696e-13,2.7389171125444288e-05,8.447840541463249e-05,1.3052650929867991e-06,0.00011156967212948723
2025-08-01,0.0009640601318652,0.0016710385140587657,1.0,0.9999999952960934,1.0,1.0
2025-08-04,3.137384795154096e-09,4.010651938489521e-09,0.00045015229776311174,0.04806603502935547,0.003234082806715749,0.0008054315363368236
2025-08-05,1.93596134938033e-12,3.383803436317067e-12,1.5962191863635098e-05,8.254228533811432e-06,3.52650745339813e-07,1.000407970451516e-06
2025-08-06,1.841695926692936e-12,1.7962435214389724e-12,1.4540548018533662e-05,7.250037925853729e-06,3.4477440130474616e-07,3.2139019037916498e-06
2025-08-07,4.723887264009021e-09,6.038758895815071e-09,0.00018835771795963987,0.015060770159178557,0.0017704736196356764,0.0014079743358286422
2025-08-08,3.509591463191331e-12,6.134415722404903e-12,1.778577720190939e-05,6.963749207437449e-06,4.4348637456714164e-07,1.9436092748634733e-06
2025-08-11,2.0391505002241318e-12,3.5642878673282766e-12,1.9755545515292762e-05,4.004118728762344e-06,2.0545429158224984e-07,7.62170904142948e-07
2025-08-12,1.5311816706162058e-12,2.676394452715265e-12,2.443567481090963e-05,4.9640057271806005e-06,1.848686612531277e-07,2.0368076121139855e-07
2025-08-13,6.188306614572581e-13,1.0816713232259552e-12,1.1766182005614507e-05,4.089928524221515e-06,1.4277477448810682e-07,1.4367686441616396e-06
2025-08-14,3.5209028864526213e-13,6.154297230885442e-13,9.919235346447423e-06,4.323337186633674e-06,1.3737439003755562e-07,5.253509336963584e-06
2025-08-15,7.922241963164688e-13,1.3847498477632251e-12,1.8009799122347057e-05,4.991369163503171e-06,1.4410045708981918e-07,2.0303250959407128e-07
2025-08-18,6.893565310972369e-13,1.2049448346116655e-12,1.2196979328348393e-05,4.31265414472963e-06,1.6751755352672609e-07,4.31251990062222e-06
2025-08-19,6.174937794930052e-13,1.0793372301964578e-12,1.568823527422729e-05,6.306452768716084e-06,2.3316563823836153e-07,3.702335524256702e-05
2025-08-20,2.10469861607925e-13,3.678821625742488e-13,8.568311100533576e-06,3.979561331977833e-06,9.584472492658974e-08,8.686880197229192e-07
2025-08-21,3.941560787666565e-13,3.84425747651372e-13,1.0324418689967348e-05,8.166451227867207e-06,1.8882007394270272e-07,6.63311177970174e-07
2025-08-22,4.693642094882651e-10,6.000065408302669e-10,3.762336879447626e-05,0.005756701703661295,0.0004954974893953669,8.461363625568655e-05
2025-08-25,2.555391256009426e-13,4.4666239335987605e-13,7.102380764650174e-06,6.37178900242827e-06,1.937716392268034e-07,3.6178268616531478e-06
2025-08-26,2.9848604619634416e-13,5.217328787815848e-13,1.3723345463647247e-05,6.33650042773302e-06,1.934000915001406e-07,5.352512431613758e-05
2025-08-27,3.9221160917503724e-13,6.855585457964369e-13,1.0277345342906329e-05,4.079526763798095e-06,1.387237916492887e-07,4.407944826917383e-06
2025-08-28,3.778840810777605e-13,6.605145591827065e-13,1.0620053553466464e-05,3.868542205606864e-06,1.1804466741420806e-07,9.52893821356091e-07
2025-08-29,5.057797974593089e-13,8.84050150778403e-13,1.263422321236156e-05,4.8385340782031664e-06,1.8224230610203134e-07,1.5103705170762318e-05
2025-09-01,9.192954667274456e-13,8.966046089351871e-13,1.924846732777888e-05,9.368987112540601e-06,2.666828679129674e-07,1.6185066000728313e-06
2025-09-02,5.950290791393221e-09,7.606497917519123e-09,0.22667599350898954,0.07227230379597176,0.014832611353543015,0.010028185798973032
2025-09-03,5.336869267008321e-13,9.328410069794805e-13,1.5680762757614217e-05,1.0032087875103793e-05,3.1353839843829026e-07,1.7890440751518558e-05
2025-09-04,1.7713068336240238e-13,3.0961132429174017e-13,8.496009475040913e-06,4.449265622236611e-06,1.1849684368017941e-07,9.630349827848856e-06
2025-09-05,1.7851713078667218e-12,3.120171172374514e-12,1.9551192266205682e-05,3.445101781757671e-06,2.598818169309249e-07,1.1891709635350216e-05
2025-09-08,3.530164120103533e-08,6.169864351153445e-08,0.0007536981786496205,1.5133468332990475e-06,9.496828595708218e-06,0.00013823614026960168
2025-09-09,1.087159132527993e-07,1.900019932539833e-07,0.0011863902269923566,1.4426413600466807e-06,1.1392401925605903e-05,1.0721892773062439e-05
2025-09-10,3.795264219974032e-07,6.632463658956099e-07,0.0015507209278001906,1.0093627425915208e-06,1.9459786796200055e-05,9.529572832332121e-05
2025-09-11,1.8752880847882896e-06,3.2769393361256064e-06,0.002518349419310013,8.018822023066164e-07,3.146944239833245e-05,6.177984672937632e-05
2025-09-12,4.4854776455233696e-06,7.838051563937478e-06,0.0038469769050674093,8.509386084105461e-07,4.258348553846201e-05,2.6615776312677216e-05
2025-09-15,3.4036960335056105e-06,5.94584255437597e-06,0.0035045484754618623,7.287178110500132e-07,3.819329556384451e-05,5.7612363148212046e-05
2025-09-16,5.370644187399908e-05,9.379100553657602e-05,0.06455816625610543,4.900348426795324e-06,0.0003859927293569153,0.016501088553714616
2025-09-17,1.7752641424282394e-05,1.709699226782381e-05,0.004633795547429741,1.1890617695524833e-06,0.00010149610707021494,6.567662309994294e-05
2025-09-18,0.0030638403477915,0.00391376422016566,0.014239639361623287,0.00019106372608156772,0.011025626917195384,0.01047310523958677
2025-09-19,2.3216536953562057e-05,4.05535297007666e-05,0.005238446723100157,1.3356659923631032e-06,0.00012577313165146073,3.290608196279868e-05
2025-09-22,9.471584542193911e-06,1.654875137570791e-05,0.003762624004857379,6.259286485894275e-07,4.873681330031851e-05,3.009886565247583e-05
2025-09-23,1.0494302240146029e-05,1.833533503154222e-05,0.005097387180031702,6.36408234773969e-07,6.643208294301436e-05,0.00028620142843399887
2025-09-24,8.410351896922337e-06,1.4694171102180823e-05,0.003416679943843575,5.280928422870967e-07,4.83832262745161e-05,4.4025080786367585e-05
2025-09-25,7.088075157363291e-06,1.2379652730920253e-05,0.003064552653453417,4.518172959790429e-07,4.652090125203079e-05,7.940234410307478e-05
2025-09-26,1.6388961385073787e-05,1.5672938125272474e-05,0.004525714617796049,9.898563411669605e-07,0.00012206125087506319,0.0004517800012366204
2025-09-29,0.0047204759004893,0.006029182032735093,0.023077211275380677,0.0003662779074088622,0.01609599550964857,0.004379870386186401
2025-09-30,2.5477169804583223e-05,2.451023982209345e-05,0.003206409899438176,1.3179680666185538e-06,0.00021015279605563286,0.0001922080226617641
2025-10-01,0.0034462181498167,0.004401998996693218,0.015199334181991755,0.00015566336429783775,0.014317030354434412,0.03277988560930603
2025-10-02,1.3023872805347989e-05,2.274935863389853e-05,0.0028479663372390353,7.413613216650305e-07,9.578245762728777e-05,8.714265918710295e-05
2025-10-03,5.0581793183594815e-06,8.837275712199826e-06,0.002285699413389969,4.3824872077405027e-07,3.669282706561405e-05,3.9560901932456015e-05
2025-10-06,2.441161297003939e-06,4.2650146086347295e-06,0.0015773138071959768,3.8933612026530054e-07,2.7155253901773426e-05,3.4446929106705575e-05
2025-10-07,2.4354425524427503e-06,4.255128845026196e-06,0.0015633075132196685,3.87606473574235e-07,2.7078620368433315e-05,3.151777515126295e-05
2025-10-08,2.707458362323559e-06,4.728029184479278e-06,0.001783940479992981,4.1246054638718924e-07,2.9487734449922992e-05,5.321365121649433e-05
2025-10-09,5.371156299695373e-06,5.186441510802645e-06,0.0017892852906791325,7.004593597742415e-07,6.183664383040625e-05,6.701946549902395e-05
2025-10-10,0.0024503168127819,0.0031308941749325497,0.014101864192917148,0.00018815450909681343,0.017477157124971394,0.04495324197061706
2025-10-13,5.284806813293879e-06,9.230954886680226e-06,0.0017049646919903847,6.465977334035166e-07,6.351250517767494e-05,6.265079784353946e-05
2025-10-14,2.127690565211748e-06,3.7168806454275385e-06,0.0014844745449727392,4.528110188412663e-07,2.464438908890805e-05,1.5687535813783524e-05
2025-10-15,3.7941762361949855e-06,3.79417623619488e-06,0.0021420025427829337,7.201729653972852e-07,4.161941236442609e-05,6.271869931131028e-05
