date,EMFI,VolStress_std,TailVolBreadth_std,AvgCorr60_std,tci_w100_std
2017-05-19,0.018572475220970067,0.3377698738185208,0.3357285139717839,-0.43189606214894616,-0.18285636023236898
2017-05-22,-0.6091178640583337,-0.5432220232189964,-0.03299751019379929,-0.4423939000411453,-0.15528105837806488
2017-05-23,-0.5017712970636423,-0.29886762646560483,-0.03299751019379929,-0.462269707268288,-0.18032020462761367
2017-05-24,-0.7713722899762473,-0.5204486588989651,-0.03299751019379929,-0.7166520295972748,-0.22162111543261367
2017-05-25,-1.092699622365663,-0.7805159272491471,-0.40172353435938246,-0.7116638419130962,-0.25862220883470005
2017-05-26,-1.0021928856690354,-0.6208339622685936,-0.40172353435938246,-0.692995001356941,-0.2668626420539293
2017-05-29,-0.8512172822362157,-0.6340422568047812,-0.03299751019379929,-0.7169907933831479,-0.26049314086458514
2017-05-30,-0.9807443300632166,-0.5442959072019228,-0.40172353435938246,-0.7314639871836703,-0.2656843566095512
2017-05-31,-0.9458954840220377,-0.4525809372182422,-0.40172353435938246,-0.7575196952285034,-0.266688151757015
2017-06-01,-0.6869769442673999,-0.31218084614846486,-0.03299751019379929,-0.7199252056932229,-0.27155595229856555
2017-06-02,-0.929681399349449,-0.46993598855315405,-0.40172353435938246,-0.7156945112496346,-0.2588845399712802
2017-06-05,-0.9784453479605362,-0.6071752570421587,-0.40172353435938246,-0.6940523829509585,-0.2324594196205588
2017-06-06,-0.8266789573977089,-0.26729551052185835,-0.40172353435938246,-0.7464123593113319,-0.23655653140461017
2017-06-07,-1.0383519656367963,-0.6804374074827892,-0.40172353435938246,-0.7467378691187029,-0.2198144118348107
2017-06-08,-0.8830058270697027,-0.340598392921201,-0.40172353435938246,-0.7974716948107873,-0.21833039389593709
2017-06-09,-0.48493983395638873,-0.15116586043201427,0.3357285139717839,-0.8552911949673103,-0.23316113398732635
2017-06-12,-0.28235861366906634,0.20791623164982945,0.3357285139717839,-0.8480932188543904,-0.2173296776608016
2017-06-13,-0.9152120500164276,-0.34488554969094687,-0.40172353435938246,-0.8693090945595883,-0.20388804279006614
2017-06-14,-1.054162295802998,-0.5478658254406638,-0.40172353435938246,-0.9446449357275205,-0.18789809514280575
2017-06-15,-0.6419671177659412,-0.18002172070577796,-0.03299751019379929,-0.8855919978278717,-0.14992537651741059
2017-06-16,-0.9162207557629316,-0.3239473285738424,-0.40172353435938246,-0.8806874476041198,-0.21656843911615356
2017-06-19,-0.41526729505378634,0.22767588987156173,-0.03299751019379929,-0.8593516694811604,-0.15747556215685526
2017-06-20,-0.6286928253809768,-0.1902703453281796,-0.03299751019379929,-0.8485902310536759,-0.1506709900422146
2017-06-21,-0.9965884596818637,-0.5479437361134432,-0.40172353435938246,-0.8446360270168057,-0.17576780563594696
2017-06-22,-0.9485499855284374,-0.5028925017266344,-0.40172353435938246,-0.7987961682488169,-0.17493006781594297
2017-06-23,-0.7816518634276719,-0.5138093909268595,-0.03299751019379929,-0.7692148240018865,-0.1947186951691452
2017-06-26,-0.6833000173494743,-0.35692868945373235,-0.03299751019379929,-0.7228529316272354,-0.21297334134084564
2017-06-27,-0.604232740019105,-0.19136045576686322,-0.03299751019379929,-0.7255472648102117,-0.22837861773974097
2017-06-28,-0.9776658574438666,-0.5492696500090416,-0.40172353435938246,-0.7214930229691082,-0.26451494302975714
2017-06-29,0.8803791342888071,0.5457106333668877,2.1793586347996996,-0.6112911254915778,-0.16750977250511195
2017-06-30,-0.923204837654725,-0.5172533397296988,-0.40172353435938246,-0.6511477934715498,-0.26224145440064506
2017-07-03,0.3881246379696206,0.3546369583551346,1.4419065864685332,-0.6239608264394055,-0.2677239901697669
2017-07-04,-0.9511389502801606,-0.5689126346584152,-0.40172353435938246,-0.6591191414990796,-0.25484153470673865
2017-07-05,-0.6686520908385476,-0.3028381553725819,-0.03299751019379929,-0.6615331758144802,-0.3054603422682355
2017-07-06,-0.8996917141839186,-0.42559425474824414,-0.40172353435938246,-0.6615099973729135,-0.3024536207248705
2017-07-07,-0.9818818504252597,-0.6222592267702,-0.40172353435938246,-0.6580820292606204,-0.2606966323320335
2017-07-10,-0.8520209430208205,-0.36794118450167596,-0.40172353435938246,-0.6486549900293647,-0.28151019647942477
2017-07-11,-1.0007031758518419,-0.651150042122644,-0.40172353435938246,-0.6517873471482357,-0.27423410645800494
2017-07-12,0.805111831937191,0.4891449565711478,2.1793586347996996,-0.5848342065890539,-0.2863738717704675
2017-07-13,-0.8549224635245228,-0.4073921026562138,-0.40172353435938246,-0.575082861173077,-0.3216827855782726
2017-07-14,-1.0527489916087047,-0.8153904980434805,-0.40172353435938246,-0.5737802397746334,-0.2841899743972321
2017-07-17,-1.120271522300652,-0.6560817931215631,-0.40172353435938246,-0.8979470689602725,-0.2538440569376604
2017-07-18,-0.7080395961787023,-0.0019661831478089225,-0.03299751019379929,-0.8359997541408312,-0.5265344622860257
2017-07-19,-0.9170472699107152,-0.4038776681290855,-0.03299751019379929,-0.8128463312845301,-0.5409611750262159
2017-07-20,-0.9652283905059187,-0.40433248743008515,-0.03299751019379929,-0.9020330136848816,-0.5448252994754453
2017-07-21,-0.4555162797642951,0.16665957828969302,0.3357285139717839,-0.8306263549005604,-0.5410661733139055
2017-07-24,-0.9715767973363914,-0.47779448782813144,-0.03299751019379929,-0.8505681777026588,-0.5323510469556467
2017-07-25,-0.9330015470694859,-0.31467166541971264,-0.03299751019379929,-0.940147283396247,-0.5363449459483761
2017-07-26,-0.8342386127397727,-0.17971786735875298,-0.03299751019379929,-0.9094885254990427,-0.5138249972731485
2017-07-27,-1.149696030388817,-0.43047935775479557,-0.40172353435938246,-0.9395766947994368,-0.5123931941881992
2017-07-28,-0.7095980688127907,-0.18968136886125794,0.3357285139717839,-0.9835647817806571,-0.5119333443005459
2017-07-31,-1.2465834743001427,-0.5973527272744423,-0.40172353435938246,-0.9853215493664153,-0.48108175523242935
2017-08-01,-1.0493950873784295,-0.2373218981441297,-0.40172353435938246,-0.9824426646601266,-0.4726628240997155
2017-08-02,-1.2151349570938892,-0.4991124592615077,-0.40172353435938246,-0.9743999079678934,-0.5345279664745994
2017-08-03,-1.2522512435323547,-0.5749681400698025,-0.40172353435938246,-0.9568178447384015,-0.5463172863219767
2017-08-04,-1.0071607351584537,-0.13803491708923854,-0.40172353435938246,-0.9104541160426706,-0.5691179390835653
2017-08-07,-1.214178701838648,-0.5810350853841828,-0.40172353435938246,-0.8922678030235818,-0.5301778853490113
2017-08-08,-1.236381833162763,-0.672530789165198,-0.40172353435938246,-0.8599306530206108,-0.5104086128728642
2017-08-09,-0.8916924318999727,-0.025494448737716138,-0.40172353435938246,-0.873083646310291,-0.49575025232791103
2017-08-10,-0.7012705587594283,0.014571161101609878,-0.03299751019379929,-0.8663298829074728,-0.49900730413573113
2017-08-11,-0.12446463640307273,0.14141440414767809,1.07318056230295,-0.8585846397876724,-0.49167748378916193
2017-08-14,-0.3582837878014922,0.24809601994714114,0.3357285139717839,-0.7386461036494124,-0.5280539665676
2017-08-15,-1.0317508465012737,-0.6652197239558623,-0.03299751019379929,-0.723560751877704,-0.584903056275213
2017-08-16,-0.8470288523497544,-0.11134959094431374,-0.40172353435938246,-0.643689346184962,-0.552417116424034
2017-08-17,-0.8514199909268257,-0.14435833398402287,-0.40172353435938246,-0.6090837055428912,-0.5618924441947677
2017-08-18,-0.8460835484731688,-0.17588378390587076,-0.40172353435938246,-0.5396944174525081,-0.5895775969402636
2017-08-21,-1.0342104688965992,-0.569702299315007,-0.40172353435938246,-0.5329815355377381,-0.5533701575965818
2017-08-22,-0.3667007792585206,-0.026906729987624563,0.3357285139717839,-0.4645630090613872,-0.5352518958336315
2017-08-23,-1.0037661611491269,-0.62639318854928,-0.40172353435938246,-0.44104993521985175,-0.5267789511527374
2017-08-24,-0.7676838915178963,-0.4336162212750331,-0.03299751019379929,-0.44841167903153234,-0.587211536144601
2017-08-25,-1.0575950607786966,-0.6541718841555575,-0.40172353435938246,-0.4727314433297515,-0.5726465285206266
2017-08-28,-0.770563341689187,-0.39399761199629174,-0.03299751019379929,-0.49594526730406197,-0.5860512691250759
2017-08-29,-0.24801904794474658,0.3605121358453071,-0.03299751019379929,-0.3302944361779627,-0.5140025881105708
2017-08-30,-0.6973881868963748,-0.17923344894964735,-0.40172353435938246,-0.33398267158861783,-0.5000369670518109
2017-08-31,-0.4886365632628681,-0.08394185175896224,-0.03299751019379929,-0.30675757901791556,-0.5469680101900551
2017-09-01,-0.7155062554230452,-0.12639697983597079,-0.40172353435938246,-0.2879804389818703,-0.6414085221582729
2017-09-04,-0.8104807640531859,-0.3389249690390212,-0.40172353435938246,-0.23230214934237478,-0.6629147826509666
2017-09-05,-0.9865921598118933,-0.6836117353047692,-0.40172353435938246,-0.25658699448052724,-0.6229197688873774
2017-09-06,-0.9632212314888977,-0.6692817425043851,-0.40172353435938246,-0.2450915233208402,-0.6030884402609397
2017-09-07,-0.9281830233240338,-0.5503540004370746,-0.40172353435938246,-0.29882581509446704,-0.6040996421133923
2017-09-08,-1.2089953097242767,-0.735737586996438,-0.03299751019379929,-0.30404488539645,-1.3046761212896876
2017-09-11,-0.2107074210442034,0.42656771751220274,0.704454538137367,-0.3254957266426038,-1.1904233818248378
2017-09-12,-1.1500850993618168,-0.4175294209217366,-0.40172353435938246,-0.33926909617022577,-1.1530641935315684
2017-09-13,-1.267067372467341,-0.6523861051878235,-0.40172353435938246,-0.3392244963315697,-1.1370248075732752
2017-09-14,-0.858176330584357,-0.4638339335109559,0.3357285139717839,-0.37523352556190054,-1.1517795121167025
2017-09-15,-1.0226103740097272,-0.4505424256755046,-0.03299751019379929,-0.3298815953357251,-1.207700579130248
2017-09-18,-0.8509244421262748,-0.23017579898210194,-0.03299751019379929,-0.39404505888881425,-1.0307744575044795
2017-09-19,-1.3173887715623729,-0.7924812925725763,-0.40172353435938246,-0.37979789726267876,-1.0458020619787405
2017-09-20,-1.1522918926349366,-0.7400322844921359,-0.03299751019379929,-0.36156529121336384,-1.125509720080001
2017-09-21,-1.2937760963966682,-0.5514211334629544,-0.40172353435938246,-0.4753715693657101,-1.1575540518981358
2017-09-22,-1.4070012441353998,-0.7589803945528425,-0.40172353435938246,-0.46786974533587816,-1.1710417935487858
2017-09-25,-0.9812155685984365,-0.30680272785160057,-0.03299751019379929,-0.5220554873529623,-1.0781824623075682
2017-09-26,-1.158111747223816,-0.6620423630615112,-0.03299751019379929,-0.5210451594692531,-1.054805913491231
2017-09-27,-0.8797940782146749,-0.4076322681410949,0.3357285139717839,-0.5372794467583905,-1.086899484028989
2017-09-28,-0.9805725064414398,-0.3985365089732544,-0.03299751019379929,-0.5026061728305183,-0.9985571308333698
2017-09-29,-1.1261068373880585,-0.35827620438006164,-0.40172353435938246,-0.5129955766901914,-0.9871563225760399
2017-10-02,-1.119156239593156,-0.2850799252974375,-0.40172353435938246,-0.5670937952239695,-0.9953822658536043
2017-10-03,-1.3266389720974823,-0.6276954813389493,-0.40172353435938246,-0.5712242826058307,-1.0420162091827654
2017-10-04,-1.1532701522025945,-0.3338483085568032,-0.03299751019379929,-0.7175103067389565,-1.1929439817801908
2017-10-05,-1.2606397603966268,-0.2867098660633483,-0.03299751019379929,-0.7393639024589068,-1.437770290284042
2017-10-06,-1.4574888422943912,-0.37110684921020237,-0.40172353435938246,-0.7736880321020679,-1.371098172313559
2017-10-09,-1.63200520715668,-0.7351896899082697,-0.40172353435938246,-0.7663893093182934,-1.3399645437169245
2017-10-10,-1.607249785705732,-0.6708377251586055,-0.40172353435938246,-0.8205021043623055,-1.3026931164710898
2017-10-11,-1.4618726284189258,-0.38267273725006135,-0.40172353435938246,-0.8374344117509644,-1.3010524421701206
2017-10-12,-1.6357077607613477,-0.6994978769136172,-0.40172353435938246,-0.8047211245532196,-1.3458414441723632
2017-10-13,-1.6470111780380936,-0.6437931052598371,-0.40172353435938246,-0.8581985366561922,-1.3727955726206214
2017-10-16,-1.6762838017928345,-0.7700876189100215,-0.40172353435938246,-0.8474083696336573,-1.3074365654904718
2017-10-17,-1.6158318545476622,-0.7440495658951969,-0.40172353435938246,-0.7963723359034255,-1.2664975864835133
2017-10-18,-1.5667255359513517,-0.6794692464585576,-0.40172353435938246,-0.8045944464901804,-1.2281218853425553
2017-10-19,-1.3646597249491574,-0.3741364660575448,-0.40172353435938246,-0.726576603106304,-1.2294022635450628
2017-10-20,-1.5027275331607566,-0.5494962538314272,-0.40172353435938246,-0.7763107611474569,-1.2680150658221259
2017-10-23,-1.5187390091284567,-0.6515971039644323,-0.40172353435938246,-0.7719961660955994,-1.1951154171039828
2017-10-24,-1.0141672814880178,-0.2846665931189199,0.3357285139717839,-0.851326924738427,-1.1631135053264783
2017-10-25,-1.1790429195842649,-0.28855760418367354,-0.03299751019379929,-0.8828946798389063,-1.1212497477101775
2017-10-26,-0.13534050394640618,0.2068873321202204,1.8106326106341164,-0.9799869170223267,-1.1332415749599971
2017-10-27,-1.1838896491070274,-0.09411913545453873,-0.03299751019379929,-1.0520110228049648,-1.1637043778931708
2017-10-30,-1.3236135224622059,-0.35899910589822953,-0.03299751019379929,-1.0789824729650364,-1.1331717622416764
2017-10-31,-1.3581383520903494,-0.3599789617208059,-0.03299751019379929,-1.1113543123713636,-1.1681216359229036
2017-11-01,-1.514409662538497,-0.519748339732212,-0.03299751019379929,-1.1852189737877468,-1.2351118332069473
2017-11-02,-1.696209217494756,-0.43677323001648977,-0.40172353435938246,-1.2755844072480984,-1.2595069466548554
2017-11-03,-1.569945146975438,-0.3221199904303175,-0.03299751019379929,-1.4212272128182049,-1.3136627744816747
2017-11-06,-1.9834188585431891,-0.609445048335124,-0.40172353435938246,-1.5617469476836208,-1.3558217542195639
2017-11-07,-1.7744393415381903,-0.26994062467468116,-0.40172353435938246,-1.5172631128950251,-1.3448973339408041
2017-11-08,-1.9538802012132188,-0.5322704828833363,-0.40172353435938246,-1.6041494302151014,-1.3348797370428984
2017-11-09,-1.0890566597403308,0.07775128722251606,0.704454538137367,-1.5705760928294625,-1.2919116618560322
2017-11-10,-1.6511022736412122,-0.2849505530779947,-0.03299751019379929,-1.6186459661259585,-1.3117412067429375
2017-11-13,-1.5715205225867876,-0.20936862079941873,-0.03299751019379929,-1.5308716614897968,-1.3237140569080312
2017-11-14,-1.9748239205945324,-0.5470935945484813,-0.40172353435938246,-1.6424292867404187,-1.3213475979453135
2017-11-15,-1.7771199214159117,-0.26145864532966084,-0.40172353435938246,-1.5759061287352185,-1.2982815773949052
2017-11-16,-1.399923748429204,-0.1861177846272737,0.3357285139717839,-1.5764128780181828,-1.292403218982513
2017-11-17,-1.842169514645832,-0.2014820396590575,-0.40172353435938246,-1.6111138335873665,-1.457474056607389
2017-11-20,-2.015291718528748,-0.5908000644400268,-0.40172353435938246,-1.5660477975920764,-1.4357791332640535
2017-11-21,-2.0447420362670994,-0.43348254712972306,-0.40172353435938246,-1.7442828562466117,-1.478535576532193
2017-11-22,-2.129838272995839,-0.5637500263240938,-0.40172353435938246,-1.7875408356063247,-1.4653412258644258
2017-11-23,-2.259640028895439,-0.7513588376561054,-0.40172353435938246,-1.8058240992131964,-1.506880567698705
2017-11-24,-2.2621609227247332,-0.7261295265614984,-0.40172353435938246,-1.8669231698096875,-1.475383194758123
2017-11-27,-2.1261917281099993,-0.39756315616898424,-0.40172353435938246,-1.91021279664181,-1.5086960880643336
2017-11-28,-2.0126513788505043,-0.365283257522242,-0.03299751019379929,-1.8783097615880338,-1.6851499068469442
2017-11-29,-1.956295472055756,-0.24587226072135618,-0.03299751019379929,-1.9105076512925179,-1.6660643263507846
2017-11-30,-2.287923583765895,-0.5641488489616345,-0.40172353435938246,-1.885045781862225,-1.6826567798290508
2017-12-04,-1.2056845930241225,0.15340464287109926,1.07318056230295,-1.8397113872241744,-1.6661464049958332
2017-12-05,-2.3525716235877345,-0.5696875349424055,-0.40172353435938246,-2.029988591625714,-1.6561889581591032
2017-12-06,-2.3640705495481997,-0.6110202054589517,-0.40172353435938246,-2.010398123610865,-1.6554213177637764
2017-12-07,-2.145464924385605,-0.5194001522556307,-0.03299751019379929,-2.006019742105291,-1.6546722289237363
2017-12-08,-2.1570314718897476,-0.21863965401655677,-0.40172353435938246,-1.9651582586442813,-1.7060436292003107
2017-12-11,-2.110434575825019,-0.38992124653048843,-0.03299751019379929,-2.033330774724261,-1.6945935679888762
2017-12-12,-2.2782222285110088,-0.4178448392737942,-0.40172353435938246,-1.982540392409425,-1.718658620985492
2017-12-13,-2.24209584490701,-0.36992483377105995,-0.40172353435938246,-1.9838620010337256,-1.6957962099355837
2017-12-14,-1.9775435868021556,-0.12486255988096355,-0.03299751019379929,-2.0013799602272195,-1.7443165386197488
2017-12-15,-2.4361423753804794,-0.6187131184541151,-0.40172353435938246,-2.011665281872845,-1.79145421605958
2017-12-18,-1.0979511167327938,0.6513398713184758,0.704454538137367,-1.8432822491586802,-1.642084095618531
2017-12-19,-2.2088583186287547,-0.6925096397736281,-0.03299751019379929,-1.8540866663924425,-1.7551083022013712
2017-12-20,-2.265374294130523,-0.4627495209783742,-0.40172353435938246,-1.846511634845587,-1.7862725753726376
2017-12-21,-1.9976319177039426,-0.35437645676640805,-0.03299751019379929,-1.8074348762567902,-1.740430617289518
2017-12-22,-2.32908176236839,-0.6297491935000702,-0.40172353435938246,-1.8495032765169133,-1.7323646236013734
2017-12-25,-2.604076852401354,-1.1863379041836954,-0.40172353435938246,-1.8473586312855026,-1.6919485656867215
2017-12-26,-2.558179779304663,-1.1863379041836954,-0.40172353435938246,-1.8292474618960999,-1.6180972628260684
2017-12-27,-2.300884031105956,-0.6521869502527932,-0.40172353435938246,-1.8361614067927834,-1.6651834635469773
2017-12-28,-2.2628931715138982,-0.6001430767831158,-0.40172353435938246,-1.8428464676130016,-1.6373939645733733
2017-12-29,-2.1973445546255173,-0.42543802662565516,-0.40172353435938246,-1.8532310272244863,-1.6819165889865102
2018-01-01,-2.6245440000171056,-1.1863379041836954,-0.40172353435938246,-1.8207686249594393,-1.761029570925481
2018-01-02,-1.9326194234241358,-0.5075246813184188,0.3357285139717839,-1.8301246573756096,-1.7586898404940212
2018-01-03,-1.8984734767105431,-0.24344552147068343,-0.03299751019379929,-1.7495324846523803,-1.7196968765221419
2018-01-04,0.1028798584722927,0.7734843949792276,2.5480846589652826,-1.475130598657292,-1.4204523920137624
2018-01-05,-1.8765625216202795,-0.30066871444879956,-0.40172353435938246,-1.4369018577384607,-1.602006188646163
2018-01-08,-2.0077739006802044,-0.5522377102729071,-0.40172353435938246,-1.4284503530033674,-1.6055189768738745
2018-01-09,-1.9689849478736348,-0.44956264667089824,-0.40172353435938246,-1.438010987944982,-1.6275429648942994
2018-01-10,-1.7882081764775148,-0.3818227927218558,-0.03299751019379929,-1.4762641805780838,-1.6331053405015092
2018-01-11,-1.8686074211660468,-0.46272886571335303,-0.03299751019379929,-1.499938692214041,-1.6839006462341042
2018-01-12,-2.085095336103749,-0.5667572830549581,-0.40172353435938246,-1.5252540875447589,-1.6452009585274645
2018-01-15,-2.173541277075885,-0.8022902366528665,-0.40172353435938246,-1.5081124480301056,-1.588603806875746
2018-01-16,-2.15155060374883,-0.6919786318950819,-0.40172353435938246,-1.5072806177227533,-1.6636145880798074
2018-01-17,-2.027695740641475,-0.4931527822428676,-0.40172353435938246,-1.4662859032666,-1.669830706909448
2018-01-18,-2.131883870862626,-0.669343444407847,-0.40172353435938246,-1.4650202009055748,-1.6922749749549848
2018-01-19,-1.904178512019385,-0.34197807629055454,-0.40172353435938246,-1.3698053700014574,-1.6833650852803959
2018-01-22,-1.397080291668581,-0.10822171457152346,0.3357285139717839,-1.3082144672891396,-1.650051249386184
2018-01-23,-1.9138223873979974,-0.46426907176530274,-0.40172353435938246,-1.2672972854920128,-1.678286950277346
2018-01-24,-1.535823362610309,-0.12881799797673274,-0.03299751019379929,-1.1880675308863091,-1.6956279007025261
2018-01-25,-1.158030701409788,-0.09931080958161377,0.704454538137367,-1.1329083078169775,-1.697321867972103
2018-01-26,-1.8914899392095226,-0.5210058307450197,-0.40172353435938246,-1.1066654986736162,-1.739673144594895
2018-01-29,-1.9719143247942172,-0.6590155489749916,-0.40172353435938246,-1.0544451755398105,-1.8082759087655915
2018-01-30,-0.9675294040162328,0.31641454713193506,0.3357285139717839,-0.9017248825425268,-1.6624430029017077
2018-01-31,-1.8180186318965488,-0.618647549276232,-0.40172353435938246,-0.9164337451397792,-1.6846270575388795
2018-02-01,-1.3230365742239012,-0.23541384781634409,0.3357285139717839,-0.9925144227494982,-1.6929150222091043
2018-02-02,0.09211643102317255,0.6349823350760241,2.1793586347996996,-0.927539651842575,-1.5264155051947954
2018-02-05,0.6974491697578651,0.786641412746014,2.916810683130866,-0.7696286490559177,-1.3068043104242453
2018-02-06,4.376941292967512,2.6981826012208208,5.866618876455531,0.17876583259750584,0.38083819985235356
2018-02-07,3.6751295625678004,1.8037515018487462,4.760440803958781,0.5207835756351014,0.5813146170015023
2018-02-08,3.0595681934811116,1.4255907888279962,4.022988755627615,0.6179303755781104,0.31854857559163746
2018-02-09,0.9994618259330941,0.5918666225784364,0.3357285139717839,0.7757390802419917,0.26667940013654573
2018-02-12,1.4005382300744316,0.48154114159468403,1.07318056230295,0.8611496189013907,0.43079583669733573
2018-02-13,0.2659640825954335,-0.4129655321585553,-0.40172353435938246,0.8419688081352039,0.47147988907972843
2018-02-14,0.5772551642841883,-0.10827203658026054,-0.03299751019379929,0.798151568132943,0.48072133741127177
2018-02-15,0.5199766438215594,-0.1981605133190081,-0.03299751019379929,0.8067151056738112,0.4526816879036196
2018-02-16,0.770884243898113,0.21351530195080992,-0.03299751019379929,0.8410212981096281,0.481357255986754
2018-02-19,0.23583230168241442,-0.4998208154446852,-0.40172353435938246,0.8588597820433548,0.4863473235468936
2018-02-20,0.25343118225124184,-0.4607518664239436,-0.40172353435938246,0.8449018584567104,0.4944648846739139
2018-02-21,0.2074835290792183,-0.5083217052996497,-0.40172353435938246,0.8127461990572803,0.4862899591899925
2018-02-22,0.18882758875727415,-0.5805050567083825,-0.40172353435938246,0.852336679675651,0.4849038541563554
2018-02-23,0.21324420269398914,-0.5395169047507467,-0.40172353435938246,0.8398549491594793,0.5031945920384526
2018-02-26,0.21584851590281895,-0.49577185244673466,-0.40172353435938246,0.8618492226771712,0.4384999034005043
2018-02-27,0.08935712927037534,-0.7517972442786853,-0.40172353435938246,0.8644190815162254,0.45544731617377815
2018-02-28,0.527513028306402,-0.201969906094981,-0.03299751019379929,0.8269065248987041,0.4509495975769851
2018-03-01,1.4162927764717774,0.45022280431774725,1.07318056230295,0.8687874089352927,0.48832892878656187
2018-03-02,3.35174024187012,1.25290885454182,4.391714779793198,0.9286201620230343,0.4326416930965374
2018-03-05,0.8907874346182778,0.08599790635777038,0.3357285139717839,0.9086248496681831,0.45230290204124973
2018-03-06,0.9353318399343525,-0.07441971246585952,0.704454538137367,0.8923196265761072,0.39384382516961247
2018-03-07,0.23097211370612172,-0.43612049727076196,-0.40172353435938246,0.9011888384738314,0.36391613776394566
2018-03-08,0.7952912638343528,0.2240107210176668,-0.03299751019379929,0.9166967401778386,0.4404808868052405
2018-03-09,0.24362915332069446,-0.5078902771235332,-0.40172353435938246,0.9284090075122517,0.43825339764018895
2018-03-12,0.2751426531908491,-0.454467656192387,-0.40172353435938246,0.9304289725556664,0.44239605572322455
2018-03-13,0.6460175050693349,-0.12474035462920757,-0.03299751019379929,0.9371767673342177,0.4923929186047524
2018-03-14,0.2368957178173225,-0.6123389135552888,-0.40172353435938246,0.933890250329103,0.531206806534178
2018-03-15,0.34225730360379886,-0.4284898054300795,-0.40172353435938246,0.9201475121168068,0.5608001582825117
2018-03-16,0.5238084914407505,-0.37016447843313977,-0.03299751019379929,0.9015269319612443,0.5464506813006247
2018-03-19,1.5482189230062111,0.5484394712019479,1.07318056230295,0.9164729654162922,0.5995912320549945
2018-03-20,0.562555101788028,-0.2858461797226112,-0.03299751019379929,0.8721131579520986,0.5647748746856925
2018-03-21,0.6224950975950628,-0.4418797015682461,0.3357285139717839,0.867664769725554,0.5203469398733647
2018-03-22,3.1284393633038086,1.1472991832410484,3.6542627314620324,0.976797604703262,0.7205422763583887
2018-03-23,1.0129805721102731,-0.000873586669477834,0.3357285139717839,0.9878346151228611,0.7099829647064668
2018-03-26,0.7580364257751063,-0.14560987125204905,-0.03299751019379929,0.9742156878615524,0.702541947198652
2018-03-27,1.1024649984722559,0.15304823439237683,0.3357285139717839,1.0149942377580337,0.6970149427285667
2018-03-28,0.45497694140860306,-0.416751733091793,-0.40172353435938246,0.9743627333700957,0.7194040072725647
2018-03-29,0.4991589177725018,-0.21731663846316313,-0.40172353435938246,0.869387305865984,0.7037602131397375
2018-03-30,0.03611661528091395,-1.1535328970185643,-0.40172353435938246,0.8639899355886055,0.7801547429225366
2018-04-02,0.06910068500371283,-1.1332829076535131,-0.40172353435938246,0.8670872760302086,0.8218032761786283
2018-04-03,0.6992727213362031,-0.17419239064106526,-0.03299751019379929,0.8267587191201029,0.7682911792734991
2018-04-04,0.6298343481081515,-0.304760769145523,-0.03299751019379929,0.8461331187197307,0.7481369167546515
2018-04-05,4.6260810955329585,2.0304648586338594,5.497892852289948,1.064894424944166,1.0158764918273562
2018-04-06,0.7595531508991286,-0.4420513564550954,-0.03299751019379929,1.0452302947738668,0.9502079915439542
2018-04-09,0.683445672182278,-0.6055106822432192,-0.03299751019379929,1.0169605523095404,1.001614207019939
2018-04-10,0.9381072582609489,-0.08259060637174954,-0.03299751019379929,1.025253854004752,0.9454207000425054
2018-04-11,0.6552013393057865,-0.3257541865206388,-0.40172353435938246,1.0449274044608494,0.9525681874273733
2018-04-12,0.8597690751936327,0.06460219507904053,-0.40172353435938246,1.040071027741815,0.9513656240384905
2018-04-13,0.3708354270686195,-0.8176943672864831,-0.40172353435938246,1.0274209565729517,0.9250490998877462
2018-04-16,0.4849996441297487,-0.5793501899190016,-0.40172353435938246,1.0123039631613715,0.9152835459763649
2018-04-17,0.7149159335711704,-0.15455085049314712,-0.40172353435938246,1.0241375127189083,0.9108718508041456
2018-04-18,1.0286299542595214,-0.22633973027377122,0.3357285139717839,1.0553683197021637,0.9135412873569712
2018-04-19,0.47602304247887056,-0.6512605928031238,-0.40172353435938246,1.08010415131128,0.9037460754264279
2018-04-20,0.5783328528460312,-0.46757011128029163,-0.40172353435938246,1.0623419814148243,0.9315349478330125
2018-04-23,0.5517328334566347,-0.5315774102332761,-0.40172353435938246,1.06661250019047,0.9421384937317798
2018-04-24,0.5399751757293405,-0.5196958944524941,-0.40172353435938246,1.0296046539180292,0.94419962747422
2018-04-25,1.1832020565899983,0.09378432431045515,0.3357285139717839,1.0176245767185248,0.92110808877571
2018-04-26,1.2382324843877033,0.18976528201320828,0.3357285139717839,1.0337566402163392,0.9123053670467461
2018-04-27,0.7087537205061006,-0.44693196390077355,-0.03299751019379929,1.0022106340747061,0.8976706618098874
2018-04-30,0.4305435141482358,-0.6402778670595227,-0.40172353435938246,0.980190001441426,0.9042321067110713
2018-05-01,-0.06040271723337404,-1.1642677538386517,-0.40172353435938246,0.523966594976275,0.9512293073496976
2018-05-02,0.4149356009087885,-0.2546165099656591,-0.03299751019379929,0.2171653147643006,0.9158756732855239
2018-05-03,0.6514784754013998,-0.018426060545073956,0.3357285139717839,0.09028563537027572,0.9343338113652806
2018-05-04,0.4466004844185441,0.10387698251113506,-0.03299751019379929,-0.10852845887445807,0.934117284068146
2018-05-07,0.09127503283183788,-0.13795035725058424,-0.40172353435938246,-0.21522700254088953,0.925275606159032
2018-05-08,0.16235677976147805,-0.27979088726752294,-0.03299751019379929,-0.2395149315163856,0.9087910798638696
2018-05-09,0.29725074406027363,-0.3188989022876857,0.3357285139717839,-0.252700848803981,0.8992353701953671
2018-05-10,-0.22072582790452427,-0.6566501326962295,-0.40172353435938246,-0.2569290939457449,0.8959134160887026
2018-05-11,0.05970737020949418,-0.2692951542061279,-0.03299751019379929,-0.3376250821037516,0.7924058663370788
2018-05-14,0.06206162029432044,-0.437270034058692,0.3357285139717839,-0.4030393197862766,0.7080315868209899
2018-05-15,0.16364693435966127,-0.21286728409598882,0.3357285139717839,-0.4163777608196368,0.6859813139509527
2018-05-16,-0.10626463334281055,-0.3635507805207118,-0.03299751019379929,-0.43060819589111476,0.6553285576547008
2018-05-17,0.010798195008991707,-0.1571997872297326,-0.03299751019379929,-0.42140741665148135,0.6604527799410082
2018-05-18,-0.21109529626982715,-0.20233436571961116,-0.40172353435938246,-0.41135865553709594,0.588048472418695
2018-05-21,-0.09339658840894244,-0.24743596267245593,-0.03299751019379929,-0.4593549473424149,0.5864899786313638
2018-05-22,-0.08295391493726911,-0.2014352507920123,-0.03299751019379929,-0.45887008969581033,0.5576370251188437
2018-05-23,0.6440736653325281,0.7199697691220418,0.3357285139717839,-0.29136180440854076,0.5236138939257448
2018-05-24,-0.16612999541289752,-0.09930681000593573,-0.40172353435938246,-0.3236562642606502,0.47670505460392376
2018-05-25,-0.17118222699341715,-0.25167064480298296,-0.03299751019379929,-0.4757925363162399,0.45101362274789764
2018-05-28,-0.06539449036640405,-0.3740578261306312,0.3357285139717839,-0.4442532966814527,0.42552965335588977
2018-05-29,1.5413887402720101,0.9310577657253756,2.1793586347996996,-0.31591648905463393,0.4458651219003309
2018-05-30,0.20352935789140447,0.07301736641680259,0.3357285139717839,-0.3737404879108403,0.4148020182042791
2018-05-31,-0.3851612876054105,-0.3879203432179833,-0.40172353435938246,-0.4121047462566975,0.43661069252810386
2018-06-01,0.375033013929623,0.3913037486615076,0.3357285139717839,-0.38199433430347574,0.42780463933267787
2018-06-04,0.05281338622159437,-0.19096707683943565,0.3357285139717839,-0.38726309854815677,0.40813847515350965
2018-06-05,0.14090517632008567,0.03636415594288176,0.3357285139717839,-0.4341835137816555,0.3906934720425333
2018-06-06,-0.4781105043355201,-0.47049490175651815,-0.40172353435938246,-0.4430122972651851,0.3697934258270579
2018-06-07,-0.5701347587718903,-0.6280184353836826,-0.40172353435938246,-0.44867239097933886,0.35908278120260095
2018-06-08,-0.2750541257710678,-0.41009486072282375,-0.03299751019379929,-0.4169326765759018,0.3500550536433321
2018-06-11,-0.08088812718603539,0.12297391636032293,-0.03299751019379929,-0.5396354399189223,0.2973140026431512
2018-06-12,-0.6455972824562598,-0.7016380926902077,-0.40172353435938246,-0.518970856341407,0.35904661895422907
2018-06-13,-0.6055202003019173,-0.6764837251883039,-0.40172353435938246,-0.4997354148345343,0.39292715430113334
2018-06-14,0.20261695801998159,0.1140185165714628,0.704454538137367,-0.7000602936949465,0.3712512707063408
2018-06-15,0.4853781457536724,0.45869808804319145,0.704454538137367,-0.6193889892943418,0.48795698252451075
2018-06-18,-0.0702185426153357,0.09174960052566836,-0.03299751019379929,-0.6261303526809883,0.44262762608504214
2018-06-19,-0.39990642279364,-0.14960100352326205,-0.40172353435938246,-0.6758932138770509,0.4257059390241323
2018-06-20,-0.5723408720675608,-0.5061897311957273,-0.40172353435938246,-0.6567126106789118,0.44060085457599885
2018-06-21,-0.16323380860788256,0.0630183835603092,-0.03299751019379929,-0.6176637071190487,0.27674251113763154
2018-06-22,0.13181669652431482,0.006703126929343733,0.704454538137367,-0.6181646742317164,0.2581567656783419
2018-06-25,1.5372579423970951,1.0098734312972668,3.285536707296449,-0.5573269312415852,-0.40917632476525945
2018-06-26,-0.8151456342012713,-0.6564593239463812,-0.03299751019379929,-0.5216379732502918,-0.3672148015006855
2018-06-27,-0.5818856040082179,-0.22709417692482736,-0.03299751019379929,-0.5067065734770333,-0.3730084939952161
2018-06-28,-0.43945042339805984,0.1347064385631568,0.3357285139717839,-0.873105678981792,-0.429962589869276
2018-06-29,-0.4441295026187955,0.12174056546217714,0.3357285139717839,-0.8253264573655427,-0.47530083481884416
2018-07-02,-0.5076649303070376,0.17653594525121552,-0.03299751019379929,-0.6949605639649928,-0.4606137815519358
2018-07-03,-0.8899853208963904,-0.18373324297081833,-0.40172353435938246,-0.7332393332613001,-0.46802800488312896
2018-07-04,-1.0155129628149704,-0.37136470217065287,-0.40172353435938246,-0.7796494355496106,-0.4715780362665522
2018-07-05,-0.9234451520487406,-0.14393053641696507,-0.40172353435938246,-0.8066623873335448,-0.5018583112705248
2018-07-06,-1.121217863792351,-0.536112500242581,-0.40172353435938246,-0.8094368017607071,-0.47700689091506515
2018-07-09,-0.9944640943614755,-0.28478379729480546,-0.40172353435938246,-0.7928142526387633,-0.5083882708763952
2018-07-10,-1.0047671580374935,-0.30589274992531823,-0.40172353435938246,-0.7843415013642931,-0.5153503660014499
2018-07-11,-0.055845907214859034,0.46585067578311806,0.704454538137367,-0.7409503866752253,-0.4865355235074804
2018-07-12,-0.9147648684465062,-0.19181337389067296,-0.40172353435938246,-0.749762998461783,-0.49218050476459985
2018-07-13,-0.9288981294286485,-0.5074692861222783,-0.03299751019379929,-0.7562582582044652,-0.5125600498872069
2018-07-16,-1.1192724317408276,-0.5268554036648013,-0.40172353435938246,-0.7657905395380191,-0.528538431425326
2018-07-17,-0.9036775922603622,-0.44006536120697803,-0.03299751019379929,-0.7611106816420512,-0.5289952147017755
2018-07-18,-0.9042045749012235,-0.41246199727988686,-0.03299751019379929,-0.7554743186695011,-0.5656087006072588
2018-07-19,-0.9491790055509046,-0.4305066735866826,-0.03299751019379929,-0.7790711950293694,-0.6124790043459326
2018-07-20,-1.106762041441271,-0.4183688692711159,-0.40172353435938246,-0.79527320489199,-0.5891324934205752
2018-07-23,-1.0115605189298982,-0.5388828297778591,-0.03299751019379929,-0.8104990607611379,-0.5892559874749298
2018-07-24,-0.8774747667210397,0.0023733707271079165,-0.40172353435938246,-0.7667459002078643,-0.6078613168361707
2018-07-25,-1.207455970912425,-0.5944270697498013,-0.40172353435938246,-0.76478878113696,-0.6351265279460117
2018-07-26,-0.7236247657437131,-0.00866090086420301,-0.03299751019379929,-0.7310280186240213,-0.6602867369692541
2018-07-27,-0.855994568667646,-0.30832262693676454,-0.03299751019379929,-0.689635381891708,-0.6487933004352578
2018-07-30,-1.1534815771848572,-0.6015328388207096,-0.40172353435938246,-0.679629970611562,-0.607229845834456
2018-07-31,-1.0109012642199735,-0.35133102186220333,-0.40172353435938246,-0.6739778527003256,-0.5939825547306848
2018-08-01,-1.0272050660415624,-0.3592214208622951,-0.40172353435938246,-0.6828075132966532,-0.6092363249605145
2018-08-02,-0.7276439365403896,0.16329789591339566,-0.40172353435938246,-0.6754296166808893,-0.5733235169021801
2018-08-03,-0.9132105475141996,-0.16065934287252004,-0.40172353435938246,-0.6186036921992291,-0.6592931224761832
2018-08-06,-1.1875779635855839,-0.7121066110004874,-0.40172353435938246,-0.5807225451441945,-0.6603993519208741
2018-08-07,-0.7940174148834248,-0.33462624858255763,-0.03299751019379929,-0.5309752805525357,-0.6607333333010457
2018-08-08,-1.2312867972673387,-0.6665450742554807,-0.40172353435938246,-0.5306485059392289,-0.8499037447617546
2018-08-09,-1.1616108184353995,-0.5894440818356902,-0.40172353435938246,-0.5514151255346381,-0.7703444454119681
2018-08-10,0.795416918296866,0.9442840370648022,1.8106326106341164,-0.3978294781367788,-0.6522977748734277
2018-08-13,-0.5773481532521358,-0.13223163545305183,-0.03299751019379929,-0.3383315675843677,-0.6413815211127046
2018-08-14,-1.0345523551049463,-0.6973674989835903,-0.40172353435938246,-0.34092806160781025,-0.6170927568413845
2018-08-15,0.35332477337987767,0.16385203908884632,1.8106326106341164,-0.45966888798061023,-0.6421741896049259
2018-08-16,-0.7381151542444386,0.1243073838042549,-0.40172353435938246,-0.4916020492414669,-0.7442535777074945
2018-08-17,-1.1668156746158138,-0.6292828645090184,-0.40172353435938246,-0.4739985211818973,-0.8187628642398047
2018-08-20,-0.8255287579691818,-0.34178562624057396,-0.03299751019379929,-0.4434563046092023,-0.8079668019729068
2018-08-21,-0.8213091275709976,-0.1743641482361815,-0.03299751019379929,-0.589882277563303,-0.8267215750984701
2018-08-22,-1.4239747109275294,-0.42634015650803825,-0.40172353435938246,-0.5580984327373875,-1.468814207144503
2018-08-23,-1.4790192203111188,-0.6448869327787737,-0.40172353435938246,-0.5305061637470302,-1.3738844565343997
2018-08-24,-1.5299299797560142,-0.6659336972654293,-0.40172353435938246,-0.5862230899144842,-1.3960294404589209
2018-08-27,-0.9860122332960322,-0.026989614076728546,-0.03299751019379929,-0.5267109362087515,-1.3837968890385328
2018-08-28,-1.376693499546458,-0.5016412639073115,-0.40172353435938246,-0.4852274931623172,-1.3683236550793048
2018-08-29,-1.408339878838932,-0.6092934312593651,-0.40172353435938246,-0.4759539745967419,-1.3262184810991533
2018-08-30,-1.3105510455649496,-0.37832116816193756,-0.40172353435938246,-0.449130745815719,-1.4048795538916767
2018-08-31,-1.0642328615031065,0.01772103847370226,-0.40172353435938246,-0.3941107760220998,-1.3902712381568643
2018-09-03,-1.3774704164704348,-0.6513063001538332,-0.40172353435938246,-0.3443536177480633,-1.3559101470897432
2018-09-04,-1.0097938907081139,0.0543555749313921,-0.40172353435938246,-0.35155473671193815,-1.364029630560185
2018-09-05,-0.4468209269629529,0.32281139433617156,0.3357285139717839,-0.26992239443127386,-1.2760162318539137
2018-09-06,-0.9889757263746679,-0.3172981008437255,-0.03299751019379929,-0.2776377423198528,-1.3374445633213896
2018-09-07,-1.3406931934750845,-0.5610560387170674,-0.40172353435938246,-0.3678262408989367,-1.354136632928059
2018-09-10,-0.8282417164334179,-0.19616291310638137,0.3357285139717839,-0.3649610023125874,-1.3897324499626411
2018-09-11,-1.1723610967164066,-0.48475860651286995,-0.03299751019379929,-0.40088212711190485,-1.3994620428623177
2018-09-12,-1.279227946589035,-0.37452525344887183,-0.40172353435938246,-0.420883702970309,-1.375124833172305
2018-09-13,-1.3876580150692157,-0.5928529785544209,-0.40172353435938246,-0.4352538904351894,-1.3445418901562405
2018-09-14,-1.3971304126361652,-0.5871497545058353,-0.40172353435938246,-0.452386169983261,-1.3519471842084991
2018-09-17,-1.499476119085522,-0.5976160662415937,-0.40172353435938246,-0.579636522847589,-1.4148005577000387
2018-09-18,-1.296284188419021,-0.30614562392630595,-0.40172353435938246,-0.523419317812071,-1.3761722575116913
2018-09-19,-1.4306005297666509,-0.5789850422041717,-0.40172353435938246,-0.5375716661017157,-1.339524756796619
2018-09-20,-1.3401875243462342,-0.29866809115944526,-0.40172353435938246,-0.6056759327386706,-1.3871458887187877
2018-09-21,-0.9882820724959183,-0.14570107665253082,0.3357285139717839,-0.70484860795215,-1.4129273539603413
2018-09-24,-1.3206563110118963,-0.31012297242243736,-0.03299751019379929,-0.8861022928420499,-1.3808584767246523
2018-09-25,-1.3222495536051455,-0.3334943228859015,-0.03299751019379929,-0.8879498561558159,-1.3570287889683978
2018-09-26,-1.6965198748368044,-0.767947539854178,-0.40172353435938246,-0.8575916431160322,-1.340006125453304
2018-09-27,-1.4951907298000013,-0.4358928606426505,-0.40172353435938246,-0.817871632408576,-1.3315642153966019
2018-09-28,-0.5173852754726095,0.5685854413934268,0.3357285139717839,-0.7498065108070393,-1.182387195770534
2018-10-01,-1.470269441715186,-0.5776947037988951,-0.40172353435938246,-0.7587295896413264,-1.190453906580805
2018-10-02,-1.3716094012508322,-0.39180260198485634,-0.40172353435938246,-0.7910958637347159,-1.1571777994496195
2018-10-03,-1.308741016819428,-0.09341149462487779,-0.40172353435938246,-0.9777412074182642,-1.1562745187644
2018-10-04,-1.1003910069266416,-0.0220650956010779,-0.03299751019379929,-0.9794877754872201,-1.148067928180903
2018-10-05,-0.8845143650804392,0.22258073694961014,-0.03299751019379929,-0.8834405753649989,-1.0750093167450014
2018-10-08,-0.23623063890792473,0.5641153266052437,0.704454538137367,-0.7141423387432299,-0.9845893671670487
2018-10-09,-1.1109095164702498,-0.2357130395900375,-0.03299751019379929,-0.7078724187101042,-1.2228904127733233
2018-10-10,1.4465477767993116,1.2067269976329036,3.285536707296449,-0.5119830194726228,-0.8513431592489007
2018-10-11,2.3042354170766286,1.5888154916205712,4.022988755627615,-0.1261487407982502,-0.6071987576027754
2018-10-12,-0.6048360478970067,-0.3834067490292282,-0.03299751019379929,-0.13495609679101384,-0.6389960025209139
2018-10-15,-0.8748121195919107,-0.5701002401112295,-0.40172353435938246,-0.11140644182728843,-0.6704659957795344
2018-10-16,1.3930503365204114,1.1556543175704481,2.1793586347996996,0.006582399799420282,-0.43156354612917464
2018-10-17,-0.6276262787943969,-0.290084402657186,-0.40172353435938246,-0.019528053735241545,-0.5678190993436831
2018-10-18,-0.11983727774977643,0.025262960490807337,0.3357285139717839,-0.021510602498727185,-0.5545228332694119
2018-10-19,-0.4706402195128623,-0.3411772624768791,-0.03299751019379929,-0.04902203894536458,-0.5028491691478377
2018-10-22,-0.4849847642812535,-0.39990965556113,-0.03299751019379929,-0.07088585202237237,-0.4459018306139384
2018-10-23,2.2590854602356902,1.2176273971132319,3.6542627314620324,0.08737014649128379,-0.18417156418519637
2018-10-24,-0.10664976790297881,-0.04048732176099204,-0.03299751019379929,0.0693270289151047,-0.21401978857688156
2018-10-25,0.043949588026979375,-0.0359109160017152,0.3357285139717839,0.026800784730577353,-0.2082052154523011
2018-10-26,0.005174304144801786,0.2802875601923661,-0.03299751019379929,-0.0685958353078406,-0.1890656022229632
2018-10-29,-0.18711811208781187,0.22683290507804157,-0.40172353435938246,-0.02963818195300128,-0.2228609964976596
2018-10-30,-0.5847805400620536,-0.4425082547397956,-0.40172353435938246,-0.08075359776083788,-0.25356193702459895
2018-10-31,1.0848278592097864,0.7373671572369941,1.8106326106341164,-0.02500877345448468,-0.23386918255388645
2018-11-01,-0.24276893555768464,-0.38583804025536056,0.3357285139717839,-0.046041918870579186,-0.3354293435955531
2018-11-02,-0.35882039463731485,-0.1799512140878541,-0.03299751019379929,-0.1652770998630971,-0.3289950345731289
2018-11-05,-0.7033744105338567,-0.5010679866167592,-0.40172353435938246,-0.20007987396319357,-0.3058113765540504
2018-11-06,-0.7369865971818164,-0.5580042408964676,-0.40172353435938246,-0.21025342785437526,-0.30191554861619285
2018-11-07,0.4480382241201146,0.6062951245653896,0.704454538137367,-0.12682768084696514,-0.2597580804659721
2018-11-08,-0.6492917712499655,-0.49969747735142844,-0.40172353435938246,-0.12613822627977964,-0.27511072774490314
2018-11-09,-0.5897093715518217,-0.3247079101803727,-0.40172353435938246,-0.1332302602865373,-0.3354273711304773
2018-11-12,-0.09650786404929672,0.0531585230564524,0.3357285139717839,-0.12208916543082331,-0.4324932319428208
2018-11-13,-0.6010408645663959,-0.21151408351486214,-0.40172353435938246,-0.1748294154787865,-0.4366203609259911
2018-11-14,-0.5306692525346569,-0.05375404805556194,-0.40172353435938246,-0.18862177148486678,-0.4496299654432968
2018-11-15,-0.3861912285072473,-0.0522233183869316,-0.03299751019379929,-0.21090310385474564,-0.4740200609462432
2018-11-16,-0.7963656854147843,-0.47380711148678906,-0.40172353435938246,-0.23833165713446783,-0.48311992827222583
2018-11-19,-0.5229960840580976,0.04507071314251021,-0.40172353435938246,-0.2631093473190084,-0.4626837308166182
2018-11-20,1.3354263177162085,1.3299209954528382,1.8106326106341164,-0.06608999691402355,-0.32163838562696606
2018-11-21,0.21072789060766473,0.6663909822865682,-0.03299751019379929,0.05071459110899175,-0.3131783114633312
2018-11-22,-0.34911374388786026,-0.04292062887107402,-0.40172353435938246,0.07270166630403907,-0.3669285594442012
2018-11-23,-0.5758445858668133,-0.4343253881249099,-0.40172353435938246,0.03153194390559978,-0.3613871040214826
2018-11-26,0.33624088976937905,0.3424833802492713,0.704454538137367,0.03685668573885508,-0.37275167070761656
2018-11-27,-0.6873033233616623,-0.5772116335735508,-0.40172353435938246,0.051861208856819364,-0.45419983241424783
2018-11-28,-0.7303802513786586,-0.6842763351382551,-0.40172353435938246,0.01519550158210069,-0.38791927090908457
2018-11-29,-0.07793708248149131,-0.10031905636355182,0.3357285139717839,0.06995222014438962,-0.4302432875638272
2018-11-30,-0.6743264788200065,-0.6154798749430358,-0.40172353435938246,0.06361619637799648,-0.3991017455538736
2018-12-03,1.384008286286051,1.098632843147765,1.8106326106341164,0.21882290249436265,-0.2719504604633144
2018-12-04,0.31488227712496564,0.33162552577651555,0.3357285139717839,0.20627169348800362,-0.24299100033716411
2018-12-05,-0.13777765056495359,0.1264742642846457,-0.40172353435938246,0.23686127837510326,-0.2931789825326027
2018-12-06,4.075720726783369,2.8100638634685446,4.760440803958781,0.5556596417917534,0.2726491159831669
2018-12-07,0.39282277664976706,0.048442578425028214,-0.03299751019379929,0.5333581698182597,0.21572444581655262
2018-12-10,1.7902133796782025,1.2450594379698388,1.4419065864685332,0.6413809559301288,0.2886859667957516
2018-12-11,0.6949864242743392,0.4635584739332454,-0.03299751019379929,0.6333314982432036,0.27579297960854976
2018-12-12,1.801368780478758,0.9498223341879756,1.8106326106341164,0.6750484866513555,0.255575038119636
2018-12-13,0.24663836866348296,-0.3717587700230461,-0.03299751019379929,0.6666087242707669,0.23309168749435522
2018-12-14,-0.0003492421089723863,-0.5596002726045792,-0.40172353435938246,0.6967071202379402,0.24247602205275262
2018-12-17,0.6288799839697,0.5479471759584084,-0.40172353435938246,0.7126804649708522,0.3066721171462804
2018-12-18,0.32419434841561373,-0.005552173669633,-0.40172353435938246,0.7031503524548258,0.2959503700763893
2018-12-19,1.0657667197055238,1.0044520416183795,0.3357285139717839,0.4346588035863711,0.3128118546295133
2018-12-20,2.3527604666405946,1.345851880397503,2.916810683130866,0.4979891630798912,0.11490361624932405
2018-12-21,0.32150524667399905,0.07691189106038859,-0.03299751019379929,0.5048009781493713,0.07080049423088418
2018-12-24,0.19394099235200207,-0.16206636593838233,-0.03299751019379929,0.4902995072764971,0.08505677443580022
2018-12-25,-0.4493462056085284,-1.1863379041836954,-0.40172353435938246,0.5062765955998445,0.20752596333746245
2018-12-26,-0.4003608257581114,-1.1863379041836954,-0.40172353435938246,0.5486751958860028,0.2622918170208967
2018-12-27,1.1973854397978356,0.8242212943814667,0.704454538137367,0.5725432007060622,0.29080716327945283
2018-12-28,1.5639790151313924,1.0929712311098065,1.07318056230295,0.652431431158006,0.3214329709880265
2018-12-31,0.17666211857185357,-0.5316361673631937,-0.03299751019379929,0.6082879013589533,0.3243714229891472
2019-01-01,-0.28684992496059186,-1.1863379041836954,-0.40172353435938246,0.633096262070857,0.4036150998798741
2019-01-02,0.5008110933223335,-0.23477573428961954,0.3357285139717839,0.5448796268164384,0.3884409449976727
2019-01-03,0.3152395951770211,-0.08093905718803747,-0.03299751019379929,0.389809348066073,0.3477242266266203
2019-01-04,3.984395257422946,2.5391798600741007,4.760440803958781,0.4998364453252272,0.43751102569684286
2019-01-07,0.10486703669701619,-0.31682589308269726,-0.40172353435938246,0.4912043742176997,0.4083915763103584
2019-01-08,0.3746060447625992,-0.06590278563371778,-0.03299751019379929,0.43262583542935523,0.4068668187542374
2019-01-09,0.26142558912296093,0.01579911385979133,-0.40172353435938246,0.44216606894692756,0.4183118186564706
2019-01-10,-0.12426837375194957,-0.7151977113106708,-0.40172353435938246,0.4357686833765892,0.4314392563170097
2019-01-11,0.1583547171546143,-0.5131861564965637,-0.03299751019379929,0.4496987474385159,0.43291565636479445
2019-01-14,0.38871344395663693,-0.07310677298548934,-0.03299751019379929,0.4818800852566275,0.3917556264262154
2019-01-15,0.25460414375961177,-0.23237863548394846,-0.03299751019379929,0.40014660060953305,0.3772148446073111
2019-01-16,0.1414714395551197,-0.16641769402668602,-0.40172353435938246,0.4403201104570053,0.3737340755312544
2019-01-17,-0.04519893271141691,-0.5456075938882374,-0.40172353435938246,0.4541009426490672,0.3897898760797561
2019-01-18,1.5474796556876678,0.8381724794590123,1.4419065864685332,0.5214061808175592,0.36070839338436156
2019-01-21,-0.020562112098270406,-0.5543468415100022,-0.40172353435938246,0.5020278756549594,0.39898805530919024
2019-01-22,0.09580749249575418,-0.35229416667568964,-0.40172353435938246,0.5016031210118845,0.41736887827134783
2019-01-23,0.20526843651278245,-0.4155105023715103,-0.03299751019379929,0.48183450513737935,0.38920350262364356
2019-01-24,0.13825511907945304,-0.49541808070802723,-0.03299751019379929,0.5060277132720765,0.3144680158092738
2019-01-25,0.2703732455764304,0.054484714298263036,-0.40172353435938246,0.5178395441583693,0.3158991272260962
2019-01-28,0.30036021244464195,0.08238931576371684,-0.40172353435938246,0.5346054566141965,0.32901104542344356
2019-01-29,0.060403214617732494,-0.37728547801498796,-0.40172353435938246,0.5378949386352474,0.3348541337341432
2019-01-30,0.22456416559876677,-0.33428440665942816,-0.03299751019379929,0.47908710686870704,0.3437443312227186
2019-01-31,0.15907873808207587,-0.38936906564016627,-0.03299751019379929,0.46714373876984183,0.283094366888543
2019-02-01,-0.000824956533443881,-0.37917163078243643,-0.40172353435938246,0.4694095375317009,0.28458053310383485
2019-02-04,0.11518648377444016,-0.443322907758094,-0.03299751019379929,0.44902936781620967,0.2712933299738799
2019-02-05,1.1096536583320789,0.7666179436646394,0.704454538137367,0.5013438145174951,0.24970372260660964
2019-02-06,0.013311187365763172,-0.3674871898735806,-0.40172353435938246,0.531609115076806,0.2357252392889297
2019-02-07,1.7988928859814481,1.0487946186912032,1.8106326106341164,0.5876584018725096,0.23531014343407103
2019-02-08,0.2302134858848126,0.0010478114344047024,-0.40172353435938246,0.5983561708031646,0.20823756833095738
2019-02-11,0.417718296120324,0.04442776293841108,-0.03299751019379929,0.5801986652298434,0.2214998144865175
2019-02-12,0.3126167092518403,-0.016329454676061925,-0.03299751019379929,0.471841219222735,0.18743646330414798
2019-02-13,0.2100295041895692,-0.13907703017948683,-0.03299751019379929,0.4025880357800092,0.1843126725871641
2019-02-14,0.1222591486552146,-0.27918063651596137,-0.03299751019379929,0.3801644638963503,0.18095207053400267
2019-02-15,1.0558178374174267,0.5125787785505365,1.07318056230295,0.40830630248714417,0.17311177140064501
2019-02-18,-0.14250286252508682,-0.46503368167675074,-0.40172353435938246,0.4266002428457898,0.13524956894707998
2019-02-19,-0.29376824263171747,-0.7812756377120205,-0.40172353435938246,0.4351110274292666,0.16067353193310854
2019-02-20,0.1938155060219134,-0.19039130171451168,-0.03299751019379929,0.4428271529990225,0.16475161744066
2019-02-21,-0.053106261870639056,-0.30777833815326644,-0.40172353435938246,0.40639020593520403,0.16791505463525572
2019-02-22,-0.2072939491767275,-0.624026690743129,-0.40172353435938246,0.42153805633859515,0.18052054215857888
2019-02-25,0.012804776805352455,-0.4537589391919661,-0.03299751019379929,0.34990574289646514,0.17900580458774665
2019-02-26,-0.28266570210200026,-0.7215923947013277,-0.40172353435938246,0.3900955407179861,0.1658912460678016
2019-02-27,-0.21211806845657138,-0.48448574305861725,-0.40172353435938246,0.38911952290286533,0.05458183624520067
2019-02-28,-0.17021981031119574,-0.3772159532922964,-0.03299751019379929,0.03149952552997908,0.05893582690322237
2019-03-01,-0.12911918809645898,-0.318664970374918,-0.03299751019379929,0.05046986290484531,0.05926216534858672
2019-03-04,-0.2786779416295539,-0.3837973769994126,-0.03299751019379929,-0.13591452423699585,0.021436441146597016
2019-03-05,-0.6021756181478802,-0.6828345938830943,-0.40172353435938246,-0.13843526294787264,0.02976957512209868
2019-03-06,-0.4941085807867061,-0.40425402717768827,-0.40172353435938246,-0.23664917509723732,0.05108200048480027
2019-03-07,-0.2987653278397976,-0.09558527522936976,-0.40172353435938246,-0.1756314032234794,0.05035922036922255
2019-03-08,-0.25909285199934406,-0.04517464541297918,-0.40172353435938246,-0.139000735742164,0.03813504818293518
2019-03-11,-0.407655160986079,-0.2711107364470326,-0.40172353435938246,-0.17158976052237673,0.014805384810254152
2019-03-12,-0.6158676294736458,-0.694554588865371,-0.40172353435938246,-0.160070408066941,0.0372623172012053
2019-03-13,-0.3443417823356191,-0.28767064755950306,-0.40172353435938246,-0.06217751550090386,0.046444224673539064
2019-03-14,-0.3776235498710067,-0.12750872752731476,-0.40172353435938246,-0.25238736646637944,0.005375296989437477
2019-03-15,-0.41897550100563974,-0.15091996638103455,-0.40172353435938246,-0.2833457858553599,-0.020730861504139386
2019-03-18,-0.4796871077056728,-0.3174619805508209,-0.40172353435938246,-0.21837053977976018,-0.032133408536418905
2019-03-19,-0.23154899282748193,-0.16129983322163674,-0.03299751019379929,-0.23693749910076964,-0.017164592785365404
2019-03-20,-0.1859545109535245,-0.033456630100512585,-0.03299751019379929,-0.22739688848511114,-0.07240918286020741
2019-03-21,-0.699582517470194,-0.5888674285865048,-0.40172353435938246,-0.3535417504458991,-0.0437514275487643
2019-03-22,1.3679107831872248,1.0645934267335715,2.1793586347996996,-0.3749167055282786,0.013328793448397788
2019-03-25,-0.6102704045219157,-0.5055430583054542,-0.40172353435938246,-0.3185248880740421,0.010626019991337301
2019-03-26,-0.5765436652221951,-0.42905730000925224,-0.40172353435938246,-0.3264824229151255,0.00485348478892965
2019-03-27,-0.7080329409566712,-0.7205347184081394,-0.40172353435938246,-0.29665192768601506,0.021384876874842324
2019-03-28,-0.6695441961806474,-0.6869010294225472,-0.40172353435938246,-0.25491567369089657,0.019479026558404104
2019-03-29,-0.21426134486569004,0.12384322398221165,-0.03299751019379929,-0.5775205120441725,0.06639887962047879
2019-04-01,0.5311254517416016,0.7329787331671186,0.704454538137367,-0.48696621847003874,0.14747833987490025
2019-04-02,-0.5915134706610059,-0.5016137804603283,-0.40172353435938246,-0.4696708484010911,0.20190728691194765
2019-04-03,0.029806623441176808,0.3057340563510336,-0.03299751019379929,-0.4294336368756584,0.2096118198355316
2019-04-04,-0.6321440060507928,-0.6634989534656951,-0.40172353435938246,-0.424405041634857,0.24662528619957452
2019-04-05,-0.5011981103854566,-0.3875906221047931,-0.40172353435938246,-0.45290136030150097,0.24434031841524978
2019-04-08,-0.6634334741378399,-0.5415477689598421,-0.40172353435938246,-0.5419311453646439,0.17486514573303874
2019-04-09,-0.5422803207349165,-0.32221390572272135,-0.40172353435938246,-0.5224056677118051,0.1635324672501441
2019-04-10,-0.6125623814786808,-0.4831088183401502,-0.40172353435938246,-0.512390746290181,0.184031640734766
2019-04-11,-0.6177189631421414,-0.49868095593154627,-0.40172353435938246,-0.5075227346507655,0.1852753479147896
2019-04-12,-0.5842526150950218,-0.3738781539647936,-0.40172353435938246,-0.6019603730568442,0.2172159304233353
2019-04-15,-0.7392048381821827,-0.6518680725028547,-0.40172353435938246,-0.6080137113806985,0.2092591751787436
2019-04-16,-0.7084278051930384,-0.6111112506331514,-0.40172353435938246,-0.5984192953985241,0.21763033035145662
2019-04-17,-0.6845853509707702,-0.6072868905068385,-0.40172353435938246,-0.5708420547804688,0.23293801577869874
2019-04-18,-0.6633912083707904,-0.598078148896852,-0.40172353435938246,-0.5620446934253019,0.25668944543136973
2019-04-19,-0.9086075949107342,-1.1139804268814326,-0.40172353435938246,-0.5234990914430648,0.27558291298805127
2019-04-22,-0.9146407808903066,-1.134501095953518,-0.40172353435938246,-0.5719964202145321,0.33602086554750893
2019-04-23,-0.5447780377850547,-0.4402431305935958,-0.40172353435938246,-0.5864157417611199,0.3521037177545027
2019-04-24,-0.5537034774476791,-0.2982531712565347,-0.40172353435938246,-0.5460827260148132,0.13938471867015378
2019-04-25,-0.5794098130617422,-0.3781094183901909,-0.40172353435938246,-0.5257408509400641,0.15207210621775988
2019-04-26,-0.8424838391958868,-0.8476027439577654,-0.40172353435938246,-0.5201548325634818,0.11936593726544349
2019-04-29,-0.7582182991309443,-0.7120487292827662,-0.40172353435938246,-0.513719433146156,0.13720690294018906
2019-04-30,-0.7462305961890411,-0.5216788909864509,-0.40172353435938246,-0.6348338818019522,0.08308676035249464
2019-05-01,-1.0188028472083495,-1.148848993681032,-0.40172353435938246,-0.6010410201324266,0.17126681481401976
2019-05-02,-0.5995433808290579,-0.2016083467257333,-0.40172353435938246,-0.7417338649563381,0.14689138224255419
2019-05-03,-0.946156303208789,-0.7398480363443993,-0.40172353435938246,-0.7930000027246057,0.07857106554506856
2019-05-06,0.06929482089314745,0.36376523544380324,0.3357285139717839,-0.5863021019007406,0.052692185560443014
2019-05-07,0.4660668664516297,0.7315418088774254,0.704454538137367,-0.5402323236000133,0.07311260873564501
2019-05-08,-0.6510518127813949,-0.4181177617145604,-0.40172353435938246,-0.5269948187485053,0.05163047062967971
2019-05-09,1.335643993056893,1.1614601694369904,1.8106326106341164,-0.3159869277733641,0.12046104912330557
2019-05-10,-0.5387656879576916,-0.3669465482982597,-0.40172353435938246,-0.38545239305978723,0.07591131124413344
2019-05-13,0.5130799005998006,0.8013297189284683,0.3357285139717839,-0.19519722689690497,0.07120651678864315
2019-05-14,-0.14659044049996345,0.3036058020611997,-0.40172353435938246,-0.2357679511686563,-0.00855857163142905
2019-05-15,-0.6140773931393553,-0.5290457157862973,-0.40172353435938246,-0.2517865322450029,-0.041393371561976075
2019-05-16,0.13832877882753136,0.45645182850306953,-0.03299751019379929,-0.11936734539156314,-0.05644382997180618
2019-05-17,-0.5864860774971646,-0.6206979005819235,-0.40172353435938246,-0.11324977858360105,-0.03158314868300527
2019-05-20,0.0672023803295541,0.31402063194034135,-0.03299751019379929,-0.09482003125962792,-0.07265121367323824
2019-05-21,-0.37211047422571797,-0.21381620464120257,-0.40172353435938246,-0.08845704116013993,-0.06164831943762356
2019-05-22,-0.5809253588624043,-0.6223215729900261,-0.40172353435938246,-0.1165527186212569,-0.015158106864960476
2019-05-23,1.39812608589966,0.9455163705875533,2.1793586347996996,-0.005112373850027459,-0.18323149913201872
2019-05-24,-0.38011726175021354,-0.20651948883471377,-0.40172353435938246,0.05521297671225102,-0.23548015690208005
2019-05-27,-0.24569510093017627,-0.19771460775285118,-0.03299751019379929,0.025145046580495073,-0.2798881966689415
2019-05-28,-0.26774372118966394,-0.21545393208335228,-0.03299751019379929,-0.020438498179016516,-0.2578379999615136
2019-05-29,0.22674996541536968,0.635885930802784,-0.03299751019379929,0.03563270987003819,-0.23228817877632785
2019-05-30,-0.008506743247953882,-0.008285047893452743,0.3357285139717839,-0.013167057066453462,-0.3022145189750765
2019-05-31,-0.18397857345072868,0.09761000675886464,-0.03299751019379929,-0.10076539746571166,-0.3413467486346819
2019-06-03,-0.6677962247431098,-0.5092265238773303,-0.40172353435938246,-0.13238136944748963,-0.29574663508201626
2019-06-04,-0.14448136625583063,0.23946385197786227,-0.03299751019379929,-0.2022671087056689,-0.30818315318272577
2019-06-05,-0.7233573370433105,-0.5200502048021431,-0.40172353435938246,-0.2017390189054261,-0.3240530911602739
2019-06-06,-0.8093989004188633,-0.5873190137239909,-0.40172353435938246,-0.23536314536189445,-0.390533009605212
2019-06-07,-0.44210265438100976,0.0978904391714676,-0.40172353435938246,-0.21487656263653068,-0.4063071923137064
2019-06-10,-0.48435605583574215,-0.32447556761973284,-0.03299751019379929,-0.20142938956017833,-0.38959423919419184
2019-06-11,-0.3662532017745821,-0.12306697579035926,-0.03299751019379929,-0.17351544656566031,-0.3965688823506086
2019-06-12,-0.5647347516985335,-0.19607521916756165,-0.40172353435938246,-0.14292128704671414,-0.4131301099397637
2019-06-13,-0.7288235166374097,-0.5263350097539823,-0.40172353435938246,-0.13702500755628838,-0.39582190132826933
2019-06-14,-0.7391743916152247,-0.4996931599440439,-0.40172353435938246,-0.2031513405547632,-0.3764215027000685
2019-06-17,-0.7878225379749445,-0.5533863307639428,-0.40172353435938246,-0.24587837485503672,-0.37244756948782043
2019-06-18,0.5064448934136905,0.7890720089055167,0.704454538137367,-0.19849210039951504,-0.2634888718606296
2019-06-19,-0.8026574681163691,-0.6920656633709181,-0.40172353435938246,-0.19966352169752172,-0.3015427600925192
2019-06-20,-0.7242420142448771,-0.5822623728901685,-0.40172353435938246,-0.2026164514762349,-0.25805250195918444
2019-06-21,-0.742258299854853,-0.650471991828292,-0.40172353435938246,-0.19769139837257224,-0.22627058673209452
2019-06-24,-0.633904503052325,-0.3183402424003727,-0.40172353435938246,-0.268014964521169,-0.29102443062387984
2019-06-25,-0.6754607892690578,-0.45550387257379166,-0.40172353435938246,-0.2599708344656575,-0.23593812113213508
2019-06-26,-0.804841300569076,-0.6549838803729887,-0.40172353435938246,-0.32847611717875624,-0.21149721900976168
2019-06-27,-0.5729281458991128,-0.4779277617384784,-0.03299751019379929,-0.3368587902373454,-0.2623904013990315
2019-06-28,-0.5586805995741817,-0.19439732578853455,-0.40172353435938246,-0.2838480814019244,-0.2557511022484858
2019-07-01,-0.3927693886714891,0.060662233147394565,-0.40172353435938246,-0.2598776333729539,-0.2196859101580007
2019-07-02,-0.7614458913528985,-0.6602255703935036,-0.40172353435938246,-0.2688630276117424,-0.18034191665422472
2019-07-03,0.00633366403564118,0.16096412903589377,0.3357285139717839,-0.2594278148537219,-0.19737257805692815
2019-07-04,-0.6929278769876694,-0.515494614824155,-0.40172353435938246,-0.23319775298078174,-0.23466298971834185
2019-07-05,-0.628904433685961,-0.4063806127922632,-0.40172353435938246,-0.20738121733418743,-0.2495104013606108
2019-07-08,-0.6610623658935818,-0.44953388377573766,-0.40172353435938246,-0.2035562077777552,-0.27208868595556757
2019-07-09,-0.17747704400346567,0.09388963821388853,-0.03299751019379929,-0.15241858025379615,-0.27035025526718953
2019-07-10,-0.7218320104367637,-0.5620636567896764,-0.40172353435938246,-0.1595338429568383,-0.31981899386762797
2019-07-11,-0.6910584062758217,-0.5229110516667221,-0.40172353435938246,-0.1575802321645743,-0.30176298748638025
2019-07-12,-0.8020792082651216,-0.7448251762156967,-0.40172353435938246,-0.16065814487803215,-0.2843345159299457
2019-07-15,-0.7023921314570803,-0.5371776557761088,-0.40172353435938246,-0.17754452124722392,-0.28851011519754016
2019-07-16,-0.6682171566425553,-0.49596963239261077,-0.40172353435938246,-0.15870817994431344,-0.2833952377775799
2019-07-17,-0.425143717407116,-0.10821040266487318,-0.40172353435938246,-0.13540382149508956,-0.23336835369493003
2019-07-18,-0.34493108334216477,-0.27106653570995737,-0.03299751019379929,-0.1495495139822478,-0.21938922202228045
2019-07-19,-0.5078220690467747,-0.2573473538034905,-0.40172353435938246,-0.17800183965313116,-0.19569356049146575
2019-07-22,-0.7292614927912544,-0.6261020247216366,-0.40172353435938246,-0.18266620531749592,-0.24187327322936664
2019-07-23,-0.3155987158169211,0.08345123435838378,-0.40172353435938246,-0.15136434566687765,-0.20140755145584857
2019-07-24,-0.6718516574190654,-0.559719990921602,-0.40172353435938246,-0.1756709610181519,-0.20452448854448244
2019-07-25,-0.5863567605897643,-0.3512559926616719,-0.40172353435938246,-0.19363876786077905,-0.23712585178914028
2019-07-26,-0.6712615815914404,-0.47381716961051595,-0.40172353435938246,-0.20590625748747868,-0.26414342807728036
2019-07-29,-0.6223365067407551,-0.5749902214404636,-0.03299751019379929,-0.3398326679455871,-0.25478614541416617
2019-07-30,0.5733942950914508,0.6941146833520025,1.07318056230295,-0.3073595328090973,-0.2505242581868411
2019-07-31,-0.4714274593757815,-0.33780305662254634,-0.03299751019379929,-0.3194145108166018,-0.226117787307169
2019-08-01,-0.7079629101331901,-0.3155896392719049,-0.40172353435938246,-0.49181430774793367,-0.21025403965086678
2019-08-02,1.7946026214506814,1.5018980141397438,2.5480846589652826,-0.3411633222363907,0.0323088049314027
2019-08-05,2.2513228664644855,1.6301065342032048,3.285536707296449,-0.3051896529331132,0.10400000678506169
2019-08-06,-0.5303447470351221,-0.4128647798190234,-0.40172353435938246,-0.2592116796028367,0.010648341960700284
2019-08-07,-0.5226329730336257,-0.388841057316385,-0.40172353435938246,-0.28011670001703476,0.02220512712734725
2019-08-08,0.7554907976207388,0.8235374357378498,1.07318056230295,-0.2505827284656755,-0.0809149921831515
2019-08-09,-0.0826707472376807,0.21206677211893984,-0.03299751019379929,-0.24370130596540726,-0.11063797591474603
2019-08-12,-0.6085473210291875,-0.4184677337232489,-0.40172353435938246,-0.2719829978968347,-0.1280226282339773
2019-08-13,-0.5430740940633589,-0.2475497099275654,-0.40172353435938246,-0.2962118850786967,-0.15419079241506112
2019-08-14,1.9424337238909222,1.6272068266295807,2.5480846589652826,-0.10021831653152925,-0.05493367364619006
2019-08-15,-0.6240317882993413,-0.5803404083353996,-0.40172353435938246,-0.16329472556147226,-0.09864274596334824
2019-08-16,0.039671758254669245,0.4259772651358712,-0.03299751019379929,-0.23309150045330598,-0.10444110670386028
2019-08-19,0.2514144914639865,0.6939533117744093,-0.03299751019379929,-0.1596594167098041,-0.04123164844414625
2019-08-20,-0.22538540574252558,-0.20697871700236473,-0.03299751019379929,-0.13409493421355942,-0.06284771540033567
2019-08-21,-0.06505869219169519,0.38918580681948256,-0.40172353435938246,-0.1135094691585178,-0.06329655698204399
2019-08-22,-0.47155258088435315,-0.39406159210192315,-0.40172353435938246,-0.09797959338952679,-0.0588952371825191
2019-08-23,-0.2234224602466711,0.039324192945540036,-0.40172353435938246,-0.06062367928403842,-0.062348229495745616
2019-08-26,-0.5967553370788248,-0.6757283334350223,-0.40172353435938246,-0.05499343814346884,-0.05392536238079592
2019-08-27,-0.10972683224015668,-0.11123256823895408,-0.03299751019379929,-0.023840099580578058,-0.04704245083072786
2019-08-28,-0.13355690811081353,-0.16093797315807107,-0.03299751019379929,-0.03303839622392694,-0.032171079513713584
2019-08-29,0.1694418771753114,0.5841808136009604,-0.40172353435938246,0.09282795929164696,-0.014240993096151741
2019-08-30,0.2776616416881907,0.1884418246293222,0.3357285139717839,0.06813725250700026,-0.020247029597211273
2019-09-02,-0.48301337513770165,-0.584240754118721,-0.40172353435938246,0.03320005605391411,-0.014410807166155412
2019-09-03,-0.3979900106295795,-0.35221679604919104,-0.40172353435938246,-0.00040188473198958855,-0.0569876798028108
2019-09-04,-0.16847661483725324,0.061030539987913086,-0.40172353435938246,0.014723585988078143,-0.05322855987431757
2019-09-05,0.11372157973261404,0.3124944070998493,-0.03299751019379929,0.03801790180214967,-0.1155324919937269
2019-09-06,-0.6372010095312095,-0.7081332979740046,-0.40172353435938246,0.02635782778657009,-0.18564260419855394
2019-09-09,-0.3268371468755672,-0.37781454184013763,-0.03299751019379929,0.01025255161403142,-0.23471613821693832
2019-09-10,-0.4481504820564448,-0.23020307712565674,-0.40172353435938246,-0.049700742432596715,-0.23808779618057177
2019-09-11,-0.5262306222058294,-0.3635475126338843,-0.40172353435938246,-0.041780000747229463,-0.26077580343444556
2019-09-12,-0.587724146764184,-0.46553749989619897,-0.40172353435938246,-0.04247548006834845,-0.2746690908696378
2019-09-13,-0.5545627191596401,-0.4157573259806873,-0.40172353435938246,-0.029480383241735363,-0.2747256057219569
2019-09-16,-0.331824315861656,0.06555308313540693,-0.40172353435938246,-0.06841499406071934,-0.3014474100771143
2019-09-17,-0.5864184157400572,-0.39665961417686474,-0.40172353435938246,-0.06800055528464558,-0.31945309829035207
2019-09-18,-0.5700833977297217,-0.3788881717078692,-0.40172353435938246,-0.07395870451521634,-0.2993377572260726
2019-09-19,-0.5485594575285684,-0.37174581158013004,-0.40172353435938246,-0.05606211275487783,-0.28218689456530155
2019-09-20,-0.6561972622373927,-0.5419281228940496,-0.40172353435938246,-0.09401487028566607,-0.27716519179605525
2019-09-23,-0.06379644643686652,0.29179309656916735,-0.03299751019379929,-0.11029871972960462,-0.29730554840542717
2019-09-24,-0.7114602892549219,-0.5976026123452264,-0.40172353435938246,-0.11355251625973446,-0.30860758227547697
2019-09-25,-0.5425633136149981,-0.21781630502657207,-0.40172353435938246,-0.14214757993426375,-0.3457688141375525
2019-09-26,-0.47031627364520806,-0.42275760704332066,-0.03299751019379929,-0.1313920116866786,-0.32861172827354485
2019-09-27,-0.3463523025153128,-0.15464939461140376,-0.03299751019379929,-0.08160996970378166,-0.41824336443633325
2019-09-30,-0.6718787993030968,-0.44408885434131845,-0.40172353435938246,-0.0979075415549304,-0.4099607062298207
2019-10-01,-0.4122863648337272,0.04899385774459399,-0.40172353435938246,-0.07636294435031951,-0.43793611429129486
2019-10-02,3.4186155290791733,2.364009868483561,4.760440803958781,0.23683165292739103,-0.2431259560705693
2019-10-03,-0.27051192576625266,-0.4330220004051153,-0.03299751019379929,0.2392993990587927,-0.3004018129821423
2019-10-04,-0.21621685129686347,-0.06315182123332985,-0.40172353435938246,0.24589647259434286,-0.2572562323608022
2019-10-07,-0.21300171665736595,-0.08929187684719625,-0.40172353435938246,0.2804501546526259,-0.25869195346081064
2019-10-08,-0.0562806067118852,0.12775731091640394,-0.40172353435938246,0.3134906181821513,-0.20979517800142086
2019-10-09,-0.4235975116054293,-0.49655774532718944,-0.40172353435938246,0.31671152486455484,-0.28424015753171344
2019-10-10,-0.16857356212035252,-0.05629037193496512,-0.40172353435938246,0.34918413138657145,-0.2760690872901747
2019-10-11,1.7258240391099076,1.3948961140945568,1.8106326106341164,0.5180723595313215,-0.21179952740538838
2019-10-14,-0.0727380346210845,-0.3988427793235766,-0.03299751019379929,0.4936460692531791,-0.20275057452431666
2019-10-15,0.16170767062366714,0.07599221742477419,-0.03299751019379929,0.5039083354325222,-0.2501563821818971
2019-10-16,-0.4055854047437181,-0.7261338852732434,-0.40172353435938246,0.5252255374848086,-0.218495748638947
2019-10-17,-0.27880127573084607,-0.5171749724326113,-0.40172353435938246,0.54013230504495,-0.20248248908939484
2019-10-18,-0.3196416309265228,-0.6187221751011635,-0.40172353435938246,0.5532026283913721,-0.18947548077658233
2019-10-21,-0.028453294998376316,-0.12014114941798001,-0.40172353435938246,0.5936527486750385,-0.17923413049500686
2019-10-22,-0.053325819873259545,-0.4166178107685276,-0.03299751019379929,0.5436817094916749,-0.19659496115680153
2019-10-23,-0.28636196346214776,-0.5872970149837886,-0.40172353435938246,0.5685209829830982,-0.17198544945917588
2019-10-24,0.09222042738057597,-0.1824101829235765,-0.03299751019379929,0.5749353612414277,-0.18685815247272014
2019-10-25,-0.2594898426783244,-0.45573948887554483,-0.40172353435938246,0.493511759288814,-0.18088829940516912
2019-10-28,-0.35884040756736174,-0.5322015592809692,-0.40172353435938246,0.3596262254253458,-0.1598308867751263
2019-10-29,-0.39701582008236447,-0.6019367966080009,-0.40172353435938246,0.34053227930838864,-0.1420956597581619
2019-10-30,-0.37908403185863815,-0.5494377240211965,-0.40172353435938246,0.3386985218046644,-0.1603841237624184
2019-10-31,0.04469487073827999,-0.012683394430787639,-0.03299751019379929,0.26899984272383404,-0.14631682672652072
2019-11-01,-0.27681061366519266,-0.2832739837206997,-0.40172353435938246,0.27281760200932686,-0.171145689554575
2019-11-04,0.8902306754274854,0.6362282833754234,1.07318056230295,0.3061569074852774,-0.18786073630529634
2019-11-05,-0.26119431847116525,-0.51565137756336,-0.03299751019379929,0.3122559901580802,-0.2688299692030609
2019-11-06,-0.5772858287462619,-0.6120926034723942,-0.40172353435938246,0.10742378997517706,-0.2523489044328665
2019-11-07,-0.44978560769930453,-0.3477737518530554,-0.40172353435938246,0.09334879995860479,-0.264175889552852
2019-11-08,-0.5518330024712234,-0.5994736608343318,-0.40172353435938246,0.14205810507308703,-0.2505995855105661
2019-11-11,-0.6302144029775627,-0.7265911620592436,-0.40172353435938246,0.12648346506681318,-0.2560901894980385
2019-11-12,-0.44572879647836594,-0.355973544120265,-0.40172353435938246,0.09987961891634686,-0.25397478508701044
2019-11-13,-0.5256821013161495,-0.4746383657208863,-0.40172353435938246,0.07401641662673845,-0.26099914251110556
2019-11-14,-0.504077846408229,-0.3884577470494934,-0.40172353435938246,0.05059481262940114,-0.2855617630505705
2019-11-15,-0.5392459267706342,-0.4289150449860307,-0.40172353435938246,0.012863664939007183,-0.2737878441201568
2019-11-18,-0.6057087673225481,-0.5688765296292697,-0.40172353435938246,-0.002324251759491798,-0.24179358909536455
2019-11-19,-0.6290022437439959,-0.6910381967757386,-0.40172353435938246,0.0576982782907385,-0.22013255407391713
2019-11-20,-0.5242235094031836,-0.5322553283205221,-0.40172353435938246,0.07384677082642536,-0.19594142220527136
2019-11-21,-0.5004730150823328,-0.42355341828065246,-0.40172353435938246,0.006767659827391412,-0.19485268130680705
2019-11-22,-0.48093961513302097,-0.4198695228751772,-0.40172353435938246,0.03524429247952915,-0.18903842497096765
2019-11-25,-0.36631620570677625,-0.2127858624251019,-0.40172353435938246,0.05005684705239966,-0.1954823104041947
2019-11-26,-0.5759043346809993,-0.6011734178952437,-0.40172353435938246,0.022389050821854634,-0.1726256945638013
2019-11-27,-0.6416012870398878,-0.7182163116218754,-0.40172353435938246,-0.008839278405954287,-0.14699363627703269
2019-11-28,-0.6524617634571463,-0.7332378399480882,-0.40172353435938246,-0.014657871526159947,-0.14672334754716138
2019-11-29,-0.5728759541737591,-0.5708993420126413,-0.40172353435938246,-0.01787234686443489,-0.157066828883698
2019-12-02,0.9798775393535346,0.666948890647014,1.4419065864685332,0.06494602710927543,-0.1261292222483103
2019-12-03,-0.05483432321577412,-0.06291289038811106,-0.03299751019379929,0.133575077588629,-0.1522132708397206
2019-12-04,0.28867063411971144,0.5460830181869765,-0.03299751019379929,0.16033917400528522,-0.1406807977108799
2019-12-05,-0.553002293762832,-0.7445674999622467,-0.40172353435938246,0.17355385675865814,-0.12983962059008075
2019-12-06,0.08886044048969016,0.19106600867399348,-0.03299751019379929,0.14345142752751935,-0.14517903629894288
2019-12-09,-0.42815450665256327,-0.5264761954274915,-0.40172353435938246,0.2081054751602086,-0.14803987495314883
2019-12-10,-0.44298603422761407,-0.5752321797890667,-0.40172353435938246,0.20896406192778919,-0.12649390772862684
2019-12-11,-0.21657333333558743,-0.460272687143695,-0.03299751019379929,0.19750354420032698,-0.11854257004384713
2019-12-12,0.1981883257145347,-0.02836402283424728,0.3357285139717839,0.18224340581448362,-0.06675932857759687
2019-12-13,-0.024515362794533393,-0.19870674340850303,-0.03299751019379929,0.23424618116929166,-0.04995891405554398
2019-12-16,0.1963428288811211,0.20436579407369995,-0.03299751019379929,0.276476997809148,-0.08101463897132358
2019-12-17,-0.15345771701660688,-0.15653131485782737,-0.40172353435938246,0.2502529708246424,-0.034616444823121616
2019-12-18,-0.19391250844872257,-0.5676939386250704,-0.03299751019379929,0.2379803817376791,0.0005069290104617088
2019-12-19,-0.22979560049362974,-0.6309053079854798,-0.03299751019379929,0.21535360442766208,0.01954504539598717
2019-12-20,-0.03786268562078925,-0.19127572579963378,-0.03299751019379929,0.1347562163167469,0.018826784578542102
2019-12-23,0.08689031333107711,-0.25454691115459405,0.3357285139717839,0.14784876373494843,-0.012647180678684342
2019-12-24,-0.7526374150631862,-1.1095418070953047,-0.40172353435938246,0.1001730656367994,-0.0643732558807262
2019-12-25,-1.0078894147292823,-1.1863379041836954,-0.40172353435938246,-0.4259760139880228,0.051068110954765364
2019-12-26,-0.9506915818694764,-1.1863379041836954,-0.40172353435938246,-0.4456722111110479,0.18717622107451748
2019-12-27,-0.6635377546529071,-0.6242822956106756,-0.40172353435938246,-0.4762251860091063,0.19507330669982959
2019-12-30,-0.40273494663183385,-0.09735454267988065,-0.40172353435938246,-0.4964196194218103,0.17668570275256448
2019-12-31,-1.0386990203922244,-0.9842368411999564,-0.40172353435938246,-0.5860286753595578,-0.06153310999670976
2020-01-01,-1.079851341019388,-1.1863379041836954,-0.40172353435938246,-0.5739314853441724,0.059945756902427774
2020-01-02,0.43360679888290643,0.6076266829941436,0.704454538137367,-0.45906770823026277,0.05609137847536322
2020-01-03,-0.7279020487761916,-0.3519471344483139,-0.40172353435938246,-0.723094105149159,0.02970439940753227
2020-01-06,-0.5754596397506233,-0.3829795732750803,-0.03299751019379929,-0.6800317675836623,-0.011727011396531083
2020-01-07,-0.8195595060143908,-0.47562690482681097,-0.40172353435938246,-0.7377299733491647,-0.007285097366562073
2020-01-08,-0.6540555279680724,-0.45546375147630086,-0.03299751019379929,-0.747479965093542,-0.022286878160143297
2020-01-09,-0.5101976752786095,-0.20637850339015185,-0.03299751019379929,-0.7170400133463768,-0.031105317098343896
2020-01-10,-0.9662115846618232,-0.7272588377630885,-0.40172353435938246,-0.7230089666792826,-0.04846613356818924
2020-01-13,-0.8862080731455573,-0.5614551883230869,-0.40172353435938246,-0.7807403667820826,-0.004843423348226779
2020-01-14,-0.9432828407937879,-0.7007086796549231,-0.40172353435938246,-0.7598692636712895,0.0077585238337939035
2020-01-15,-0.7966948367341027,-0.43119772886965907,-0.40172353435938246,-0.7503890490814372,0.004355980905994761
2020-01-16,-0.8719343454906432,-0.6089184497323503,-0.40172353435938246,-0.7215010950218609,0.013245219920059727
2020-01-17,-0.7023674208377284,-0.3329616883399941,-0.40172353435938246,-0.6710723352577863,0.006644918478392557
2020-01-20,-0.8761709214427993,-0.7648929661543517,-0.40172353435938246,-0.6638219152948438,0.11220099923795696
2020-01-21,-0.722322906118143,-0.5301289116644073,-0.40172353435938246,-0.623206310831513,0.1283516059761055
2020-01-22,-0.7689108069591138,-0.6545946768841006,-0.40172353435938246,-0.6086774559125013,0.1528602878813529
2020-01-23,-0.5529891866571992,-0.16634931785109594,-0.40172353435938246,-0.6724364134539174,0.13079576340004115
2020-01-24,-0.2821791387590132,0.043238632356675466,-0.03299751019379929,-0.685257536456057,0.12815402606858467
2020-01-27,3.148023925427747,1.8890165563783563,4.391714779793198,-0.24737650113546567,0.5635192693496384
2020-01-28,0.32218873772906764,0.16018293897583455,0.3357285139717839,-0.25820838923393374,0.4403911391922566
2020-01-29,-0.40630272202666345,-0.5644561758798682,-0.40172353435938246,-0.2626603955083649,0.42782423461042396
2020-01-30,0.17205311160645653,0.1870715475320126,-0.03299751019379929,-0.24634516867044792,0.4336646978994518
2020-01-31,0.5473720715304006,0.3106661307605316,0.704454538137367,-0.26057835355849623,0.3981942420590621
2020-02-03,-0.30398782033674676,-0.3207371820757848,-0.40172353435938246,-0.30178359928797915,0.4133714807318861
2020-02-04,1.5032016080439954,0.8252621572271609,2.1793586347996996,-0.23627918445500887,0.3993877052183275
2020-02-05,0.31042197136065486,0.4637940011270947,-0.03299751019379929,-0.208447817253966,0.37627162365843025
2020-02-06,-0.22729877434838344,-0.2511036824469788,-0.40172353435938246,-0.19089881354875618,0.3778496992566638
2020-02-07,-0.29991502196939285,-0.3623106917610433,-0.40172353435938246,-0.20700802525329567,0.36746267108494085
2020-02-10,-0.40001432475872645,-0.5557776920821887,-0.40172353435938246,-0.19308206063301325,0.3586493529824779
2020-02-11,0.20193306772931832,0.23098105951936568,-0.03299751019379929,-0.15302213428599917,0.349527211693057
2020-02-12,-0.2838106786691534,-0.3389274383601267,-0.40172353435938246,-0.17684410529241062,0.3434137477201633
2020-02-13,-0.4094818656601032,-0.5743168861993045,-0.40172353435938246,-0.21176082422350576,0.37892514039487196
2020-02-14,-0.4934751386965018,-0.7313233300161373,-0.40172353435938246,-0.21784058799932796,0.38432313324984546
2020-02-17,-0.24211784611327394,-0.5354470385651904,-0.03299751019379929,-0.24420524511240016,0.3712378011698499
2020-02-18,-0.2591082483637772,-0.2414794615472173,-0.03299751019379929,-0.21919015728773147,-0.005168058009533023
2020-02-19,-0.2651639361282848,0.04384740951320828,-0.40172353435938246,-0.19741002424795503,-0.008917766938808597
2020-02-20,-0.35188537113885876,-0.15932384036823413,-0.40172353435938246,-0.15258845664735984,-0.01248544045130733
2020-02-21,-0.37036308404411034,-0.19572862462314627,-0.40172353435938246,-0.13054106182774328,-0.03367769296326376
2020-02-24,6.8118814965379295,5.217486321619419,6.235344900621115,1.0939235538493597,1.3004895598499557
2020-02-25,4.076104205160377,1.7018523776598442,4.391714779793198,1.1511990111202441,1.1815721163299566
2020-02-26,1.233303934413481,-0.11407112519820696,0.3357285139717839,1.0929444396077486,1.1672297641066103
2020-02-27,6.351139487688439,4.035490219969329,6.235344900621115,1.3604552318099976,1.362174576557997
2020-02-28,6.7463885159388175,4.332855166326662,6.235344900621115,1.6320173311221193,1.5579756960554358
2020-03-02,1.865607980590545,0.3500572965284838,0.3357285139717839,1.5534406603372055,1.4657415879299127
2020-03-03,3.327943438318421,1.7989513439387024,1.8106326106341164,1.5823052108420201,1.4812896916829292
2020-03-04,1.6105494438245382,0.18418009346226707,-0.03299751019379929,1.5572173052722476,1.4626552029813766
2020-03-05,3.8795382416909603,1.8151425530712544,2.916810683130866,1.640301276124859,1.5042232893942247
2020-03-06,7.052949439759674,4.365441728283045,6.604070924786698,1.8572314944410493,1.569623409498792
2020-03-09,12.463423272303675,12.830089774464042,6.604070924786698,2.8691658667815934,2.347649866350402
2020-03-10,3.663939692554748,1.3431643887166564,1.07318056230295,2.7725470191168493,2.08480532074884
2020-03-11,4.81722040883763,2.060365825490039,2.916810683130866,2.671428354327341,2.060047813513945
2020-03-12,15.217183197856912,17.88682737982889,6.604070924786698,3.1274359505150424,2.206809504166031
2020-03-13,5.322023468523208,2.8080486277097982,2.5480846589652826,3.0324013979126048,2.237818810737233
2020-03-16,10.402279201059637,9.208247010133604,6.235344900621115,3.0408192152556315,2.2351470702990675
2020-03-17,5.475579885746729,2.829835783605279,2.916810683130866,2.9612541558403302,2.2609522818744834
2020-03-18,7.413806827461601,5.0501018320573525,4.760440803958781,2.858743730097008,2.2079797080088377
2020-03-19,5.815257357867152,3.3916418806934585,3.285536707296449,2.773519690812487,2.201241832682083
2020-03-20,5.551540283554026,3.2760667007749924,2.916810683130866,2.7168987795588735,2.1895688248200407
2020-03-23,6.624186864882969,4.062478148110945,4.391714779793198,2.6966498460022565,2.18106690566697
2020-03-24,10.460941827981678,9.625561431829817,6.235344900621115,2.783637928744683,2.173269940571081
2020-03-25,4.904205282354383,2.3609894973622434,2.5480846589652826,2.7589856778995654,2.1592582538933964
2020-03-26,3.7656136433262324,1.808708408908717,0.704454538137367,2.749406315509536,2.1518484099884465
2020-03-27,6.345061505129561,3.8705638141958962,4.022988755627615,2.7196288542355034,2.1373175060502008
2020-03-30,2.6911748647453857,0.47848890429354685,-0.03299751019379929,2.7074529012327697,2.130338971035461
2020-03-31,4.210853738302773,2.0918674549804774,1.4419065864685332,2.702606566625463,2.120095145562546
2020-04-01,5.474150521453417,3.212080557919551,2.916810683130866,2.6865807414720844,2.13359415727264
2020-04-02,2.467390928861902,0.3996716083471866,-0.40172353435938246,2.677528723472624,2.1320026031788517
2020-04-03,2.5638302223943823,0.27806046072252133,-0.03299751019379929,2.6666027985984817,2.1310757459186136
2020-04-06,6.730346556153654,4.624379601628567,4.022988755627615,2.6842897279819495,2.14235559169407
2020-04-07,4.160936557033785,2.3183790820865955,1.07318056230295,2.6877419710284416,2.12915452066221
2020-04-08,2.060241463125613,-0.36626931918207867,-0.40172353435938246,2.6848313044033314,2.125055145076925
2020-04-09,3.5663601080508167,1.525858471721369,0.704454538137367,2.6835080360599783,2.122006246762727
2020-04-10,1.9027567930795857,-0.9611043252924091,-0.03299751019379929,2.6793308552447592,2.1140875535158985
2020-04-13,1.6420328436488703,-1.1383298289614165,-0.40172353435938246,2.6806219820498995,2.1143442935660786
2020-04-14,2.890401830538269,0.927136164373783,-0.03299751019379929,2.656924892206991,2.103310744251495
2020-04-15,6.970647636262955,4.504786916197459,4.760440803958781,2.664228470692723,2.1015613776762962
2020-04-16,2.261413342103736,0.06615236157281632,-0.40172353435938246,2.656585754692906,2.0961630870341965
2020-04-17,3.3313144437143523,2.089298297666952,-0.40172353435938246,2.6539437782928834,2.085965940832016
2020-04-20,2.0538517313670464,-0.30826433396271435,-0.40172353435938246,2.6500344287432154,2.0860777897829665
2020-04-21,5.768125132606114,3.8345501179300765,2.916810683130866,2.6639925336364954,2.0820274465047213
2020-04-22,3.1058425700528485,1.655321674450105,-0.40172353435938246,2.672879227686331,2.0771385160520937
2020-04-23,2.6933298138959865,0.8719018840967788,-0.40172353435938246,2.6803639081444093,2.0779528702933403
2020-04-24,2.5280218011500555,0.5667151011677749,-0.40172353435938246,2.674763265014937,2.0778343432131208
2020-04-27,2.9451330870063277,1.3646740519946992,-0.40172353435938246,2.672224393393907,2.065525825805823
2020-04-28,2.9666839153403113,1.3973689821698188,-0.40172353435938246,2.6784741320070715,2.0674086581414586
2020-04-29,3.9028991434409583,2.529150021476742,0.3357285139717839,2.675455732334493,2.0698324843639346
2020-04-30,3.317542949782214,1.4572186241832679,0.3357285139717839,2.660184182332008,2.0552670555003325
2020-05-01,1.6830994391730683,-0.9869070481057206,-0.40172353435938246,2.6615668572193365,2.0544226895526236
2020-05-04,5.7268037934975835,3.4863548481421276,3.285536707296449,2.6487941740029384,2.0507658103212627
2020-05-05,2.7250924555737304,0.9961233034464239,-0.40172353435938246,2.646493266393406,2.0439203719183374
2020-05-06,2.232852898887823,0.07771930994708626,-0.40172353435938246,2.6440018102407326,2.039143998332947
2020-05-07,2.5561397252432974,0.6853728893085189,-0.40172353435938246,2.6448473374284864,2.038294299697005
2020-05-08,2.3924167542952457,0.3752435839330106,-0.40172353435938246,2.6476377878607016,2.037941495015434
2020-05-11,2.0753016696295274,-0.20771080949054566,-0.40172353435938246,2.6453965640894688,2.0261670718189855
2020-05-12,2.1267455738423306,-0.10301930585554815,-0.40172353435938246,2.6436861842571204,2.019359539883962
2020-05-13,2.9963748701886446,1.5420126565158332,-0.40172353435938246,2.6378708699674367,2.0142583070486877
2020-05-14,3.314940175122064,1.837809895490918,-0.03299751019379929,2.6291192472673526,2.011196016645945
2020-05-15,2.050148716971816,-0.22468350480196242,-0.40172353435938246,2.6291656487205115,2.0105136381564686
2020-05-18,6.419541416915452,4.537744020689152,3.6542627314620324,2.6259995884969576,2.006172387411759
2020-05-19,2.5757951597914848,0.4777752719664535,-0.03299751019379929,2.6157316958386545,1.993618953265659
2020-05-20,2.3797869924746626,0.41609953614921774,-0.40172353435938246,2.622252708415766,1.9949757563875405
2020-05-21,2.1861920165634765,0.0624932818864497,-0.40172353435938246,2.6160748720081863,1.9903514675274123
2020-05-22,1.968830864961685,-0.3395196637607553,-0.40172353435938246,2.6067161697459458,1.99305703231989
2020-05-25,2.6553983428439265,0.9447806808784351,-0.40172353435938246,2.621081930205719,1.9847878152269938
2020-05-26,3.3858382620166694,1.6977665687077441,0.3357285139717839,2.618772113338833,1.9778719236274305
2020-05-27,2.444609091865046,0.5641959277209108,-0.40172353435938246,2.619433968239472,1.9696982069628046
2020-05-28,2.373787825966106,0.4351365502380986,-0.40172353435938246,2.616352247850806,1.96854360062016
2020-05-29,2.5122538763387077,0.7233090262590424,-0.40172353435938246,2.59537154482579,1.9604335312751946
2020-06-01,2.376050166127473,0.3527866510853127,-0.03299751019379929,2.38702303083554,1.962864208767493
2020-06-02,2.7524434308703016,1.3375633961687874,-0.40172353435938246,2.4452171758661656,1.9420413615006666
2020-06-03,3.8828055742398853,2.488422066984226,0.704454538137367,2.479438888547973,1.9395057935518878
2020-06-04,1.4623900920099913,-0.5329399137044107,-0.40172353435938246,1.8795172116250907,1.9359677444630645
2020-06-05,3.456879462519736,2.5133383624765266,0.3357285139717839,1.963458999710159,1.928058799582426
2020-06-08,1.4092589063261074,-0.43341723037696445,-0.40172353435938246,1.681121159707661,1.9285108919797527
2020-06-09,2.126646503419227,0.8140512331152698,-0.40172353435938246,1.7893268242144558,1.9242554886257974
2020-06-10,1.7230900175508936,0.08842369972548511,-0.40172353435938246,1.7630692792646243,1.9162285285471101
2020-06-11,6.097131209316148,4.363674202578794,4.022988755627615,1.9643357562379142,1.8938857086997087
2020-06-12,1.910159462221022,0.23198076789465277,-0.40172353435938246,1.9957425666874746,1.897278223613446
2020-06-15,1.8350766481642853,0.15792171787409234,-0.40172353435938246,1.9276722542432612,1.8961582055976416
2020-06-16,3.2197842470832567,3.053879839148915,-0.40172353435938246,1.626653118869035,1.8949634342573565
2020-06-17,1.4148207358479044,-0.3501960285433853,-0.40172353435938246,1.639924823231349,1.8932495876740512
2020-06-18,1.5273286106060755,-0.15380973279180093,-0.40172353435938246,1.6517252650567713,1.897170868724203
2020-06-19,1.38233823800434,-0.41233243271059394,-0.40172353435938246,1.6300707865567572,1.9046845665911762
2020-06-22,1.5562808191339434,-0.13668670539901168,-0.40172353435938246,1.679141778500328,1.90867555852724
2020-06-23,1.9952155154441988,0.6862801041682632,-0.40172353435938246,1.679063394719021,1.9110148332919983
2020-06-24,2.971384360730471,2.5041649176607113,-0.40172353435938246,1.7012227718022017,1.9062067443188104
2020-06-25,1.608519314611164,-0.06652539841165225,-0.40172353435938246,1.70954874859872,1.9071007189328248
2020-06-26,1.6420546300546988,-0.02083125451766937,-0.40172353435938246,1.729215634932497,1.90523487535437
2020-06-29,1.6365376650369279,0.04193530736817171,-0.40172353435938246,1.6527503866262507,1.9063519310620578
2020-06-30,1.4059791413165756,-0.34570806747955624,-0.40172353435938246,1.6132351854902882,1.8983910028786835
2020-07-01,1.345750369552356,-0.46414076413844507,-0.40172353435938246,1.6128137747643396,1.904442023604289
2020-07-02,2.62135123880735,1.6225810031382784,-0.03299751019379929,1.6151005615997984,1.8984886795738947
2020-07-03,1.5050577921465824,-0.1715221700279911,-0.40172353435938246,1.6354119727778829,1.888221943732387
2020-07-06,2.1752547659424772,1.1228379456508257,-0.40172353435938246,1.6031543460730837,1.884678193415011
2020-07-07,1.7284736193953978,0.22826880839200323,-0.40172353435938246,1.6616802663368655,1.882506183066835
2020-07-08,1.5415583150218704,0.030816477114207846,-0.40172353435938246,1.4973473229423913,1.8884398845796062
2020-07-09,1.628401428414503,0.16831229202364248,-0.40172353435938246,1.5251930076926827,1.8870762799128993
2020-07-10,1.5838155831591878,0.10322547160655347,-0.40172353435938246,1.513160480550333,1.8794991119527191
2020-07-13,1.798343514362167,0.5205966961119258,-0.40172353435938246,1.5069688056691053,1.8707749931554887
2020-07-14,1.3108489587068162,-0.17211827121417517,-0.40172353435938246,1.2763520713344503,1.8708634848217625
2020-07-15,1.8589581598321314,0.9083002249546864,-0.40172353435938246,1.220367655241244,1.8753486228807106
2020-07-16,1.0609969110012438,-0.5723407723378255,-0.40172353435938246,1.1880555559632582,1.8883071517934715
2020-07-17,1.1432613803494254,-0.4498453153360453,-0.40172353435938246,1.2168629574579222,1.8928136278872283
2020-07-20,1.4475424014402736,0.10411163064552031,-0.40172353435938246,1.2227166555926887,1.9060595022873876
2020-07-21,1.2469946825812208,-0.13601563598132843,-0.40172353435938246,1.1683200110283714,1.815685682867825
2020-07-22,1.3380238388720262,0.030969048850930495,-0.40172353435938246,1.163914988168247,1.824711006700364
2020-07-23,1.0593172543535239,-0.4900070923230677,-0.40172353435938246,1.1512283206263922,1.8348123666888685
2020-07-24,1.6928460957530966,0.7925890553111241,-0.40172353435938246,1.1814545794714015,1.7046703459407708
2020-07-27,1.0493929505456898,-0.2989883497032212,-0.40172353435938246,1.0941807992858255,1.6689156300857095
2020-07-28,1.0129951759026408,-0.34044138326888207,-0.40172353435938246,1.0722868030216361,1.6627612182433011
2020-07-29,0.7432248745043978,-0.6370251173186634,-0.40172353435938246,1.0705263679312722,1.4383212708863427
2020-07-30,2.27373014148644,2.160000459818447,-0.40172353435938246,1.1318766281552368,1.4602031128385338
2020-07-31,1.113513223017887,0.04160825033355682,-0.40172353435938246,1.1123065004835542,1.4134578675135667
2020-08-03,1.747448057038834,1.2018628147630452,-0.40172353435938246,1.1357040294403393,1.4227643114774726
2020-08-04,0.9508969332159766,-0.25912900362975677,-0.40172353435938246,1.1418175246335038,1.3773828242703428
2020-08-05,1.1332487028950202,0.13961884488869766,-0.40172353435938246,1.1045676758894918,1.3560499740261922
2020-08-06,0.9952198076768324,-0.11682099975813069,-0.40172353435938246,1.0489455884957921,1.4108100428764174
2020-08-07,0.7878274895689374,-0.46750648481109713,-0.40172353435938246,1.0492554064771005,1.3684032383149016
2020-08-10,0.7721069550091813,-0.18608639024584278,-0.40172353435938246,0.8162265937393387,1.2771234250672014
2020-08-11,1.6528408614691563,1.368313100158944,-0.40172353435938246,0.945143830462841,1.2513911686485437
2020-08-12,1.0385264695587115,0.19483603704506322,-0.40172353435938246,0.9548303975630661,1.2614435068091905
2020-08-13,0.700921201039269,-0.46312625779753086,-0.40172353435938246,0.9869509932768371,1.2530651316502208
2020-08-14,1.128172903936998,0.27960749370414817,-0.40172353435938246,1.0329175412420128,1.270029855310001
2020-08-17,0.7192659744773178,-0.49478726344427676,-0.40172353435938246,1.0010921743992938,1.309418858304806
2020-08-18,0.8312752204794982,-0.2594356466736085,-0.40172353435938246,0.9842993144430446,1.3002633742688876
2020-08-19,0.7470036221812705,-0.43133807349774017,-0.40172353435938246,0.9938736930032542,1.304787809301304
2020-08-20,1.164691192240129,0.35493224599920836,-0.40172353435938246,0.982160458252367,1.3157745248314736
2020-08-21,0.5541527206983392,-0.6160016875313157,-0.40172353435938246,0.9681546310175663,1.1404433485806427
2020-08-24,1.3967938007763672,1.0397387830045262,-0.40172353435938246,0.9849182451032679,1.0457567866739554
2020-08-25,0.5559498842016828,-0.4967331613291285,-0.40172353435938246,0.9433678404870564,1.0417164930572866
2020-08-26,0.856321707948081,0.11948649446368308,-0.40172353435938246,0.8466410122149415,1.0871010153928538
2020-08-27,0.7216654267021169,-0.11437958037604706,-0.40172353435938246,0.8552854511820999,1.0573972650250998
2020-08-28,0.6552497686407406,-0.2591486680252253,-0.40172353435938246,0.8927596514678932,1.0397417549925176
2020-08-31,0.9515149438472991,0.2871690414944826,-0.40172353435938246,0.8650564296985644,1.0799940672284505
2020-09-01,0.5920113483781884,-0.34852267927345315,-0.40172353435938246,0.830671890723208,1.072777853322589
2020-09-02,0.8504727309661662,0.14233331561369286,-0.40172353435938246,0.813592902368278,1.0851850186469636
2020-09-03,0.6504876544776039,0.15273639632694921,-0.40172353435938246,0.3662657537048149,1.1363720023794834
2020-09-04,0.6127978684399834,0.04818900241286078,-0.40172353435938246,0.42311647253340734,1.113318240931906
2020-09-07,0.8178932444373906,0.7259761593488029,-0.40172353435938246,0.4984441646345503,0.7206052440682085
2020-09-08,0.6519226505206339,0.6853953184777111,-0.40172353435938246,0.2424800097327436,0.6957814638475026
2020-09-09,0.9051410678400859,1.0774087572095223,-0.40172353435938246,0.3210877459333325,0.7040666289125528
2020-09-10,0.0471235173500152,-0.5263333457260401,-0.40172353435938246,0.31439495246744553,0.7012891362492302
2020-09-11,0.027029749488685834,-0.6144888007075328,-0.40172353435938246,0.31649216098870264,0.7532623376855438
2020-09-14,0.08838190255964655,-0.4339896185207539,-0.40172353435938246,0.27818542962922077,0.7231479492068486
2020-09-15,0.28520258326145964,0.010207934982252363,-0.40172353435938246,0.24214908490038634,0.68092979085674
2020-09-16,0.018108853506888373,-0.2778945132409017,-0.40172353435938246,0.012839613465312526,0.6900557003927819
2020-09-17,-0.050316802339920336,-0.4883063897865755,-0.40172353435938246,0.047930732024756124,0.7413846797271824
2020-09-18,0.17364520257361962,0.06469557996978242,-0.40172353435938246,0.07180674016020079,0.5745772873301972
2020-09-21,3.408515174230208,3.951824593040231,1.4419065864685332,0.4894475921680602,0.8073857641382953
2020-09-22,0.3221897659108349,-0.23438522432773257,-0.40172353435938246,0.501164058267555,0.748496705733929
2020-09-23,0.3055522621147578,-0.25488510733489333,-0.40172353435938246,0.5078984396854632,0.7298936323126496
2020-09-24,0.42544992781624885,0.004546557737204002,-0.40172353435938246,0.44700549750080293,0.7567777235428119
2020-09-25,0.2880561561885628,-0.2139018890710972,-0.40172353435938246,0.417495603055768,0.744755097228413
2020-09-28,1.586261666342377,2.0423488384079103,-0.40172353435938246,0.618065636887522,0.7333879539726637
2020-09-29,0.4182699175079462,-0.2147871411263263,-0.40172353435938246,0.6473293296246632,0.7691510447684945
2020-09-30,0.1916409534353251,-0.6842118825831472,-0.40172353435938246,0.6671954810566052,0.7951191322504831
2020-10-01,0.42986796960630314,-0.1698285929857992,-0.40172353435938246,0.6183051509179629,0.774523066445615
2020-10-02,0.16886889555200002,-0.5020990223843639,-0.40172353435938246,0.6331142395289123,0.5888883507903138
2020-10-05,0.6935342693179406,0.44357008616151666,-0.40172353435938246,0.6844646782823142,0.5789270907721256
2020-10-06,0.43536229472561255,-0.03774726045810254,-0.40172353435938246,0.6865040719114418,0.5725337753133954
2020-10-07,0.09114068304540449,-0.7096667261321264,-0.40172353435938246,0.6729785189681129,0.6133867820960501
2020-10-08,0.43016618078164387,-0.06506746767466794,-0.40172353435938246,0.685668821848156,0.5922728733861645
2020-10-09,0.22951572586370006,-0.4486966729388812,-0.40172353435938246,0.684486083607844,0.6004564738989189
2020-10-12,0.46136065718506664,0.056532157230883534,-0.40172353435938246,0.6573734526911308,0.5540970412609318
2020-10-13,0.4333340042317398,0.009116553617498298,-0.40172353435938246,0.6523585456894075,0.5536655475358067
2020-10-14,0.15322506206965103,-0.5728404768177928,-0.40172353435938246,0.6727630285543668,0.5919775804459094
2020-10-15,1.6028659414002517,1.6866644437336706,-0.03299751019379929,0.8013330119550668,0.6202689919654184
2020-10-16,0.7608349092041344,0.3815297118735338,-0.40172353435938246,0.7992013291894309,0.6619582633800097
2020-10-19,0.18773073195630313,-0.7320613163014867,-0.40172353435938246,0.8083965426253376,0.6914167821128725
2020-10-21,0.8637094097130202,0.5038534771765828,-0.40172353435938246,0.8423445010081476,0.6933440585822351
2020-10-22,0.3034523390007963,-0.5287194406455857,-0.40172353435938246,0.8335890058177576,0.6803904192478762
2020-10-23,0.47186236831124173,-0.07075053718505482,-0.40172353435938246,0.7280350301999396,0.6384533026513114
2020-10-26,1.2633092308240377,1.4287229061371949,-0.40172353435938246,0.7620624627797377,0.5903002014951603
2020-10-27,0.8281044658481016,0.614297410753638,-0.40172353435938246,0.7101959007627252,0.6404812061312388
2020-10-28,2.71927142246114,3.012944381169995,0.704454538137367,0.9426235134182674,0.6272255059942541
2020-10-29,0.5481782569581487,0.2455669978392195,-0.40172353435938246,0.834420897257608,0.341702862621237
2020-10-30,0.3833289239995135,-0.05676116226256341,-0.40172353435938246,0.8436559176464435,0.32396858005408474
2020-11-02,1.072096118120632,1.164364290980523,-0.40172353435938246,0.8995943473378016,0.34470250519534273
2020-11-03,1.8595799891176497,2.273446450767374,-0.03299751019379929,1.0053583114628346,0.29547843889019787
2020-11-04,0.7920584668395074,0.664496749345957,-0.40172353435938246,0.9392189317909604,0.2748772892741203
2020-11-05,0.7195882494208057,0.5167838444571474,-0.40172353435938246,0.9348698199075212,0.2917635529121454
2020-11-06,0.24178442638667577,-0.38536202448059,-0.40172353435938246,0.9265615263122333,0.30474429996821173
2020-11-09,6.500302130593735,6.230827658025353,4.391714779793198,1.3618241806625715,0.9918250503438347
2020-11-10,1.4335757027867404,0.8748031592982892,-0.40172353435938246,1.3107559028828155,0.9576046742288902
2020-11-11,1.2140355380523404,0.21535913306954196,-0.03299751019379929,1.2875757670472936,0.9091368358189569
2020-11-12,0.8718405959764406,-0.12083406071438361,-0.40172353435938246,1.2878389044763732,0.9167284171880524
2020-11-13,0.7397348277541607,-0.4366769427564582,-0.40172353435938246,1.284705743982318,0.992577638409117
2020-11-16,1.662069485983995,1.3357359053264923,-0.40172353435938246,1.2742186589734956,0.9619163544260299
2020-11-17,0.7270042120609448,-0.3760464703542802,-0.40172353435938246,1.2332307255166408,0.9553570930324525
2020-11-18,0.898698059901717,-0.04713089140349809,-0.40172353435938246,1.2377196999759614,0.9440310064148649
2020-11-19,0.9474978671441845,0.054356357342323317,-0.40172353435938246,1.2501795965568396,0.9205493978439911
2020-11-20,0.7699764277097993,-0.27588971087562547,-0.40172353435938246,1.2461925984004436,0.9210073846697867
2020-11-23,0.6663291317522294,-0.48076654051303774,-0.40172353435938246,1.2459403486120395,0.9320740871358033
2020-11-24,1.391728548944665,0.8520736451193683,-0.40172353435938246,1.289450075788788,0.9196999985974308
2020-11-25,0.6902872780233126,-0.46050451809686066,-0.40172353435938246,1.2910983801519873,0.911614148542078
2020-11-26,0.6738981090023685,-0.4974521071306946,-0.40172353435938246,1.3011436199869326,0.9077404662475278
2020-11-27,0.8567910121025756,-0.1918098248534,-0.40172353435938246,1.3474433194833846,0.900461683815727
2020-11-30,1.19888253274109,0.44407778029688477,-0.40172353435938246,1.3473197391856944,0.9082686631305374
2020-12-01,1.1201767487872316,0.307662482974692,-0.40172353435938246,1.3497183033475162,0.8933756513939306
2020-12-02,0.8747536274941232,-0.08355367230604828,-0.40172353435938246,1.294610667295992,0.8754796278542049
2020-12-03,0.6887622064432062,-0.40293519878607353,-0.40172353435938246,1.2667639976125202,0.8720246458077671
2020-12-04,1.1410612640709556,0.4617027970311108,-0.40172353435938246,1.2740628749844998,0.8488812474188129
2020-12-07,0.6442414204199192,-0.5029102110210757,-0.40172353435938246,1.2721381214262253,0.8839303767754836
2020-12-08,0.6317234650197279,-0.5466436127792966,-0.40172353435938246,1.2775020685126295,0.9000541931388338
2020-12-09,0.8042104230077955,-0.22812390458600382,-0.40172353435938246,1.2891916868271356,0.8939969538613909
2020-12-10,0.7504273226568494,-0.34086131423434896,-0.40172353435938246,1.3102164663210867,0.884586881648026
2020-12-11,1.0029296036371689,0.14767874403524853,-0.40172353435938246,1.3124048708622948,0.8673520556178556
2020-12-14,0.8127644196458483,-0.19441993661500195,-0.40172353435938246,1.2932533819314527,0.8708161854855765
2020-12-15,0.5425868723371307,-0.48285976507429,-0.40172353435938246,1.05664014311176,0.8816897275791208
2020-12-16,0.6941378641111251,-0.2030961279552061,-0.40172353435938246,1.068594970074543,0.8747138577909334
2020-12-17,0.47454383971539416,-0.6442716532436175,-0.40172353435938246,1.0867356006789186,0.8863298616829477
2020-12-18,0.6555162047069187,-0.2328738689618602,-0.40172353435938246,1.0341859817376118,0.8645658771648476
2020-12-21,2.0619063610123494,2.254126592311657,-0.40172353435938246,1.1616023076185369,0.9000318891220961
2020-12-22,1.2380542819547133,0.7389227661096758,-0.40172353435938246,1.1250124743171255,0.9022900253058924
2020-12-23,1.1086701045545426,0.49885151158221547,-0.40172353435938246,1.1254442038013872,0.8984725328392514
2020-12-24,0.33881182183396685,-0.9794770596881968,-0.40172353435938246,1.12952976453756,0.9277750575865998
2020-12-25,0.2617600718316793,-1.1863379041836954,-0.40172353435938246,1.1637279447262496,0.9587887536490919
2020-12-28,1.0535846390604664,0.2992751315590004,-0.40172353435938246,1.1656767297229589,0.9597473495499614
2020-12-29,0.657514124877933,-0.4508663758680564,-0.40172353435938246,1.1552184890308925,0.9767220642013206
2020-12-30,0.6442177952294074,-0.4959372913665243,-0.40172353435938246,1.1567688866547408,0.9966874119939466
2020-12-31,0.6261281853270932,-0.5379672943370192,-0.40172353435938246,1.153882073368663,1.0083258956100725
2021-01-01,0.30221737575788327,-1.1863379041836954,-0.40172353435938246,1.1664026750846141,1.037745015930759
2021-01-04,1.0730636333759866,0.2757356916164841,-0.40172353435938246,1.1566778205472947,1.0337918605288887
2021-01-05,0.7270925002357442,-0.39658863320327714,-0.40172353435938246,1.1826440069908208,1.030365479309807
2021-01-06,1.7300764505727628,1.2522749318979625,-0.03299751019379929,1.1363477408775295,0.9949032298058805
2021-01-07,1.2573081442882037,0.7086580077012734,-0.40172353435938246,1.1226405887501165,0.976198574478646
2021-01-08,0.6670230473522956,-0.27981567674774105,-0.40172353435938246,1.0006238102518237,0.9732711886829074
2021-01-11,0.8524488636710437,0.09006702288116995,-0.40172353435938246,0.9886576495169327,0.9628129978472806
2021-01-12,0.6777322819030727,-0.2029396853943679,-0.40172353435938246,0.9577602102334264,0.9569695083501237
2021-01-13,0.5601191744974672,-0.38873561813887914,-0.40172353435938246,0.908876855854809,0.9700169662796848
2021-01-14,0.621926791155464,-0.2732997105996635,-0.40172353435938246,0.894439455222619,0.9858712415799988
2021-01-15,1.280297340566892,0.6609530894624135,-0.03299751019379929,0.8880000644764352,0.980696165620321
2021-01-18,0.6509064877503217,-0.1746637983218538,-0.40172353435938246,0.8428255582408509,0.9922197146763231
2021-01-19,0.5525550369155915,-0.29810909691504733,-0.40172353435938246,0.7913238513522364,0.9798942280284099
2021-01-20,0.6500093128267597,-0.14847865669414062,-0.03299751019379929,0.4886300570557625,0.9936928715010492
2021-01-21,0.6807899181503025,-0.1195156512572573,-0.03299751019379929,0.5213693112917216,0.9906146199285376
2021-01-22,0.6017539891741254,0.021227981235180545,-0.40172353435938246,0.5689527275640933,0.9679154035402311
2021-01-25,0.9567186752980761,0.6191395202518835,-0.40172353435938246,0.621191243462695,0.9879542632099058
2021-01-26,0.6455378190030754,0.11951210663151933,-0.40172353435938246,0.5249838958436819,0.9965824419663137
2021-01-27,1.2115556335559603,1.1040309845938363,-0.40172353435938246,0.6026980412695166,1.0009242174364827
2021-01-28,0.7365253511303096,0.2568781183084875,-0.40172353435938246,0.5574522359229349,0.9989120722591357
2021-01-29,0.9100770653685684,0.5604712848542999,-0.40172353435938246,0.5933841228072526,0.9857726812954307
2021-02-01,0.35527466747351794,0.26373426084201745,-0.40172353435938246,-0.16339280782945603,0.972866660713758
2021-02-02,0.5259774989824456,0.4660587571587643,-0.40172353435938246,-0.05191509373915986,0.9840521913185812
2021-02-03,0.16544374249971144,-0.23077169033664455,-0.40172353435938246,-0.04748223075593904,0.9999973574468168
2021-02-04,0.19600613488731156,-0.1281708449971493,-0.40172353435938246,-0.0929062026875548,0.9988272468785062
2021-02-05,0.179547855277398,-0.13430374826607266,-0.40172353435938246,-0.12550475021318433,1.0061569477246932
2021-02-08,-0.05995276145800554,-0.4781507079736751,-0.40172353435938246,-0.1645896030508321,0.9326017933345209
2021-02-09,0.10128341007746519,-0.20078430079852203,-0.40172353435938246,-0.13943521928194808,0.9340082751528941
2021-02-10,0.0009967467372880012,-0.39401457099788345,-0.40172353435938246,-0.14257132597905067,0.9423532259886915
2021-02-11,0.032457252404406556,-0.26609411433850316,-0.40172353435938246,-0.22244708675148184,0.9517054537315986
2021-02-12,0.16368411734896132,0.03561669779540383,-0.40172353435938246,-0.28834648787520245,0.961254249708528
2021-02-15,0.5100574879523229,0.6536143407370081,-0.40172353435938246,-0.2508540865561616,0.9577194593854812
2021-02-16,-0.050704808300507775,-0.33290239073771916,-0.40172353435938246,-0.31033704764084347,0.94713378196613
2021-02-17,0.05208605310209519,-0.16677029116207198,-0.40172353435938246,-0.2618112910864241,0.9256474409613836
2021-02-18,0.43325652212842686,0.18090882357052637,-0.03299751019379929,-0.20512674154742075,0.9250791038952986
2021-02-19,0.18202348478184566,0.05643628240023903,-0.40172353435938246,-0.2244961657857841,0.9093508506673154
2021-02-22,0.043078441853649285,-0.1585513948698478,-0.40172353435938246,-0.268598111208038,0.9056894898645871
2021-02-23,0.11419730319765767,0.02010098695666071,-0.40172353435938246,-0.3089477181385303,0.8994244087171607
2021-02-24,-0.081709653428161,-0.3705994131474685,-0.40172353435938246,-0.2711672951487415,0.8841649354602432
2021-02-25,-0.024034889609032106,-0.2567527277156558,-0.40172353435938246,-0.27114428331556617,0.8782984847017377
2021-02-26,0.6771366517621171,0.9873032197256053,-0.40172353435938246,-0.18396686255435957,0.8668731838675141
2021-03-01,1.0353451455901892,1.464362987161752,-0.40172353435938246,-0.02948755929934032,0.9167618344383082
2021-03-02,0.04406077826093974,-0.39237499043545876,-0.40172353435938246,-0.032753040530229496,0.9130911824822112
2021-03-03,0.3629915147968891,-0.03853427984721404,-0.03299751019379929,-0.0741724046574514,0.8824390629240926
2021-03-04,0.010967895645466325,-0.3363759727619651,-0.40172353435938246,-0.07711267133701132,0.8322869581205604
2021-03-05,0.19426605669196345,0.0927430877501161,-0.40172353435938246,-0.1579212799277263,0.8256401237408465
2021-03-08,0.8268447846360085,1.2186381079039545,-0.40172353435938246,-0.07722012969626627,0.8093875364606901
2021-03-09,0.21113134562321578,0.038485671834794455,-0.40172353435938246,-0.06677092936781129,0.8229933253972009
2021-03-10,-0.07027864689322455,-0.5059075976524192,-0.40172353435938246,-0.05225712746757456,0.8244409110287072
2021-03-11,0.2906451911099869,0.18863804548295143,-0.40172353435938246,-0.04639384753540908,0.8010037024305032
2021-03-12,-0.1120469479125476,-0.6188083033389349,-0.40172353435938246,-0.02016047077785726,0.8279375769671233
2021-03-15,-0.2972847293308204,-0.6880994986581684,-0.40172353435938246,-0.3319727504241331,0.8532802493751503
2021-03-16,-0.14833743099610727,-0.2754612074753355,-0.40172353435938246,-0.40791097452956804,0.7898633523079333
2021-03-17,-0.016244357631333944,-0.07158894956636494,-0.40172353435938246,-0.42847885683563275,0.8590620954993691
2021-03-18,-0.14316481834428318,-0.27470962751496414,-0.40172353435938246,-0.45562667001271023,0.8492619584027318
2021-03-19,0.09542230626975137,0.170270312657652,-0.40172353435938246,-0.43499519250366747,0.8315034650635816
2021-03-22,-0.35271057764720304,-0.6041430293094922,-0.40172353435938246,-0.47599123951710215,0.8012177513529327
2021-03-23,-0.2963462280132461,-0.5048057550718934,-0.40172353435938246,-0.47987424224590935,0.8123729959254333
2021-03-24,-0.1842762100208696,-0.30314259054029685,-0.40172353435938246,-0.49067880819930243,0.8333084997626554
2021-03-25,-0.2153776104533821,-0.35289636781955036,-0.40172353435938246,-0.4934386016321525,0.8268262331384003
2021-03-26,-0.43702550252531924,0.44266340771801266,-0.40172353435938246,-0.45129820034783996,-0.5201261068280243
2021-03-29,-0.9178784772950119,-0.47679963231303435,-0.40172353435938246,-0.4476880439702637,-0.507119521528849
2021-03-30,-0.6477677347950416,-0.006902353688214897,-0.40172353435938246,-0.4131027674709515,-0.502517867657145
2021-03-31,-0.8476091329491957,-0.3694506222846596,-0.40172353435938246,-0.4348660849923743,-0.4938996937462109
2021-04-01,-0.7549067360835073,-0.15005815814018825,-0.40172353435938246,-0.4703888002189882,-0.5053801014037339
2021-04-02,-1.3219565902287558,-1.161636897824428,-0.40172353435938246,-0.46333061130112735,-0.5711154285606589
2021-04-05,-1.310790357607627,-1.1646789145429772,-0.40172353435938246,-0.4752678043189409,-0.5328363729988681
2021-04-06,-0.7771891988986026,-0.1542537391011597,-0.40172353435938246,-0.45296495302736084,-0.5640611716586115
2021-04-07,-1.0418942452839013,-0.6769505785491802,-0.40172353435938246,-0.4404214596984268,-0.5501281259059168
2021-04-08,-0.9284974452442556,-0.4504608495972548,-0.40172353435938246,-0.4382408352025584,-0.5667385910440549
2021-04-09,-1.005720287945561,-0.6009292082910577,-0.40172353435938246,-0.48269925863625035,-0.5146696859528591
2021-04-12,-0.929548478340134,-0.4721845799690626,-0.40172353435938246,-0.4537222830740979,-0.5293678168439222
2021-04-13,-0.9878186284550139,-0.5930866165720525,-0.40172353435938246,-0.4381415133286193,-0.5333911038580271
2021-04-14,-0.9111508459458837,-0.4547895813798765,-0.40172353435938246,-0.455733675061037,-0.5087956896621996
2021-04-15,-0.7437112372551813,-0.5110445009639998,-0.03299751019379929,-0.41501439608086155,-0.49036938780370926
2021-04-16,-0.6016921627441468,0.10044245810117408,-0.40172353435938246,-0.44877822726365263,-0.4876076423640817
2021-04-19,-0.6023057754322889,-0.10652883517223895,-0.03299751019379929,-0.5744832663908611,-0.4731928899902566
2021-04-20,-0.1098929823576657,1.0578203705655542,-0.40172353435938246,-0.5000151750848758,-0.46959019992183115
2021-04-21,-1.094489979738992,-0.5370802904670742,-0.40172353435938246,-0.6165064716836962,-0.6231381873681703
2021-04-22,-0.6263085083558633,0.22814239345793047,-0.40172353435938246,-0.521405834250957,-0.5988814296392243
2021-04-23,-1.0826596696496171,-0.5797446403108963,-0.40172353435938246,-0.6036484367051205,-0.566781432719065
2021-04-26,-0.8937212282003036,-0.1935931898526787,-0.40172353435938246,-0.620343509606879,-0.5826988477379604
2021-04-27,-1.110339702253024,-0.6186637170266637,-0.40172353435938246,-0.6564347549763666,-0.5258325062947846
2021-04-28,-0.9677160746419591,-0.32993335270986984,-0.40172353435938246,-0.6630448020313463,-0.541126597295794
2021-04-29,-1.103069400716005,-0.5996505177373741,-0.40172353435938246,-0.6426887843198952,-0.5459137859109473
2021-04-30,-0.9354899274582844,-0.31830421611771453,-0.40172353435938246,-0.5664976889850417,-0.5891865451986321
2021-05-03,-0.9741750149225235,-0.38741352345123803,-0.40172353435938246,-0.5571717642151927,-0.6027884931076603
2021-05-04,-0.3625309858987835,0.8004312568903509,-0.40172353435938246,-0.6136638411129965,-0.5848745754108291
2021-05-05,0.34922014010750124,1.1573621322800498,0.704454538137367,-0.5215149893655279,-0.6402206157407497
2021-05-06,-1.115941241610727,-0.6952730776944833,-0.40172353435938246,-0.49585871744620863,-0.6222406276582336
2021-05-07,-0.689182036595687,0.30037659787779525,-0.40172353435938246,-0.4721835553803711,-0.8548915666287963
2021-05-10,-0.8591934304648638,-0.27946797353148384,-0.03299751019379929,-0.5396350602834398,-0.8426845095486717
2021-05-11,0.5360026337604986,1.2236824974844938,1.07318056230295,-0.34208465492651247,-0.8591097028154592
2021-05-12,-1.1485343652358395,-0.5660405046753698,-0.40172353435938246,-0.3877948694443006,-0.9396934190279529
2021-05-13,-1.159136462336282,-0.4464186218928027,-0.40172353435938246,-0.45548620489532093,-1.0191149352508653
2021-05-14,-0.6476004808593337,0.4764623398098271,-0.40172353435938246,-0.41481105042658134,-1.019977557237772
2021-05-17,-1.2354383849067843,-0.6016968371647,-0.40172353435938246,-0.43591988073472315,-1.026776226032626
2021-05-18,-1.2006875279266007,-0.5385027843023935,-0.40172353435938246,-0.41346089499503824,-1.0479084836859383
2021-05-19,-0.26842285632450213,0.9792615107992194,-0.40172353435938246,-0.2886010432502588,-0.9259103945790715
2021-05-20,-0.4248619314706969,0.3993633427479638,-0.03299751019379929,-0.22396002970950266,-1.0239605551931474
2021-05-21,-0.7038960973283748,0.0912286025581844,-0.03299751019379929,-0.39801692175230924,-1.0750416261783087
2021-05-24,-1.380881689546394,-0.7248832899847688,-0.40172353435938246,-0.5856666672711109,-1.0320865188620325
2021-05-25,-1.2586839896761877,-0.5280300740689368,-0.40172353435938246,-0.5575453853856265,-1.0261069223423662
2021-05-26,-1.3049371607099127,-0.693351202699832,-0.40172353435938246,-0.49219878621815427,-1.00999530593377
2021-05-27,-0.8423204649503626,-0.04896633181990994,-0.03299751019379929,-0.5289777997412461,-1.0674759672627727
2021-05-28,-1.0825259568225494,-0.19692912949136612,-0.40172353435938246,-0.47064718052059157,-1.1166934686371208
2021-05-31,-1.2429379444677242,-0.3959046547772994,-0.40172353435938246,-0.578568819089952,-1.1143939531932734
2021-06-01,-1.0653197749692,-0.041634097097354245,-0.40172353435938246,-0.5512125925278768,-1.164848953230568
2021-06-02,-1.2145050877999988,-0.3345914582767835,-0.40172353435938246,-0.5509275315549461,-1.1516739586697042
2021-06-03,-1.1522603380030707,-0.5023963317154873,-0.03299751019379929,-0.5697030078103369,-1.1638523607749494
2021-06-04,-1.3361434888683372,-0.5511161673466698,-0.40172353435938246,-0.5695853556193747,-1.1452460952707733
2021-06-07,-1.0654086086668213,-0.44415551400126807,-0.03299751019379929,-0.5775123944920882,-1.042826717654289
2021-06-08,-1.354874658010338,-0.7200174950148824,-0.40172353435938246,-0.5783279829341118,-0.9924211432079609
2021-06-09,-1.2898289462190986,-0.5750424346714879,-0.40172353435938246,-0.6242250432422647,-0.9689722063918936
2021-06-10,-1.2817716754898254,-0.5997032908627411,-0.40172353435938246,-0.6049891675613251,-0.9462417667551752
2021-06-11,-1.1298032272418008,-0.2974349200860952,-0.40172353435938246,-0.6281148916896139,-0.939985074069158
2021-06-14,-1.1483232860468273,-0.3011857367196714,-0.40172353435938246,-0.6177053050732989,-0.984228120429093
2021-06-15,-1.2540994675637347,-0.4500372868416731,-0.40172353435938246,-0.6228714282080665,-1.0325617663179256
2021-06-16,-1.3053368628660085,-0.5363449921101416,-0.40172353435938246,-0.619419558741669,-1.0469140306203026
2021-06-17,-1.2978740589148972,-0.5006802599286391,-0.40172353435938246,-0.6273092228131573,-1.0619450969324131
2021-06-18,-0.2580151554281006,0.9709178672203319,-0.03299751019379929,-0.5490912421000389,-0.962189905741341
2021-06-21,-1.1217245323578653,-0.3389729147799037,-0.40172353435938246,-0.5436953096443901,-0.9670394076296783
2021-06-22,-0.8368307926066402,-0.39129222912542494,0.3357285139717839,-0.580030166431309,-0.9730771256168854
2021-06-23,-0.7856640756542472,0.025215418337019693,-0.03299751019379929,-0.5998092647969246,-0.9588806065214888
2021-06-24,-0.7948671340080604,0.2501643578836969,-0.40172353435938246,-0.5504072918703273,-0.9328905619426311
2021-06-25,-1.1229982038876867,-0.646506157708463,-0.03299751019379929,-0.5581237331389064,-0.9618947323936468
2021-06-28,-0.9570101944114404,-0.030836911443466116,-0.40172353435938246,-0.5685069768702611,-0.939578468522979
2021-06-29,-1.1048632434714518,-0.2665769689744222,-0.40172353435938246,-0.5913009681691769,-0.9611502307736773
2021-06-30,-0.5493442773754279,0.3689662323844316,-0.03299751019379929,-0.5082360874491277,-0.9463807237893812
2021-07-01,-0.7038469248371104,0.3096387711819876,-0.40172353435938246,-0.4824444818581383,-0.8837790826175532
2021-07-02,-1.18397818895615,-0.5904243869825846,-0.40172353435938246,-0.4864634861498978,-0.8822123697882159
2021-07-05,-1.13368783861773,-0.5048883813382954,-0.40172353435938246,-0.49912404555957524,-0.8593418558434317
2021-07-06,-0.9181131894473681,-0.09482279969885225,-0.40172353435938246,-0.48110368462704756,-0.8833449135597208
2021-07-07,-0.9248721577865882,-0.15921151132549546,-0.40172353435938246,-0.4620392098898266,-0.847668133062153
2021-07-08,0.43454535157474816,1.213024730157447,0.704454538137367,-0.3022217532750836,-0.7563169452636914
2021-07-09,-0.21181994368041357,0.7247836653218758,-0.40172353435938246,-0.2472117414885706,-0.5811570146595495
2021-07-12,-0.6783463393875081,-0.17836664924630996,-0.40172353435938246,-0.22171398564532513,-0.5795610738066354
2021-07-13,-0.9081983669804032,-0.5790597754948649,-0.40172353435938246,-0.26927711685878514,-0.5636751515868177
2021-07-14,-0.9045238919095153,-0.5959885054540202,-0.40172353435938246,-0.25179984540969186,-0.556277953481226
2021-07-15,-0.5470290259621338,0.08778130413629534,-0.40172353435938246,-0.25027585126112345,-0.5705355947879809
2021-07-16,-0.9977483255505774,-0.6044167798295835,-0.40172353435938246,-0.24292361539435697,-0.744836850756083
2021-07-19,2.809553771641483,2.337906902308351,3.6542627314620324,0.14978459500620342,-0.3412264330381262
2021-07-20,-0.3193244327289297,-0.10176504013138203,-0.40172353435938246,0.17618047752834728,-0.3513866668139975
2021-07-21,0.5087918102569549,1.0416022690746776,-0.03299751019379929,0.23587437734707895,-0.30732642744264754
2021-07-22,-0.3478918894985935,-0.2507336393308616,-0.40172353435938246,0.22550940214591855,-0.3004158947409636
2021-07-23,-0.17465725272020602,0.1299235275859365,-0.40172353435938246,0.22480117674823932,-0.3588275654807918
2021-07-26,-0.5086241960440564,-0.46588982352054165,-0.40172353435938246,0.20977725972827152,-0.377500331931541
2021-07-27,-0.31987831260082805,-0.17812385840399383,-0.40172353435938246,0.3056786949769559,-0.40545905545311317
2021-07-28,-0.15089797951923253,-0.13487148674440802,-0.03299751019379929,0.252102785940693,-0.3925568010738061
2021-07-29,-0.30481247456741156,-0.12376011008634032,-0.40172353435938246,0.2682497858738568,-0.3944261588506614
2021-07-30,-0.3244491870268163,-0.1688700980619143,-0.40172353435938246,0.30464034026310516,-0.42355898591893903
2021-08-02,-0.37911568509347854,-0.30336262929637225,-0.40172353435938246,0.3492212165500237,-0.43593183520820256
2021-08-03,-0.6068279151634582,-0.643477204107284,-0.40172353435938246,0.24478224305737106,-0.4215328347234697
2021-08-04,-0.4293510942862332,-0.36017699609999837,-0.40172353435938246,0.2589544439547376,-0.38223839505242463
2021-08-05,-0.5343080918803436,-0.6328723921062043,-0.40172353435938246,0.27890982976176576,-0.3219896859871153
2021-08-06,-0.4779795097650359,-0.48132464371462647,-0.40172353435938246,0.2274687274085258,-0.3174381230190903
2021-08-09,-0.6295794229411524,-0.7947938571327386,-0.40172353435938246,0.2450421408115799,-0.3051205397992957
2021-08-10,-0.4199438209720301,-0.43329326445777105,-0.40172353435938246,0.2527357491334058,-0.2781519866591218
2021-08-11,-0.4663946845830622,-0.4311722058176765,-0.40172353435938246,0.1588653687958334,-0.2764050568045093
2021-08-12,-0.65039131858413,-0.7197145902914969,-0.40172353435938246,0.11123224412306633,-0.28834702480122737
2021-08-13,-0.6503947656880069,-0.8305133482611913,-0.40172353435938246,0.15858021208374115,-0.21862568022247586
2021-08-16,-0.2943962917260353,-0.18243513205127376,-0.40172353435938246,0.16497789650205494,-0.20262317398767657
2021-08-17,-0.013786602005186513,-0.24361175905055366,0.3357285139717839,0.12569593284470143,-0.2047229770186249
2021-08-18,-0.18328083848366744,-0.2123629213417001,-0.03299751019379929,0.10197171188742193,-0.21814258162041694
2021-08-19,1.0366326491576965,0.9620488409793677,1.07318056230295,0.3076967156088291,-0.24388776727990172
2021-08-20,-0.4887495061796338,-0.5671144279280078,-0.40172353435938246,0.2905779681244192,-0.3127885279097022
2021-08-23,-0.15762667287707144,0.04032226241777307,-0.40172353435938246,0.2944951317139579,-0.30077509669935637
2021-08-24,-0.48268802323551285,-0.5382375524460307,-0.40172353435938246,0.27182808554479887,-0.312030215019974
2021-08-25,-0.42579729883763184,-0.4296114168708568,-0.40172353435938246,0.2668659949347927,-0.3086709983253523
2021-08-26,-0.49113274781067484,-0.5629905706654764,-0.40172353435938246,0.2833342692367719,-0.314483473016585
2021-08-27,-0.4577519732355969,-0.5397350419609321,-0.40172353435938246,0.29864339617487656,-0.28799781992315965
2021-08-30,-0.4272149595215339,-0.5093017526528741,-0.40172353435938246,0.3328671215934818,-0.29469661294819105
2021-08-31,0.11624607244449488,-0.09135909332097597,0.3357285139717839,0.2985625662059338,-0.28590224274543996
2021-09-01,-0.36294988923909643,-0.37540613859974375,-0.40172353435938246,0.31117693190960666,-0.28615692782834395
2021-09-02,-0.4012773992968097,-0.45937892870110725,-0.40172353435938246,0.3043492163595175,-0.26621526103091225
2021-09-03,-0.39299476382800363,-0.45013064767550925,-0.40172353435938246,0.2843806094026434,-0.238599032878507
2021-09-06,-0.26235113690781325,-0.22693237551150758,-0.40172353435938246,0.28945888220340105,-0.21984515538653557
2021-09-07,-0.3160717101141073,-0.4040066754477513,-0.40172353435938246,0.3085507006076214,-0.15795623037386844
2021-09-08,-0.049538859855701445,0.07650376127991239,-0.40172353435938246,0.36480365273480647,-0.19458588407177763
2021-09-09,-0.3712409855034024,-0.4928716641024649,-0.40172353435938246,0.3633253765949057,-0.23102044988093426
2021-09-10,-0.39820917520165616,-0.4231532863022019,-0.40172353435938246,0.25712960525084316,-0.24971774765221708
2021-09-13,-0.2582273666578513,-0.12064987139528327,-0.40172353435938246,0.2361110950426795,-0.27013038394163824
2021-09-14,-0.4640044243791265,-0.5587825030395033,-0.40172353435938246,0.25941246234417614,-0.23924892238050852
2021-09-15,-0.16165368338576036,-0.030814024002268313,-0.40172353435938246,0.33727870826205836,-0.277058049857786
2021-09-16,-0.35407121133831687,-0.3570266936308316,-0.40172353435938246,0.25692193900624755,-0.23139987335110573
2021-09-17,-0.1935789883535664,-0.055727788795517985,-0.40172353435938246,0.26613084444412766,-0.24059512443861156
2021-09-20,2.202126973822662,1.66213295077855,2.1793586347996996,0.5546962688759007,0.08723754078976712
2021-09-21,0.24853444954264314,0.11332161828157189,-0.40172353435938246,0.6210601580102028,0.10089583412599942
2021-09-22,0.9173651339194109,0.6851489617271412,0.3357285139717839,0.6190822490555316,0.1638815165859577
2021-09-23,0.318164926942086,0.21844745071864005,-0.40172353435938246,0.6169695048314795,0.13285000711742648
2021-09-24,0.23294556573886316,0.03772471741267185,-0.40172353435938246,0.6326440260761499,0.13857972753392145
2021-09-27,0.22484734903398526,-0.2515126212346358,-0.03299751019379929,0.6088775573084404,0.12000568380114447
2021-09-28,1.6853515432618678,1.1295454892962489,1.4419065864685332,0.6274187250531665,0.21553654559383223
2021-09-29,0.35344749074758597,-0.16379094184763499,-0.03299751019379929,0.6567817407118844,0.2356009980449024
2021-09-30,0.07215885980338342,-0.18740856798690034,-0.40172353435938246,0.5208193896285777,0.17230945343806353
2021-10-01,0.11480934437681202,-0.36536880325923593,-0.03299751019379929,0.453081580644211,0.1825113885259988
2021-10-04,0.1541757341534429,-0.25652151890964553,-0.03299751019379929,0.4529199270329087,0.14521878703713564
2021-10-05,0.45834728432871286,0.33282859829206307,-0.03299751019379929,0.4887814281839625,0.08890826912383983
2021-10-06,0.5547121086544435,0.4674943603134794,-0.03299751019379929,0.54026305605813,0.08517953557610702
2021-10-07,0.6617892737252506,0.6804863333248563,-0.03299751019379929,0.5323847390786781,0.08079792381296456
2021-10-08,-0.08775524018643875,-0.3329611025066954,-0.40172353435938246,0.5004954490657467,0.026847846460730296
2021-10-11,-0.2916733051250273,-0.2899773285975207,-0.40172353435938246,0.06517521456500776,0.022546333123602737
2021-10-12,-0.4323725828875469,-0.5239093539357661,-0.40172353435938246,0.03188432958176761,0.024431038891113074
2021-10-13,-0.326481632725206,-0.19644317442974152,-0.40172353435938246,-0.061558683754708264,-0.01617637667167426
2021-10-14,-0.14902822790365153,0.09313810445790979,-0.40172353435938246,-0.02489796712052166,-0.007130579413398465
2021-10-15,-0.3545066358518431,-0.29448468271334755,-0.40172353435938246,-0.048757887945993464,0.0192371732511334
2021-10-18,-0.374557911399397,-0.37319348145926295,-0.40172353435938246,-0.025388018087625943,0.03895996763400901
2021-10-19,-0.4700066869414318,-0.5323599227441168,-0.40172353435938246,-0.05002399728760725,0.042882875657746844
2021-10-20,-0.1544062563841878,-0.23562769693461,-0.03299751019379929,-0.0633076419985227,0.037550642531502046
2021-10-21,-0.3997556305660256,-0.3564411563665268,-0.40172353435938246,-0.09408684357223063,0.04167473011494388
2021-10-22,-0.4549301930944575,-0.44297690318884697,-0.40172353435938246,-0.10867312922805494,0.03842152175853385
2021-10-25,-0.5516035780522908,-0.6246134586004646,-0.40172353435938246,-0.13224361819563465,0.06291263769185204
2021-10-26,-0.4767239053052138,-0.4916431973115304,-0.40172353435938246,-0.14812651697790025,0.08783866253843031
2021-10-27,-0.44817251413458226,-0.4195489761557234,-0.40172353435938246,-0.1469273611685027,0.06678167558075762
2021-10-28,0.17446127610619935,-0.04469190015737517,0.704454538137367,-0.24451835376298384,0.009951196072609032
2021-10-29,-0.21330846345314575,-0.1265519278853678,-0.03299751019379929,-0.25119082308682333,-0.002797752195025378
2021-11-01,-0.1366680314501499,0.005379162281910323,-0.03299751019379929,-0.22775607854447774,-0.014195105680338643
2021-11-02,-0.3814470302464246,-0.4080446810789398,-0.03299751019379929,-0.2649447326307769,-0.025602983478922717
2021-11-03,0.09106468291944714,0.23369207423967261,0.3357285139717839,-0.3264304442225402,-0.03448126100790698
2021-11-04,-0.3800711802716015,-0.19701883831543018,-0.03299751019379929,-0.3349141853590549,-0.1766992293180542
2021-11-05,-0.6503950084277987,-0.33780836340339304,-0.40172353435938246,-0.36913456764192,-0.19797589388431497
2021-11-08,-0.7386004638555002,-0.41521459817612494,-0.40172353435938246,-0.405725870438689,-0.2548371006176715
2021-11-09,-0.845659362806109,-0.6396215348242723,-0.40172353435938246,-0.3633570733827596,-0.2741129971226639
2021-11-10,-0.7458306354466923,-0.44912445623406194,-0.40172353435938246,-0.3675957985638456,-0.27275522542150527
2021-11-11,-0.9381665540882301,-0.6575301293236097,-0.40172353435938246,-0.5427900629242288,-0.2546745410864734
2021-11-12,-0.7532746546328368,-0.2827268316419967,-0.40172353435938246,-0.5672198181224642,-0.2585044955335623
2021-11-15,-0.8889932912532041,-0.5233052559101437,-0.40172353435938246,-0.5869170668395625,-0.253586513682639
2021-11-16,-0.8521295723254446,-0.42390529694693396,-0.40172353435938246,-0.6028221879443759,-0.26936437159119414
2021-11-17,-0.9027408365654862,-0.5738369130989283,-0.40172353435938246,-0.5909969886033861,-0.22279203635106293
2021-11-18,-0.6373510284255466,-0.05676183997578292,-0.40172353435938246,-0.5831327291036722,-0.2505785220914456
2021-11-19,-0.21102415202653496,0.156966310650193,0.3357285139717839,-0.5855878262133332,-0.29215376797316406
2021-11-22,-0.4564576293491547,-0.2872460710641654,0.3357285139717839,-0.6086778620878889,-0.2864899827904784
2021-11-23,-0.27071257669032117,0.33605450048149726,-0.03299751019379929,-0.6052821799570465,-0.2468248739479222
2021-11-24,-0.6559135149968016,-0.27969390304465575,-0.03299751019379929,-0.6305686199683432,-0.3368878569664505
2021-11-25,-0.841923642180145,-0.31691502764799057,-0.40172353435938246,-0.6057073097344755,-0.36074062507654897
2021-11-26,5.380906141752819,4.442165536420073,5.497892852289948,0.3393449740619802,0.7051966286955943
2021-11-29,0.29940517195647565,-0.05703699815537626,-0.40172353435938246,0.3556071897282979,0.6636022896468747
2021-11-30,0.30738023076588783,-0.015358381424123631,-0.40172353435938246,0.3316942524559327,0.6598499064663575
2021-12-01,1.4700105303553674,0.9165317064531803,1.07318056230295,0.33566682109715923,0.6515282497603335
2021-12-02,0.396945650851646,0.1450374351179608,-0.40172353435938246,0.3568930034036577,0.6421311796089958
2021-12-03,0.2880530694562676,-0.11636278573865308,-0.03299751019379929,0.3364964493472101,0.3864621627434124
2021-12-06,0.9012987648438568,0.4103409558837863,0.704454538137367,0.33231446651513674,0.38793913985408973
2021-12-07,2.4267680062388477,1.8171221812665455,2.1793586347996996,0.46276279187015906,0.4703936285472813
2021-12-08,0.11840580087159577,-0.3047797044900822,-0.40172353435938246,0.45817266494575315,0.45724187362053614
2021-12-09,-0.03413994363732357,-0.6243115853216697,-0.40172353435938246,0.47338163444762743,0.47663076304683527
2021-12-10,0.03490002455427012,-0.5070534714342446,-0.40172353435938246,0.4823378716525714,0.48074603326599774
2021-12-13,0.12186001292068571,-0.18004689049215095,-0.40172353435938246,0.3047671875784497,0.49010530294413507
2021-12-14,0.11620530469916572,-0.17030473941216134,-0.40172353435938246,0.2785559476268911,0.4955392421401954
2021-12-15,0.11080701083966035,-0.4268254041789647,-0.03299751019379929,0.22282825702204273,0.48057987947950775
2021-12-16,1.1432240452785623,0.7708172944242676,0.704454538137367,0.31982642362563696,0.5022952544179643
2021-12-17,0.043747905899722835,-0.3646124541507127,-0.40172353435938246,0.30363928969544335,0.5318467568686777
2021-12-20,0.8729444759780643,0.5360656294686511,0.3357285139717839,0.32765342663186725,0.5382654184721503
2021-12-21,1.2209609360819567,0.870299998088349,0.704454538137367,0.34035304325501636,0.5310252064901515
2021-12-22,0.4583795178532011,0.14797026706999566,-0.03299751019379929,0.29444524460522964,0.49032362704174837
2021-12-23,0.2990861177820788,0.12591417522231652,-0.40172353435938246,0.34371608979870205,0.47869887156221425
2021-12-24,-0.33027238997790526,-1.1301010396188822,-0.40172353435938246,0.38144469592598995,0.517835529667222
2021-12-27,0.228858920165039,-0.37019730733391504,-0.03299751019379929,0.3720802092210666,0.5026059263339394
2021-12-28,0.19788802744011624,-0.4052295925776164,-0.03299751019379929,0.35563735914516753,0.494830781560786
2021-12-29,0.0015454747892402962,-0.3997873237283117,-0.40172353435938246,0.3025471178299935,0.4855244217222328
2021-12-30,-0.1620650303061339,-0.6747520440802118,-0.40172353435938246,0.2896136966044514,0.46399561128230715
2021-12-31,-0.3064661424017061,-1.0337368722011284,-0.40172353435938246,0.32217870556282896,0.5241519692151922
2022-01-03,0.6155451663434238,0.008468125357456122,0.3357285139717839,0.3612633476832403,0.5502609674882598
2022-01-04,0.8141975923093655,0.10369040082753368,0.704454538137367,0.3631849276304352,0.5093836627112934
2022-01-05,0.08842987841845969,-0.32070221103901225,-0.40172353435938246,0.3691915167570608,0.5065741747956494
2022-01-06,0.4240301291265353,0.05657975702410973,-0.03299751019379929,0.35268658637878464,0.45842657732364567
2022-01-07,0.18251797021134278,-0.3718218465544799,-0.03299751019379929,0.31398243566388934,0.47129963665994334
2022-01-10,0.7985375058125548,0.5442379310030276,0.3357285139717839,0.2721047214058075,0.437061967196939
2022-01-11,0.7033891857094816,0.32028435055023324,0.3357285139717839,0.31596619810681437,0.4398079873332528
2022-01-12,0.5079826589195088,0.256407325497354,-0.03299751019379929,0.338683065135676,0.4278585728507416
2022-01-13,-0.1702003011892032,-0.7045776828188366,-0.40172353435938246,0.3471271472859376,0.41964666663821515
2022-01-14,0.9185028904837578,0.4076869560968748,0.704454538137367,0.32454981441300973,0.4336499937518526
2022-01-17,0.07989326488301629,-0.21241628396302134,-0.40172353435938246,0.30545716104252757,0.43938519349051114
2022-01-18,0.6820251451593485,0.546857328493479,-0.03299751019379929,0.35289511139810353,0.4524868125444148
2022-01-19,0.062166908908902196,-0.26483923188248254,-0.40172353435938246,0.32573972778893273,0.43876960176419666
2022-01-20,0.050158051390935016,-0.33163262930394166,-0.40172353435938246,0.38165659367801946,0.42799619616493095
2022-01-21,2.82107651608415,1.679290350620781,2.916810683130866,0.5972493499468847,0.5992289434889908
2022-01-24,5.857373886500213,4.131654869214394,5.866618876455531,1.029278853310398,0.9443673039369649
2022-01-25,0.7422187306687342,-0.08453144651454869,-0.40172353435938246,1.0486439988368432,0.865218819078036
2022-01-26,3.615622867498091,1.7163290845806183,3.6542627314620324,1.2024828768486888,0.8579192195273799
2022-01-27,0.9080701819223383,-0.2118434598115774,-0.03299751019379929,1.1910232587017477,0.8508120459717592
2022-01-28,1.1483165790807748,0.2634326387389897,-0.03299751019379929,1.1899919109808657,0.826428879391533
2022-01-31,0.8803694245447413,0.08309734493689094,-0.40172353435938246,1.2255169397625,0.7797366185617626
2022-02-01,1.3528547381533063,0.6353561562712904,-0.03299751019379929,1.2492304588901926,0.7781460921730758
2022-02-02,0.5766706478139365,-0.5287431974620234,-0.40172353435938246,1.2675046345667746,0.7800013579461667
2022-02-03,1.3762872030068802,0.6247421901870672,-0.03299751019379929,1.2965204181241192,0.7875902035600773
2022-02-04,1.1315444758858484,0.21872942324308092,-0.03299751019379929,1.3066240755420189,0.7189757089171812
2022-02-07,0.8127249984497039,-0.02469015347055162,-0.40172353435938246,1.295594825524036,0.6858488852126537
2022-02-08,0.6866110101561219,-0.27495810302079426,-0.40172353435938246,1.2970177827214,0.6985659674595003
2022-02-09,2.180331032684852,0.9384344373658126,1.4419065864685332,1.3256401697752405,0.693024769304054
2022-02-10,0.6582564713793176,-0.359642933100911,-0.40172353435938246,1.326481195351732,0.7015815279134346
2022-02-11,0.9618451103482926,-0.12381708809650828,-0.03299751019379929,1.3480006767554298,0.7011580220338908
2022-02-14,3.8050997999355136,1.898097445432934,3.6542627314620324,1.4625067791129116,0.7742396178286398
2022-02-15,1.9984765048744286,1.0515689321848707,0.704454538137367,1.4907797317051035,0.7075752628893606
2022-02-16,0.703085221184792,-0.5091536000952888,-0.40172353435938246,1.5100358335888173,0.7614719113771459
2022-02-17,1.1757598965705678,0.37055747007813694,-0.40172353435938246,1.5130886245230848,0.7677233151247495
2022-02-18,1.1471417533736619,0.31448777109090215,-0.03299751019379929,1.1926442268481774,0.7664091888101633
2022-02-21,3.1287472542125423,1.4550183732879467,2.916810683130866,1.2371142016457828,0.7947498176189873
2022-02-22,0.8771445814588925,-0.29045301248407346,-0.03299751019379929,1.237859233128602,0.8239871836771124
2022-02-23,1.060391162886174,0.11474250162324397,-0.03299751019379929,1.2023469121935226,0.7957198082554005
2022-02-24,7.323491684133085,6.088004588556863,5.866618876455531,1.3836187040469894,1.4343004514569482
2022-02-25,6.6702498199199365,4.358054281073098,6.235344900621115,1.6183765717570513,1.391271665289609
2022-02-28,2.9887985830656896,1.364709513998779,1.8106326106341164,1.5196691224881784,1.328125253669326
2022-03-01,5.77619614563117,4.194175915264217,4.760440803958781,1.4164666879827519,1.3231063190552128
2022-03-02,2.108975900181206,0.8132997609305124,0.704454538137367,1.341301599441155,1.342830305963206
2022-03-03,3.762264804376552,1.8216142914449105,3.285536707296449,1.2654199254943956,1.3133147037348178
2022-03-04,6.818884658257713,4.9845506308341285,5.866618876455531,1.4565442270746207,1.5248090219667296
2022-03-07,3.1349945430174184,1.569948916607968,1.8106326106341164,1.341896040896001,1.5882739100802075
2022-03-08,2.460154351615265,1.015983170742071,1.07318056230295,1.2636025754819153,1.577648181058015
2022-03-09,7.538290442021091,6.263084295681248,5.866618876455531,1.4886323162714954,1.5706096256486846
2022-03-10,2.7715149802399814,1.2164639348708006,1.4419065864685332,1.4410461541572939,1.468333125452992
2022-03-11,2.403625222809961,1.0998662171040952,0.704454538137367,1.4596283820299512,1.5067585293472188
2022-03-14,2.698287273649155,1.0691747132224627,1.4419065864685332,1.4379441166391598,1.4819330570314067
2022-03-15,1.08028114528389,-0.3769025438115607,-0.40172353435938246,1.4141184668772429,1.4814660699393434
2022-03-16,5.385920588226056,3.2426057503559833,4.760440803958781,1.4737949429335273,1.497626169169466
2022-03-17,1.5666212091189422,0.144594040579145,-0.03299751019379929,1.4619206559792806,1.5158182707389927
2022-03-18,1.289397783975943,-0.052256523963133385,-0.40172353435938246,1.4538230492258184,1.5136226788478861
2022-03-21,1.3252556045158843,-0.2755608087882296,-0.03299751019379929,1.4373622596220887,1.5053724943405817
2022-03-22,1.3389920486736,0.052340677471158496,-0.40172353435938246,1.4356944657456538,1.520299173747764
2022-03-23,1.7893644166994913,0.6196958604549544,-0.03299751019379929,1.4371661250160928,1.4809937817304897
2022-03-24,1.253004497276576,-0.08439406681365488,-0.40172353435938246,1.4324349022477634,1.4969364479038094
2022-03-25,1.2801740609584704,-0.32003900508956074,-0.03299751019379929,1.4194999504330847,1.4807200526049464
2022-03-28,1.1809175788803823,-0.1760817427212656,-0.40172353435938246,1.4164091538607535,1.4665501721863308
2022-03-29,4.222385116301655,2.70505109037437,2.916810683130866,1.4259957986760325,1.4638400361500317
2022-03-30,1.7468418109914188,0.32202533083137225,0.3357285139717839,1.3990354507706633,1.4169072762058088
2022-03-31,1.4935920835813474,0.4695282767006331,-0.40172353435938246,1.406209650965248,1.4149748436303209
2022-04-01,1.2055769599739374,-0.08522715489787255,-0.40172353435938246,1.4189083451249973,1.4161077375352245
2022-04-04,1.1099453141412292,-0.2958759962546525,-0.40172353435938246,1.4352606261620515,1.4322605740285468
2022-04-05,1.7249842032873155,0.2919693128775569,0.3357285139717839,1.3974708630977504,1.406682569525323
2022-04-06,2.6891279494529563,1.474304217532532,1.07318056230295,1.406005687483614,1.399148456471535
2022-04-07,0.9832500048729854,-0.47165779662220186,-0.40172353435938246,1.4041732772500721,1.3976361366803558
2022-04-08,1.6935326846673464,0.844829514182551,-0.40172353435938246,1.438190524328218,1.3821944230612064
2022-04-11,1.3173532045603422,0.14303543820449044,-0.40172353435938246,1.4289834385526088,1.3860853196706096
2022-04-12,0.9627309011206081,-0.5276186934207018,-0.40172353435938246,1.4256543125438723,1.393931031414843
2022-04-13,1.0770579578016515,-0.3157231960041325,-0.40172353435938246,1.4324538745001818,1.3900714777375707
2022-04-14,1.1143771759886596,-0.18824218107566626,-0.40172353435938246,1.4338934274865802,1.32694306589811
2022-04-15,0.6458312543551216,-1.0839260717658978,-0.40172353435938246,1.3945367171955843,1.3840590138738567
2022-04-18,0.5549341387659119,-1.1440044395089866,-0.40172353435938246,1.2568252541257423,1.4085751591645779
2022-04-19,0.9141361726453376,-0.4858930487016424,-0.40172353435938246,1.2621933838662924,1.421339249688085
2022-04-20,1.2268276540235936,0.1597803942993845,-0.40172353435938246,1.209448643118553,1.414093666662139
2022-04-21,1.0625750293777083,-0.13922500294036474,-0.40172353435938246,1.2076931302452085,1.4054536128282789
2022-04-22,1.999306719443016,0.9578635191869453,0.3357285139717839,1.2253563076148233,1.4246471809666956
2022-04-25,2.51924804545264,1.282682112335327,1.07318056230295,1.2361678541756074,1.4389758789179
2022-04-26,1.5138453463098385,0.35306597594594646,-0.03299751019379929,1.2152612317287206,1.4422936519452942
2022-04-27,1.3202297455779912,0.02623282585191561,-0.03299751019379929,1.1853451164692443,1.4336015659151886
2022-04-28,1.3849650478965057,0.18212533265272093,-0.03299751019379929,1.166274771775042,1.416714628289451
2022-04-29,1.010701756158278,-0.20062690835117053,-0.40172353435938246,1.1666055404877884,1.4094878388156726
2022-05-02,1.6652126958253581,0.7038902353700442,-0.03299751019379929,1.18362826708819,1.4040128933165112
2022-05-03,1.518917564403207,0.4686929567101657,-0.03299751019379929,1.1572803583474278,1.388711321979781
2022-05-04,1.1580767392827087,0.0978310489412985,-0.40172353435938246,1.1422565081938543,1.411834770741395
2022-05-05,1.5000296504396988,0.43977086995696857,-0.03299751019379929,1.1374344355526904,1.4023307707202124
2022-05-06,1.5946145589774674,0.9300899599762567,-0.40172353435938246,1.1419652706647263,1.3995647524534442
2022-05-09,4.286104655886508,2.4987009348003766,3.6542627314620324,1.152208231393156,1.4240850206423465
2022-05-10,1.042868716837409,-0.13259713734084547,-0.40172353435938246,1.1412397326834849,1.4278055407714196
2022-05-11,1.8685081122737766,1.1106233988141891,-0.03299751019379929,1.158513333733546,1.403760223974348
2022-05-12,1.6695295160311148,0.7546187793894333,-0.03299751019379929,1.1743243175844305,1.3679075857355474
2022-05-13,2.634800745520511,1.9334850206999745,0.704454538137367,1.2031835856638513,1.3451870200117877
2022-05-16,0.7411986126257314,-0.6553643727926332,-0.40172353435938246,1.1860053804780213,1.3335258165289374
2022-05-17,1.48653066888218,0.7419189549286105,-0.40172353435938246,1.2103868803969056,1.3121007504220372
2022-05-18,1.1681651465293585,0.16528472091787166,-0.40172353435938246,1.205123852046194,1.2941570602256922
2022-05-19,1.8219086523504262,0.8472893843325874,0.3357285139717839,1.139734961252486,1.274347836697013
2022-05-20,0.9414051888410284,-0.05331653975253937,-0.40172353435938246,0.9921547476939622,1.29303163095744
2022-05-23,1.6605032970998674,0.9360825794157613,-0.03299751019379929,1.090278133862127,1.2422488525750917
2022-05-24,1.1136276570950208,0.22657329620169808,-0.40172353435938246,1.0841499090812894,1.2442262502292254
2022-05-25,1.4947074580130018,0.5777280806254265,-0.03299751019379929,1.1118740821623014,1.2699367857844022
2022-05-26,1.52310813375863,0.6095959246219165,-0.03299751019379929,1.137482737317348,1.2663626965025852
2022-05-27,1.2884237924113127,0.4779324459892599,-0.03299751019379929,0.8247002986182117,1.2598538810173745
2022-05-30,0.7417594905859198,-0.29672892991260774,-0.40172353435938246,0.8966785505632761,1.2508469128508428
2022-05-31,1.1616110612933788,0.41339890336441987,-0.40172353435938246,0.9675372807989692,1.261952144514932
2022-06-01,0.926038139517384,0.4633722919559823,-0.40172353435938246,0.4788418481904699,1.2418341204911532
2022-06-02,0.5944469804380447,-0.14836777560145928,-0.40172353435938246,0.4499400188178591,1.2595527218116247
2022-06-03,0.4514905912003895,-0.3357020671303953,-0.40172353435938246,0.3857567844915963,1.239000657324125
2022-06-06,0.6962406835598804,0.08426655423689022,-0.40172353435938246,0.42814713468036025,1.237890992190789
2022-06-07,0.5701419271570234,-0.1721122628289026,-0.40172353435938246,0.4332567213169672,1.253363355862637
2022-06-08,0.23753098998961392,-0.6131612218388723,-0.40172353435938246,0.23698926909945203,1.2600608016168653
2022-06-09,0.9200541797800403,0.645193928026149,-0.40172353435938246,0.26401012661436823,1.2583130307954307
2022-06-10,4.155569532777836,2.8081831984275225,4.022988755627615,0.4115569228774543,1.2620712903179772
2022-06-13,2.7909810986922956,2.0136711035086123,1.8106326106341164,0.5379600055852007,1.2545133130264952
2022-06-14,1.7291389758290028,1.0727967612641451,0.704454538137367,0.44843162492407546,1.2274497097614185
2022-06-15,1.3108008019218473,0.5981112591274901,0.3357285139717839,0.4580339027941334,1.220321407004639
2022-06-16,3.3585121645960605,2.230790344526609,2.916810683130866,0.5009224789142747,1.1927601858676289
2022-06-17,0.7510848739686028,-0.10503146815531425,-0.03299751019379929,0.46049084510397476,1.1805589392160747
2022-06-20,0.8896280827093155,0.47315462463235036,-0.40172353435938246,0.46065161220909373,1.1767188551415773
2022-06-21,0.6595877370725034,0.22511158183030158,-0.40172353435938246,0.289257185386314,1.1572613113903807
2022-06-22,1.1174475144004776,0.7012901349217486,-0.03299751019379929,0.37139699824584693,1.1469762564346413
2022-06-23,0.8878498241198451,0.6019587724360854,-0.40172353435938246,0.36364945611768107,1.1358195469543433
2022-06-24,1.7341085208003963,1.239713711689837,0.704454538137367,0.4028887019044177,1.1055577051485685
2022-06-27,1.1733367239958328,0.5393607703478144,0.3357285139717839,0.37108605244289106,1.0963868646220123
2022-06-28,0.8476278068143341,0.2039712169614525,-0.03299751019379929,0.41127811485742255,1.094789665331436
2022-06-29,0.6258349219388826,0.1806282116900708,-0.40172353435938246,0.3512566648660534,1.0722294216767039
2022-06-30,1.491289362609257,1.4252276521494698,-0.03299751019379929,0.42262034132832255,1.070747614978878
2022-07-01,0.37552153138365274,-0.28065373692593776,-0.40172353435938246,0.34552457808312603,1.068281793421863
2022-07-04,0.467362643819937,-0.4532188778219167,-0.03299751019379929,0.36137437799708555,1.084915567010818
2022-07-05,2.6874661774234343,2.0782877585734036,1.8106326106341164,0.43337591380551693,1.0849542186628134
2022-07-06,0.9503920467650426,0.3950265398354247,-0.03299751019379929,0.424295634470519,1.0834848922582396
2022-07-07,1.922450094364152,1.5138062636116174,0.704454538137367,0.46920937585868033,1.122324942500622
2022-07-08,0.7118349999340218,0.19268377810277534,-0.40172353435938246,0.44633884293673154,1.1338906337245598
2022-07-11,0.7911441977709714,0.35673601107674796,-0.40172353435938246,0.43159394670312057,1.1331693503038707
2022-07-12,0.7860028344641583,0.056312376087678966,-0.03299751019379929,0.4043643543991814,1.1362052495504478
2022-07-13,0.6641166466241089,0.4289429266085933,-0.40172353435938246,0.39135411613976656,0.8408489527753781
2022-07-14,1.6695695579839638,1.336398509632017,0.704454538137367,0.3931790497229251,0.8813507216090305
2022-07-15,1.0620902744173362,0.8065324434640394,-0.03299751019379929,0.41387125749076437,0.8777083473192843
2022-07-18,1.1843976536497052,0.7387739896195626,0.3357285139717839,0.4387669066945133,0.8338088212046542
2022-07-19,0.7848680731759489,0.6120258652868197,-0.40172353435938246,0.432175030058432,0.8454658550709725
2022-07-20,0.37071722237216026,-0.15071342194336582,-0.40172353435938246,0.44789840501753714,0.8121496595123253
2022-07-21,0.43052291056353853,0.1300409286214581,-0.40172353435938246,0.42304125718769736,0.6571197703003439
2022-07-22,0.2849667133165616,-0.09309523796511444,-0.40172353435938246,0.41277763958145164,0.6135747625599899
2022-07-25,0.12498903506339734,-0.39613714532069094,-0.40172353435938246,0.3936074131794171,0.6360703256849223
2022-07-26,-0.09796619691480679,-0.12365633022160624,-0.40172353435938246,0.4330442820644523,-0.1484358247032253
2022-07-27,-0.038890264854586465,-0.016431386947679278,-0.40172353435938246,0.4362037534215092,-0.14762383005296784
2022-07-28,0.19505084863385252,0.39884290205530826,-0.40172353435938246,0.45932032007351087,-0.1454298107087054
2022-07-29,0.6562074435219516,0.9485166798213442,-0.03299751019379929,0.42775961517037814,-0.10949503659650311
2022-08-01,-0.2109631364473344,-0.24837318851777848,-0.40172353435938246,0.30467620223031155,-0.1088345381208007
2022-08-02,-0.35074428234043414,-0.2810248690347008,-0.40172353435938246,0.3217633562527456,-0.3739864077170962
2022-08-03,-0.09919271127088886,0.2472750411774976,-0.40172353435938246,0.2542588996118874,-0.36320934945527206
2022-08-04,-0.39555219744723824,-0.2930133882065359,-0.40172353435938246,0.18842961499851574,-0.312603140284822
2022-08-05,-0.37463198183109747,-0.17606601783939727,-0.40172353435938246,0.09968967930955024,-0.3035096828768965
2022-08-08,-0.17718783984239508,0.19543461135466628,-0.40172353435938246,0.12394303769792427,-0.3291911382705981
2022-08-09,-0.1391040176459824,0.3296570447013564,-0.40172353435938246,0.03692665153556547,-0.30578459472434244
2022-08-10,0.06660096759096767,0.6917930457407889,-0.40172353435938246,0.05098741053317415,-0.2940802779241049
2022-08-11,-0.5300866550488079,-0.35503198645941403,-0.40172353435938246,0.04012558021347533,-0.3631267843612399
2022-08-12,-0.5065439808299682,-0.28192534676961867,-0.40172353435938246,-0.0026087964716132663,-0.34958106917826587
2022-08-15,-0.6696662017996772,-0.5726744048995001,-0.40172353435938246,-0.04033719648371078,-0.32730165238988035
2022-08-16,-0.42517343801450247,-0.1820685890803649,-0.40172353435938246,-0.026088338937411616,-0.2680242995252667
2022-08-17,0.12844937919248048,0.5079242037425364,-0.03299751019379929,0.020529309322015275,-0.2776100552990123
2022-08-18,-0.5338154905144575,-0.44730707511608886,-0.40172353435938246,0.07269788855621205,-0.3054370224590213
2022-08-19,-0.2699984948417634,0.014579389628431921,-0.40172353435938246,0.10440042448255625,-0.3019351487056625
2022-08-22,0.08815900926005521,0.6515437591295979,-0.40172353435938246,0.11708412732101811,-0.2761784249519375
2022-08-23,-0.33435022452136176,-0.1579539954585421,-0.40172353435938246,0.12719903935822272,-0.27027317438554155
2022-08-24,-0.5190878965820915,-0.5743045369374251,-0.40172353435938246,0.1582678186979179,-0.22839436349464926
2022-08-25,-0.4562455431961825,-0.5285676452711613,-0.40172353435938246,0.17211670043163874,-0.1650236596917873
2022-08-26,0.24723545464184576,0.7959294812751552,-0.40172353435938246,0.1669628942223036,-0.16197309328385173
2022-08-29,0.03884945382222116,0.4198402542434577,-0.40172353435938246,0.17967587044597652,-0.19201391566855927
2022-08-30,-0.22189209319292605,-0.02052938729224228,-0.40172353435938246,0.18162531919461172,-0.2475209011832546
2022-08-31,-0.22091068662235822,-0.008118158467130493,-0.40172353435938246,0.17602070682830614,-0.2530348760256516
2022-09-01,0.979373883373459,1.6195660920896642,0.3357285139717839,0.21154114962910475,-0.29029311200477265
2022-09-02,0.857107437156021,1.4648949698769154,0.3357285139717839,0.0819652503086069,-0.23596325483333092
2022-09-05,0.03741919003153654,0.7747188454615496,-0.40172353435938246,-0.08305333886611557,-0.302412068764549
2022-09-06,-0.2691402181336851,-0.1442667104917684,-0.03299751019379929,-0.062037197055306456,-0.29380369219070646
2022-09-07,-0.41101336441413006,-0.03392593846248621,-0.40172353435938246,-0.11247286543069075,-0.30857847634861846
2022-09-08,-0.6405732089375047,-0.3464657803278818,-0.40172353435938246,-0.20186974543317834,-0.34323829655957017
2022-09-09,0.19123549904235052,0.8466614422374966,-0.03299751019379929,-0.12651657370351668,-0.36153384149940343
2022-09-12,0.3650907610522085,1.3485312146997857,-0.40172353435938246,-0.018822243166350443,-0.32412027895461826
2022-09-13,0.2497359998247136,0.8369238108106203,-0.03299751019379929,0.017957272169155724,-0.38351312369487484
2022-09-14,-0.3238011117766657,0.09736535971440448,-0.40172353435938246,-0.022789121865692395,-0.3670078708622564
2022-09-15,-0.5456667535639582,-0.29004620692348354,-0.40172353435938246,-0.049414433778348456,-0.3710945236971722
2022-09-16,-0.011645924779869199,0.7020079710554867,-0.40172353435938246,-0.04559974446439368,-0.3624456467043444
2022-09-19,-0.32409833786852604,-0.23722280835242915,-0.03299751019379929,-0.048276494330552734,-0.3192767368135993
2022-09-20,-0.010690097790271857,0.6074979663272525,-0.40172353435938246,-0.0034132386238207033,-0.3029131197865505
2022-09-21,-0.3472712175562396,-0.018631818970691102,-0.40172353435938246,-0.03328399941729616,-0.27879874254482767
2022-09-22,0.35287521551736056,0.8170367759899255,0.3357285139717839,-0.150538750402921,-0.31594333257399954
2022-09-23,2.941485634073142,2.8242893483878206,3.285536707296449,0.15413504062421338,-0.26411202405084466
2022-09-26,0.04220919622324068,0.11717585730245389,-0.03299751019379929,0.1599983063570704,-0.17726741240867142
2022-09-27,-0.3833058512846001,-0.24651134316647702,-0.40172353435938246,0.04036688988583731,-0.18345410938462337
2022-09-28,-0.04011814559106451,0.10677666031181819,-0.03299751019379929,0.04307705398798552,-0.21051573184730107
2022-09-29,1.0353381232649375,1.7374295470967236,0.3357285139717839,0.08616477726585084,-0.17317449615099811
2022-09-30,0.1613562422464298,0.6798027664932118,-0.40172353435938246,0.16475387469986943,-0.20836436731563096
2022-10-03,0.27586184158460225,0.5820302825344189,-0.03299751019379929,0.15175029932406167,-0.19624589503981524
2022-10-04,4.265648759071157,3.655129873648079,4.391714779793198,0.5501352954079396,0.09168698477526518
2022-10-05,0.4372923163631618,0.6066114087086504,-0.40172353435938246,0.5497768203168952,0.02636965997457437
2022-10-06,-0.09244308426293567,-0.39112720798546047,-0.40172353435938246,0.5435270130140353,0.035029149360338886
2022-10-07,0.42649584839728255,0.637377355224786,-0.40172353435938246,0.5078638857008515,0.015188366942371056
2022-10-10,-0.14724249910588172,-0.3860100371557322,-0.40172353435938246,0.4463926120055646,0.02009049784295103
2022-10-11,0.026095397718914448,-0.06819113894140527,-0.40172353435938246,0.47745852519155224,-0.0036985127575115224
2022-10-12,0.27788584784756276,0.007738734152537728,-0.03299751019379929,0.4816934189205044,0.08111693081214925
2022-10-13,0.2832488406467458,0.33354628300943634,-0.40172353435938246,0.4969242165109359,0.06375475817087696
2022-10-14,0.3665651422467384,0.5229632599760341,-0.40172353435938246,0.5373433685366646,-0.013656896661344585
2022-10-17,0.7424703687288944,1.148963450256167,-0.40172353435938246,0.5752521086515514,0.033442156721959874
2022-10-18,0.23213024876027122,0.11707660635645072,-0.40172353435938246,0.6295606187106478,0.054850522057467245
2022-10-19,0.1325888512900677,-0.06308208113528294,-0.40172353435938246,0.6059678748365713,0.07198133918942819
2022-10-20,0.11261615538556896,-0.06554020064778826,-0.40172353435938246,0.6140960641532329,0.02579254852384206
2022-10-21,-0.046420612186501065,-0.37928145185766093,-0.40172353435938246,0.6057987840382102,0.05035254803249455
2022-10-24,0.5040597524686623,0.6418774285361863,-0.40172353435938246,0.6253720352498645,0.04454111568390296
2022-10-25,0.480845352680731,0.6296809432851129,-0.40172353435938246,0.649960316314802,-0.014893264042979316
2022-10-26,0.09050984397921946,-0.09413433390027867,-0.40172353435938246,0.6576002253529089,-0.03350106759978187
2022-10-27,-0.01419815129447799,-0.17099790502549683,-0.40172353435938246,0.6471668097236253,-0.15156539216575476
2022-10-28,-0.24314150128242884,-0.43713376662346626,-0.40172353435938246,0.6461125352428595,-0.32697854776999147
2022-10-31,-0.1686368580154416,-0.3400551143282765,-0.40172353435938246,0.6287239820313256,-0.2626596270886915
2022-11-01,-0.07441972015469753,-0.2914052247020218,-0.40172353435938246,0.6912734428364874,-0.1898084236604684
2022-11-02,-0.006783498028807233,-0.0759943305284196,-0.40172353435938246,0.6835129635870935,-0.2766047787653452
2022-11-03,-0.024973555709275397,-0.003948165394510072,-0.40172353435938246,0.664535412715106,-0.37101368283516556
2022-11-04,1.0497776219174324,1.655920850018779,-0.03299751019379929,0.7510802908873319,-0.41181665261814554
2022-11-07,0.04441036070532528,0.09205547080997364,-0.40172353435938246,0.752650791136629,-0.4258989650905404
2022-11-08,-0.041359180890847724,-0.0703333353595585,-0.40172353435938246,0.771480185456241,-0.4442781402158783
2022-11-09,-0.23173593748478286,-0.5076989548340142,-0.40172353435938246,0.7742666401224834,-0.3617126234995483
2022-11-10,1.680534877658902,1.7786627913723314,1.07318056230295,0.78418960932575,-0.31751595098251933
2022-11-11,-0.044640904218415656,-0.18723550495063374,-0.40172353435938246,0.7692726231319066,-0.32294644329679906
2022-11-14,0.028461592855630935,-0.08824064744275484,-0.40172353435938246,0.760600434264322,-0.2726092757769652
2022-11-15,-0.1370816623835768,-0.40539265332881863,-0.40172353435938246,0.7750913627855569,-0.2812917312567365
2022-11-16,0.132022359193047,0.1842789235767919,-0.40172353435938246,0.783596796626319,-0.38027762141580845
2022-11-17,-0.05755032478831651,-0.14640074463306899,-0.40172353435938246,0.8009274761743578,-0.42593227800351235
2022-11-18,0.17420203075936708,0.24041305963101117,-0.40172353435938246,0.8503265874912739,-0.4249737984233848
2022-11-21,-0.25940273485870874,-0.5502717705237274,-0.40172353435938246,0.8279431579185703,-0.4278225253388168
2022-11-22,0.23772829570303322,0.3341842063508441,-0.40172353435938246,0.8467646244410099,-0.39369928166983215
2022-11-23,-0.1958419145842062,-0.5200162471181115,-0.40172353435938246,0.8527432012530537,-0.3577780992499128
2022-11-24,-0.027298157830860648,-0.17733331064215432,-0.40172353435938246,0.8106616107826662,-0.34170688364874663
2022-11-25,-0.3294969656609628,-0.7537811099052546,-0.40172353435938246,0.8220396360617009,-0.34453789051432937
2022-11-28,0.20388022202473044,0.19922796891927178,-0.40172353435938246,0.8734766175486821,-0.3448767753416319
2022-11-29,-0.10716413993940832,-0.40167739057422,-0.40172353435938246,0.8972094693849201,-0.3521734373352945
2022-11-30,-0.06807737277351922,-0.42689314261407263,-0.40172353435938246,0.9422132589925599,-0.29301964555495413
2022-12-01,0.1681616089823943,-0.02974761615033223,-0.40172353435938246,0.9426442145341101,-0.2430405250298548
2022-12-02,0.14764057934865688,0.041083448022376026,-0.40172353435938246,0.8729155622105881,-0.28793289603618955
2022-12-05,-0.09306443609381579,-0.32478269897781814,-0.40172353435938246,0.7714089289433945,-0.27516300383746184
2022-12-06,0.020452225925945422,-0.10718431482435571,-0.40172353435938246,0.7408961362214409,-0.2478830573953458
2022-12-07,0.03988264059220975,-0.08437856758128601,-0.40172353435938246,0.7251593658694888,-0.21672828756708537
2022-12-08,-0.14118675795183502,-0.44107795492004503,-0.40172353435938246,0.7335786765103185,-0.20794039041572182
2022-12-09,-0.09764750038149544,-0.28315103644588535,-0.40172353435938246,0.6951044243180445,-0.24960823483898287
2022-12-12,-0.08155402651148766,-0.3342946450975463,-0.40172353435938246,0.7135865823996365,-0.1813875811274226
2022-12-13,0.40158186983675853,0.5696394458431449,-0.40172353435938246,0.6810715004619939,-0.14294873235110683
2022-12-14,-0.2071352375651873,-0.6422052978381605,-0.40172353435938246,0.7082379148674371,-0.09857160126353513
2022-12-15,1.7672638586010192,1.4429483220835275,1.4419065864685332,0.7117320919247523,-0.04375717796181261
2022-12-16,0.06764870046480645,0.17199318971038333,-0.40172353435938246,0.41407770116713927,-0.1118281957418388
2022-12-19,-0.28309523755943516,-0.49678425312303365,-0.40172353435938246,0.4122284414008849,-0.09970652747573018
2022-12-20,-0.2968978160004146,-0.574849778140446,-0.40172353435938246,0.4331849894895811,-0.06553303701636276
2022-12-21,0.49764499256015277,0.8614356776441898,-0.40172353435938246,0.4845649052265849,-0.05760270139952221
2022-12-22,-0.20369130171286726,-0.3071995823403215,-0.40172353435938246,0.2966049002696854,-0.022491554202658075
2022-12-23,-0.4182362913701904,-0.7373984070253047,-0.40172353435938246,0.2700046203603825,0.03418023712079971
2022-12-26,-0.5308358181950289,-1.1863379041836954,-0.40172353435938246,0.3868117287473425,0.16744431505784926
2022-12-27,-0.5191684983511782,-0.6815010066416698,-0.40172353435938246,-0.13508748120892347,0.19256381825899502
2022-12-28,-0.20829112690766804,-0.2895949007838455,-0.03299751019379929,-0.1892983171630778,0.11806049081301848
2022-12-29,-0.23539722347112907,-0.04539039336215861,-0.40172353435938246,-0.20631519131667603,0.15643622703635135
2022-12-30,-0.0333970027821279,0.3308285326682634,-0.40172353435938246,-0.1886651056219694,0.1417741773894612
2023-01-02,-0.017905072035077893,0.38447964145167934,-0.40172353435938246,-0.1996646933939528,0.1268751305552954
2023-01-03,0.2151647704737972,0.5702902641237632,-0.03299751019379929,-0.2603937196600357,0.12349230588485546
2023-01-04,0.02908000126422068,0.5536752285549625,-0.40172353435938246,-0.29071435922213934,0.13487922367996258
2023-01-05,-0.4380577272760974,-0.3550033398955811,-0.40172353435938246,-0.2583670571525243,0.1340400879843972
2023-01-06,-0.2950458969760064,-0.09311813534656287,-0.40172353435938246,-0.27486661066064205,0.1586989863586703
2023-01-09,0.013651529717959035,0.4740205701921129,-0.40172353435938246,-0.2585065394353291,0.15574358635758812
2023-01-10,-0.4580893016671501,-0.28659845000764883,-0.40172353435938246,-0.3406075371672077,0.10579120589250174
2023-01-11,-0.394407128475206,-0.13859582380303065,-0.40172353435938246,-0.39014432203226607,0.12702595985441328
2023-01-12,-0.29712686045966663,0.03231989268633699,-0.40172353435938246,-0.368305157348307,0.1170904484222516
2023-01-13,-0.5173816599899944,-0.36267288760356464,-0.40172353435938246,-0.3990687963231117,0.12872296097612151
2023-01-16,-0.22345682228583363,-0.1118481364623694,-0.03299751019379929,-0.43299935052666966,0.15047075323300968
2023-01-17,-0.5801572344380241,-0.4650293126975158,-0.40172353435938246,-0.4530248455029878,0.16817006507106202
2023-01-18,-0.5860369020076439,-0.43651750271450124,-0.40172353435938246,-0.455416963660072,0.1281364136783655
2023-01-19,0.3050652580220873,1.026075547758843,-0.40172353435938246,-0.2813415278066622,0.17494997877264604
2023-01-20,-0.3561739000323207,-0.1919453371498251,-0.40172353435938246,-0.24882766608963053,0.11426745049338216
2023-01-23,-0.22334994638872047,0.007441513094248693,-0.40172353435938246,-0.24006991090301144,0.1591854071881162
2023-01-24,-0.5265616082908439,-0.6181303719309141,-0.40172353435938246,-0.2375443735597423,0.21634325638455323
2023-01-25,-0.45810524025680743,-0.5280815288726594,-0.40172353435938246,-0.19651182565963524,0.21507991327788034
2023-01-26,-0.3012020658213939,-0.24750805367068687,-0.40172353435938246,-0.17817064333906465,0.2113884843225831
2023-01-27,-0.5244853233347191,-0.46080663328738886,-0.40172353435938246,-0.29101556652530974,0.10718439483768502
2023-01-30,-0.36035995322946085,-0.2247458604219776,-0.40172353435938246,-0.2606692599770836,0.15341507137417762
2023-01-31,-0.6125351348987527,-0.7054330247280924,-0.40172353435938246,-0.27501436743855723,0.17554585030479083
2023-02-01,-0.48011530782554446,-0.46970154445052575,-0.40172353435938246,-0.2736142999339634,0.18825179975796302
2023-02-02,0.3578176119712778,0.8499729670524195,-0.03299751019379929,-0.35643516041252754,0.21123645144815467
2023-02-03,-0.5308261514298608,-0.5274626926935553,-0.40172353435938246,-0.3332700696466536,0.2100830090266153
2023-02-06,-0.16995442726862392,0.13142372759795612,-0.40172353435938246,-0.30564698082202024,0.20218153319894988
2023-02-07,-0.5369083124661931,-0.5690662850748821,-0.40172353435938246,-0.3016987050033224,0.20959366089727147
2023-02-08,-0.2603176593439108,0.05456937933599718,-0.40172353435938246,-0.3865311130604858,0.18655313594926726
2023-02-09,-0.796810573628964,-0.3763231859731284,-0.40172353435938246,-0.4324502749685535,-0.3863911349640106
2023-02-10,-0.4867175358080857,0.23029228021703307,-0.40172353435938246,-0.43896013917220444,-0.405113666178138
2023-02-13,-0.6020333749608819,0.07458089735497489,-0.40172353435938246,-0.46157573363858817,-0.44715346345040974
2023-02-14,-1.0177866807361624,-0.6924940156714611,-0.40172353435938246,-0.48630825785779863,-0.4368620340084948
2023-02-15,-0.8158847724483917,-0.23422243207496393,-0.40172353435938246,-0.4921580338499873,-0.5154186186924666
2023-02-16,-0.9881347596374881,-0.5407412459605767,-0.40172353435938246,-0.5141430790758877,-0.511047134224343
2023-02-17,-0.9994637655510924,-0.5056116052868118,-0.40172353435938246,-0.5153208219616601,-0.5704712762997819
2023-02-20,-1.2275661719854547,-0.4712957975803088,-0.40172353435938246,-0.6031611191857337,-0.9766518756991278
2023-02-21,-1.1930075285204738,-0.4667968618021781,-0.40172353435938246,-0.579694102378758,-0.9361309992621367
2023-02-22,-1.0396981047264902,-0.17674253693093767,-0.40172353435938246,-0.566920485975546,-0.9514693616861905
2023-02-23,-1.1328602780930588,-0.36400302825616554,-0.40172353435938246,-0.5500515584282452,-0.9560062348131647
2023-02-24,-0.8861929394308551,0.058664798151857725,-0.40172353435938246,-0.4932523347655045,-0.9711681813406963
2023-02-27,-0.6294059699330311,0.4397942059507099,-0.40172353435938246,-0.4284374744235785,-0.9295907819510127
2023-02-28,-1.0722369005161037,-0.38415985814255066,-0.40172353435938246,-0.42473069004125547,-0.9425247834268711
2023-03-01,-1.0307405367448255,-0.290733829078837,-0.40172353435938246,-0.4574311120496836,-0.9250075957234419
2023-03-02,-0.9602888193623356,-0.0849171545807889,-0.40172353435938246,-0.5187469361011939,-0.9399578234700595
2023-03-03,-0.9201061239676813,0.1281693181061077,-0.40172353435938246,-0.5364720623329651,-1.0693358251825429
2023-03-06,-0.9443317652522818,-0.12554436726162493,-0.03299751019379929,-0.583022798952134,-1.13492291924113
2023-03-07,-1.0831484072093098,-0.1145045500354658,-0.40172353435938246,-0.5538580356732136,-1.1197837903861725
2023-03-08,-1.3585997844244027,-0.672835835482392,-0.40172353435938246,-0.5516825865555298,-1.0784486656938113
2023-03-09,-1.199759943767233,-0.24860311287271095,-0.40172353435938246,-0.6980624651779483,-1.0608881288361602
2023-03-10,-0.17216460564614447,0.9289745724993165,0.3357285139717839,-0.5966270006302715,-1.0319737905139017
2023-03-13,2.5294141613531176,2.6238981127192575,3.285536707296449,-0.10369550027863403,-0.6124609806648948
2023-03-14,0.4631568883986039,1.058571606408893,0.3357285139717839,0.016857600492115977,-0.527297349293448
2023-03-15,4.8060969599176655,3.9647299273073155,5.129166828124365,0.47491927190988625,0.253513609797151
2023-03-16,0.30466466345321397,0.42581715907707757,-0.40172353435938246,0.4384502030755065,0.06881540543328075
2023-03-17,0.7229111293663512,0.8816318680455723,-0.03299751019379929,0.465560769579217,0.05776107435776246
2023-03-20,0.5024266248910566,0.5102550439182535,-0.03299751019379929,0.41425246034050733,0.06496691837576744
2023-03-21,1.1010619309893217,1.4795561887693984,-0.03299751019379929,0.4886006150509034,0.1550811220475603
2023-03-22,-0.03476359385277328,-0.3489000413077497,-0.40172353435938246,0.49945203425444545,0.1521403197018923
2023-03-24,2.100910830838964,1.8749849218440031,1.4419065864685332,0.6507039304435881,0.22961870847172675
2023-03-27,0.5128285819455535,0.393271378958068,-0.40172353435938246,0.6991998659331518,0.2525074931934947
2023-03-28,-0.000611061716115982,-0.6121556771975485,-0.40172353435938246,0.705386784324658,0.28938928982387646
2023-03-29,0.7842979720510941,0.5458471816079643,-0.03299751019379929,0.7322639306009523,0.2646352229507076
2023-03-30,1.3563686229487353,1.016733231335448,0.704454538137367,0.736155625502789,0.23449754186495533
2023-03-31,0.19806832909744776,-0.2486414869129647,-0.40172353435938246,0.7601540678733014,0.24297039860934744
2023-04-03,0.24974883001257955,-0.13923738804698002,-0.40172353435938246,0.7389234179207299,0.25192981522227625
2023-04-04,0.029068564258327254,-0.5145047181390948,-0.40172353435938246,0.7047963571692616,0.2450065301627542
2023-04-05,0.2363845568428789,-0.1354149021828457,-0.40172353435938246,0.7079311918410178,0.2531348238785396
2023-04-06,0.10402901082589643,-0.38504448454402257,-0.40172353435938246,0.7128089816120063,0.24895194757543912
2023-04-07,-0.2670422958295485,-1.165386474835372,-0.40172353435938246,0.706240291401098,0.3448457293197823
2023-04-10,-0.22609983512184786,-1.144299470273879,-0.40172353435938246,0.7330264040158025,0.37697349846927547
2023-04-11,0.5302670003329829,0.16705300372971793,-0.40172353435938246,0.8291204292455747,0.39543594236464935
2023-04-12,0.23485409600245297,-0.38832165697837023,-0.40172353435938246,0.8199189966604858,0.4051231369079763
2023-04-13,0.16900063395809917,-0.5206072560538172,-0.40172353435938246,0.829034487214162,0.40475555603566993
2023-04-14,0.271859905248737,-0.2730203894136021,-0.40172353435938246,0.7804758162933516,0.3970837990109343
2023-04-17,0.009079580141947645,-0.75822586207936,-0.40172353435938246,0.7667710587697103,0.40197564425218696
2023-04-18,0.2647206905938206,-0.2668086089622105,-0.40172353435938246,0.7526275873330692,0.40502006807613455
2023-04-19,0.15055736223661725,-0.5076498505947585,-0.40172353435938246,0.7608953039615345,0.4246135792953899
2023-04-20,0.18754888141376216,-0.45908402433411105,-0.40172353435938246,0.7575167025489903,0.45067472732713665
2023-04-21,0.10567899945394418,-0.5772298286846946,-0.40172353435938246,0.7325853728469656,0.43824825953925883
2023-04-24,0.06938862393755438,-0.6675206833151793,-0.40172353435938246,0.7407958826976654,0.4534164863404113
2023-04-25,0.3032165168311258,-0.22431815193743854,-0.40172353435938246,0.7356127141901548,0.4548703459339956
2023-04-26,0.15860627306754985,-0.49510142136399643,-0.40172353435938246,0.7358945266744219,0.45345740508978516
2023-04-27,0.7275735080238352,0.02134427344255096,0.3357285139717839,0.6902089599330773,0.41977233572574335
2023-04-28,0.24903026185683047,-0.24859581308246873,-0.40172353435938246,0.689500487734455,0.41956487085698796
2023-05-01,-0.2214164471137071,-1.1863379041836954,-0.40172353435938246,0.7170900656095859,0.4482418955052098
2023-05-02,0.7210908822953239,0.6107547497071205,-0.40172353435938246,0.704902279833545,0.4335846994163935
2023-05-03,0.18105899702359377,-0.402695620536895,-0.40172353435938246,0.6990152665899252,0.437950399778624
2023-05-04,0.355185354498916,-0.13212889147122603,-0.40172353435938246,0.7319830265005736,0.4645637236995043
2023-05-05,0.6948923097821411,0.5004973845911214,-0.40172353435938246,0.732633671274456,0.470250966615613
2023-05-08,0.2063184012853465,-0.45948574003186377,-0.40172353435938246,0.754841912674754,0.49182008121709
2023-05-09,0.2522428684277666,-0.34732236671307876,-0.40172353435938246,0.7649914109754724,0.45346190619575955
2023-05-10,0.15603513528166624,-0.5411619847049334,-0.40172353435938246,0.7708521372820877,0.46132211304548704
2023-05-11,0.4078001477870573,-0.36182514286423106,-0.03299751019379929,0.7492645456499487,0.46185795945845654
2023-05-12,0.1414655012571704,-0.5216958707195612,-0.40172353435938246,0.7451493060080417,0.43776052074185695
2023-05-15,0.04177929258221587,-0.6593011301067566,-0.40172353435938246,0.7493121712232159,0.3799152804355868
2023-05-16,0.2332643480968211,-0.27886239363117216,-0.40172353435938246,0.7262696110512544,0.3819028782585262
2023-05-17,0.044715644776189556,-0.7788495469959611,-0.40172353435938246,0.7230693911398064,0.5417177918163593
2023-05-18,0.17279277336217821,-0.4965858356525048,-0.40172353435938246,0.7166412282299399,0.5037935062036701
2023-05-19,0.5484080026872524,-0.07444975858841336,-0.03299751019379929,0.7087064637134741,0.47934640221833
2023-05-22,0.4896152573759278,-0.1653011578465745,-0.03299751019379929,0.6726361596744629,0.49582376695143915
2023-05-23,0.08942458820887239,-0.5806427734365657,-0.40172353435938246,0.6420057509022535,0.5035253245048416
2023-05-24,1.1609071437210323,1.0598917163510275,-0.03299751019379929,0.6952583321581555,0.5116162945776072
2023-05-25,0.3405384923905677,-0.15388876469871424,-0.40172353435938246,0.704377095896822,0.4871452123064796
2023-05-26,0.6073605077968972,0.3138881181155347,-0.40172353435938246,0.7371086238451688,0.48931412108213745
2023-05-29,0.10812808004748592,-0.6730102455212519,-0.40172353435938246,0.7373947706364485,0.5411381507666834
2023-05-30,0.4441200390236958,-0.03693713613637121,-0.40172353435938246,0.768721479326394,0.5036268905382056
2023-05-31,0.6896860939324353,0.421920288192781,-0.40172353435938246,0.778772771708001,0.4960847355043518
2023-06-01,0.6263728502927711,0.29866750371094647,-0.40172353435938246,0.7770273175732898,0.5024653268067543
2023-06-02,1.8141655739605516,1.4608917093050406,0.704454538137367,0.7988591372770739,0.6166725140590242
2023-06-05,0.4138221800821617,-0.605047692815062,-0.03299751019379929,0.7474198860488075,0.7373942338537496
2023-06-06,0.28208194324991825,-0.29157361692174927,-0.40172353435938246,0.46607516074988736,0.765519140734448
2023-06-07,0.09397873293864124,-0.5645693543422299,-0.40172353435938246,0.37421470054574146,0.774685890353401
2023-06-08,-0.2681919511006808,-0.5753272713652167,-0.40172353435938246,-0.3135511564809229,0.7716329799042374
2023-06-09,-0.2944827122354202,-0.6963964551248079,-0.40172353435938246,-0.27539071630809947,0.8088600436782974
2023-06-12,-0.2244611681411836,-0.47683947461694526,-0.40172353435938246,-0.35450369437132195,0.7968286946881741
2023-06-13,-0.06167250470399882,-0.18393887106251794,-0.40172353435938246,-0.32360325550942387,0.7786823601290945
2023-06-14,-0.18264320520245103,-0.2920495990371759,-0.40172353435938246,-0.4459018156181629,0.7779931897997965
2023-06-15,-0.3606871039818569,-0.67786767931501,-0.40172353435938246,-0.43764130310357735,0.8243600922355838
2023-06-16,-0.2355585255811738,-0.3532242164741213,-0.03299751019379929,-0.8175316359919643,0.7864462890685905
2023-06-19,-0.14345834553457187,0.1996892348531673,-0.40172353435938246,-0.888490965806733,0.7900924035876156
2023-06-20,-0.05237761698694332,-0.23077542008464919,0.3357285139717839,-0.8910520440949027,0.7637082871879295
2023-06-21,-0.4892923952793451,-0.37468877622759017,-0.40172353435938246,-0.9227297906180623,0.7444366108914048
2023-06-22,-0.3689927863701642,-0.13014090697704528,-0.40172353435938246,-0.9202892548311216,0.7220914010276035
2023-06-23,-0.2878987109769977,0.02389354693468665,-0.40172353435938246,-0.9401372321900463,0.7410660302921132
2023-06-26,-0.33371113197656954,-0.3932713142670102,-0.03299751019379929,-0.927818990120072,0.7461742277250137
2023-06-27,-0.5037003807714218,-0.3851232139662071,-0.40172353435938246,-0.9377100412974044,0.742161506755795
2023-06-28,-0.25249671694946485,-0.0019081487431384986,-0.40172353435938246,-0.8424027832207384,0.7384200954093927
2023-06-29,-0.07556473963071503,-0.23588281258320803,0.3357285139717839,-0.8566234060148493,0.686447872851025
2023-06-30,-0.30173677170529367,0.003477258777231082,-0.40172353435938246,-0.8957582831159322,0.6887759712254585
2023-07-03,-0.5167096158072484,-0.40263904111040943,-0.40172353435938246,-0.914013511870424,0.7099947354584881
2023-07-04,-0.6371086672029216,-0.5869169510295381,-0.40172353435938246,-0.9488851509290579,0.7011707720426339
2023-07-05,-0.1204826470715088,0.07847167099100445,-0.03299751019379929,-0.9469825813262731,0.6899055153804817
2023-07-06,1.8342470256512402,1.5871512359146926,2.1793586347996996,-0.65333658114443,0.6841875678723399
2023-07-07,-0.47396896218069307,-0.5142015734302381,-0.40172353435938246,-0.6700809784237781,0.6619163568597476
2023-07-10,-0.520578999879733,-0.6252205948857888,-0.40172353435938246,-0.6610720947798749,0.6776820159432536
2023-07-11,-0.19425409463504745,-0.01823560768415648,-0.40172353435938246,-0.6316418964268256,0.6538831608490483
2023-07-12,0.5178020434427055,0.8572181069589413,-0.03299751019379929,-0.4775240297641712,0.6529664930510636
2023-07-13,-0.39676541481252947,-0.5447168470762466,-0.40172353435938246,-0.4937262312135686,0.6668180317030988
2023-07-14,-0.3819452448057463,-0.529274426053023,-0.40172353435938246,-0.4950721865945768,0.681566768282435
2023-07-17,-0.12468786559900757,-0.25177314944666634,-0.03299751019379929,-0.5630416182750307,0.636045293233826
2023-07-18,-0.11722771015101319,-0.25817112076049775,-0.03299751019379929,-0.552448223424169,0.6469499408244183
2023-07-19,-0.15549443035358773,-0.34274197284933583,-0.03299751019379929,-0.5653777388403426,0.6740198954433373
2023-07-20,-0.2311241926185387,-0.22055808356026824,-0.40172353435938246,-0.5185683096460713,0.6789602782239836
2023-07-21,-0.4185325924183981,-0.6303233518421707,-0.40172353435938246,-0.48215692774550534,0.7027932016032372
2023-07-24,-0.39057532878381107,-0.5979889295674857,-0.40172353435938246,-0.5004425816887272,0.7435919981615978
2023-07-25,-0.29489766929637706,-0.4218442502022623,-0.40172353435938246,-0.5031674425203322,0.7504115314659051
2023-07-26,-0.19940028937490986,-0.2226718779384302,-0.40172353435938246,-0.5058998488154731,0.7321217180846279
2023-07-27,0.5630542903558446,0.426359276525514,0.704454538137367,-0.6333242364827735,0.6941966931285415
2023-07-28,-0.5901875629099429,-0.7301202262188257,-0.40172353435938246,-0.647412802620747,0.6355513712298123
2023-07-31,-0.6216974588347393,-0.6227536022164701,-0.40172353435938246,-0.6557952027569524,0.46521460206898796
2023-08-01,-0.33672847861791594,-0.08115883822391103,-0.40172353435938246,-0.6737285360705514,0.4775319226053524
2023-08-02,-0.06581058765842214,0.590082263296098,-0.03299751019379929,-0.5630749902232326,-0.14988461446393653
2023-08-03,-0.7622965267030819,-0.36477162869483126,-0.40172353435938246,-0.5376722064133542,-0.2193522725146532
2023-08-04,-0.5144396006599004,-0.16207340700253528,-0.03299751019379929,-0.49695348199271333,-0.3167937686117801
2023-08-07,-0.5362423747973528,-0.5624781320084835,0.3357285139717839,-0.49596922910779706,-0.2693707130798057
2023-08-08,-0.3369251853632049,0.1755893919882911,-0.03299751019379929,-0.449590868362471,-0.3704678354797919
2023-08-09,-0.4631158974814863,0.0016636987699794603,-0.03299751019379929,-0.5053410283011653,-0.3803509883414387
2023-08-10,-0.7496293238378535,-0.06501339908584694,-0.40172353435938246,-0.5116620936361419,-0.5430960142781779
2023-08-11,-0.5551343063516745,0.31471683888337887,-0.40172353435938246,-0.48902756371389083,-0.5818944358524493
2023-08-14,-0.8451832489228405,-0.6189242386805671,-0.03299751019379929,-0.42318590676205486,-0.5709139468257125
2023-08-15,-0.8239248087692563,-0.230628962807962,-0.40172353435938246,-0.40995908081195503,-0.6212386037430977
2023-08-16,-1.0848690153331788,-0.476731455238569,-0.40172353435938246,-0.537295987883604,-0.7511648871183582
2023-08-17,-0.33557887672544845,0.37502007000388843,0.3357285139717839,-0.5774135040532151,-0.7867349647782539
2023-08-18,-0.7635730770696962,-0.1217361509337856,-0.03299751019379929,-0.5854810015842598,-0.7712243230893044
2023-08-21,-1.0965102491154646,-0.428617489739395,-0.40172353435938246,-0.5881346099190642,-0.7733936387195784
2023-08-22,-1.0075625956673029,-0.2613156119110442,-0.40172353435938246,-0.5975852283999289,-0.7636537730599443
2023-08-23,-1.2239305770286104,-0.5723836304474261,-0.40172353435938246,-0.7117929344632353,-0.7473698553975965
2023-08-24,-1.026157855524648,-0.44850628549383903,-0.03299751019379929,-0.7301269537001928,-0.799705249456956
2023-08-25,-1.4093292628644,-0.6177679057075735,-0.40172353435938246,-0.9136068652044335,-0.8627500215629604
2023-08-28,-0.8256503183837313,0.38052399431147926,-0.40172353435938246,-0.8366300374091409,-0.8367594354042277
2023-08-29,-0.8535989190285966,-0.03596885234716309,-0.03299751019379929,-0.7707688997676887,-0.8521104811969655
2023-08-30,-1.2670597513585942,-0.5129827202487369,-0.40172353435938246,-0.7846271476604472,-0.8224179183116309
2023-08-31,-1.260848928715455,-0.52109906482592,-0.40172353435938246,-0.7825444516810155,-0.803316027248539
2023-09-01,-1.2153887478010685,-0.44237184897261145,-0.40172353435938246,-0.7963125832940767,-0.7817312073103975
2023-09-04,-1.0408694614705303,-0.4431412186445789,-0.03299751019379929,-0.8102673062280502,-0.7516320091772286
2023-09-05,-1.2062949857513128,-0.4497749516291912,-0.40172353435938246,-0.7993603319201993,-0.7522212018484837
2023-09-06,-0.8997948654150207,-0.16598517432803303,-0.03299751019379929,-0.8295738642695916,-0.7443753288921227
2023-09-07,-0.7830263404108853,0.0551026867537318,-0.03299751019379929,-0.8634834183942185,-0.7107338602742378
2023-09-08,-1.247352796225953,-0.4769361399628532,-0.40172353435938246,-0.8683607210546257,-0.7340342581129207
2023-09-11,-1.2072316522739184,-0.3635702058420622,-0.40172353435938246,-0.9134366720335336,-0.7278251142443073
2023-09-12,-1.2512950047125573,-0.43598559105101453,-0.40172353435938246,-0.9242079298616741,-0.7277841150057314
2023-09-13,-1.2432195820013892,-0.5256695440324234,-0.40172353435938246,-0.8869566146812217,-0.6539077158578146
2023-09-14,0.4984160584508578,0.8912871788039799,1.4419065864685332,-0.7702447348673612,-0.4691971464170739
2023-09-15,-1.095253352447997,-0.45181716284974505,-0.40172353435938246,-0.7931890595814507,-0.5320977533322047
2023-09-18,-0.500438562069895,0.25576895923614884,-0.03299751019379929,-0.6535351740345112,-0.5743778177079825
2023-09-19,-0.9992158285163206,-0.4419299694911258,-0.40172353435938246,-0.6367462462186713,-0.5118079077086971
2023-09-20,-0.4310105807689326,0.3617882010643655,-0.03299751019379929,-0.6715706479136123,-0.5292523178110643
2023-09-21,-0.23667348272208918,0.5720650462820942,-0.03299751019379929,-0.5412702409617931,-0.4984882975818733
2023-09-22,-1.0335910634001824,-0.6370540200029876,-0.40172353435938246,-0.5195617460574915,-0.49371419072979267
2023-09-25,-0.6315369148152146,0.050577604729610995,-0.40172353435938246,-0.4662430094825642,-0.476097932503312
2023-09-26,-0.7705460018813659,-0.20175345770342865,-0.40172353435938246,-0.47005178907879125,-0.4817627959870531
2023-09-27,-0.8548643061732477,-0.35761693391263055,-0.40172353435938246,-0.46269940765715295,-0.49225637382680976
2023-09-28,-0.7838518032492336,-0.2605786825355774,-0.03299751019379929,-0.7575993240084902,-0.4834787329010483
2023-09-29,-0.958189304680855,-0.2465940953966047,-0.40172353435938246,-0.7400365747624531,-0.5311781784363581
2023-10-02,-0.510666124849655,0.47057940451933555,-0.40172353435938246,-0.6402352068465101,-0.5019147327062166
2023-10-03,-0.2850205994751623,0.5788414465393158,-0.03299751019379929,-0.5976048538545549,-0.5447169785986256
2023-10-04,-0.724665078965232,-0.36237525312807617,0.3357285139717839,-0.769686653761973,-0.5797636934640077
2023-10-05,-1.093090769751012,-0.433213079011749,-0.40172353435938246,-0.7789302584008364,-0.5625943285349346
2023-10-06,-0.9577918942511996,-0.11668136983542186,-0.40172353435938246,-0.7864712376994237,-0.6216018546139582
2023-10-09,-0.2749967351680109,0.27502665022749334,0.704454538137367,-0.7623795058764158,-0.7018711870075187
2023-10-10,2.7970074977017334,2.047928199154058,4.760440803958781,-0.4490879613241545,-0.4441067377548725
2023-10-11,-0.8949101009887598,-0.5074862124437327,-0.40172353435938246,-0.45035645335416097,-0.42494305264280463
2023-10-12,-0.9204342426488892,-0.49417966352345605,-0.40172353435938246,-0.467208658515108,-0.4732464418594589
2023-10-13,-0.6031475813493503,0.12694823752144052,-0.40172353435938246,-0.45663370998376035,-0.5108487603969445
2023-10-16,-0.5349358252749299,-0.014701314182073665,-0.03299751019379929,-0.49452712238520063,-0.5191505030116924
2023-10-17,-0.9826919098129092,-0.40591083540027073,-0.40172353435938246,-0.5056272971562868,-0.6538614818618939
2023-10-18,-0.6647441058879525,0.15976098539926475,-0.40172353435938246,-0.4886067065190492,-0.6372381556145648
2023-10-19,-0.3107166479252109,0.31651282771263795,0.3357285139717839,-0.3384956582190324,-0.9227385252077314
2023-10-20,-0.12100854976550163,0.8753440697120956,-0.03299751019379929,-0.2071771741439674,-0.9391567231146218
2023-10-23,-1.000983979126238,-0.432709228084587,-0.40172353435938246,-0.24035075388547758,-0.9386294974384521
2023-10-24,-0.8729496276131807,-0.2007715071397892,-0.40172353435938246,-0.20308287289743127,-0.9681073550225917
2023-10-25,-1.055520206457803,-0.43616001619027894,-0.40172353435938246,-0.27170513899634785,-1.0124179398833462
2023-10-26,-0.7959260311897213,-0.21688464878381175,-0.03299751019379929,-0.29740045436975987,-1.0347104908770839
2023-10-27,-1.0710316920103224,-0.3892868958771933,-0.40172353435938246,-0.3490416976516086,-1.0135023945440553
2023-10-30,-1.091943240137414,-0.44405265552667234,-0.40172353435938246,-0.33717765422205287,-1.0092571031745092
2023-10-31,-0.8891619270740654,-0.012222205864297075,-0.40172353435938246,-0.36448433203975694,-1.0352407192494981
2023-11-01,-1.1259220403923216,-0.4520093218242896,-0.40172353435938246,-0.34865728715331123,-1.0573893237414573
2023-11-02,0.9761097197039088,1.0634115424899213,2.1793586347996996,-0.2283823692608023,-0.9298448882132161
2023-11-03,-0.3925700001234351,0.134082747444618,0.3357285139717839,-0.26175615991359846,-0.9720473005485899
2023-11-06,-1.0027745725621833,-0.4241051030823675,-0.40172353435938246,-0.2577463686400731,-0.9333571037295074
2023-11-07,-0.5571489239054606,-0.16644886632257963,0.3357285139717839,-0.269079143722612,-0.9739006657573063
2023-11-08,-1.141622480304045,-0.6092444808448302,-0.40172353435938246,-0.2789938784381858,-0.9927380007079204
2023-11-09,-0.4711956133532434,0.298958152703878,-0.03299751019379929,-0.2398758583206592,-0.9930555487888189
2023-11-10,-0.856515391049093,-0.13345425313546128,-0.40172353435938246,-0.22374824067293303,-0.9857135755003466
2023-11-13,-0.9167805221549052,-0.21110979522166654,-0.40172353435938246,-0.21057945406195314,-1.0377392870375777
2023-11-14,0.9429231341060037,1.2113562026245217,1.8106326106341164,-0.12463320423235931,-0.9262108079969255
2023-11-15,-0.9453172857032159,-0.48746766965653887,-0.40172353435938246,-0.11232232602004202,-0.9007924656739832
2023-11-16,-0.5554666314715222,-0.12243699016844059,-0.03299751019379929,-0.08023503628048607,-0.8768252220604882
2023-11-17,-0.6723841693140744,-0.006328267649547585,-0.40172353435938246,-0.08427625990179118,-0.8957538129183296
2023-11-20,-1.0776683459362841,-0.7283057814740646,-0.40172353435938246,-0.1340772396135706,-0.8866454322079454
2023-11-21,-0.6713226308988479,-0.26602564025230624,-0.03299751019379929,-0.15183691290142368,-0.88190745949466
2023-11-22,-1.0142031039123622,-0.4929287586232398,-0.40172353435938246,-0.137879278516564,-1.0074590271378792
2023-11-23,-0.8928893976060189,-0.5624692022803902,-0.03299751019379929,-0.14375348239045516,-1.019365848615994
2023-11-24,-1.1563728412310064,-0.766262226954518,-0.40172353435938246,-0.12926890733287394,-1.0098841027319378
2023-11-27,-0.9413724894239294,-0.42819672629070815,-0.40172353435938246,-0.12659909542932712,-0.9416465074870889
2023-11-28,-0.6571919558231505,-0.1275836215924617,-0.03299751019379929,-0.156689363788297,-0.997110374621003
2023-11-29,-0.9503957754886552,-0.3980057221243235,-0.40172353435938246,-0.12423021969813806,-0.9948014230526172
2023-11-30,-0.9285520417011871,-0.4553987768744353,-0.40172353435938246,-0.05556131449907907,-0.960576244616945
2023-12-01,-0.43871621582604836,0.07252907752369715,-0.03299751019379929,-0.03805931256973994,-0.8944786344742137
2023-12-04,-0.9423058386159305,-0.5693688353884883,-0.40172353435938246,-0.04801349748634362,-0.8737278279750623
2023-12-05,-0.8342185901723799,-0.4252864560341171,-0.40172353435938246,-0.02898226288533835,-0.8300558185935167
2023-12-06,-0.8216073473062123,-0.3650868575775541,-0.40172353435938246,-0.054488706803383524,-0.8426876214460556
2023-12-07,-1.0339104463773015,-0.6247600912843607,-0.40172353435938246,-0.17240733257177446,-0.8695662921020608
2023-12-08,-0.7673269377405666,-0.14552889870772565,-0.40172353435938246,-0.14091469480872668,-0.8788999334875276
2023-12-11,-1.0485701040787707,-0.5945179945254714,-0.40172353435938246,-0.22693798211863406,-0.8748331942523349
2023-12-12,-0.9776921369399069,-0.43482217231213993,-0.40172353435938246,-0.22342422604645545,-0.9069462840993138
2023-12-13,-1.11270548209544,-0.7078261003819935,-0.40172353435938246,-0.22478891922418417,-0.8848644661795252
2023-12-14,0.362370341637275,0.559585165608167,1.4419065864685332,-0.34268819519905525,-0.8333587592268562
2023-12-15,-1.0209425062714093,-0.3843977861762847,-0.40172353435938246,-0.3567439753362972,-0.9095194855010368
2023-12-18,-1.0709354009325724,-0.44974484632678424,-0.40172353435938246,-0.41080521033393813,-0.8839170245825165
2023-12-19,-1.024738327635639,-0.32928256229538094,-0.40172353435938246,-0.39189329858145877,-0.9397819829839806
2023-12-20,-0.9398345559231716,-0.4284590279753305,-0.03299751019379929,-0.43266269075710495,-0.9570132791232887
2023-12-21,-0.975547803029204,-0.5270792070271806,-0.03299751019379929,-0.39275486395611797,-0.9647776370455124
2023-12-22,-1.2073468156048714,-0.5640517290846112,-0.40172353435938246,-0.4121045738067936,-1.035314982483881
2023-12-25,-1.5440788678217103,-1.1863379041836954,-0.40172353435938246,-0.4913555136233151,-0.9641464619459015
2023-12-26,-1.516155912435,-1.1863379041836954,-0.40172353435938246,-0.5659960957363978,-0.829896497679612
2023-12-27,-1.2189854074855488,-0.6409617425695938,-0.40172353435938246,-0.5776949390756928,-0.8034912519075984
2023-12-28,-1.203166756987284,-0.6574799634386664,-0.40172353435938246,-0.5481344451289842,-0.7845972724075597
2023-12-29,-0.9231451483915507,-0.49596142310443186,-0.03299751019379929,-0.5188073304899918,-0.7609055751976249
2024-01-01,-1.388004966294051,-1.1863379041836954,-0.40172353435938246,-0.4689005952084404,-0.6722086616501309
2024-01-02,-1.18636329628378,-0.4616382789116136,-0.40172353435938246,-0.8490449550712484,-0.6473882866487072
2024-01-03,-0.5636553561145141,0.29037877185033545,-0.03299751019379929,-0.7258067083292122,-0.6639518285017186
2024-01-04,-0.85595741596818,0.005166728245823328,-0.40172353435938246,-0.6681522609101979,-0.6701949683800945
2024-01-05,-1.18855602351577,-0.5556723400281004,-0.40172353435938246,-0.7400890826845828,-0.6643522042696512
2024-01-08,-1.0134953236739328,-0.2429164363113942,-0.40172353435938246,-0.7197215931489469,-0.6680622413405601
2024-01-09,-0.8558132738112505,-0.2749230048585789,-0.03299751019379929,-0.743883487164874,-0.6277622817453666
2024-01-10,-1.1177523225274952,-0.34885706891698587,-0.40172353435938246,-0.771462356099437,-0.7108869437748299
2024-01-11,-1.1292856313008608,-0.23445000882909037,-0.40172353435938246,-0.9014044102435063,-0.721673169666446
2024-01-12,-1.241411227248601,-0.11285707749443823,-0.40172353435938246,-1.2124561445570112,-0.7545833605315182
2024-01-15,-1.318644181185801,-0.33742438886731924,-0.40172353435938246,-1.1810106851715565,-0.7020323655002283
2024-01-16,-1.3147398900792444,-0.35071761289477066,-0.40172353435938246,-1.1424582871529942,-0.7200545750279629
2024-01-17,-0.4145111629499246,0.47366231992646096,0.3357285139717839,-0.9451401144343491,-0.6688096541889845
2024-01-18,-0.8625996208082203,0.020159565680342054,-0.03299751019379929,-0.9463727535528974,-0.7475211648661338
2024-01-19,-1.307368110278795,-0.48012566807732066,-0.40172353435938246,-0.9473716746999835,-0.7694808013865757
2024-01-22,-1.216036672323317,-0.28538385683071776,-0.40172353435938246,-0.9748754018439789,-0.7655954878336627
2024-01-23,-1.1080394685519308,-0.4159841277401932,-0.03299751019379929,-0.9578886690098708,-0.7626122526111869
2024-01-24,-0.8070091827899162,0.12396740996182697,-0.03299751019379929,-0.9134043957184742,-0.7811615300103093
2024-01-25,-1.4380550318440135,-0.505476961991792,-0.40172353435938246,-1.1262248479611066,-0.8197900261853895
2024-01-26,-1.0508707006270486,-0.07273924931028958,-0.03299751019379929,-1.1513170852299304,-0.8143665201243133
2024-01-29,-1.465038475366107,-0.5541277137194176,-0.40172353435938246,-1.1203032196011764,-0.8281899564700952
2024-01-30,-1.2400900022111379,-0.3754952728195627,-0.03299751019379929,-1.1593107340229596,-0.8629161832048692
2024-01-31,-1.3534281136817627,-0.23535136022472714,-0.40172353435938246,-1.1771310320958301,-0.8860803681449783
2024-02-01,-1.1536163426071964,-0.227279293358995,-0.03299751019379929,-1.161394947121115,-0.8453405128480632
2024-02-02,-1.5721824396576056,-0.6591824012868582,-0.40172353435938246,-1.236133773265783,-0.8109712035856869
2024-02-05,-1.403772755821588,-0.3133506170081317,-0.40172353435938246,-1.2499757479741727,-0.8280022251415378
2024-02-06,-1.61792856408312,-0.4708969247702505,-0.40172353435938246,-1.48826401832158,-0.8428885105410835
2024-02-07,-1.2424050532248958,-0.0881733523640459,-0.03299751019379929,-1.4814112953310987,-0.840575104228469
2024-02-08,-1.3116417104261289,-0.11991717733013345,-0.03299751019379929,-1.5901470206619455,-0.8329648499540171
2024-02-09,-1.7576774646567848,-0.6214243409958082,-0.40172353435938246,-1.6150260288272364,-0.8312708376247261
2024-02-12,-1.550599904807278,-0.24564903890039835,-0.40172353435938246,-1.599849629728844,-0.8326176842817027
2024-02-13,-1.3293834512948517,0.07935581127284809,-0.40172353435938246,-1.5345922450871754,-0.8030436443277589
2024-02-14,-1.5532657970929673,-0.3080479870296715,-0.40172353435938246,-1.533564948466371,-0.8400479436344068
2024-02-15,-1.5458218804606352,-0.3000166983112725,-0.40172353435938246,-1.5365922533641612,-0.830483576026375
2024-02-16,-1.335976203695623,-0.16725658686095177,-0.03299751019379929,-1.5198803375609395,-0.9045172375443348
2024-02-19,-1.741116611752887,-0.5612288263413979,-0.40172353435938246,-1.5404975807993013,-0.9402283116389698
2024-02-20,-1.7802344921337854,-0.6513704251268684,-0.40172353435938246,-1.5172319692806384,-0.9466321453558472
2024-02-21,-1.6821646424135208,-0.46050803077499314,-0.40172353435938246,-1.5069277268304535,-0.9643854625442829
2024-02-22,-1.4734439128873125,-0.05878596263841798,-0.40172353435938246,-1.515773037108082,-0.9652545623309525
2024-02-23,-1.4701497108057007,-0.3184292349946295,-0.03299751019379929,-1.5760797143157153,-0.95451920250009
2024-02-26,-1.990676952797238,-0.514331366231099,-0.40172353435938246,-1.5455774305354353,-1.4895872807217532
2024-02-27,-1.9612660347050834,-0.45683558065647634,-0.40172353435938246,-1.572870666114166,-1.4635052437267397
2024-02-28,-1.956960726086431,-0.43955948598515315,-0.40172353435938246,-1.5719189011363366,-1.4743691090629027
2024-02-29,-1.7837424881989261,-0.4018021297358368,-0.03299751019379929,-1.57661730811781,-1.4979638444711727
2024-03-01,-1.8354350777225383,-0.2286951861098275,-0.40172353435938246,-1.5645329770372989,-1.4631866391671082
2024-03-04,-2.0152083545139514,-0.577798246214047,-0.40172353435938246,-1.561067792822489,-1.4547794726780365
2024-03-05,-1.9890964773126574,-0.44645989010122406,-0.40172353435938246,-1.5746793733733688,-1.5290046042570127
2024-03-06,-1.984198124126208,-0.40596905691993757,-0.40172353435938246,-1.5517528981502857,-1.5865381248562944
2024-03-07,-2.0903087877971256,-0.3233545317594162,-0.40172353435938246,-1.6226520140217715,-1.815812962847124
2024-03-08,-2.234378021523296,-0.6238865879803777,-0.40172353435938246,-1.6144499857667518,-1.792413900741962
2024-03-11,-1.6784478707584003,-0.1997474052500678,0.3357285139717839,-1.609452131092386,-1.8060682336044667
2024-03-12,-1.769885791583868,0.20292785001826752,-0.40172353435938246,-1.5905300266605233,-1.767594718289528
2024-03-13,-1.832840369537136,-0.2560174196197462,-0.03299751019379929,-1.5834349587520857,-1.7467657550926337
2024-03-14,-2.1457116403130856,-0.49890425435955515,-0.40172353435938246,-1.6193948007563206,-1.742450563522433
2024-03-15,-1.9036587449738718,-0.34164441308179205,-0.03299751019379929,-1.6285766483060207,-1.7507432989309926
2024-03-18,-2.2361527595096016,-0.6374051406852554,-0.40172353435938246,-1.6511915750312558,-1.7431565162945748
2024-03-19,-1.97147013071706,-0.11092429356097497,-0.40172353435938246,-1.675941050312383,-1.7484747024284724
2024-03-20,-2.4365785433637983,-0.6938376904339113,-0.40172353435938246,-1.6816969286044163,-2.0556536996245027
2024-03-21,-0.9782526271261491,0.35989971339332666,1.4419065864685332,-1.6473498284984784,-1.9670625570925295
2024-03-22,-2.1500925707953673,-0.22836689547899558,-0.40172353435938246,-1.6720945954045185,-1.9871565221684202
2024-03-25,-2.3574347538965545,-0.6770468780993857,-0.40172353435938246,-1.6778297708043866,-1.9178223143759725
2024-03-26,-2.276794707582652,-0.5755454663997664,-0.40172353435938246,-1.6611501954600612,-1.881384926504254
2024-03-27,-2.4448249910423323,-0.6123679409495825,-0.40172353435938246,-1.8484956439552223,-1.9859617905399545
2024-03-28,-2.3931968654679303,-0.44434889149797,-0.40172353435938246,-1.9252369486589387,-1.9822314723881207
2024-03-29,-2.710169805062563,-1.1384204891938532,-0.40172353435938246,-1.900834933349977,-1.902058424738953
2024-04-01,-2.74258547986069,-1.185625887499994,-0.40172353435938246,-1.8701713826800563,-1.9487873882456128
2024-04-02,-2.082260824053948,-0.2911023410225022,-0.03299751019379929,-1.8495724889951048,-1.9355022128093948
2024-04-03,-2.132520279014825,-0.4099715431708492,-0.03299751019379929,-1.8351678256433617,-1.924298390949571
2024-04-04,-2.2476778578067904,-0.5486273002514814,-0.03299751019379929,-1.861561787790869,-1.9804120157419665
2024-04-05,-1.8627581222995162,-0.19883103223370788,0.3357285139717839,-1.8547153694521257,-1.9237123994998677
2024-04-08,-2.219195628098417,-0.21209422185005622,-0.40172353435938246,-1.8381811524219747,-1.9710882712085185
2024-04-09,-2.2678451203924266,-0.23865087017212525,-0.40172353435938246,-1.8868207818751652,-1.9901213800123982
2024-04-10,-2.558730661275712,-0.5207036921606222,-0.40172353435938246,-2.1554763190058006,-1.9945427625248637
2024-04-11,-2.325419086162459,-0.1320144997390277,-0.40172353435938246,-2.0892066829802913,-2.0100412930015317
2024-04-12,-2.283907122443456,-0.35190152370382854,-0.03299751019379929,-2.095849980669636,-2.0207774725403436
2024-04-15,-2.5445563375242846,-0.5301169359020949,-0.40172353435938246,-2.0882415267548553,-2.0258929849978107
2024-04-16,-0.10411190597048475,1.0925160589955227,2.1793586347996996,-1.6163026237707687,-1.6965133090789914
2024-04-17,-2.155331319983607,-0.37567996655085484,-0.40172353435938246,-1.7036332003499577,-1.806505089654476
2024-04-18,-2.054420038578053,-0.1814859599786761,-0.40172353435938246,-1.6747005845451062,-1.841522970253403
2024-04-19,-2.278282739913762,-0.6233322859208892,-0.40172353435938246,-1.6733719429987526,-1.8202803778905827
2024-04-22,-1.3128313554943962,0.21602017768007095,0.704454538137367,-1.6290348578676037,-1.8317266430478134
2024-04-23,-1.277170913770986,0.30125708665333045,0.704454538137367,-1.598277857842887,-1.8833680578062872
2024-04-24,-2.0002141135991787,-0.4873268084043426,-0.03299751019379929,-1.5868631972808929,-1.8327357857542381
2024-04-25,-1.7680489962849282,-0.08043773159357237,-0.03299751019379929,-1.5393886492792515,-1.8505158232496728
2024-04-26,-1.3472328087153231,0.25792460012626306,0.3357285139717839,-1.463499030784194,-1.780989770283475
2024-04-29,-2.048610425549129,-0.42216675108819635,-0.40172353435938246,-1.480804011747546,-1.7732552880052477
2024-04-30,-1.7387906892395515,-0.10552223731294408,-0.03299751019379929,-1.4390309821091074,-1.8690815363737046
2024-05-01,-2.4251070940559467,-1.1626426783481587,-0.40172353435938246,-1.4235896049166854,-1.7976856848505265
2024-05-02,-2.053641707095075,-0.4063992882090267,-0.40172353435938246,-1.4038715736605765,-1.8805904628448415
2024-05-03,-2.1776231920275615,-0.6646752029435593,-0.40172353435938246,-1.398235916440878,-1.8593494070993553
2024-05-06,-1.5831862475845255,-0.15092982141254194,0.3357285139717839,-1.3978719937159427,-1.8866871107374663
2024-05-07,-1.6448754187475672,0.06336895866688248,-0.03299751019379929,-1.4751150492100635,-1.8232410683802223
2024-05-08,-2.117277082539335,-0.46910266595334316,-0.40172353435938246,-1.4929948885213538,-1.8488342010225651
2024-05-09,-1.6499161517576557,-0.205570837490959,0.3357285139717839,-1.521342414334516,-1.8340347496189398
2024-05-10,-1.8909802783577003,0.07132996885306091,-0.40172353435938246,-1.5189379066231534,-1.9454647223979276
2024-05-13,-2.3403520102516873,-0.6360505065243697,-0.40172353435938246,-1.509387596570493,-2.103015319906234
2024-05-14,-2.0940514767975094,-0.4687083857533503,-0.03299751019379929,-1.5047838110673435,-2.1279380486768855
2024-05-15,-2.214551524656414,-0.34123221864787867,-0.40172353435938246,-1.5136496333768845,-2.1612935233145016
2024-05-16,-2.339374297210791,-0.5772106334213133,-0.40172353435938246,-1.5339466593203668,-2.1386793262663355
2024-05-17,-2.42267274210029,-0.5900160888523474,-0.40172353435938246,-1.5214872812937679,-2.3062136045941504
2024-05-20,-2.2139889792925262,-0.4976451501042927,-0.03299751019379929,-1.559651263818862,-2.2819584847465717
2024-05-21,-2.4522143980724316,-0.6187974905713932,-0.40172353435938246,-1.5328485062877428,-2.323118949885628
2024-05-22,-2.393685578563845,-0.5381463509209149,-0.40172353435938246,-1.5316976468407921,-2.292753210993863
2024-05-23,-2.4382110705110476,-0.6947127257703692,-0.40172353435938246,-1.5267109811102328,-2.219621718563681
2024-05-24,-2.3882759815652705,-0.6181814806602786,-0.40172353435938246,-1.5983979798259935,-2.1262403884541294
2024-05-27,-2.3061830972054844,-0.4577843513176936,-0.40172353435938246,-1.6013481209652611,-2.129707056002301
2024-05-28,-2.0354307865978223,-0.33482785394307724,-0.03299751019379929,-1.5596213937540204,-2.0962226958227848
2024-05-29,-0.8020989023216769,0.5857199517184464,1.07318056230295,-1.315138032641616,-1.8623867248355777
2024-05-30,-1.8952964034293809,-0.41146409253753186,-0.03299751019379929,-1.3135936297285158,-1.9872416392630718
2024-05-31,-2.1696715124955865,-0.612909089292377,-0.40172353435938246,-1.303100727447741,-1.9981285290827664
2024-06-03,-1.8732706805370842,-0.41760256068348167,-0.03299751019379929,-1.2676197974462804,-1.9840783253745933
2024-06-04,-0.9139759796152525,0.3841879650910043,1.07318056230295,-1.1803274399518175,-2.012379428954718
2024-06-05,-1.7887193855875094,-0.22708300427238173,-0.03299751019379929,-1.1730758409359598,-2.11661791716658
2024-06-06,-1.7812907355080454,-0.27347819104937654,-0.03299751019379929,-1.1401502340767482,-2.086069764337509
2024-06-07,-2.0210246835613885,-0.47894377007080735,-0.40172353435938246,-1.0791477389432869,-2.0753096125082506
2024-06-10,-1.9970275538543691,-0.45127601628963554,-0.40172353435938246,-1.03149925203083,-2.1062482582745963
2024-06-11,-1.1861153852474162,0.24234417953131746,0.3357285139717839,-0.9310599181058243,-1.9938945351777022
2024-06-12,-1.0793712464303604,0.25480977743216826,0.3357285139717839,-0.8623196455394083,-1.863292261820252
2024-06-13,-0.07104535557838632,0.6228670570409528,1.8106326106341164,-0.755609343474789,-1.6844439753060845
2024-06-14,-0.1548955508842568,0.5761918240559437,1.4419065864685332,-0.6411595420110466,-1.5851343253800776
2024-06-17,-1.5741794599445802,-0.4681673977710574,-0.40172353435938246,-0.6467579377228025,-1.6348980394645842
2024-06-18,-1.4070592702294291,-0.1664601807858012,-0.40172353435938246,-0.6199044703080863,-1.649538859162636
2024-06-19,-1.5798263489932571,-0.5129022747660046,-0.40172353435938246,-0.6289181967577125,-1.61682350972795
2024-06-20,-1.2285225098606525,0.06143152586269376,-0.40172353435938246,-0.5746361094356722,-1.5809682157267835
2024-06-21,-1.3938722153158398,-0.2902932869904524,-0.40172353435938246,-0.5853728535167783,-1.5257906545773718
2024-06-24,-1.1249389674298909,-0.05890678204780042,-0.03299751019379929,-0.61121365274584,-1.5420801187394189
2024-06-25,-1.5264709533485679,-0.5034626624373619,-0.40172353435938246,-0.5905918659557949,-1.5591284164744887
2024-06-26,-1.4401619750530195,-0.3790727145505412,-0.40172353435938246,-0.584883554980703,-1.5243999612443784
2024-06-27,-1.4383476936409592,-0.3705473166520304,-0.40172353435938246,-0.5885482868365509,-1.5260769142255624
2024-06-28,-1.521571063714764,-0.5038320419584983,-0.40172353435938246,-0.6022878071849993,-1.5366351496864494
2024-07-01,-0.9945660811861257,-0.08578757882190206,0.3357285139717839,-0.6389298250914689,-1.5587628330149932
2024-07-02,-1.4421428148537023,-0.32727292730859125,-0.40172353435938246,-0.6345108610450242,-1.5323346249850394
2024-07-03,-1.289729176193376,-0.09530351353810707,-0.40172353435938246,-0.6107387849466946,-1.4985147851661573
2024-07-04,-1.389564524423915,-0.36229643106744036,-0.40172353435938246,-0.5845080999815916,-1.4405908352086119
2024-07-05,-1.496637412105163,-0.5957445579569753,-0.40172353435938246,-0.5384641665521005,-1.454008641394602
2024-07-08,-1.448904373928873,-0.4718407124737604,-0.40172353435938246,-0.5454475907332111,-1.4834674383518756
2024-07-09,-1.1390543937676618,-0.18686349347361036,0.3357285139717839,-0.8596848009198013,-1.5118675425644494
2024-07-10,-1.3235836558071332,0.023718056373205867,-0.40172353435938246,-0.8217931374892077,-1.474782870011994
2024-07-11,-1.4165494205755853,-0.17520756626260395,-0.40172353435938246,-0.8081002864013184,-1.4630719751039338
2024-07-12,-0.9407859370172375,0.022262995385629644,0.3357285139717839,-0.7219406666655106,-1.4796854124656946
2024-07-15,-1.0815548454626909,0.059961047655391106,-0.03299751019379929,-0.7134818942723372,-1.4755554387042302
2024-07-16,-1.2898786708408616,-0.35578806758665954,-0.03299751019379929,-0.708737778657463,-1.4545299321249037
2024-07-17,-1.3592056541254105,-0.4886497951885714,-0.03299751019379929,-0.7368956811080628,-1.422430128199067
2024-07-18,-1.4993395244498373,-0.5286684690156657,-0.40172353435938246,-0.7029770181710677,-1.3600257322384
2024-07-19,-1.387980532731342,-0.2627238586953841,-0.40172353435938246,-0.748550433522011,-1.3733694971205175
2024-07-22,-0.9846619280442883,0.2453810549428086,-0.03299751019379929,-0.808688862895588,-1.3798158949967456
2024-07-23,-1.6164358654320772,-0.5914734073375273,-0.40172353435938246,-0.8339688055363833,-1.3925220076800386
2024-07-24,-1.432717356531323,-0.2623241983099858,-0.40172353435938246,-0.845264470479033,-1.3633437318538517
2024-07-25,-0.7602563340150866,0.10877200266893847,0.704454538137367,-0.8587046890829755,-1.4032013824429754
2024-07-26,-1.3987712379593031,-0.1880312176921573,-0.40172353435938246,-0.8310641433934499,-1.3894208286662872
2024-07-29,-1.6130859162417215,-0.4885003048297874,-0.40172353435938246,-0.8542004361203606,-1.4753449606000038
2024-07-30,-1.5282454129704197,-0.30876992623856425,-0.40172353435938246,-0.9052501110958902,-1.4438863870173235
2024-07-31,-1.2090506566794526,-0.013232714681873191,-0.03299751019379929,-0.8934259348308392,-1.4668525487877586
2024-08-01,0.508794842369363,0.7484495426170942,2.5480846589652826,-0.7272669526055011,-1.353204648697287
2024-08-02,2.5814509774219756,1.9649010840440697,4.760440803958781,-0.3811451055801429,-0.8612448904679634
2024-08-05,4.484966538427127,3.0445382338030433,5.866618876455531,0.2291813586667296,0.1742314802411097
2024-08-06,0.19961785754945563,-0.13861673626498738,0.3357285139717839,0.15889839462118235,0.07898483529809557
2024-08-07,3.102583921582445,1.4213773335800406,4.391714779793198,0.2960384125539738,0.40774109905707295
2024-08-08,-0.17725348458108797,-0.6075467784919245,-0.40172353435938246,0.30202383923007825,0.3481259288962072
2024-08-09,-0.1234466660228602,-0.5128722644969361,-0.40172353435938246,0.31009597691790125,0.34665959508420335
2024-08-12,0.14667549564170745,-0.2687019738399462,-0.03299751019379929,0.3156741412713668,0.2862690004115243
2024-08-13,-0.17513478079243497,-0.5533293383652256,-0.40172353435938246,0.31985419147646316,0.2755349464816417
2024-08-14,-0.08080274144694685,-0.38749829830468924,-0.40172353435938246,0.3211124348352833,0.28656861718312643
2024-08-15,0.35613845522354814,-0.10613980087691531,0.3357285139717839,0.3112294134659126,0.2014880577553708
2024-08-16,0.2660285770666127,-0.21361652417722204,0.3357285139717839,0.3031652905280806,0.1433558762133809
2024-08-19,-0.1170319689314891,-0.32178695683619074,-0.40172353435938246,0.3285534295046067,0.13497274160785433
2024-08-20,-0.05851450094491448,-0.18733336715757623,-0.40172353435938246,0.32758093809802774,0.10969625630278546
2024-08-21,-0.24279309485771877,-0.4814904428983536,-0.40172353435938246,0.2527105177722863,0.13162134552573468
2024-08-22,-0.395554400309701,-0.8404885037840177,-0.40172353435938246,0.28666175035871483,0.1734544118150753
2024-08-23,-0.10342152416073083,-0.28826027787758174,-0.40172353435938246,0.27922404842786447,0.17787227214873344
2024-08-26,-0.2954128170533252,-0.6722438805161203,-0.40172353435938246,0.28354980558187615,0.1981890147924898
2024-08-27,-0.28915195233253843,-0.6545276822018543,-0.40172353435938246,0.2647357731391402,0.21141392453540292
2024-08-28,-0.31299539833791806,-0.7324894249988828,-0.40172353435938246,0.2850276833326296,0.2258809993003865
2024-08-29,-0.11689577012994526,-0.36975912418987084,-0.40172353435938246,0.28361248066447226,0.23367595497644206
2024-08-30,-0.2483204027953008,-0.6276767657708889,-0.40172353435938246,0.27400250773719703,0.2553899985719806
2024-09-02,-0.29790755598178736,-0.6591303073428569,-0.40172353435938246,0.2653554111382091,0.1980242777499654
2024-09-03,0.5607457462563216,0.33638622739517754,0.3357285139717839,0.24701595058094902,0.20618116556636346
2024-09-04,-0.004782716487076663,-0.04913530534990562,-0.40172353435938246,0.21969908998809104,0.18220378474877547
2024-09-05,-0.05415087517558127,-0.3664040783673456,-0.03299751019379929,0.13746316278754714,0.1713424898434634
2024-09-06,0.6688884990203534,0.3033631128156274,0.704454538137367,0.16635497040662212,0.2063919101667007
2024-09-09,0.011796083532005508,0.07512993386332559,-0.40172353435938246,0.18421135656059956,0.11913093912757076
2024-09-10,-0.17099960466444292,-0.19906041868873814,-0.40172353435938246,0.17794317073154733,0.05105534503689064
2024-09-11,-0.2222761390939667,-0.27156933618780593,-0.40172353435938246,0.16664523867174416,0.037171597407621416
2024-09-12,-0.20539609790494434,-0.18079488367843444,-0.40172353435938246,0.14846248747902227,-0.0073372221872367634
2024-09-13,-0.13359285305899005,-0.03308694804333334,-0.40172353435938246,0.18378745966385115,-0.057865551084855235
2024-09-16,-0.19753628279731997,-0.5360402273710373,-0.03299751019379929,0.18571551669450517,0.013658393125971873
2024-09-17,-0.11292685194945426,-0.2366576332065746,-0.03299751019379929,0.17964463015055135,-0.13086779780179592
2024-09-18,-0.4126125337669453,-0.5390733805364587,-0.40172353435938246,0.1934575349461712,-0.08782183570475112
2024-09-19,0.99209206181293,0.4364750576137408,1.4419065864685332,0.23655864828195522,-0.03265551879530042
2024-09-20,0.4547451252003948,-0.008628333240217964,0.704454538137367,0.2819789876986432,-0.011491386235076662
2024-09-23,-0.30086263619751724,-0.5266201100777995,-0.40172353435938246,0.2912842134265499,0.0225784312597845
2024-09-24,-0.1558834501956043,-0.24820853992323952,-0.40172353435938246,0.3047497265249889,0.002202124794077282
2024-09-25,-0.2921259962112168,-0.4815645825672665,-0.40172353435938246,0.2815269905291143,0.0019742062482198657
2024-09-26,0.6081102464343029,0.29388892870622446,0.704454538137367,0.23597706217572537,0.02117372064556423
2024-09-27,-0.1763561887017695,-0.20537843069193137,-0.40172353435938246,0.2195995859477079,0.0035867477540576093
2024-09-30,0.7906752577052392,0.2703408763227171,1.07318056230295,0.2552321165915098,0.057385696265069265
2024-10-01,0.2621378784192972,-0.048312464046249746,0.3357285139717839,0.24059077466604958,0.023054710600251684
2024-10-02,-0.09659063818033278,-0.3520357860109743,-0.03299751019379929,0.20203514836648281,0.002814985929999788
2024-10-03,-0.08093358500581634,-0.03872254621576876,-0.40172353435938246,0.21311363709880668,0.024012475372105616
2024-10-04,-0.23830953811720307,-0.2640115954414766,-0.40172353435938246,0.17530955539862597,-0.012383015990086413
2024-10-07,-0.20755589263273133,-0.5095975552892973,-0.03299751019379929,0.1769777272813207,-0.025899102536039
2024-10-08,0.08554409832646973,-0.24849067946010775,0.3357285139717839,0.17044738059665313,-0.04544170423168725
2024-10-09,-0.22158576249855688,-0.24077787925215283,-0.40172353435938246,0.19655574608087462,-0.025720742784889245
2024-10-10,-0.3311617470487899,-0.4283324702465243,-0.40172353435938246,0.17905010531861115,-0.027262390749288122
2024-10-11,-0.25532509573326856,-0.335612970553145,-0.40172353435938246,0.19134794535728128,0.013478453149551864
2024-10-14,-0.21265922479204236,-0.31158722941315886,-0.40172353435938246,0.24874996390457338,0.01400509113091992
2024-10-15,-0.08035815200820742,-0.26286129377426504,-0.03299751019379929,0.22743973980801546,-0.08673267193748706
2024-10-16,-0.2948848398323784,-0.38914544241355464,-0.40172353435938246,0.2252027879879392,-0.044211919355503504
2024-10-17,-0.09208990644984494,0.019039989262712862,-0.40172353435938246,0.22557208366001827,-0.07361032853242412
2024-10-18,-0.3585251459973625,-0.5022614197454418,-0.40172353435938246,0.20586574582615938,-0.03104498538306014
2024-10-21,-0.008068467570017862,-0.16922625127626517,-0.03299751019379929,0.2356961104441932,-0.049928525766865316
2024-10-22,0.051524835944348424,-0.3745212083043409,0.3357285139717839,0.2455143222725784,-0.05698115950246313
2024-10-23,-0.3680193677545145,-0.5499610209945572,-0.40172353435938246,0.2561293211830857,-0.05136690015374204
2024-10-24,-0.5080581150768245,-0.8188767785204796,-0.40172353435938246,0.22204899211073276,-0.009719632843421224
2024-10-25,-0.4824445861971576,-0.5374666863970314,-0.40172353435938246,-0.01876973624384542,-0.009349006240198469
2024-10-28,-0.8202859247668386,-0.3207182834206444,-0.40172353435938246,-0.879427933026719,-0.027513279382168018
2024-10-29,-0.760749321872441,-0.20885601483399863,-0.40172353435938246,-0.8380261733082979,-0.07063200482536944
2024-10-30,-0.20606604573655635,0.41740661263812046,0.3357285139717839,-1.0873199507201596,-0.038912409846206406
2024-10-31,-0.6076657906255242,-0.06953207857189217,-0.03299751019379929,-1.0994136294173829,0.023574285099627713
2024-11-01,-0.5438660524545798,-0.006915446010599874,-0.03299751019379929,-1.0360464052156944,0.019100272327784055
2024-11-04,-0.5450083172672793,-0.2957862440250213,0.3357285139717839,-1.061346157647465,0.015785771548245436
2024-11-05,-0.9329829064753793,-0.3854912081789052,-0.40172353435938246,-1.0713606226028625,0.014540438172346152
2024-11-06,0.3263446775004944,0.7553371205086641,1.07318056230295,-1.1686834220572258,0.08263141318957135
2024-11-07,-0.26562824369913474,-0.01489567291884139,0.704454538137367,-1.1532004855979525,0.03622643766573057
2024-11-08,-0.9358057150322399,-0.36009446488710545,-0.40172353435938246,-1.1539985308786675,0.06770721248746954
2024-11-11,-0.7843914169258958,-0.08738920065237592,-0.40172353435938246,-1.1474977416337584,0.07372948585762105
2024-11-12,1.5704728938970804,1.1025249567650905,3.285536707296449,-1.1305452628082506,0.15606014274923935
2024-11-13,-0.9889417583823557,-0.5281078949022985,-0.40172353435938246,-1.14898520681093,0.13571768704915446
2024-11-14,0.04002987296435784,0.4096270685530831,0.704454538137367,-1.0832000876750654,0.12449801515319277
2024-11-15,-0.15081057337804327,0.12212080690742383,0.704454538137367,-1.1348832053870606,0.10183723888003648
2024-11-18,-0.7479312362068515,-0.35725737359992404,-0.03299751019379929,-1.1631786569567517,0.11593569142039402
2024-11-19,0.4013311938742252,0.45162926568977035,1.4419065864685332,-1.0535354388818805,0.10263581548838857
2024-11-20,-0.9304808354651827,-0.4621689076402997,-0.40172353435938246,-1.0489942093442244,0.07869608224153245
2024-11-21,-0.8937006851668,-0.31967010740953217,-0.40172353435938246,-1.0429531990100276,-0.0064625922090182876
2024-11-22,-0.2634699574987208,-0.05604621197209659,0.704454538137367,-1.0585253959081773,-0.01390058768533315
2024-11-25,-1.0978893385807593,-0.6924256755551566,-0.40172353435938246,-1.05314499151138,-0.007722239538927195
2024-11-26,-0.6815490498300499,-0.16530766632180216,-0.03299751019379929,-1.0958786720413283,-0.02644410256482831
2024-11-27,-1.0333028786341212,-0.44621281268696045,-0.40172353435938246,-1.1462381330195204,-0.044810650996492965
2024-11-28,-0.8463414567018567,-0.42705135865159766,-0.03299751019379929,-1.1471703848600534,-0.024574823992583927
2024-11-29,-0.9191230067483459,-0.390350530746222,-0.03299751019379929,-1.2609642959131875,-0.09242537393548136
2024-12-02,-0.42765863114264185,-0.06309261657777472,0.704454538137367,-1.2663271483381728,-0.12139167477360775
2024-12-03,-0.8482052611106066,-0.17278583513354043,-0.03299751019379929,-1.317649924041572,-0.12389026276342176
2024-12-04,-0.706897214494895,-0.15079521751350364,0.3357285139717839,-1.3090092822462969,-0.20892174533049365
2024-12-05,-1.0382384481905462,-0.14013159570677905,-0.40172353435938246,-1.3169405328453958,-0.20579809056847326
2024-12-06,-0.7777241965973584,-0.20312792939687072,0.3357285139717839,-1.3981450106753635,-0.20283106463098238
2024-12-09,-1.056264044845202,-0.4023439685370215,-0.03299751019379929,-1.3975887155039732,-0.21416760317550806
2024-12-10,-1.2364325382154335,-0.4153915266191593,-0.40172353435938246,-1.407345413979698,-0.2161042556046376
2024-12-11,-1.2867234157076013,-0.5063444733929167,-0.40172353435938246,-1.4399032355716037,-0.18600203807565063
2024-12-12,-1.4266786001188672,-0.7286255785165658,-0.40172353435938246,-1.515276407865311,-0.15125680576787182
2024-12-13,-1.4828652417245145,-0.793677112027236,-0.40172353435938246,-1.5767368138296558,-0.13077127055229876
2024-12-16,-1.188987773453583,-0.24139420710083329,-0.40172353435938246,-1.5578851844181083,-0.15030011610581193
2024-12-17,-0.7576545278491157,-0.026220270151001014,0.3357285139717839,-1.5690032398562455,-0.1742807222868514
2024-12-18,-1.2221762503889873,-0.4906589278540747,-0.03299751019379929,-1.5679077542520208,-0.2768685784749258
2024-12-19,-0.14582693808826402,0.5208267805940955,1.4419065864685332,-1.5291430404790702,-0.58136197643389
2024-12-20,-1.6745954158888752,-0.48991606610083693,0.3357285139717839,-1.5341802521083092,-1.5648647897805419
2024-12-23,-2.1760057486524267,-0.7056207830321488,-0.40172353435938246,-1.567654041449601,-1.635408993906525
2024-12-24,-2.312510096369672,-0.9586602850005974,-0.40172353435938246,-1.5405744590787112,-1.6674599615266086
2024-12-25,-2.360496139955517,-1.1863379041836954,-0.40172353435938246,-1.5187038919032765,-1.5424871660128494
2024-12-26,-2.3239138884055497,-1.1863379041836954,-0.40172353435938246,-1.5578819201041332,-1.4277190311207986
2024-12-27,-1.69348662893759,-0.31006039297166194,-0.03299751019379929,-1.5739103843674642,-1.4170366680971187
2024-12-30,-1.9945430067780945,-0.5575300425523942,-0.40172353435938246,-1.566812211838544,-1.428821244689016
2024-12-31,-2.0678372450199216,-0.7376148407009084,-0.40172353435938246,-1.5646952741608933,-1.385545117978476
2025-01-01,-2.25217844553079,-1.1863379041836954,-0.40172353435938246,-1.573052824304517,-1.2669559065041296
2025-01-02,-1.2358440071065642,0.006407452726505176,0.3357285139717839,-1.523638581217167,-1.2228540308165554
2025-01-03,-1.4327672943739118,-0.32398668289797306,0.3357285139717839,-1.5636788394454346,-1.2238447791624234
2025-01-06,-1.231448508951772,-0.21383117027754306,0.704454538137367,-1.5650597868028628,-1.271942992281403
2025-01-07,-1.7536108742214265,-0.24186636167820766,-0.40172353435938246,-1.5211270252811224,-1.3289612950483607
2025-01-08,-1.5274322873009347,-0.3724444789243218,0.3357285139717839,-1.5257487934992697,-1.40258136918153
2025-01-09,-1.7066652921729637,-0.44522652383751365,-0.03299751019379929,-1.4452365464255184,-1.432545009060358
2025-01-10,-1.158463625536144,0.004193832609266006,0.704454538137367,-1.445494184709859,-1.4835101533598571
2025-01-13,-1.828070886648606,-0.23977371649046839,-0.40172353435938246,-1.5080992773681798,-1.4952441757507404
2025-01-14,-1.986811872004207,-0.515999235899155,-0.40172353435938246,-1.4977067475944124,-1.5299016030150951
2025-01-15,-1.0633962506309735,0.49357369423960323,0.3357285139717839,-1.420740155060998,-1.5053792687889747
2025-01-16,-1.554425055925901,-0.3626605608462433,0.3357285139717839,-1.4459932967202092,-1.5508023267554085
2025-01-17,-1.373340602335665,0.23924209687398887,-0.03299751019379929,-1.3878120434182628,-1.554680144838826
2025-01-20,-1.9562352692215943,-0.570304829326992,-0.40172353435938246,-1.3557815505238444,-1.5577374152800683
2025-01-21,-1.8875122317575757,-0.4555382609764468,-0.40172353435938246,-1.3804898368498895,-1.5164809556469014
2025-01-22,-1.8603743275962086,-0.34091287601145476,-0.40172353435938246,-1.459648883862113,-1.5023188785896668
2025-01-23,-1.7746870561174872,-0.15970108128258054,-0.40172353435938246,-1.4794330981353754,-1.5033435323190756
2025-01-24,-1.9757005019566312,-0.45285860764483016,-0.40172353435938246,-1.5322294394754234,-1.539323721326579
2025-01-27,-2.087013787523827,-0.7022062578197726,-0.40172353435938246,-1.528254026777534,-1.5003521299928293
2025-01-28,-1.9636820964094759,-0.47736207635564215,-0.40172353435938246,-1.5277650995768426,-1.493355987511368
2025-01-29,-1.9577981732705934,-0.4999814291636547,-0.40172353435938246,-1.4825074496965323,-1.5043452665303103
2025-01-30,-1.3815644295413056,-0.08097611553142338,0.3357285139717839,-1.4494687214970898,-1.50069635788612
2025-01-31,-2.0648211347975205,-0.7305061909315587,-0.40172353435938246,-1.4551677454521263,-1.5013009353508795
2025-02-03,-0.5858093914059137,0.7266282822523774,0.704454538137367,-1.203432279085801,-1.3554111566013813
2025-02-04,-1.7357764674537854,-0.35090074498628226,-0.40172353435938246,-1.3254204959324845,-1.3797939428876747
2025-02-05,-1.8237120711610455,-0.4845943804973679,-0.40172353435938246,-1.3533565366397684,-1.3846305760003448
2025-02-06,-0.2584241956739814,1.0135583702163347,1.07318056230295,-1.3260795371746896,-1.2123575516175569
2025-02-07,-1.3561036954403796,-0.2437535186130457,-0.03299751019379929,-1.2331143261331867,-1.1619797010277964
2025-02-10,-1.5274666747270085,-0.30144753532518065,-0.40172353435938246,-1.19641842924619,-1.1465710778033114
2025-02-11,-1.7086291692027342,-0.4674967309941814,-0.40172353435938246,-1.3768679050678256,-1.1459641772240587
2025-02-12,-1.4070248954109386,-0.19004998740316,-0.03299751019379929,-1.3760740163608693,-1.1735249383867552
2025-02-13,-0.6149443568617108,0.35305962017230375,1.07318056230295,-1.3606135842594456,-1.1867241404125575
2025-02-14,-1.703891137328732,-0.4395287395836061,-0.40172353435938246,-1.3620598793110426,-1.181895133423834
2025-02-17,-1.454198889126438,-0.315644192730789,-0.03299751019379929,-1.37774755502954,-1.1320926092610226
2025-02-18,-1.3838512163389387,-0.19161560257493854,-0.03299751019379929,-1.4115562057343445,-1.088020150210489
2025-02-19,-0.5573303031955971,0.36524893396655456,1.07318056230295,-1.3860066015089252,-1.056937291650093
2025-02-20,-1.7206672280952584,-0.5865277633376816,-0.40172353435938246,-1.3765408837414181,-1.0426794957544903
2025-02-21,-1.3415084199937923,-0.3864692140390389,0.3357285139717839,-1.3941663254802001,-1.1490469040448148
2025-02-24,-0.95920833495891,-0.0016756634979435724,0.704454538137367,-1.4262361235777092,-1.0946802029756904
2025-02-25,-1.6472448895837664,-0.34875368404410745,-0.40172353435938246,-1.424158058570087,-1.100263304672451
2025-02-26,-0.299938621477827,0.5403693718952916,1.4419065864685332,-1.3726110991341878,-1.076978543214748
2025-02-27,-1.2634898066008944,0.003975895895075524,-0.03299751019379929,-1.3601108979530698,-1.1087154848804182
2025-02-28,-1.3607672515631004,-0.22039693386869835,-0.03299751019379929,-1.3234304798713423,-1.102332794793551
2025-03-03,-0.8565860456173986,0.07860400649408004,0.704454538137367,-1.316551045098633,-1.0879958259623246
2025-03-04,3.217571184040599,2.468117995317669,5.497892852289948,-0.5714265064551307,-0.5942494254410299
2025-03-05,1.9029837924105926,1.6612739583594036,3.285536707296449,-0.38714377516518217,-0.547876211681574
2025-03-06,-0.5883329208883479,-0.020350877228473313,-0.03299751019379929,-0.42212997491537146,-0.696459650059248
2025-03-07,-0.5625869073788268,-0.22361425905210003,0.3357285139717839,-0.4680371995489883,-0.7159784888066673
2025-03-10,0.15974543383144718,0.4576578617488297,1.07318056230295,-0.40314019827941255,-0.7322685974939639
2025-03-11,0.2731293351058368,0.5788611913372228,1.07318056230295,-0.31078677656795767,-0.7297573262985991
2025-03-12,0.17324257972850632,0.43560047659092105,1.07318056230295,-0.34369349535388194,-0.743274673336149
2025-03-13,-0.7325443254857285,-0.3502808027320408,-0.03299751019379929,-0.35214743121801334,-0.7061684689769612
2025-03-14,0.06598649455654074,0.7630960094296132,0.3357285139717839,-0.26832531275642696,-0.7148085858521794
2025-03-17,-0.660338688247009,0.006388271309660026,-0.40172353435938246,-0.23475569697451176,-0.7281738797897147
2025-03-18,-0.6000833907747105,-0.14777493838516406,-0.03299751019379929,-0.2329531978984564,-0.7804932251814691
2025-03-19,-1.0210896506828306,-0.631553619295594,-0.40172353435938246,-0.25300410981915666,-0.752317467730407
2025-03-20,-0.8363792290348742,-0.2926040855745836,-0.40172353435938246,-0.2465297236885775,-0.750199117880538
2025-03-21,-0.6072261056916368,-0.19508280936012817,-0.03299751019379929,-0.24314817932273683,-0.7334423702309057
2025-03-24,-0.8900575955858905,-0.3803234163891057,-0.40172353435938246,-0.2781641937200098,-0.7313801308807374
2025-03-25,-0.8256584626970154,-0.24228345817589092,-0.40172353435938246,-0.2659878868097046,-0.7623383597736954
2025-03-26,-0.7292681738095219,-0.07934975296819505,-0.40172353435938246,-0.2948320724033033,-0.7126425167542718
2025-03-27,-1.0028505683573403,-0.5731588191684954,-0.40172353435938246,-0.2937023185715313,-0.7357969603496914
2025-03-28,-0.33429044507877254,0.3261977262663128,-0.03299751019379929,-0.25788435036386,-0.7269363822417175
2025-03-31,1.325202539304869,1.264212468710944,2.1793586347996996,-0.07135168734463075,-0.6040787130057239
2025-04-01,-0.26513507212355325,0.4083845578933482,-0.40172353435938246,-0.01142789609725343,-0.5946391266606603
2025-04-02,-0.7436254034374169,-0.43504695673391397,-0.40172353435938246,0.014144802361191184,-0.6814878564449951
2025-04-03,2.9257343256180466,2.295505773610724,3.6542627314620324,0.2216910482647806,-0.1358816720016244
2025-04-04,7.690629981022679,6.453311759568818,6.604070924786698,1.373322045518319,1.1183739541873854
2025-04-07,6.864349607053674,5.182138345972765,5.497892852289948,1.6960578659250465,1.4924316998715255
2025-04-08,6.386010675789047,3.364525607514098,6.235344900621115,1.8501587292015729,1.6432336040682072
2025-04-09,6.336363179511604,3.3544677911530214,5.866618876455531,1.9718763365343746,1.7647116633338331
2025-04-10,6.877892694390445,4.125968243537161,5.866618876455531,2.158304609542532,1.8351914707260815
2025-04-11,1.804010743142232,-0.2605383232409629,-0.03299751019379929,2.140313717397617,1.7235694144704203
2025-04-14,5.0975162116266866,2.1214809451859136,4.391714779793198,2.136017611459759,1.7673912902513775
2025-04-15,3.3999396264765793,1.1297418161143506,1.8106326106341164,2.1593812092242284,1.7443676259472343
2025-04-16,1.493498362011041,-0.5881783375688243,-0.40172353435938246,2.1643703360727824,1.761172243405963
2025-04-17,1.5382224211819224,-0.5194427182591783,-0.40172353435938246,2.176831309980573,1.764659747503905
2025-04-18,1.2037703969747264,-1.1863379041836954,-0.40172353435938246,2.1928824342109214,1.789011039219981
2025-04-21,1.2102281355492144,-1.1863379041836954,-0.40172353435938246,2.197962308740606,1.7967621238812013
2025-04-22,1.9252822550407376,0.17645694924510283,-0.40172353435938246,2.183719452868944,1.7915070414059497
2025-04-23,3.209811464077733,1.2955380434504031,1.07318056230295,2.2012650896110326,1.814117382321173
2025-04-24,1.566075640218474,-0.5465223282573621,-0.40172353435938246,2.1960355765566097,1.83002148010655
2025-04-25,1.7171047826999126,-0.26599151364644447,-0.40172353435938246,2.195921242242899,1.8337515379474363
2025-04-28,1.5218664992861384,-0.6090370141125322,-0.40172353435938246,2.170459106978337,1.8345634235633939
2025-04-29,1.9410801773762083,-0.10595621335982672,-0.03299751019379929,2.1585360745132984,1.8153579480650937
2025-04-30,1.8110717424097054,-0.00011603101494416341,-0.40172353435938246,2.1275266436779052,1.8091374676773488
2025-05-01,1.200351327059224,-1.18440558983264,-0.40172353435938246,2.152492442765136,1.822141868118604
2025-05-02,2.9958618511700346,0.9450314056486437,1.07318056230295,2.143335953597481,1.8189971853397766
2025-05-05,1.8675249772443596,-0.16258028157734222,-0.03299751019379929,2.0906733352554245,1.798366848785934
2025-05-06,1.6001170888634983,-0.34758916069413087,-0.40172353435938246,2.0867971945493764,1.7988731018399138
2025-05-07,1.7193511220477866,-0.13987815817051505,-0.40172353435938246,2.083413109199684,1.8200451530799575
2025-05-08,1.7713532834377366,-0.026114027369058313,-0.40172353435938246,2.066999917950741,1.819944448129287
2025-05-09,1.991935930315063,0.07721673808462157,-0.03299751019379929,2.066949677692608,1.8167179829022435
2025-05-12,2.6106871985568665,0.6410364482554888,0.704454538137367,2.0626217695311717,1.7895745736786586
2025-05-13,1.4649994382906395,-0.5600162284804376,-0.40172353435938246,2.0674065891714535,1.7744251583144042
2025-05-14,1.511187364213829,-0.4880627402166784,-0.40172353435938246,2.0943022778860505,1.7623598441617228
2025-05-15,1.8267602537346894,-0.15249968692045412,-0.03299751019379929,2.051861982508225,1.7456346904748739
2025-05-16,1.9038361652138258,0.017490708055785734,-0.03299751019379929,2.052852022414422,1.7176104763773388
2025-05-19,1.7376209390490667,-0.23804541644111554,-0.03299751019379929,2.0361301218420715,1.6738849318966065
2025-05-20,1.6906430618393153,-0.0034057681705198734,-0.40172353435938246,2.039615358894593,1.6610121820872499
2025-05-21,1.468835004207668,-0.4205825109429947,-0.40172353435938246,2.0422465089066604,1.658530215465738
2025-05-22,1.6629252251794473,-0.047441480291634454,-0.40172353435938246,2.0482260523630123,1.6433635871356052
2025-05-23,2.009534682364081,0.300502656274873,-0.03299751019379929,2.0499949174427323,1.629941491462401
2025-05-26,2.1426615231688046,0.5352457018844413,-0.03299751019379929,2.0744685629826565,1.6210787332118934
2025-05-27,1.6211985569646594,-0.3686041662833383,-0.03299751019379929,2.004747521293322,1.611713938829528
2025-05-28,1.5065497811739557,-0.26472991059435114,-0.40172353435938246,2.0042576511192225,1.6068174050777624
2025-05-29,1.3566467099821167,-0.5595756588069033,-0.40172353435938246,2.0211032151722224,1.6033037143941264
2025-05-30,1.4042306910563078,-0.4760890021038035,-0.40172353435938246,2.0372660312138495,1.5928535240004669
2025-06-02,1.3727173879122558,-0.528266098263802,-0.40172353435938246,2.030820536913774,1.5919870986342304
2025-06-03,1.312295717278423,-0.6563168366957627,-0.40172353435938246,2.0298692393132947,1.6085395314828177
2025-06-04,1.4838395002784517,-0.372816191870889,-0.40172353435938246,2.0586807026601766,1.6203656759085066
2025-06-05,1.4607397493820096,-0.42068858073404974,-0.40172353435938246,2.0664850804654584,1.6170129772961337
2025-06-06,1.3450204278058484,-0.6209900827046165,-0.40172353435938246,2.073304290795403,1.5913959454212476
2025-06-09,1.2561484820838527,-0.7913761798097171,-0.40172353435938246,2.0687997421918163,1.5996759523491186
2025-06-10,1.5985211482886776,-0.1149503735602681,-0.40172353435938246,2.0498080112933366,1.5841502005444124
2025-06-11,1.3390571726534244,-0.6219309051451419,-0.40172353435938246,2.052547509373982,1.60200222768969
2025-06-12,1.4381893088678188,-0.4474189438314107,-0.40172353435938246,2.051323619350763,1.6159915655325332
2025-06-13,1.830860675362283,0.3395649257161084,-0.40172353435938246,2.0566818085497522,1.5578641549941719
2025-07-02,1.551492327932594,-0.1733423974329937,-0.40172353435938246,2.0523133519029515,1.5492813274805441
2025-07-03,1.6291286470796282,-0.032838627128752206,-0.40172353435938246,2.0460489706319085,1.5616497063582173
2025-07-04,1.4217622749407537,-0.44547642319736996,-0.40172353435938246,2.062333589558821,1.5692316121064211
2025-07-07,1.3562571582101621,-0.5543739354378389,-0.40172353435938246,2.0558961895721093,1.5606451456655333
2025-07-08,1.4102922327118792,-0.47076713968192396,-0.40172353435938246,2.0724318193868525,1.5627117134586077
2025-07-09,1.6793369467638315,0.05867723709759715,-0.40172353435938246,2.044164891594424,1.566689491328018
2025-07-10,1.5723484711907356,-0.12667587902322217,-0.40172353435938246,2.0178922485679247,1.5771512817532978
2025-07-11,1.8109763440484379,0.03590324164388555,-0.03299751019379929,1.9882859759417426,1.577517734013195
2025-07-14,1.338664169165999,-0.5244087949623328,-0.40172353435938246,1.9542150095442556,1.59891479894419
2025-07-15,1.0804815553599556,-0.4715613790203028,-0.40172353435938246,1.392976528526205,1.605667331578705
2025-07-16,1.053822470876562,-0.3723520123279652,-0.03299751019379929,0.9519823752033125,1.5671008431419309
2025-07-17,1.046216944455541,0.2224629969569218,-0.40172353435938246,0.6458353995237653,1.5694869875600042
2025-07-18,0.3522830337087164,-0.5287875129508705,-0.40172353435938246,0.06753983366222191,1.5779176839748514
2025-07-21,-0.0821550424251879,-0.5405049122072194,-0.40172353435938246,-0.7606445936306686,1.576297555702227
2025-07-22,0.21988830804746395,-0.30200977852683103,-0.03299751019379929,-0.7385046997646705,1.5692355400184632
2025-07-23,0.04062975816663117,-0.05497542763038463,-0.40172353435938246,-1.011588904729361,1.56415202605196
2025-07-24,-0.14538493807346964,-0.22183950269864902,-0.40172353435938246,-1.216843816590414,1.581696443790049
2025-07-25,-0.4022268119211647,-0.7143306610943947,-0.40172353435938246,-1.1944659494691063,1.5687938683015972
2025-07-28,-0.22679772010737076,-0.39445734729603765,-0.40172353435938246,-1.2074122654091066,1.5929151604164058
2025-07-29,-0.09920435599028332,-0.1398038631931394,-0.40172353435938246,-1.2236988984134276,1.5939720502645924
2025-07-30,-0.15030631231862857,-0.5031634510082102,-0.03299751019379929,-1.2611406038683277,1.5824428271446453
2025-07-31,-0.09699687940502855,-0.07853929254079677,-0.40172353435938246,-1.2720912013333219,1.5830383343834113
2025-08-01,1.535935891469883,1.2894391384846016,1.4419065864685332,-1.123210247526593,1.5672150107782739
2025-08-04,0.3785668451080394,0.31502786753292067,-0.03299751019379929,-1.067822495222569,1.5699767430767888
2025-08-05,-0.24362661891789583,-0.5323683986430326,-0.40172353435938246,-1.0803193231043942,1.574630434742578
2025-08-06,-0.18982660830702847,-0.4210988544603049,-0.40172353435938246,-1.0777053183257186,1.5610034097158079
2025-08-07,0.4604913409908223,0.43938126938431177,-0.03299751019379929,-1.0621339700836574,1.5959061232728269
2025-08-08,-0.1605592268954611,-0.44742216102520554,-0.40172353435938246,-1.0095869669109623,1.5774048671719232
2025-08-11,-0.2127717680915835,-0.5093342611175766,-0.40172353435938246,-1.028394865657369,1.5580700863641446
2025-08-12,-0.33019708685176363,-0.6883755914756386,-0.40172353435938246,-1.0812173027949419,1.568343751465851
2025-08-13,-0.12912307316945904,-0.3951487107623268,-0.40172353435938246,-1.0503768669412745,1.6272660689912462
2025-08-14,-0.07818348239180062,-0.23732955576290515,-0.40172353435938246,-1.1049924697252944,1.6174979089575612
2025-08-15,-0.2835498658878295,-0.6593336576649096,-0.40172353435938246,-1.0744877575489207,1.6243610382886229
2025-08-18,-0.055486667025130054,-0.26425554300010473,-0.40172353435938246,-1.038254717316719,1.6227107619867476
2025-08-19,0.06996222445084554,-0.02107918810299071,-0.40172353435938246,-1.0528408160666576,1.6299984682742037
2025-08-20,-0.2263897164869273,-0.4554168838114541,-0.40172353435938246,-1.1659360116659772,1.6160172929887933
2025-08-21,-0.29662585205599235,-0.5951155807165205,-0.40172353435938246,-1.1702449072433518,1.6287610156139576
2025-08-22,0.2061135753499661,0.12980385457374222,-0.03299751019379929,-1.2304429756636377,1.5902013288304748
2025-08-25,-0.21902388200382783,-0.34773957611962497,-0.40172353435938246,-1.231948405831918,1.5839893493815709
2025-08-26,-0.002965834494984998,0.01331908858163604,-0.40172353435938246,-1.1801848018518508,1.578456157440018
2025-08-27,-0.1193081129571355,-0.26711358319455203,-0.40172353435938246,-1.126577882183337,1.5889276955635283
2025-08-28,-0.23919570635741227,-0.4602415018708377,-0.40172353435938246,-1.1521200763983548,1.5809220265058002
2025-08-29,-0.03824585222559562,-0.12757938771815555,-0.40172353435938246,-1.110158075003088,1.5856068089369841
2025-09-01,-0.24380486262957113,-0.49797834693324644,-0.40172353435938246,-1.1256442775143574,1.5845658343751985
2025-09-02,0.749737442955915,0.6623861100563537,0.3357285139717839,-1.0256222107908484,1.5646515721898826
2025-09-03,-0.08538831212255138,-0.16386116852921656,-0.40172353435938246,-1.1635817676102613,1.5850609927855932
2025-09-04,-0.1083160594106497,-0.17039138609932927,-0.40172353435938246,-1.2022309512317357,1.5860552433337336
2025-09-05,-0.24666290657954704,-0.21741387972742424,-0.40172353435938246,-1.2192097449906114,1.374770836660145
2025-09-08,-0.7399505551235886,-0.18777050745309554,-0.40172353435938246,-1.1945408128975843,0.320479383827368
2025-09-09,-1.0262474906308048,-0.632656195543698,-0.40172353435938246,-1.177554002542473,0.20251123339080854
2025-09-10,-1.0174802050136318,-0.31577824738060006,-0.40172353435938246,-1.2035549036444462,-0.09328080482143888
2025-09-11,-1.2408981709372071,-0.4388168861743493,-0.40172353435938246,-1.1806098474330542,-0.436373030932131
2025-09-12,-1.456182047540127,-0.6477517705550744,-0.40172353435938246,-1.1798275360157233,-0.6475883932485744
2025-09-15,-1.3557030736505895,-0.4792276407306381,-0.40172353435938246,-1.1834651807379728,-0.6219243605972528
2025-09-16,-0.9297231900372528,0.42188160282496256,-0.40172353435938246,-1.0299034260739812,-0.8899643735582042
2025-09-17,-1.5956603453238314,-0.6285434646930534,-0.40172353435938246,-1.0334382689280135,-1.102702222044784
2025-09-18,-1.2552457489586837,-0.2894477142611177,-0.03299751019379929,-1.0428258974864846,-1.1074965984818352
2025-09-19,-1.659684927239503,-0.7433057907413521,-0.40172353435938246,-1.0509341038754463,-1.0904619351109273
2025-09-22,-1.636395441213705,-0.6118063297340374,-0.40172353435938246,-1.0554941397273365,-1.1800013829666123
2025-09-23,-1.4827674260598434,-0.11900045671725193,-0.40172353435938246,-1.1538412303887677,-1.2967679461248118
2025-09-24,-1.6986269323345873,-0.5240782636914735,-0.40172353435938246,-1.1567596034782104,-1.294449361918083
2025-09-25,-1.7368750047043346,-0.3378208378657011,-0.40172353435938246,-1.184536341131974,-1.5429789778181249
2025-09-26,-1.5980015622370753,-0.14262520998306324,-0.40172353435938246,-1.1542560016282803,-1.5037750552573703
2025-09-29,-1.6859503133657165,-0.6271623628832629,-0.03299751019379929,-1.163665754540435,-1.4887281470893867
2025-09-30,-1.7958041863124636,-0.46009374148264065,-0.40172353435938246,-1.192790115176687,-1.5220070548031206
2025-10-01,-1.3478371300616256,0.013394691951634407,-0.03299751019379929,-1.1691337707213882,-1.4884059623306185
2025-10-02,-1.7641553495917686,-0.44103319567586696,-0.40172353435938246,-1.1373809644555617,-1.5363254597587621
2025-10-03,-1.8091448301030757,-0.45601700056938194,-0.40172353435938246,-1.0877008796985377,-1.6629251819635447
2025-10-06,-1.9098747176357427,-0.39196796622966346,-0.40172353435938246,-1.0842585597368009,-1.9388903312843404
2025-10-07,-1.933126051040967,-0.4175137838548265,-0.40172353435938246,-1.0952576488345414,-1.946941484670673
2025-10-08,-1.8234305004967228,-0.28413789007638296,-0.40172353435938246,-1.058697238579603,-1.906789592087917
2025-10-09,-1.9616408294031729,-0.4668642004186902,-0.40172353435938246,-1.1318848832410846,-1.9133160439537693
2025-10-10,-1.4059803575891552,0.17326212109631303,-0.03299751019379929,-1.0728428664739629,-1.8781375129399285
2025-10-13,-1.8854054882959717,-0.3971094631509586,-0.40172353435938246,-1.0736079666858536,-1.8950285453584144
2025-10-14,-1.9974826434302426,-0.6104340609934421,-0.40172353435938246,-1.0204181836029407,-1.9476401077998053
2025-10-15,-1.8657516519901156,-0.3290421641110385,-0.40172353435938246,-1.0490539507760686,-1.9540877557670098
