date,EMFI_w60,EMFI_w100,EMFI_w150,EMFI_w200,EMFI_w250
2017-03-24,,,,,
2017-03-27,-0.383217350322643,,,,
2017-03-28,-0.04082773378717283,,,,
2017-03-29,-0.42656304759356056,,,,
2017-03-30,-0.3736607549639261,,,,
2017-03-31,-0.5341828218296875,,,,
2017-04-03,-0.3862796665410206,,,,
2017-04-04,-0.5775100097243181,,,,
2017-04-05,-0.5929602321551016,,,,
2017-04-06,-0.6719248454251341,,,,
2017-04-07,-0.504256357227447,,,,
2017-04-10,-0.6669534217665479,,,,
2017-04-11,-0.5904352796875786,,,,
2017-04-12,-0.5590862458616537,,,,
2017-04-13,-0.5426743521982076,,,,
2017-04-14,-0.7252004984776059,,,,
2017-04-17,-0.6914747553646792,,,,
2017-04-18,0.45306810156936456,,,,
2017-04-19,-0.29591260493329646,,,,
2017-04-20,-0.40660403422318103,,,,
2017-04-21,-0.6251968279076375,,,,
2017-04-24,2.1652778940566275,,,,
2017-04-25,-0.034030437912907566,,,,
2017-04-26,-0.27152864739293386,,,,
2017-04-27,-0.10050143154911267,,,,
2017-04-28,-0.2746646342317782,,,,
2017-05-01,-0.4821426066574441,,,,
2017-05-02,0.13590177594127828,,,,
2017-05-03,-0.1396137113691461,,,,
2017-05-04,0.4327958023117931,,,,
2017-05-05,0.04765387921610165,,,,
2017-05-08,-0.3785165583177289,,,,
2017-05-09,-0.07330043239781224,,,,
2017-05-10,-0.34702296795044985,,,,
2017-05-11,-0.18952191361037343,,,,
2017-05-12,-0.3096649229668389,,,,
2017-05-15,-0.19214450189816987,,,,
2017-05-16,-0.18211763075958537,,,,
2017-05-17,0.9309333955795803,,,,
2017-05-18,-0.01270844441376654,,,,
2017-05-19,0.18734645609738396,0.012156899244802533,,,
2017-05-22,-0.17054014247133695,-0.3987074643236337,,,
2017-05-23,-0.20615697596287047,-0.3284421182292995,,,
2017-05-24,-0.38271775345622533,-0.5049135937942065,,,
2017-05-25,-0.5633566808687344,-0.7152433402594852,,,
2017-05-26,-0.5215416415005449,-0.6560007640327874,,,
2017-05-29,-0.37654266094806527,-0.5571773612542649,,,
2017-05-30,-0.47635101949689107,-0.6419612821465994,,,
2017-05-31,-0.4703709427377182,-0.6191504340997057,,,
2017-06-01,-0.32627845156865454,-0.4496713225134081,,,
2017-06-02,-0.4545872388958415,-0.6085372556533132,,,
2017-06-05,-0.5103758303398752,-0.6404564480598466,,,
2017-06-06,-0.41400669007817525,-0.5411154234054454,,,
2017-06-07,-0.5844552410606337,-0.6796692458437901,,,
2017-06-08,-0.5142931646013373,-0.5779850420874179,,,
2017-06-09,-0.26948675707230474,-0.31742482523507,,,
2017-06-12,-0.16907157880506818,-0.18482217240495927,,,
2017-06-13,-0.5494690220426329,-0.5990661205522264,,,
2017-06-14,-0.6236189766621706,-0.6900181405694946,,,
2017-06-15,-0.3672462629201923,-0.42020944846086056,,,
2017-06-16,-0.5170429900844834,-0.599726384409467,,,
2017-06-19,-0.21882400612211714,-0.27181959354187174,,,
2017-06-20,-0.3263596366257753,-0.41152055626151307,,,
2017-06-21,-0.5455763559476912,-0.6523323008236364,,,
2017-06-22,-0.49848331914919614,-0.6208879788789843,,,
2017-06-23,-0.4076075525423552,-0.5116422466658181,,,
2017-06-26,-0.33760598888709303,-0.44726453345918155,,,
2017-06-27,-0.2813972687167045,-0.3955098312652134,,,
2017-06-28,-0.5091701515714908,-0.6399462205559361,,,
2017-06-29,0.6394503459715988,0.5762656999370331,,,
2017-06-30,-0.48879518507458675,-0.6042979226059546,,,
2017-07-03,0.2995224713209381,0.2540529499748443,,,
2017-07-04,-0.5265425488189557,-0.6225826255677307,,,
2017-07-05,-0.34422381029477683,-0.437676507920316,,,
2017-07-06,-0.4935765065632345,-0.5889070460768828,,,
2017-07-07,-0.5792792039899235,-0.6427058635912232,,,
2017-07-10,-0.4947045081951132,-0.5577034097787185,,,
2017-07-11,-0.5669125026752089,-0.6550256515646782,,,
2017-07-12,0.5643931089437605,0.5269983297976161,,,
2017-07-13,-0.44143688093310984,-0.559602644641092,,,
2017-07-14,-0.833560840807644,-0.6890930405767439,,,
2017-07-17,-0.8703150222179713,-0.7332909513349857,,,
2017-07-18,-0.49468939168184584,-0.46345820520230974,,,
2017-07-19,-0.6472519490998665,-0.6002673919542052,,,
2017-07-20,-0.6965576897923671,-0.6318050853207964,,,
2017-07-21,-0.38835887322754237,-0.29816518539269743,,,
2017-07-24,-0.6672730152391475,-0.6359605326311224,,,
2017-07-25,-0.635970421527615,-0.6107105093973684,,,
2017-07-26,-0.6608979232947823,-0.546063712054399,,,
2017-07-27,-0.8262236663760918,-0.7525512155646995,,,
2017-07-28,-0.48394074735797216,-0.4644783274295831,-0.5068474163186618,,
2017-07-31,-0.8174112554103212,-0.8159703818149009,-0.8813358537070864,,
2017-08-01,-0.7009860493651385,-0.6868976909898382,-0.7486751746245303,,
2017-08-02,-0.8141678023158427,-0.7953852712937576,-0.8459785787286027,,
2017-08-03,-0.8348795293588335,-0.819680307319122,-0.8778082872281552,,
2017-08-04,-0.706366570345046,-0.6592525463066983,-0.7002534107457581,,
2017-08-07,-0.8414179680751543,-0.7947593397121042,-0.8609793509044298,,
2017-08-08,-0.9255774405832198,-0.8092927407378123,-0.8861117532042084,,
2017-08-09,-0.782567178451564,-0.5836709928529772,-0.6470251826640807,,
2017-08-10,-0.7050113219580556,-0.4590274276720483,-0.516498341519461,,
2017-08-11,-0.3379714726518368,-0.08147024165011117,-0.11434720740368826,,
2017-08-14,-0.4488880836488424,-0.23452016263459857,-0.2656182117575465,,
2017-08-15,-0.8485107277668608,-0.6753483818082369,-0.7242183698680696,,
2017-08-16,-0.7516964606652793,-0.5544357600666031,-0.6069466041640889,,
2017-08-17,-0.7581235666354952,-0.5573100473447548,-0.6097674260466875,,
2017-08-18,-0.7997806092765272,-0.553816996878248,-0.5999877921663048,,
2017-08-21,-0.9344756444737728,-0.6769583654687065,-0.7373760206873883,,
2017-08-22,-0.5083111269419976,-0.24002963382085837,-0.27207746728049803,,
2017-08-23,-0.8888896739497962,-0.6570305756905352,-0.7164711796565052,,
2017-08-24,-0.7377595929441473,-0.5024992958667966,-0.5258919287793626,,
2017-08-25,-0.9304605175130587,-0.6922651096699586,-0.7643369814872994,,
2017-08-28,-0.7382931259262303,-0.504384084253715,-0.556319992467282,,
2017-08-29,-0.40211198611198284,-0.16234468162066817,-0.2032238545875503,,
2017-08-30,-0.6990212247937173,-0.456486161469862,-0.5191527439960698,,
2017-08-31,-0.5498561741419405,-0.3198445762472257,-0.3570694106455786,,
2017-09-01,-0.6556497584297095,-0.4683456218254998,-0.48811979338843775,,
2017-09-04,-0.7242729485327241,-0.5305126468721992,-0.549455457861704,,
2017-09-05,-0.8240010637524755,-0.6457890690306628,-0.679899960227668,,
2017-09-06,-0.8042461143562142,-0.630491268522125,-0.6785513996941388,,
2017-09-07,-0.7943602132615826,-0.6075564705853522,-0.6474100283331214,,
2017-09-08,-0.7358400535573228,-0.7913664706986316,-0.6111992589272278,,
2017-09-11,-0.1852440210212009,-0.1379217824921006,0.044997092769196834,,
2017-09-12,-0.7416194447174358,-0.7528058866436893,-0.6139722243831562,,
2017-09-13,-0.8117429654680738,-0.8293784323411041,-0.6960483563352231,,
2017-09-14,-0.5890514473483212,-0.561732513359814,-0.4086179423257329,,
2017-09-15,-0.658514330447195,-0.6693653449858669,-0.5082439946208788,,
2017-09-18,-0.5337285987315142,-0.5569856782573012,-0.456726017490138,,
2017-09-19,-0.8191001678681494,-0.8623170779108166,-0.7730055176781212,,
2017-09-20,-0.6664366139196569,-0.7542503771144659,-0.624132684927042,,
2017-09-21,-0.7586938929244851,-0.8468610382890428,-0.72303179900218,,
2017-09-22,-0.8331660955997632,-0.9209742998043137,-0.7965714599552951,,
2017-09-25,-0.5580607853028248,-0.6422697385760615,-0.5262996352526851,,
2017-09-26,-0.68209000766703,-0.7580598524275101,-0.7314494062621416,,
2017-09-27,-0.48723097627488743,-0.5758827424873032,-0.5221207431613697,,
2017-09-28,-0.5840888376709289,-0.6418488123528336,-0.6190714096849753,,
2017-09-29,-0.6835507838180704,-0.7371105465550765,-0.7265635618838757,,
2017-10-02,-0.6803592162031021,-0.7325609258890938,-0.7145280959225085,,
2017-10-03,-0.8464847199287282,-0.8683719389113886,-0.8401656904363834,,
2017-10-04,-0.7228384543077984,-0.754890711957172,-0.6679650850552202,,
2017-10-05,-0.7011622515711766,-0.8251711400228391,-0.6623558906942849,,
2017-10-06,-0.8470730871277858,-0.9540217335269835,-0.8214132556324709,-0.8449781815355594,
2017-10-09,-0.9079499047868352,-1.0682541036854092,-0.950439901959827,-0.968628407276616,
2017-10-10,-0.8829400055619118,-1.0520500619106221,-0.9381056771342925,-0.9614022434618344,
2017-10-11,-0.7683123719429491,-0.9568912081442686,-0.8584431514092082,-0.8644609420330583,
2017-10-12,-0.9270659115165767,-1.0706776670815044,-0.9751190976668687,-0.9767323124681284,
2017-10-13,-0.9430478793212755,-1.0780764926726245,-0.9767987238746882,-0.9765344824306152,
2017-10-16,-0.9539210903099329,-1.0972373386763707,-1.0133773521461649,-1.0204698959054426,
2017-10-17,-0.8840048713693179,-1.057667587037564,-0.9780700793628846,-0.9905405655631383,
2017-10-18,-0.8383816933998878,-1.0255242910925801,-0.9539046647653636,-0.9629049555179041,
2017-10-19,-0.7082099353037034,-0.8932590073354978,-0.8136185210581433,-0.8250037149375193,
2017-10-20,-0.8503231720013936,-0.9836334142688274,-0.9006334778156803,-0.9078126025040697,
2017-10-23,-0.8479055127720827,-0.9941139720719214,-0.9346378439149317,-0.9364479638858727,
2017-10-24,-0.5532403949397909,-0.6638387889463641,-0.5973585029294989,-0.6051177231107293,
2017-10-25,-0.6595168070153292,-0.7717606731546399,-0.712080792287394,-0.7286000725842192,
2017-10-26,0.08052933838111132,-0.08858920798879456,0.004610250211593,-0.020771560475439568,
2017-10-27,-0.6299234046684635,-0.7749331744919149,-0.7041528978113487,-0.7212153468066218,
2017-10-30,-0.7402404727852555,-0.8663915843302851,-0.8028493087242538,-0.8271206778355457,
2017-10-31,-0.7745770005465572,-0.8889903424516266,-0.8133970745425176,-0.8434189228235854,
2017-11-01,-0.8637075261929846,-0.9912801316891089,-0.9075840971938434,-0.9317995310405665,
2017-11-02,-1.0411366019405548,-1.1102798259171434,-1.0338309517779047,-1.0430251326207733,
2017-11-03,-1.093905910807597,-1.0276317369963484,-0.9280920816909326,-0.9713829911820822,
2017-11-06,-1.354648117056939,-1.2982773128875058,-1.2017414840037635,-1.2348400673301994,
2017-11-07,-1.213526109815976,-1.1614865565542436,-1.0528753829199349,-1.0874715510416497,
2017-11-08,-1.306371483571991,-1.2789423305162957,-1.1798737832173434,-1.2119795501228021,
2017-11-09,-0.7868524444094419,-0.712858783055244,-0.6060675809314106,-0.6330088324992509,
2017-11-10,-1.1050398042243232,-1.080754382208415,-1.0026259820383623,-1.0148443835931233,
2017-11-13,-1.0495622753828768,-1.028662923327305,-0.9370893531549515,-0.9578152579112295,
2017-11-14,-1.322280764844514,-1.292651364088868,-1.2145324362606236,-1.236107311726021,
2017-11-15,-1.2168177104442797,-1.1632411713324777,-1.0886175151596815,-1.1177691899586992,
2017-11-16,-0.9868148631263012,-0.9163416161591849,-0.8287608171144606,-0.8628043668018023,
2017-11-17,-1.1962860432388278,-1.205820382848595,-1.2541175901556663,-1.1081984775103106,
2017-11-20,-1.3819572852117072,-1.3191401834999614,-1.3682555119530178,-1.2406355912612022,
2017-11-21,-1.3731014114101454,-1.33841734183308,-1.3630798098584773,-1.2380610069034697,
2017-11-22,-1.4594054532293075,-1.394118392108549,-1.421801338479272,-1.3011465752161657,
2017-11-23,-1.5198722163587133,-1.479082127393989,-1.499011556215827,-1.3740540553379552,
2017-11-24,-1.5033879231455425,-1.4807322172137327,-1.5198687492667606,-1.3845086562898932,
2017-11-27,-1.418753665413823,-1.3917314900806088,-1.4056582895562888,-1.2830449761102662,
2017-11-28,-1.2584821820073564,-1.3174119085630684,-1.270914172279364,-1.1463365339190246,
2017-11-29,-1.2226423009323812,-1.280523283185893,-1.2686523372810956,-1.1156972942348815,
2017-11-30,-1.4577859485510163,-1.4975955631506155,-1.501277130884487,-1.3482984481563898,
2017-12-04,-0.8017151840236941,-0.7891993901736608,-0.7625576624932605,-0.6192792383490033,
2017-12-05,-1.5125953544714374,-1.5399119317087877,-1.5620466720697956,-1.3984348418975454,
2017-12-06,-1.535687852656264,-1.547438730515173,-1.5689571519096686,-1.4855942316745347,
2017-12-07,-1.4082097748653923,-1.4043470570667091,-1.4237679676806563,-1.3390629664416878,
2017-12-08,-1.3762594728888164,-1.411918118594325,-1.4164881517608803,-1.325059360879604,
2017-12-11,-1.353269623885196,-1.3814174037547733,-1.3865392969430945,-1.301325398371285,
2017-12-12,-1.5056811655205344,-1.4912453918908084,-1.4976808035628901,-1.4108658988841611,
2017-12-13,-1.4809778591427547,-1.4675983119874783,-1.5060632036644992,-1.3988985020644338,
2017-12-14,-1.3233599697164573,-1.2944315634253696,-1.3213341071908655,-1.1963031658929193,
2017-12-15,-1.596966907447665,-1.5946144523620225,-1.6666928974657946,-1.4961876736919544,
2017-12-18,-0.7113039750429688,-0.7186807866497088,-0.7656276397381392,-0.6256216211755199,-0.595395372871235
2017-12-19,-1.3993434901314599,-1.445842178068667,-1.5166245299697536,-1.3592057254911152,-1.3339632341327476
2017-12-20,-1.411141997382499,-1.4828355788793985,-1.5527740487751949,-1.387631026274011,-1.3616123864632015
2017-12-21,-1.2947982250975132,-1.307580689315361,-1.3870201090757301,-1.2346230882859597,-1.1958117050514425
2017-12-22,-1.4925733162372206,-1.524536281844114,-1.6112396059915273,-1.4642934795095635,-1.431907948858598
2017-12-25,-1.6477932211594035,-1.7045385466241736,-1.8086481085304895,-1.6635051395700013,-1.632429562303101
2017-12-26,-1.5730008263456272,-1.6744959116695277,-1.7851557954500614,-1.637151272754177,-1.6176171286015621
2017-12-27,-1.3866038989435034,-1.506079023249827,-1.580978748448941,-1.4381095275835665,-1.420644748163835
2017-12-28,-1.3654240996145663,-1.481211521918469,-1.5477647250526296,-1.4122259739934413,-1.396729703288762
2017-12-29,-1.297646746716497,-1.4383056667932206,-1.4846128080146341,-1.3462174763002313,-1.333348419671835
2018-01-01,-1.502082521232611,-1.7179356328193538,-1.7286931224563449,-1.6038188606082788,-1.5966394763243128
2018-01-02,-1.111836891271167,-1.265025761487511,-1.2413188917795361,-1.129256843650689,-1.1117996900780898
2018-01-03,-1.0946646274685508,-1.2426750070039703,-1.230764880330606,-1.1200785944434053,-1.1047928058825038
2018-01-04,0.17408586717709862,0.06734159334643042,0.10113188386974398,0.16817040295498498,0.19061527741767598
2018-01-05,-1.0331239191042503,-1.2283328544249232,-1.226763588963954,-1.1304367413681427,-1.129845342018841
2018-01-08,-1.1177464499206762,-1.3142192802257266,-1.3197082215490645,-1.2175404022034053,-1.2195157132733665
2018-01-09,-1.101750784233569,-1.2888293747085318,-1.2801037728777767,-1.1762214640860726,-1.180607114361283
2018-01-10,-1.0016042348420942,-1.1704991591871272,-1.1599801270714987,-1.054047934039916,-1.0591983920647725
2018-01-11,-1.0875315792914606,-1.2231257210970405,-1.200125445588506,-1.0977603774044216,-1.0997034704338873
2018-01-12,-1.1966564588167212,-1.364831214753775,-1.3521215985200876,-1.258797484818326,-1.2553675618869904
2018-01-15,-1.2511508718780955,-1.422724865450155,-1.4426222093837395,-1.3390947330388614,-1.3668824163963487
2018-01-16,-1.2312441391549467,-1.408330532073388,-1.3960172680665957,-1.2966359105921854,-1.3224040317798627
2018-01-17,-1.1566074391383463,-1.3272594269104716,-1.304393400551928,-1.2057682488531594,-1.2300703896473506
2018-01-18,-1.186429456490372,-1.3954573696474093,-1.367424413249907,-1.2680867929828479,-1.294422553702394
2018-01-19,-1.029350190489704,-1.2464093255916902,-1.2139729069551453,-1.129588962099941,-1.1381326650239725
2018-01-22,-0.6991125006344868,-0.9144803878126897,-0.8750426589541184,-0.8077669464171162,-0.8030559935804402
2018-01-23,-1.022810943113189,-1.2527218725146148,-1.2261483211250335,-1.1484801092469927,-1.155087191201442
2018-01-24,-0.7886136421246769,-1.005296798349539,-0.9576835869614583,-0.8826046532790006,-0.8883825338917479
2018-01-25,-0.5480645078990021,-0.7580068026436961,-0.719451498861157,-0.6280394921970369,-0.6362935666593574
2018-01-26,-0.9888529979033995,-1.2381038251468344,-1.213881083481175,-1.1185321252996097,-1.1313206729708107
2018-01-29,-1.0753809854799694,-1.2907468434169227,-1.287107399128689,-1.3217955396830894,-1.166729468471853
2018-01-30,-0.45854740512242514,-0.6333112490966526,-0.6109494029163889,-0.6582554663610797,-0.508363832399311
2018-01-31,-0.9653376704038942,-1.1900120511769727,-1.193115738589703,-1.2282593815470053,-1.094021513904679
2018-02-01,-0.7197270733408064,-0.8660139339891704,-0.8533274744843233,-0.8882155179661861,-0.7507126217519371
2018-02-02,0.1429896795165978,0.060296226400405085,0.08497669418490507,0.03993900642546822,0.18090835658705384
2018-02-05,0.548325625752821,0.45652607873958445,0.4763153760447281,0.38462642780691747,0.5334581373026639
2018-02-06,2.9963747384428157,2.8649942275299254,2.7925089791170192,2.556630702211243,2.6287003564674833
2018-02-07,2.5629705264151514,2.4056125676391336,2.2894214053039246,2.077689704477043,2.1206335279655435
2018-02-08,2.127636102388771,2.002687408017425,1.943407254147503,1.742318146905219,1.7820568004252826
2018-02-09,0.8711903563198623,0.6542131068871262,0.512565402758767,0.35690044072540833,0.37871626455807245
2018-02-12,1.1365608607711806,0.9167438345689518,0.7505552945820556,0.5840453285895381,0.6045288339996446
2018-02-13,0.5037183628902994,0.17409087999203893,-0.054061294201682465,-0.20907608325775598,-0.19661763135424035
2018-02-14,0.656296053589928,0.37785124423379185,0.15611044741853647,-0.0016002064336916593,-0.026105547000533535
2018-02-15,0.6281999440869293,0.34035870789327655,0.12920817381689173,-0.03258073069292571,-0.05448325779725383
2018-02-16,0.723930764563783,0.5045941357290797,0.30258856757235403,0.13661421157978293,0.1167046375931229
2018-02-19,0.42285761574079633,0.1543676594590838,-0.07585881416468071,-0.23411953687771125,-0.26296124826077344
2018-02-20,0.4555084756395323,0.1658872773533632,-0.06968581657181189,-0.22237361786642382,-0.2502219071901295
2018-02-21,0.4319875366983368,0.13581153443263871,-0.09466096054172943,-0.25329664385631434,-0.2812808153439614
2018-02-22,0.403443641300446,0.1236000018225509,-0.10417379142283206,-0.26084632745399816,-0.2906175152071277
2018-02-23,0.40939343549258683,0.1395822719290543,-0.08800571358215875,-0.24484354447642523,-0.2795596824774449
2018-02-26,0.4329803588567447,0.14128696518641318,-0.08152198125009179,-0.22464219124180265,-0.254663011203961
2018-02-27,0.3741230547705329,0.058490083008332576,-0.17104291184363865,-0.31162313118204715,-0.34729944607796276
2018-02-28,0.636085538462536,0.34529176424480024,0.12782777619239227,-0.010322801951351882,-0.04002903330155942
2018-03-01,1.168068095195171,0.9270562151709649,0.7361446367005912,0.5817692288990997,0.5652635221185166
2018-03-02,2.3446390768431886,2.1939331150194903,2.0923689749629832,1.9338788346052929,1.9290566792572086
2018-03-05,0.9102954351991563,0.583078612966102,0.37254997669367634,0.24372757774470669,0.21292333625607043
2018-03-06,0.9429440946651181,0.6122358384249756,0.41980253546206325,0.28968782963304696,0.2601032192558689
2018-03-07,0.492493732474797,0.15118634868410005,-0.06349162396495484,-0.18393374054043096,-0.21694360155388714
2018-03-08,0.8545070087861907,0.5205701259350453,0.32441450984463494,0.19191355705660051,0.157361844634256
2018-03-09,0.5051451801078205,0.15947120859109298,-0.06726660049573091,-0.18836082218641742,-0.227373492394108
2018-03-12,0.5128024814367335,0.18009885451413096,-0.04527546858538513,-0.1668918053158137,-0.20578979924822202
2018-03-13,0.7254625118638315,0.4228606917530946,0.19572750959662272,0.07504828405531465,0.035333481499325026
2018-03-14,0.46810659234128577,0.15506373484233577,-0.09681913990818732,-0.2158592478952957,-0.2645851320172096
2018-03-15,0.5086042227264901,0.22402978096378057,-0.032267938004565275,-0.1502578781897272,-0.1913837516410913
2018-03-16,0.6109280132039921,0.34286690267473163,0.0880433127706967,-0.02207898036341034,-0.05883337302369933
2018-03-19,1.1641703885559178,1.0134105030131857,0.7849627127353865,0.6732055772070803,0.643001661165565
2018-03-20,0.5656504538938137,0.36822909228409667,0.09765260074503924,-0.0005058494017562651,-0.0323492119814568
2018-03-21,0.616728735056888,0.40746373823679427,0.14816566768427092,0.04724299606168712,0.019775064995341294
2018-03-22,2.1361810310812492,2.04776809125672,1.8881168349796118,1.732240284796757,1.7157720066662125
2018-03-23,0.8056749533113473,0.6630620100751332,0.40997984187624503,0.28444915975333357,0.24888311233120128
2018-03-26,0.6548016964283454,0.49618439881579046,0.23909022564473525,0.11035474618704896,0.07072716893514816
2018-03-27,0.8555769760702168,0.7216354173522251,0.4768256561782653,0.35015889330292865,0.31185226284227374
2018-03-28,0.44128801873460777,0.29781215317857385,0.016550650330441317,-0.10803018812952228,-0.14511834113824942
2018-03-29,0.3771058282324293,0.3267321451937314,0.05834808231987449,-0.07255663675670848,-0.1088805070366682
2018-03-30,0.1293397080822933,0.02364068589724697,-0.2750938006765992,-0.40907470698453413,-0.4654527987790467
2018-04-02,0.14579923729976016,0.04523091593028312,-0.2546469424230648,-0.3893375920092808,-0.4580098208985107
2018-04-03,0.5474788826752792,0.4577197124659336,0.187765049774817,0.06232413993959274,0.0034510465778922073
2018-04-04,0.5106664777562268,0.41226775751577777,0.1406670092775406,0.014698549721827969,-0.03951101074628371
2018-04-05,3.0014396222772026,3.0280725163214144,2.9279273489896998,2.7418534357568407,2.7071217810436705
2018-04-06,0.6106941498261702,0.49717719456839854,0.2448910794883469,0.10561698903184488,0.02933777136853544
2018-04-09,0.5935240958125731,0.4473598740697267,0.17926410211713903,0.03659931611883189,-0.09224488039808384
2018-04-10,0.7417897838302655,0.6140525311682515,0.3705619564313543,0.23107402111640607,0.11231360157340387
2018-04-11,0.5554773563240224,0.4288721116723656,0.17290303545721805,0.046425758772078926,-0.08687300152870187
2018-04-12,0.6798733800296676,0.5627750688354457,0.32192205135674934,0.18819971163351254,0.06613089970110879
2018-04-13,0.40126012561716645,0.2427360311234296,-0.004814707337465665,-0.13652677297418245,-0.2657239775639288
2018-04-16,0.48286224252966675,0.31746397490374306,0.078490617654224,-0.05656549685473793,-0.2001999309223776
2018-04-17,0.6188554061527123,0.46795921757997655,0.23538045865417523,0.10117859796898425,-0.04013555311803087
2018-04-18,0.8032281245389336,0.6733055538014435,0.4535370548326854,0.31260208421616575,0.17515860577461592
2018-04-19,0.4559398151525529,0.311588202259974,0.0740168612070382,-0.059784865713373804,-0.20040099955299276
2018-04-20,0.5200631054731095,0.37855666185356085,0.1347167343718579,-0.004875642979714647,-0.13778650555075303
2018-04-23,0.4989535998890245,0.3611452101337832,0.12318517751600919,-0.028267043314840694,-0.16006660397954667
2018-04-24,0.49180501468794957,0.353449054470902,0.11640948258469182,-0.03626014908969909,-0.16924242557472624
2018-04-25,0.8760664878857745,0.7744831002367843,0.5694312974670238,0.40718748344380273,0.2852299413840668
2018-04-26,0.8566371718863072,0.8105041129545569,0.610564583036261,0.4510214439643464,0.3270780891266691
2018-04-27,0.5197237608732487,0.4639256462618964,0.24083145237888196,0.09006334845663441,-0.043079845807679505
2018-04-30,0.045820671745518994,0.2818188776525353,0.045542764762253427,-0.10225238138278472,-0.23440843930189342
2018-05-01,-0.2695407886798214,-0.03953752737757496,-0.2894874371001519,-0.43729241545515457,-0.5762154715767625
2018-05-02,0.014281427610335006,0.2716024780388027,0.06016590024627486,-0.09448785883616476,-0.22729706608559744
2018-05-03,0.13856307467115095,0.4264352538572783,0.23168872574944835,0.06831071869410768,-0.06257491278854022
2018-05-04,-0.02018746939388288,0.29232921445096754,0.09270793657565811,-0.0661070500589258,-0.19742329846784412
2018-05-07,-0.2376088672395766,0.05974547627608747,-0.1640900338571652,-0.31381061420227097,-0.4449210085613005
2018-05-08,-0.20048646530644107,0.10627312675277253,-0.11572801680327606,-0.2637787415171416,-0.3921451021263123
2018-05-09,-0.12037305607759786,0.19457004534878478,-0.016898777834189624,-0.17310819157067353,-0.29897381864346456
2018-05-10,-0.4376186027063751,-0.14447948475554778,-0.37581709060507457,-0.5248060610906873,-0.6556871557990454
2018-05-11,-0.2470242725801032,0.03908237729074361,-0.15190819084771834,-0.29983288974726924,-0.42668232815039336
2018-05-14,-0.23468832006693693,0.04062338788506581,-0.12827640484117356,-0.27990723653637495,-0.40563218876275625
2018-05-15,-0.17496360042107387,0.1071176172837183,-0.05997516751998909,-0.20795792087884424,-0.3302469184955857
2018-05-16,-0.3459988817475399,-0.0695571497856042,-0.24821832348418438,-0.38518482214695604,-0.5111064874699593
2018-05-17,-0.281495684899985,0.007068124586959618,-0.16388111242867245,-0.3036224048384436,-0.4252241627211525
2018-05-18,-0.4017425537354614,-0.13817567218538984,-0.2956391811193948,-0.43595127272994666,-0.5561920117858495
2018-05-21,-0.33302311600337065,-0.06113417310223802,-0.22421480335446306,-0.35399836364332177,-0.4749757584520709
2018-05-22,-0.3593309107226131,-0.05429876060438385,-0.2065942421574476,-0.34417611786244334,-0.45942353064660485
2018-05-23,0.07951125399252024,0.421588321562948,0.313628251247315,0.17722665927452355,0.07216310745275971
2018-05-24,-0.40712746550068585,-0.10874294307813973,-0.22523978783624427,-0.3653917157240946,-0.4791076683119729
2018-05-25,-0.41615144996353864,-0.11204995894732432,-0.21777537969853017,-0.3668055504835245,-0.4754396822811216
2018-05-28,-0.33188525405585434,-0.04280496924028548,-0.14000051050805742,-0.3019183254678644,-0.4032892549786838
2018-05-29,0.7036386468426395,1.008939701876808,0.9763664646504404,0.806671832119185,0.7252383473423986
2018-05-30,-0.15021994315530707,0.1332232708783726,0.04027885102353514,-0.10589037937910474,-0.2034516226633155
2018-05-31,-0.5133205805116601,-0.2521132434265177,-0.3682433684282249,-0.5117794721988571,-0.6204459058448557
2018-06-01,-0.039092598530142034,0.24548362614958524,0.17586563757428725,0.018844545638458183,-0.08063999732763578
2018-06-04,-0.21334058516779666,0.03456981406268511,-0.057139343239281756,-0.20457960318589274,-0.31197357142216764
2018-06-05,-0.14439459141218786,0.09223164985894346,0.00416327874884992,-0.14360755707161615,-0.24405775029615712
2018-06-06,-0.5306901062365319,-0.3129545825171419,-0.41718830998184825,-0.5612856115349547,-0.6702489135737086
2018-06-07,-0.5942854700967266,-0.3731904733152557,-0.4722543602360644,-0.6164907326999184,-0.7324688661741974
2018-06-08,-0.42162141198289155,-0.18004090753022797,-0.26797071544085255,-0.4145417342436898,-0.5276665063080026
2018-06-11,-0.2820303787588331,-0.052946567466199405,-0.11746145353315626,-0.2651189065248204,-0.3742705355195397
2018-06-12,-0.6708462653991508,-0.4225856285799446,-0.5293452272171377,-0.6799075910317378,-0.7869584426247228
2018-06-13,-0.7360364647595118,-0.3963525581906028,-0.5091620647769378,-0.662720858985486,-0.7709424849531809
2018-06-14,-0.1925666201826205,0.1326260455125618,0.07051350746075555,-0.09900211475182415,-0.19631934631853795
2018-06-15,-0.037669340559274345,0.3177117289619016,0.26140234178268223,0.08272071084013996,-0.020994552864093064
2018-06-18,-0.31816476506449726,-0.04596262681926602,-0.12341379241848222,-0.2922390678889249,-0.40195321479521146
2018-06-19,-0.5194650066601223,-0.2617648983998893,-0.3498361621628058,-0.5135968773897392,-0.6263552024397062
2018-06-20,-0.6243351799930864,-0.3746345186963367,-0.47847478728024495,-0.6402226801259285,-0.7475196511038931
2018-06-21,-0.3565839108240693,-0.10684719947025795,-0.1450265564482204,-0.3010573387024696,-0.40666900692032665
2018-06-22,-0.2094414438162051,0.0862826456550851,0.05222880539633763,-0.09830807675678331,-0.20336484575525413
2018-06-25,0.949027550730353,1.0062358246085117,1.2617332767751275,1.096194418035601,1.0126834739777222
2018-06-26,-0.46935593839629264,-0.5335661093593279,-0.38800511982775787,-0.529517104023003,-0.6411544265548214
2018-06-27,-0.5928395941831679,-0.3808821697574186,-0.21798370581613077,-0.36370969867649966,-0.4760848376525554
2018-06-28,-0.5097381089111677,-0.28764903206353504,-0.089209471808346,-0.240607646182133,-0.3484957283723401
2018-06-29,-0.49649676241665835,-0.29071179531765995,-0.07400798336342937,-0.2268300867200758,-0.3415569055650294
2018-07-02,-0.5226480466241583,-0.332299886495151,-0.12156171421154267,-0.26520283603229555,-0.39126386951751874
2018-07-03,-0.7616781194801612,-0.5825535770953398,-0.3886099572163606,-0.5283836525269462,-0.659172677745484
2018-07-04,-0.8320891224539981,-0.6647196253514603,-0.4807438744705238,-0.6124691752010397,-0.7462283725312245
2018-07-05,-0.7824377399044953,-0.6044552240878713,-0.40541182393491276,-0.5370962947992823,-0.6681582077938683
2018-07-06,-0.8865204697384695,-0.7339103937102688,-0.5510757239597314,-0.6819267714157654,-0.8147130449244671
2018-07-09,-0.8206319275947993,-0.6509417648368145,-0.4537388839295115,-0.5858056802244782,-0.7176130804405788
2018-07-10,-0.8279709461418352,-0.6576857935961429,-0.45616515502056865,-0.5877050531763565,-0.7208956311342498
2018-07-11,-0.20446477907211216,-0.03655479730989611,0.19391773866135462,0.061895669037860056,-0.06258620759325205
2018-07-12,-0.7676583580476105,-0.5987734109793242,-0.40060849937476567,-0.5220962539778503,-0.659336421161027
2018-07-13,-0.7745727263481017,-0.6080245542823131,-0.40181245889315836,-0.5267635567760917,-0.6614805414944077
2018-07-16,-0.8840531089342515,-0.732636981246039,-0.5286301450885504,-0.6621090182745002,-0.790593954209431
2018-07-17,-0.776254037070871,-0.5915160638626585,-0.3813826761846024,-0.5204588298068625,-0.6430127820996192
2018-07-18,-0.7422268226819678,-0.5918610084536453,-0.37767391740012074,-0.5070624965221552,-0.6345742216210326
2018-07-19,-0.7983154887497863,-0.6212997136071298,-0.39397857343982157,-0.5283347440045576,-0.653254183294716
2018-07-20,-0.9012376426371117,-0.7244481129032159,-0.5305990663580996,-0.6480631559615766,-0.7714773306352875
2018-07-23,-0.9360007712740237,-0.6621324924297641,-0.48912908300586766,-0.5889602208317597,-0.7116333758839147
2018-07-24,-0.8460820344100792,-0.5743646014850959,-0.3911914431232548,-0.4937646629466966,-0.6105636588116208
2018-07-25,-1.0103193047655856,-0.7903588728089241,-0.6087023641296103,-0.7152815145835628,-0.8316726003267306
2018-07-26,-0.723428917119026,-0.4736597175942108,-0.2675784363031939,-0.37491820938053133,-0.4853347461516901
2018-07-27,-0.8306167991582786,-0.5603044075482818,-0.3830564452657556,-0.47149457758712976,-0.5859599864964498
2018-07-30,-0.9978239298438922,-0.7550291034303936,-0.5966495358921325,-0.6928674835592873,-0.8040668164219409
2018-07-31,-0.9077501937980762,-0.6617009671220244,-0.49999009960494245,-0.5910391058016332,-0.7076066768916187
2018-08-01,-0.894230129281403,-0.6723728713078753,-0.510064776570379,-0.600346534058889,-0.7150776869917217
2018-08-02,-0.7026483528913379,-0.4762905276419572,-0.31092070130833815,-0.3936870655230247,-0.512785872322111
2018-08-03,-0.7726161570767925,-0.5977560063122928,-0.4193046606854436,-0.49028259678527425,-0.6179754826190063
2018-08-06,-0.9360349559212537,-0.7773474174490591,-0.6173034972237451,-0.6745628929837245,-0.8135179373745921
2018-08-07,-0.6641953609625743,-0.5197363085162426,-0.3403877694529513,-0.4041737450733358,-0.5402809142553344
2018-08-08,-0.8786814977736009,-0.805957706646105,-0.5768898068972986,-0.6424415899097194,-0.7805636762844377
2018-08-09,-0.8729364532825711,-0.7603502232942637,-0.5557632022801042,-0.618999448296375,-0.7573234595745555
2018-08-10,0.4120393635077703,0.5206523749956724,0.7685794604712092,0.7002526819211778,0.578080207352646
2018-08-13,-0.4096809202933311,-0.3779121115926534,-0.19680742176875174,-0.2507327676869265,-0.38555988990567186
2018-08-14,-0.8173315276347173,-0.6771821523435635,-0.5190113642530515,-0.5694844878120502,-0.7119944065285047
2018-08-15,0.03608262382016721,0.2312741634901758,0.44430571930116297,0.3825491047531218,0.25826027494636733
2018-08-16,-0.6169545600784203,-0.4831446242060375,-0.28056514723948517,-0.32423955952093636,-0.4577240649257513
2018-08-17,-0.8445255139507906,-0.7637571419422174,-0.5540433367834312,-0.5964964084064719,-0.7341885381554489
2018-08-20,-0.6123378192346697,-0.5403625426828883,-0.3155983746522236,-0.36197740727462124,-0.4998943084442439
2018-08-21,-0.5889702163013659,-0.5376005187205081,-0.30262658407283805,-0.3530836515780855,-0.49290589612199054
2018-08-22,-0.7796264915444653,-0.932084543494069,-0.5034577638555361,-0.5518452711620708,-0.6965147809845942
2018-08-23,-0.8484606891463063,-0.9681147735304149,-0.5765399568594031,-0.6178519274651939,-0.7687165087961207
2018-08-24,-0.850305887242877,-1.0014391939797234,-0.6038660323561637,-0.6418150703042778,-0.7970723436226163
2018-08-27,-0.49461046332758957,-0.6454094692121768,-0.2367329700314429,-0.27948594091940687,-0.42661415812578163
2018-08-28,-0.7251526273720179,-0.9011358995414902,-0.516811816723839,-0.5576589867170665,-0.7074450463330572
2018-08-29,-0.7727395629467599,-0.921850523733694,-0.5422449316560058,-0.5897818061710381,-0.742901941800128
2018-08-30,-0.6765925241132036,-0.8578413392155033,-0.4829376991286489,-0.5018521683848355,-0.6442620521697984
2018-08-31,-0.4976201526473998,-0.6966099842035702,-0.32151098355521585,-0.3435822489372286,-0.47493298208367035
2018-09-03,-0.7062064107125572,-0.9016444424607294,-0.7454251614178894,-0.5748333633427612,-0.7069683890574199
2018-09-04,-0.5004793582403801,-0.6609761187617562,-0.4903838496016982,-0.31619767958661865,-0.44595291096068335
2018-09-05,-0.15839086094797702,-0.2924735085081552,-0.13481192661258745,0.044291221866302424,-0.08093708068438471
2018-09-06,-0.6123637677893742,-0.6473492691764252,-0.510241144829234,-0.3109284630107065,-0.4436132008361981
2018-09-07,-0.7725502482369869,-0.8775713456258338,-0.7594664471441033,-0.5436384847515457,-0.6830784532384445
2018-09-10,-0.40772162862671424,-0.5421383513628111,-0.39580937279259154,-0.1880680306541666,-0.31205153079326897
2018-09-11,-0.6259128518077726,-0.7673869832501056,-0.6298210226393982,-0.4208150451247584,-0.5496248556417133
2018-09-12,-0.7283537390322747,-0.8373383231255842,-0.7091599664116937,-0.5076877082457366,-0.6302556882771964
2018-09-13,-0.7580426224220014,-0.9083128917782459,-0.8041359469729018,-0.5948131615932949,-0.7169784997456717
2018-09-14,-0.824259547431388,-0.9145131952627323,-0.806084843590895,-0.5961342270231603,-0.7192953140020087
2018-09-17,-0.8489665510676903,-0.9815051511888945,-0.85617455979803,-0.6406252480657262,-0.7651542160759821
2018-09-18,-0.7008610955956103,-0.8485027484892002,-0.734239992088579,-0.5164708930150976,-0.6369230254996929
2018-09-19,-0.8095412205802456,-0.93642157510042,-0.8342268411494509,-0.6143565745307565,-0.7336080432221768
2018-09-20,-0.7343054500177553,-0.8772403521218716,-0.7528067647064421,-0.5324559288408738,-0.6479620822084082
2018-09-21,-0.5346364127447206,-0.6468952273637751,-0.5022669349841179,-0.2854276765798097,-0.397140801106344
2018-09-24,-0.7283679489191015,-0.86445589610245,-0.739985692424437,-0.5178749106891835,-0.6447330784670818
2018-09-25,-0.7248714971796795,-0.8654987775411496,-0.7516177264205655,-0.5297204809198627,-0.6589112732321118
2018-09-26,-0.9486304238679681,-1.1104831714573582,-1.0238100634060578,-0.7899747590240008,-0.9206214698022143
2018-09-27,-0.8313835716093401,-0.9787000837356339,-0.8977835447619547,-0.6529659842521942,-0.7862412791143895
2018-09-28,-0.2221063139326634,-0.3386624878930052,-0.24902359119144232,-0.04594577013774494,-0.15504586591495179
2018-10-01,-0.832778792807236,-0.962387471405118,-0.9020099415089616,-0.7161000825918694,-0.8212472506177231
2018-10-02,-0.925558774480555,-0.8978080248239183,-0.8455313802161226,-0.6582242514440387,-0.7661056174474891
2018-10-03,-0.8699599263491746,-0.8566565570673135,-0.8005046483893625,-0.6140909899977547,-0.7217246939862092
2018-10-04,-0.7267588209900182,-0.7202778542942794,-0.6692425783692506,-0.48119191985939197,-0.5839838624083968
2018-10-05,-0.6025434758227226,-0.5789724788391314,-0.5410010446743874,-0.3763886311237078,-0.45739376454168595
2018-10-08,-0.18854403217091079,-0.15462839721527255,-0.09448761510266471,0.04383230241362985,-0.03853009553171672
2018-10-09,-0.612724961941873,-0.7271629064591496,-0.6196359797978597,-0.4748298805957667,-0.5643305194503937
2018-10-10,1.0249049541238915,0.9468600908664364,1.054673654303181,1.1569349630311916,1.1069536346275834
2018-10-11,1.6135215994286876,1.5082727244711873,1.603877497972399,1.6895098172567173,1.6473370884739345
2018-10-12,-0.1780576071929911,-0.395904735713758,-0.4133476805237064,-0.29383955577692283,-0.3623556584612646
2018-10-15,-0.33122243374201527,-0.5726217248632047,-0.5849873074899034,-0.4677647129454892,-0.5327545983078973
2018-10-16,1.0548372565233481,0.9118425187018434,0.9567231885725296,1.0326586666317394,0.9902117425372685
2018-10-17,-0.2157236743577933,-0.4108224317929825,-0.46876693842911765,-0.3141903627793328,-0.37964531251105293
2018-10-18,0.09613550209057639,-0.07844133288871098,-0.1115411822196625,0.024639694551274263,-0.03337081740286327
2018-10-19,-0.12608445426518222,-0.30806479271591536,-0.3777090263935461,-0.24247386833225618,-0.2938172684373689
2018-10-22,-0.12536840650920655,-0.31745423507010384,-0.4033931053150885,-0.2724854612857652,-0.326281059458635
2018-10-23,1.5826599005947186,1.4787191259501493,1.4564306449932107,1.5268824147471602,1.5097636769767933
2018-10-24,0.09124705675305957,-0.0698092455341756,-0.18226273426051226,-0.08689385060113186,-0.12756716694984424
2018-10-25,0.15316275089096332,0.028767878655791786,-0.09924159892272158,0.010071395341917058,-0.02661014469005165
2018-10-26,0.1326408942247616,0.0033869203432450243,-0.15219429612576285,-0.018226634968271472,-0.0557168520002376
2018-10-29,0.036485622196876746,-0.12248103758193543,-0.27946207930086814,-0.14193520097670892,-0.17875347841033734
2018-10-30,-0.2061551532699097,-0.38277709466688326,-0.54937612568517,-0.40760455658954237,-0.4541044257069291
2018-10-31,0.834550740127048,0.7100907566417191,0.5022111974402828,0.7273088356679155,0.6998480859515263
2018-11-01,0.0020408550970372704,-0.15890813982674853,-0.37524856365460124,-0.1534530887059768,-0.19247387347975023
2018-11-02,-0.10973513557435706,-0.2348714068903888,-0.46138945072240267,-0.23631556633393194,-0.2734635423999448
2018-11-05,-0.32980113787828336,-0.46040453620192545,-0.7029401574958389,-0.47954809144411886,-0.5221629918091931
2018-11-06,-0.3276103952598263,-0.48240590982687837,-0.7224590990998275,-0.5043365744067658,-0.5475582344210145
2018-11-07,0.40607733036609966,0.29327030908075163,0.1019449111273841,0.30499267378945477,0.2738110195868932
2018-11-08,-0.2624008326783036,-0.4250039130300118,-0.6714469530405565,-0.4655322592686568,-0.4942804033782288
2018-11-09,-0.23707548229767805,-0.3860033371091435,-0.6123002587571121,-0.4059496795838084,-0.43544764581641626
2018-11-12,0.09893646286501362,-0.06317070641471136,-0.23846184160499476,-0.16486720826485174,-0.06351279441673624
2018-11-13,-0.19279973290427074,-0.39342054010617983,-0.5871037172668438,-0.5236358825328238,-0.41238805411695983
2018-11-14,-0.1412398787970868,-0.34735771934665904,-0.5361447268092535,-0.4915654211450911,-0.3571496221361525
2018-11-15,-0.07360262155747396,-0.252787407081214,-0.44134588570430133,-0.4084336325108351,-0.2586953007362197
2018-11-16,-0.30843788377541986,-0.5212734051018957,-0.7227742743315607,-0.6896186888281847,-0.54036402904152
2018-11-19,-0.1444102009879871,-0.34233512893002993,-0.5430563918988015,-0.5050466104462221,-0.3551506651074909
2018-11-20,1.0020531950557867,0.8741238311091234,0.7392192177052287,0.7456208760049031,0.9070733633693633
2018-11-21,0.2868146434189287,0.13793518115962491,-0.030592225861650234,-0.017375701835598896,0.11494490997700088
2018-11-22,-0.04034285224077375,-0.22851776938318302,-0.4059797067854579,-0.3915707979674759,-0.2628786760943861
2018-11-23,-0.19419979292958084,-0.37692792844023787,-0.5619921901162263,-0.5488791961404751,-0.42354881200449146
2018-11-26,0.378478897474443,0.22009164477407736,0.045703891167200104,0.07605010909031071,0.21369256904630887
2018-11-27,-0.22928970982955077,-0.4498849589682883,-0.63643389060756,-0.6023750175311849,-0.47547694446381994
2018-11-28,-0.2569566105765181,-0.47808162459565445,-0.6767274901017553,-0.6526730786438172,-0.5247637223138367
2018-11-29,0.12220806852965062,-0.05101491577663109,-0.21509347115918767,-0.19710683187055622,-0.06135014026782905
2018-11-30,-0.2399332284526168,-0.4413907658286334,-0.6348320877428898,-0.6167109449542967,-0.484184100364097
2018-12-03,1.0145203876882394,0.905923905681353,0.784925948145115,0.7726038194870473,0.9229433882501848
2018-12-04,0.3658683077906678,0.20611103643633,0.03328112247181965,0.03293241085479202,0.16875406136882345
2018-12-05,0.08691275360718177,-0.09018447978396442,-0.27197168354790197,-0.2628269105377716,-0.13296736026316447
2018-12-06,2.7601037984885157,2.667825674066014,2.6075299482677754,2.518169762477531,2.6791108099462013
2018-12-07,0.438220672539016,0.2571281888912033,0.048483203563054744,0.008829926390905237,0.1010561714854025
2018-12-10,1.2782924718667865,1.1718116957761435,1.0245859254895902,0.9619395754159742,1.0499124994619597
2018-12-11,0.5919720431113421,0.4549140508137089,0.2648384092115384,0.21606486843887268,0.28813260047389644
2018-12-12,1.2600383389488803,1.1791136349067244,1.0358239950517993,0.972975710209181,1.060803318046717
2018-12-13,0.27624219438184666,0.16144093676641405,-0.03862907729713898,-0.08573068928917484,-0.016090484511563193
2018-12-14,0.12090543199690072,-0.00022860179272353651,-0.20789014977017237,-0.25265371018761024,-0.19674309238039883
2018-12-17,0.49905030311563175,0.4116430637936989,0.2208391531557526,0.16831743568013183,0.232918406704003
2018-12-18,0.30907183739093685,0.21220639589132612,-0.004483409355788761,-0.04616259341178165,0.021492998309228278
2018-12-19,0.78556368052228,0.6976139946760971,0.5008196576742118,0.4369617983927659,0.5096005055130827
2018-12-20,1.5230007544639683,1.540035541832877,1.4502224641905939,1.3798721383325159,1.4703765078618896
2018-12-21,0.28692866278794443,0.2104462029960399,0.056035352436972864,0.0038955989367528885,0.06672044892169363
2018-12-24,0.19902732904670048,0.12694705877427773,-0.0478894521848862,-0.08802774576774726,-0.03344005321922932
2018-12-25,-0.19308959182318364,-0.2941264684768223,-0.5037342151450827,-0.5426266906715995,-0.5057641576496443
2018-12-26,-0.1439683868559759,-0.26206233484763786,-0.46826046536971355,-0.52890078958086,-0.48139656024309463
2018-12-27,0.8237249649797778,0.7837670518133315,0.6442425325044133,0.5790315515154157,0.6359878335268805
2018-12-28,1.0654786199261155,1.0237265136566305,0.9055346795602885,0.8297751890042994,0.8859582666008193
2018-12-31,0.24460905079258616,0.11563690624427175,-0.061473915360355146,-0.1277598635641718,-0.08968210611747837
2019-01-01,-0.07741161833491988,-0.1877620292737132,-0.3967138401459925,-0.4614984460413079,-0.43212811573315385
2019-01-02,0.33221977961894816,0.3278136021053743,0.1469144888489179,0.08152378121229832,0.1176010746755522
2019-01-03,0.2290017422486752,0.20634492446178168,0.03243938703003944,-0.04631116770204494,0.0017789625875789593
2019-01-04,2.4628975875861503,2.608047183784578,2.588421697140962,2.4599371966777914,2.55609997404562
2019-01-07,0.10270707287519545,0.06864233141025781,-0.11233745879237997,-0.18995592338600228,-0.14065222480255102
2019-01-08,0.2702368425442899,0.24520414691580553,0.07389115952092651,-0.005137288931248214,0.04769453497149164
2019-01-09,0.2046393690114887,0.1711201393012265,-0.007247719042027975,-0.11709722768579185,-0.03154319070001022
2019-01-10,-0.01432661172867394,-0.08134177491388873,-0.2761523596829591,-0.38367230574921835,-0.3085685519994846
2019-01-11,0.1683171833433197,0.10365351513374062,-0.07847336517414263,-0.19315500763922222,-0.11553837385710161
2019-01-14,0.32445140652459203,0.2544383619877138,0.09710892609819323,-0.02079183817455129,0.05866580000672559
2019-01-15,0.25794806791519237,0.1666550573452938,0.008111871596752022,-0.10901070804605142,-0.031029754693872504
2019-01-16,0.1852737180095751,0.0926023061668635,-0.06961437789510862,-0.18175978023475622,-0.10539058262196252
2019-01-17,0.05129942051071478,-0.029585656430161734,-0.19960126581078147,-0.3233029911887457,-0.2446022917173671
2019-01-18,1.05834824333802,1.0129266042221212,0.9171556392646445,0.7755515449524499,0.8723854068538461
2019-01-21,0.10971969319537689,-0.013459246657482419,-0.1764416582356778,-0.30783957028730763,-0.31685369470516794
2019-01-22,0.18214273655799829,0.06271226744472762,-0.10049535510639629,-0.23013334344694722,-0.25712279003974253
2019-01-23,0.18939732767616244,0.13436161153180404,-0.016418102186541467,-0.15123668475865892,-0.1868474420894874
2019-01-24,0.16680541961999598,0.09049701414216199,-0.045033250021328755,-0.18060976220598077,-0.21916369371966873
2019-01-25,0.25789374246896457,0.1769769654209414,0.043442702891846076,-0.09425267671162911,-0.1272099609153208
2019-01-28,0.2647722653927365,0.19660539569406252,0.06004021172991787,-0.08094099473105465,-0.11225670559298975
2019-01-29,0.12296052575450042,0.0395378529481541,-0.1122768569210516,-0.24814408262176085,-0.2824220594967855
2019-01-30,0.23165090153839163,0.14699192771542496,0.001357599283200909,-0.13523798643253193,-0.17084969094079192
2019-01-31,0.17984563701013714,0.10412743416507907,-0.03486527958876998,-0.16771816326855343,-0.19985222591064616
2019-02-01,0.08862825919001341,-0.0005399879843211422,-0.1443038739738001,-0.27753700389935043,-0.3096056567475359
2019-02-04,0.1659471535298308,0.07539708417690408,-0.06042036716189881,-0.21094600207329603,-0.22817828400503945
2019-02-05,0.8086327037056416,0.7263408652034816,0.640633958834026,0.48360026030397063,0.4789348631368239
2019-02-06,0.12923651537657807,0.008713042376363039,-0.1173686677935812,-0.26260822587186955,-0.28391390078669704
2019-02-07,1.2348463853221554,1.1774930000916852,1.12290211143806,0.9666050197664205,0.9636761483870031
2019-02-08,0.2869509711136377,0.15068977717824372,0.04081754868151038,-0.09643951656562606,-0.12006078356139561
2019-02-11,0.37413186548891075,0.27342393397901243,0.16865643464214686,0.024819596892797984,0.002137355039026106
2019-02-12,0.3030982667888755,0.20462807414734266,0.11154324294577682,-0.03511891165887021,-0.05875659445607127
2019-02-13,0.25120350437757505,0.1374780415905736,0.033803430193330215,-0.10577396642164978,-0.12879608100287346
2019-02-14,0.2046600166918382,0.08002660573096963,-0.029959236423092325,-0.16474079720332738,-0.1932471955736153
2019-02-15,0.7937152301673306,0.691101800790479,0.6227474393259015,0.48718738301197395,0.4631923035921463
2019-02-18,0.03898974720169857,-0.09327743993204525,-0.2004165267659345,-0.3192762957042808,-0.35833422470613063
2019-02-19,-0.05516797032712048,-0.19229052048830608,-0.31585091705225016,-0.43023602740782113,-0.4714163187361569
2019-02-20,0.24016917337564758,0.12686491976731512,0.024847887937587958,-0.09690504955996869,-0.13212839020412234
2019-02-21,0.08782036584810954,-0.03476152032231614,-0.14837347387302194,-0.26486496769269813,-0.30514164762719725
2019-02-22,-0.03382397965309708,-0.13568744199229438,-0.2569107696706351,-0.3740635919255458,-0.41550016811585083
2019-02-25,0.10704792826100758,0.008381563556972038,-0.10323296940692855,-0.2244202004041703,-0.2639667470253233
2019-02-26,-0.05779525094494931,-0.18502318186083483,-0.29675117775957155,-0.424414006564196,-0.46702049555467423
2019-02-27,-0.024470633695530007,-0.1388451434473893,-0.21322362103999376,-0.33503398196811823,-0.37854008413715573
2019-02-28,-0.05548678311139942,-0.11141999430889674,-0.17660464641863033,-0.30134733258451296,-0.3460991489381212
2019-03-01,-0.0394654407519933,-0.08451695003405021,-0.1529829641949914,-0.27225008680779267,-0.32063261098299545
2019-03-04,-0.16068397654692845,-0.18241293192380958,-0.2528550978981548,-0.3736025179107802,-0.41172593312740136
2019-03-05,-0.32925223396386677,-0.39416331051204423,-0.4828190808259893,-0.5977105161018323,-0.6364241985264307
2019-03-06,-0.25232176192694866,-0.3234263694606572,-0.4099869407672425,-0.5247327337540989,-0.5753379714497345
2019-03-07,-0.1549430550843904,-0.19556143945142468,-0.281353263888641,-0.39114267035084155,-0.43444716318707083
2019-03-08,-0.13496641097067408,-0.16959321034646938,-0.24881165250912055,-0.35734879682059045,-0.40313478734883834
2019-03-11,-0.25590228624199196,-0.2668369541360829,-0.344493016832459,-0.45323369058875124,-0.4996231014500998
2019-03-12,-0.36526605184440136,-0.4031256270673566,-0.48728902673555713,-0.6023586621209792,-0.6530490292834993
2019-03-13,-0.26736814582025303,-0.22539420857071976,-0.3037765299081611,-0.4199550387399395,-0.46685603930102093
2019-03-14,-0.27282239076809256,-0.2471793012846846,-0.31086472013366756,-0.4256764993218869,-0.48777120483842895
2019-03-15,-0.36794159641461194,-0.2742468567687335,-0.33723721431414777,-0.44322587810744574,-0.5212386832247557
2019-03-18,-0.38718081633269114,-0.3139865724965024,-0.37740102598144504,-0.4853884716746138,-0.561328159699895
2019-03-19,-0.2465614161077522,-0.15156395378365614,-0.20767156495396924,-0.32427058453673224,-0.39522230339524655
2019-03-20,-0.21353344008445838,-0.12171938456679518,-0.1578692909249449,-0.27363830790973886,-0.3745731902917298
2019-03-21,-0.5792502189476909,-0.4579224942891725,-0.5243802707883606,-0.635206542084441,-0.7384994241002273
2019-03-22,0.7088750842658568,0.8953870374967415,0.9035716697190685,0.7723350016285057,0.6900263460544203
2019-03-25,-0.5051583866177497,-0.399461877406684,-0.48134228557115266,-0.5781969794516519,-0.6865539790069017
2019-03-26,-0.4867040435454486,-0.37738552158204497,-0.45584940786767536,-0.551170234755676,-0.6607887917051583
2019-03-27,-0.5423804831882487,-0.4634538489243924,-0.5500603104634947,-0.64388530396983,-0.7543359950673661
2019-03-28,-0.5288651139573382,-0.4382604491898899,-0.52064717704745,-0.6103713889885221,-0.7302863230427222
2019-03-29,-0.2685712094417425,-0.140248057978135,-0.20813652057061577,-0.3053414292857559,-0.41947333674974174
2019-04-01,0.23374383173747176,0.34765633155253906,0.29191078098404494,0.1886615774631976,0.08010280701624643
2019-04-02,-0.5038792215664024,-0.38718423792268875,-0.49985518725128736,-0.5989668476297395,-0.7227941025498102
2019-04-03,-0.07744531414367689,0.019510383709814824,-0.07831073076206191,-0.17390217381951073,-0.2923990660114322
2019-04-04,-0.5108456046066051,-0.4137795796377402,-0.5479337712118627,-0.6353106500860776,-0.7664725883436266
2019-04-05,-0.47183362228457193,-0.32806693007520266,-0.45167764797275556,-0.5442427283233616,-0.6747681670821953
2019-04-08,-0.5084994275513195,-0.4342605821122088,-0.5347853627319763,-0.6289277544052803,-0.7640090135135047
2019-04-09,-0.41922263813580807,-0.354957922580513,-0.4424105239144189,-0.541334478991803,-0.6722157122087018
2019-04-10,-0.4560222078836838,-0.40096212616745996,-0.4981561068176144,-0.5973102898281692,-0.7264674352817659
2019-04-11,-0.5251256826979169,-0.4043374459880246,-0.5046931763293374,-0.6028510956055443,-0.730621028270213
2019-04-12,-0.5636187038159838,-0.3824315332618114,-0.49247117612116525,-0.5895126998267881,-0.7178911124831383
2019-04-15,-0.6862241366675519,-0.48385789358355596,-0.6002615234400603,-0.6944207496148732,-0.8342670630929621
2019-04-16,-0.6799020919948163,-0.463712313382133,-0.5837064246287543,-0.6756206123735831,-0.8128825198704036
2019-04-17,-0.6651819428802178,-0.44810586834557364,-0.568345619986021,-0.6595740426038487,-0.7966694220441062
2019-04-18,-0.6383684360296761,-0.4342329164044658,-0.5594282203462236,-0.6561183292624941,-0.7883753463081385
2019-04-19,-0.7485610780654447,-0.5947430729061013,-0.7269768993141215,-0.8220170518159756,-0.9564163336224909
2019-04-22,-0.7363604626077446,-0.5986921875613199,-0.7337324359573275,-0.8305108985070481,-0.9690602369122736
2019-04-23,-0.5031976519568991,-0.3565928416830713,-0.4864468818142587,-0.5767039195793505,-0.7114851956078548
2019-04-24,-0.4575215044354055,-0.3624351254607111,-0.4195074921948307,-0.5162021228871324,-0.6464627440556121
2019-04-25,-0.46868992005007976,-0.37926160272317044,-0.4391283112980778,-0.5378184914378155,-0.6663318011209369
2019-04-26,-0.6021067785542019,-0.5514607518180805,-0.6100947357429268,-0.70535171452404,-0.8315891308069854
2019-04-29,-0.6885000096601583,-0.49630344681752103,-0.5584615014363898,-0.6533737950319056,-0.7730027935956192
2019-04-30,-0.703032832795092,-0.4884567115220127,-0.5260045652400512,-0.6247209809652606,-0.7434362871011754
2019-05-01,-0.9986316946171864,-0.666873069769693,-0.734767635087098,-0.8305794992719902,-0.9590882269448017
2019-05-02,-0.7130431424121313,-0.39244033909910064,-0.43029961354882446,-0.5291731328529629,-0.6510196627997913
2019-05-03,-0.8950123251355482,-0.6193211573090099,-0.6484122462524753,-0.7445625060572756,-0.8689358099151981
2019-05-06,-0.25012088105757857,0.04535799056194032,0.06551004791303497,-0.03781933099083369,-0.15169274977251263
2019-05-07,0.24366139384822166,0.30507123414524406,0.33336326849999437,0.23772959244136385,0.11809883799835721
2019-05-08,-0.5024081704176627,-0.42615597527856425,-0.4719389910811623,-0.5268993058317825,-0.6561220090065766
2019-05-09,0.7906384014248045,0.8742663138505617,0.8892440894386491,0.8129733834104672,0.7096311803262443
2019-05-10,-0.38509522477967567,-0.3526573656516789,-0.3990066759361411,-0.45950848308962133,-0.5809906614154742
2019-05-13,0.26904498647414316,0.335844338566267,0.3276196822825471,0.26400799231499933,0.15046787151942975
2019-05-14,-0.13423556371943962,-0.0959530269501794,-0.1031928707706335,-0.16445826051173335,-0.283390583667203
2019-05-15,-0.3743974732417088,-0.40195380034628586,-0.4132032267526213,-0.478385972160535,-0.6014804937618581
2019-05-16,0.08964414766512474,0.09054522926293272,0.11173810537854618,0.03682262998957484,-0.07099949913818368
2019-05-17,-0.3478645636520835,-0.38389348042108123,-0.40409577265292057,-0.4693393319976552,-0.58573180047639
2019-05-20,0.05156050406339881,0.043988351415585596,0.055612400035057734,-0.00472868483201498,-0.11251893722457305
2019-05-21,-0.24094605804570576,-0.24357063284650707,-0.25342713274292683,-0.3046622406632011,-0.42451818758556953
2019-05-22,-0.3335987158821478,-0.3802536265315388,-0.41498628914087676,-0.46372474013063913,-0.5871108527435136
2019-05-23,0.9675741025430029,0.915164928507819,1.0108714754708468,0.9422337899708071,0.849835667093859
2019-05-24,-0.09896317989992975,-0.24881159874102232,-0.2078895466495338,-0.2577093568387766,-0.3672491691262387
2019-05-27,-0.005101963745031556,-0.16082350636695245,-0.1110852943209536,-0.158819421255358,-0.2706489082595801
2019-05-28,0.059258628213564514,-0.17525576979939245,-0.13006319489116333,-0.18072481300334947,-0.2942950146453981
2019-05-29,0.3693143981649703,0.1484226765964224,0.2032105295459467,0.15510133059177114,0.048019504828436595
2019-05-30,0.23073681413485966,-0.005568219601123214,0.05914025060967593,0.003315643964985941,-0.10008436033558613
2019-05-31,0.1361137829087351,-0.12042600429035286,-0.04649731984490804,-0.09916908855102084,-0.20553379833751617
2019-06-03,-0.18505783635040843,-0.4371162876068961,-0.39716584085084733,-0.4512122556724125,-0.558212692036137
2019-06-04,0.13393420523522126,-0.09457249997245148,-0.03145323211543821,-0.08830989064147862,-0.18805445360701556
2019-06-05,-0.22374770731799476,-0.47348466802611183,-0.43059655152001264,-0.48399497509054984,-0.5897811824611929
2019-06-06,-0.2568195103815956,-0.5298044963945382,-0.4691921186379619,-0.5171208823493525,-0.6208608625379076
2019-06-07,-0.03678208751869212,-0.289385090636776,-0.20593110987683155,-0.26048467163830097,-0.35535508841373226
2019-06-10,-0.10056743402791266,-0.3170427042894458,-0.2455215939514688,-0.2986686892541149,-0.39490391787511586
2019-06-11,-0.01197906988807098,-0.23973666509634844,-0.15885946918177468,-0.21587053235091866,-0.3106648014066428
2019-06-12,-0.1158107502309695,-0.3696558156494911,-0.28799314471165877,-0.3499639525405951,-0.4435509494441674
2019-06-13,-0.2533517190188869,-0.47706263993286285,-0.4069627342741651,-0.470618775934127,-0.5628192186409291
2019-06-14,-0.2547588920473592,-0.48383796431497667,-0.41704704943242404,-0.4785246551478963,-0.5736362048549744
2019-06-17,-0.28202997232842747,-0.5156813565771864,-0.47204384460856286,-0.5091784964502785,-0.6075454318458776
2019-06-18,0.48190748802983596,0.33150129258610583,0.39293417843900497,0.34785693176160054,0.26484033569357773
2019-06-19,-0.3248782659421973,-0.5253917882179489,-0.5040198790894346,-0.5391957944938446,-0.6382277473375547
2019-06-20,-0.23919688345503048,-0.47406374709207694,-0.46071283588136824,-0.4994884381522291,-0.5959529684533791
2019-06-21,-0.2665019950122344,-0.4858565838744766,-0.4739701593808234,-0.5199500485445236,-0.6172860121202912
2019-06-24,-0.1678822627686431,-0.414931940021252,-0.3718545744379051,-0.4206728539375021,-0.5153470786085912
2019-06-25,-0.21752340996751657,-0.4421332461753496,-0.42100990566028107,-0.4695043220428602,-0.5653303722239429
2019-06-26,-0.28735218060014456,-0.5268212493306557,-0.509949249897034,-0.5630342977939777,-0.6600769922657085
2019-06-27,-0.18827070130548335,-0.3750189278132875,-0.332539931784599,-0.3898449693585191,-0.487439881759777
2019-06-28,-0.1873544030319336,-0.36569297728181077,-0.3317660726729214,-0.38711933454484077,-0.4796494548916238
2019-07-01,-0.08093604518370665,-0.25709324296907504,-0.22401254544125984,-0.28235882369796705,-0.3739508163128108
2019-07-02,-0.3246284807689848,-0.4984161169370808,-0.4862597717848044,-0.5483007538413777,-0.6417419118238539
2019-07-03,0.12368261629644037,0.004145797187268876,-0.020062532391261656,-0.015894752907783513,-0.103200271918996
2019-07-04,-0.30699660198924267,-0.45356659703294183,-0.49029286721944787,-0.481311927424048,-0.579248392522106
2019-07-05,-0.2654350575461815,-0.41165906773144123,-0.45286910363854915,-0.43143142074456897,-0.5272588054875817
2019-07-08,-0.2872116167384083,-0.43270853675040255,-0.47187853493677795,-0.4477549753203951,-0.5429071017630146
2019-07-09,0.0030396300545668226,-0.11617032821664075,-0.14869378297015404,-0.11781228813186348,-0.20935469557268083
2019-07-10,-0.37568496128072054,-0.4724862420408523,-0.5112084312898549,-0.4738454167788758,-0.5705963631455868
2019-07-11,-0.37474941636102127,-0.4523429062316543,-0.4931156366605957,-0.4557413455984716,-0.5534517183187937
2019-07-12,-0.45786713175238475,-0.5250132793404142,-0.5844833111903175,-0.5365446282729013,-0.6352921121461226
2019-07-15,-0.3842238559646871,-0.45976157032771797,-0.5141252802415058,-0.4629873483544796,-0.5582954064610282
2019-07-16,-0.37645146447902494,-0.4373918150543471,-0.4964887870780585,-0.44872062604380475,-0.5330545161451131
2019-07-17,-0.2371225119545153,-0.2782843576629718,-0.3545084892916828,-0.32966943205245713,-0.38145262367842603
2019-07-18,-0.1852335123842448,-0.22577994460623466,-0.29588584419964403,-0.27985262364934393,-0.3338139241882911
2019-07-19,-0.28160478429383634,-0.3324027440735683,-0.42451489503904094,-0.3989844946684522,-0.45597823866547915
2019-07-22,-0.405930899077582,-0.47734932395912033,-0.5708303538120667,-0.5425471723551633,-0.5972968888722592
2019-07-23,-0.1544129029916828,-0.20657999239882616,-0.31168311406555643,-0.27004152609416826,-0.32271487722221925
2019-07-24,-0.3722068742005359,-0.43977083342532336,-0.5670293020277458,-0.508821638520933,-0.5725186302001619
2019-07-25,-0.32379958512752155,-0.3838088340508364,-0.507868289986593,-0.4382563034146853,-0.5046209502534815
2019-07-26,-0.3873379632652924,-0.43938459021875664,-0.54968762151603,-0.4864563248105696,-0.554710579719041
2019-07-29,-0.37124591537352797,-0.40735993015445643,-0.5307781348417924,-0.46310772230668446,-0.5231599270715073
2019-07-30,0.3506408152316018,0.3753240529351076,0.3147558812083689,0.3560867213399463,0.31408201912712963
2019-07-31,-0.32759440597718487,-0.30858009267357506,-0.4191575234519279,-0.37161298923224095,-0.42567181206293964
2019-08-01,-0.4937335329307771,-0.46340800917201885,-0.634368058743473,-0.5381245344676885,-0.5932575533947856
2019-08-02,1.047064074631135,1.1746847414716826,1.0646330602870206,1.0945469365587277,1.0662048760414038
2019-08-05,1.4047046251453617,1.4736380008318177,1.3877261836241874,1.4029965880764825,1.3702724887182693
2019-08-06,-0.3620593331363213,-0.34714530928201814,-0.5250696770844792,-0.473835044750923,-0.533301460694705
2019-08-07,-0.35490035299243555,-0.34209744902540434,-0.5261926012413264,-0.4751561481610637,-0.5293519300177421
2019-08-08,0.47072095161433086,0.49451811876323043,0.40011446476394585,0.4399775550616735,0.39685650617466744
2019-08-09,-0.001129585166416052,-0.054113408832348955,-0.18245255445249994,-0.12553515925874228,-0.17874130391785867
2019-08-12,-0.32652676574296224,-0.39833400661066704,-0.5375474983974344,-0.47967592726095415,-0.5439074716325808
2019-08-13,-0.27606552688784763,-0.3554774991184959,-0.4846747391923335,-0.42615041544609633,-0.48850219195343847
2019-08-14,1.2885681272684442,1.2714498627725266,1.2366692503127366,1.2554204280837613,1.2176997237684888
2019-08-15,-0.3149398647909487,-0.40846960276697036,-0.5482458525705065,-0.4912817102393875,-0.5578075368992674
2019-08-16,0.10743786935285424,0.025967759398145836,-0.07696066292668813,-0.02739317329306815,-0.09084324939465478
2019-08-19,0.26870403482859107,0.16456722138791516,0.058025708225324775,0.10477909815788011,0.04041059279325788
2019-08-20,-0.01672151483243394,-0.14752948307973096,-0.27381516251958354,-0.21783271753345249,-0.2912372804389823
2019-08-21,0.08013651009270423,-0.04258516738146186,-0.165269550707291,-0.09686304044394978,-0.17430293850578107
2019-08-22,-0.1799579091525836,-0.308661992881004,-0.4479926137864715,-0.3823579180366909,-0.46661561726379175
2019-08-23,-0.04424806076070755,-0.14624460692121022,-0.2748570894310731,-0.20987037573304324,-0.2892888210739396
2019-08-26,-0.2619542455982259,-0.39061538219064224,-0.5336915864604775,-0.48691771828324915,-0.5502182696664625
2019-08-27,0.04398784663932009,-0.07182338531208794,-0.1944778389315117,-0.16172270331433558,-0.21144371954972094
2019-08-28,0.025457558310983446,-0.08742172790825828,-0.2201289546493166,-0.18355018014634553,-0.23589518981738444
2019-08-29,0.19901950220227818,0.1109107862125269,-0.009012238071392965,0.025501213079443245,-0.0257493912622685
2019-08-30,0.29658320642963193,0.18174769716954767,0.06735579090308343,0.10072102675222272,0.04464499811121377
2019-09-02,-0.15915635159567673,-0.316163831992145,-0.46660273346515796,-0.42265540226493986,-0.4881689082848541
2019-09-03,-0.07923269167426318,-0.26051048134923727,-0.38895104595199176,-0.3515883487520184,-0.4138542287890872
2019-09-04,0.030624694781445944,-0.11027895890631415,-0.23490828225117968,-0.1911604449680649,-0.2536832144095709
2019-09-05,0.24538205954956324,0.0744382087105003,-0.018442552241264457,0.0238463198549882,-0.03548441029779499
2019-09-06,-0.20001397027321735,-0.4170897190273799,-0.5207407173990106,-0.4727381590770061,-0.5386257725804484
2019-09-09,-0.06447092632516814,-0.21393628026159614,-0.2926908368316959,-0.24310192882531392,-0.30385445240842096
2019-09-10,-0.16350117102071715,-0.2933437892391668,-0.37419450085296013,-0.32377955850185747,-0.38881271378713095
2019-09-11,-0.24360153248615685,-0.3444523456121149,-0.4280566753923338,-0.43789768887888786,-0.43664636418944547
2019-09-12,-0.29072658600380913,-0.3847038776975975,-0.4699349759769337,-0.46963716780339476,-0.47135716061014693
2019-09-13,-0.27245781944133723,-0.3629975553358332,-0.4469828734239641,-0.45699334275676434,-0.44813416847188886
2019-09-16,-0.13915545275894897,-0.21720070840912875,-0.28389242650237895,-0.29372524924474946,-0.2804401303127527
2019-09-17,-0.29789683220081986,-0.3838491913775317,-0.4573985780471898,-0.47196306875489336,-0.45329070050930254
2019-09-18,-0.3228751282786968,-0.37315685415532546,-0.4498623611715306,-0.45966724212527976,-0.44837924406051793
2019-09-19,-0.3037571329317414,-0.3590680281230724,-0.4430426544728844,-0.4516339785043697,-0.4387944386271462
2019-09-20,-0.3605581800518301,-0.4295240083415543,-0.5166546172107152,-0.5338782498787482,-0.5175433715245972
2019-09-23,0.0043653123247133045,-0.04175894501308806,-0.09841819123432284,-0.116124474573812,-0.09161322191785012
2019-09-24,-0.37611986832519073,-0.46569727245534065,-0.5478068812731043,-0.5602667961837537,-0.5486261929672971
2019-09-25,-0.2620546979066254,-0.35514315992175133,-0.4159493203423514,-0.4468642168532871,-0.4371915502336645
2019-09-26,-0.22839452329631305,-0.3078527489669274,-0.3689489203980998,-0.3999484969939971,-0.39315018620186604
2019-09-27,-0.12998441220328427,-0.2267102254701032,-0.2550750336444728,-0.28751295153525036,-0.2748160931454243
2019-09-30,-0.3141779599913275,-0.4397885995628768,-0.4865129914697201,-0.5182018785677773,-0.5107026383953757
2019-10-01,-0.1509359914484376,-0.26986837982857376,-0.2903503740365407,-0.33756850057931775,-0.31586410443756957
2019-10-02,2.2564547601736504,2.237707362603342,2.3485395441271875,2.246580015325905,2.306487375971663
2019-10-03,-0.026639891909973092,-0.17706774067167522,-0.22274966502720647,-0.2804187447826456,-0.2510324420776503
2019-10-04,-0.010107677400914129,-0.14152806478247837,-0.19472133057976024,-0.25394112490818865,-0.22526000526861395
2019-10-07,-0.00965194948855804,-0.13942354896507597,-0.19952621782593688,-0.26866326144386166,-0.2272610062658345
2019-10-08,0.08404763347481727,-0.036839336550048334,-0.10048212358680958,-0.16987785801852606,-0.13273981553248107
2019-10-09,-0.1031827214838484,-0.2772722648794742,-0.3259705932094227,-0.39595721789235616,-0.364881445686747
2019-10-10,0.07388181803148573,-0.110342417241225,-0.15042933358153457,-0.23530274700802567,-0.18753357724147537
2019-10-11,1.221107136424996,1.1296646627923974,1.165082116954569,1.0538116030035123,1.1233937925698416
2019-10-14,0.11072044946497561,-0.047611799053852814,-0.07404233317661384,-0.16928378916993347,-0.14054635212149016
2019-10-15,0.217699943276058,0.10584824238526853,0.10301806803869448,0.007951451683151613,0.039015959003301987
2019-10-16,-0.12996886926368684,-0.2654821633610078,-0.3040278989240788,-0.4010202423360937,-0.3726539721628624
2019-10-17,-0.03982165184559298,-0.18249366215631876,-0.2431701690302235,-0.32500734550469157,-0.2863658985576107
2019-10-18,-0.05870015968128467,-0.20922634465171405,-0.27451725211806394,-0.3604314552381768,-0.3154868612917015
2019-10-21,0.09130265927001399,-0.018624541767451205,-0.07578124613446799,-0.15913605574099277,-0.11369915333866945
2019-10-22,0.08506500751647765,-0.034905235389074286,-0.09431760047855166,-0.17193963195747947,-0.12941610672218662
2019-10-23,-0.07319678472259426,-0.18744262657152333,-0.2691247143527976,-0.33823686658387664,-0.2984655821210684
2019-10-24,0.19252897232455335,0.060364298815294364,-0.0060422834593526235,-0.08522596208972859,-0.03301250412968139
2019-10-25,0.021728171074936162,-0.16985306669992095,-0.2503381539818207,-0.32203741036411554,-0.2766830219717376
2019-10-28,-0.022026983274827574,-0.2348845066614899,-0.3193926763368631,-0.39385372079340936,-0.3504793821801301
2019-10-29,-0.04343988708641299,-0.2598728099464315,-0.3496520785010729,-0.42344272144722783,-0.3794814721507705
2019-10-30,-0.05436257138786801,-0.24813528222751757,-0.3326446313329759,-0.40914314075558306,-0.3581892805718103
2019-10-31,0.2584429782709311,0.029255714914684372,-0.03904883385926641,-0.11561662174448283,-0.06471960672206657
2019-11-01,0.046918069926817546,-0.18119064369083843,-0.2598436812652061,-0.32883084830781,-0.27904078471459476
2019-11-04,0.7640671468384362,0.5827141776764843,0.5634118673772625,0.48240781913836983,0.5266613058306764
2019-11-05,-0.030094340729904304,-0.1709687575398459,-0.21020412083966136,-0.2773939051556225,-0.25416543273490894
2019-11-06,-0.21358160985825592,-0.37787131612896996,-0.426218891017915,-0.49470140669056095,-0.47473113646542836
2019-11-07,-0.16148033174118476,-0.2944140858720246,-0.33720820688999437,-0.40057624368132383,-0.3803897927539589
2019-11-08,-0.20864741800701012,-0.3612107773025818,-0.4148566376462357,-0.4773680101092622,-0.4519768278412526
2019-11-11,-0.246004926861264,-0.4125165282746545,-0.469309324453702,-0.5344134357372887,-0.5047063627833427
2019-11-12,-0.1235227982303432,-0.29175863770578075,-0.3455059438051536,-0.40538151320336574,-0.37642977446094694
2019-11-13,-0.18900924204012068,-0.3440933028291702,-0.4010495763746385,-0.4735086669185345,-0.4283878560152099
2019-11-14,-0.19458925185665768,-0.32995190557060367,-0.3929908669537107,-0.45064773856896756,-0.4036489078166172
2019-11-15,-0.25325127191619345,-0.35297171335132166,-0.43929299712289877,-0.47761076340305353,-0.43743684835881197
2019-11-18,-0.23777895239428418,-0.3964759876335512,-0.4928663574909625,-0.5303337946462218,-0.4927781595780045
2019-11-19,-0.23934923348722048,-0.4117230908089531,-0.516095874834689,-0.5519196673483121,-0.5143689944926074
2019-11-20,-0.18169561877067492,-0.34313855906377333,-0.4469780348076569,-0.48618346944757035,-0.49061892756296166
2019-11-21,-0.1649908479741208,-0.32759230779475385,-0.4337926434803367,-0.4713771013263077,-0.46809292169798117
2019-11-22,-0.1521103139577912,-0.3148064204928775,-0.42179088374038354,-0.4599817409166364,-0.4677312576449635
2019-11-25,-0.06422352007382526,-0.2397779052889776,-0.3451557630728837,-0.3845387419939713,-0.3877662698574501
2019-11-26,-0.20063348783488,-0.3769670379453209,-0.5024908101808853,-0.5366964352583895,-0.548826761966691
2019-11-27,-0.23719610217911935,-0.41996998833374427,-0.5535719900319291,-0.5854081732488458,-0.6019442031223622
2019-11-28,-0.23879604421480216,-0.4270788801741862,-0.556254157237617,-0.5931937241960046,-0.6081056795438545
2019-11-29,-0.17740113675113495,-0.3749847649169053,-0.4959512296796315,-0.531937592447294,-0.5488417082508379
2019-12-02,0.7994037298573442,0.641393910958938,0.5711883828021341,0.5200538789764828,0.5221766020246312
2019-12-03,0.16100500695378175,-0.03589264944817019,-0.13502905796470238,-0.18407654292783607,-0.19407111461762247
2019-12-04,0.38701822730381974,0.18895380245085552,0.08495299524490708,0.05233347156037779,0.03571504368661461
2019-12-05,-0.1532435836250597,-0.36197615489769425,-0.5050095541121828,-0.5328068751204071,-0.5576646670021038
2019-12-06,0.19731806811034053,0.05816496772935302,-0.06989299636791997,-0.08752211717208269,-0.1047002335888736
2019-12-09,-0.1084353272835947,-0.2802551160604801,-0.44093310522748197,-0.4482927910396477,-0.4750830744568129
2019-12-10,-0.12229371007686943,-0.2899633204991012,-0.4558274319018394,-0.4602076013206145,-0.49991712395184984
2019-12-11,-0.013606655620232376,-0.1417614055825488,-0.29402828777921647,-0.311999784441395,-0.34993748508939826
2019-12-12,0.18438620331816577,0.12972721613796076,-0.022661742110053097,-0.047019350062353464,-0.08968838200716878
2019-12-13,0.11278655111043896,-0.016046907689849673,-0.17933726606088465,-0.20355694972870494,-0.24765905454350481
2019-12-16,0.27063463619659694,0.12851921780744846,-0.019639459894616636,-0.045962054825609694,-0.09693745936973976
2019-12-17,0.07372140486618987,-0.10044810839224656,-0.2786967355646206,-0.3026203626519073,-0.3500460545747888
2019-12-18,0.057481903481970416,-0.12692841419738973,-0.33876933980737295,-0.3415104974388903,-0.3907480427942333
2019-12-19,0.03745647018800824,-0.15041624386962266,-0.3697223821916005,-0.365453142331426,-0.4342110082975151
2019-12-20,0.12382838764377807,-0.024783603087533468,-0.22028816984966687,-0.22780258355631539,-0.29449422844463663
2019-12-23,0.21956422616537624,0.05687539070304121,-0.12358919372750475,-0.13652626788059294,-0.20014818247039037
2019-12-24,-0.5910363077408252,-0.49265039333372634,-0.6897226608961311,-0.6843075548567602,-0.763750081738478
2019-12-25,-0.757409229791633,-0.6597295147246889,-0.8677030452466727,-0.873567095753657,-0.9666968310008212
2019-12-26,-0.707470917521311,-0.6222897936953345,-0.8502810781016441,-0.882594222008891,-0.9669277037833961
2019-12-27,-0.5320285011414186,-0.4343288405268672,-0.6433725455984275,-0.6834845020228483,-0.7650613221173546
2019-12-30,-0.3873550913762349,-0.2636163521723849,-0.45315000125900784,-0.49759707495791317,-0.5721338014490946
2019-12-31,-0.7326881762773463,-0.6798964158706159,-0.8126625475264302,-0.8568516403784088,-0.9337882293077836
2020-01-01,-0.7486780439699023,-0.7068333001362829,-0.8688876814278551,-0.9185792000774587,-0.9975706916684803
2020-01-02,0.20908819499705514,0.28382399777973827,0.18274144334670014,0.12443341273352668,0.06235187191325271
2020-01-03,-0.5042954011729901,-0.47645947897489294,-0.6144727640583781,-0.6613698209654537,-0.7329986540958989
2020-01-06,-0.37316041073115336,-0.3766759560405699,-0.4944735125441463,-0.5498662299670471,-0.6199528840314454
2020-01-07,-0.5091403739449936,-0.5364552770267039,-0.6620797491684088,-0.7127679734766307,-0.7865626890798373
2020-01-08,-0.3902172863243602,-0.4281221032421267,-0.5415793805582446,-0.5938545208562189,-0.6668978146449815
2020-01-09,-0.3218311876316015,-0.33395773366230813,-0.44417773872282096,-0.4954825060436424,-0.5617909806118766
2020-01-10,-0.645508824603618,-0.6324486501741188,-0.752021365431736,-0.7993069458723329,-0.8723528378809695
2020-01-13,-0.6221388839400567,-0.5800811214973005,-0.7192567939827754,-0.7569769946443803,-0.8288039337419336
2020-01-14,-0.6586083318678224,-0.6174402883000448,-0.7783476639297409,-0.8010251029258668,-0.8713800781034261
2020-01-15,-0.5412865638743455,-0.5214888561593148,-0.6788900458751085,-0.6975238531321951,-0.7681566590306916
2020-01-16,-0.5594242250591431,-0.5707380335736932,-0.7371913241607182,-0.756554701627092,-0.8239158803446386
2020-01-17,-0.4311367225521116,-0.459745395611846,-0.6183520255910768,-0.6381728247726917,-0.6995115301258972
2020-01-20,-0.539277602655628,-0.5735111495089974,-0.7613225658678304,-0.7896182387718547,-0.8613530571960265
2020-01-21,-0.4339944094621723,-0.47280756535760105,-0.6567989498406885,-0.6904170332394922,-0.7557221592694348
2020-01-22,-0.49255110578630085,-0.5033023922351222,-0.688049828758799,-0.7327983117268794,-0.8125268195258282
2020-01-23,-0.34719871659879237,-0.36196757544015423,-0.5283439732794089,-0.58423505772091,-0.6509128432599711
2020-01-24,-0.27102630488601,-0.18470469434279876,-0.33713833269847393,-0.41120469559886424,-0.46108800024412844
2020-01-27,2.078402388902734,2.06058746754672,1.9703361422201837,1.8305900876959216,1.8036952981948087
2020-01-28,0.2306746429134886,0.21089359257617582,0.027625071808986476,-0.07377952854776748,-0.1285076088976805
2020-01-29,-0.24554808195541858,-0.2659516944187462,-0.4753487376753924,-0.5707118914345009,-0.6345009167068525
2020-01-30,0.13749393120153797,0.11262000986237983,-0.07320580935556045,-0.17638670834498305,-0.23402965696241845
2020-01-31,0.39830059916414673,0.35829080635953925,0.19935862562035117,0.08911903890017975,0.035627552766882085
2020-02-03,-0.1357272031609627,-0.19897990222156012,-0.39418479908136084,-0.4984442100545954,-0.5638447539676603
2020-02-04,0.9598099004647008,0.9839437272735004,0.8601886853056537,0.7307803243792057,0.6941791429663076
2020-02-05,0.23065617636214641,0.20319147471218682,0.04166793245598044,-0.08137621082797893,-0.12466953649253264
2020-02-06,-0.1380418440659645,-0.14878190792256082,-0.33455160964871117,-0.4510691720915494,-0.5038146191974816
2020-02-07,-0.18166137538011462,-0.19631398942279574,-0.3860711548713944,-0.5001215070101634,-0.5527502396449
2020-02-10,-0.2771798341860012,-0.26183552729034504,-0.4510862030788512,-0.5680670357791929,-0.6213547683394552
2020-02-11,0.08675482545234751,0.1321783946066282,-0.0328820697776961,-0.15075185592740628,-0.19737918952363737
2020-02-12,-0.18210591438853543,-0.1857726438791674,-0.3652425749979348,-0.4923043807458883,-0.5333720164674003
2020-02-13,-0.26699098290472983,-0.26803265176969987,-0.45584191424431497,-0.5870083809013618,-0.6319372288313447
2020-02-14,-0.3207846709667276,-0.3230117402000762,-0.510848381451936,-0.6546847327784067,-0.6849984210548109
2020-02-17,-0.15994176900494353,-0.15848195921910854,-0.3316462941840014,-0.48028562266211994,-0.508744752465998
2020-02-18,-0.052604477322438906,-0.1696032882735589,-0.21366405151590262,-0.3645687957390346,-0.389059340363313
2020-02-19,-0.061417640479051974,-0.17356713181811675,-0.21313048579057858,-0.35973393823052974,-0.3904173983112689
2020-02-20,-0.12645116256424407,-0.23033198061963114,-0.2735194580275848,-0.42145501839394545,-0.4532728949761515
2020-02-21,-0.14637291765948335,-0.24242685173352024,-0.28431942458705095,-0.4259824220309385,-0.4597423710213489
2020-02-24,4.4120300448775325,4.458821779847878,4.510360278638792,4.326890748107596,4.324736215265806
2020-02-25,2.7209389184793493,2.66807668573443,2.668078267242552,2.5008439333862182,2.4643163995183257
2020-02-26,0.9631361658764583,0.8072780547826262,0.6930732992912026,0.5565971406852338,0.4924331771845081
2020-02-27,4.062300018053465,4.157236013126439,4.235453199986156,4.056631010429111,4.045112975299526
2020-02-28,4.390271060392783,4.415952342311289,4.518692190751444,4.359168354454356,4.350373700975483
2020-03-02,1.342713023332649,1.2211623911459533,1.1350876223842046,1.0489590179853647,0.9741261323701922
2020-03-03,2.256610103217736,2.178356551331321,2.1406994979286424,2.052716119897341,1.9946645030222556
2020-03-04,1.1847458429776558,1.0542099038711228,0.9541430348260158,0.8784758933466384,0.8001899882129248
2020-03-05,2.5814332406940363,2.5394114117510718,2.5287488426956877,2.4303591571357215,2.374591601738782
2020-03-06,4.527408289979814,4.61661650898498,4.736266279426613,4.617681678791725,4.60267192390568
2020-03-09,7.839397242041111,8.158125352922617,8.497778348356865,8.418549437764781,8.485143663080809
2020-03-10,2.4677923039301413,2.3982880661554784,2.361839864617696,2.318021900578881,2.266230744281024
2020-03-11,3.171478616189684,3.1531856929938473,3.167704507338692,3.1104249940560105,3.0743683589899127
2020-03-12,9.531285992082026,9.960641256754688,10.411385991211402,10.306783477274532,10.412291037510284
2020-03-13,3.487522385152262,3.483612298066743,3.498827654368048,3.4508010024103664,3.4270099085533468
2020-03-16,6.6015478159061365,6.808971806881319,7.041299002375805,6.956473826164986,6.995691437684164
2020-03-17,3.603591528560936,3.584125012197138,3.601869739803743,3.555323641031123,3.5310259121156884
2020-03-18,4.761492000998993,4.852821261008649,4.962149015101907,4.898499252871467,4.89992048283352
2020-03-19,3.781528861074732,3.8064661247934115,3.8533477152616555,3.80288445172365,3.7844999611227625
2020-03-20,3.6152946835977393,3.6338460586247985,3.6703664396859286,3.6237017409420913,3.6019097602057824
2020-03-23,4.270514270394721,4.335963372518124,4.419953858659071,4.361621217960617,4.353040978667457
2020-03-24,6.611702755995111,6.847370331388245,7.0937158984001165,7.010559196461471,7.052005751298531
2020-03-25,3.2161021943649977,3.210122979520474,3.225096811263861,3.1843289057061455,3.154529628541702
2020-03-26,2.517610753040033,2.4648403140731037,2.4361760682983538,2.4096651552075374,2.3671048327741135
2020-03-27,4.093414832000035,4.153257576181399,4.23395941920635,4.18047687903975,4.169762686602687
2020-03-30,1.858140147277149,1.7615498899099307,1.6929547079284812,1.6755513760400578,1.6191569863559452
2020-03-31,2.78695252032764,2.7562790646961024,2.7506895156344666,2.719692388748816,2.6827661733150867
2020-04-01,3.5595305939698125,3.5831893998196187,3.6310072493753456,3.5847948703563026,3.562370989983989
2020-04-02,1.7250722698286238,1.6150686735522348,1.5377182072323237,1.5210221723806496,1.4617700840753227
2020-04-03,1.7834453717377023,1.6781944960807547,1.6047711580980626,1.5855462539174816,1.5267139989869627
2020-04-06,4.332020498306241,4.405451830856724,4.5062621577405055,4.448570230152197,4.442612902947523
2020-04-07,2.757466624795787,2.723605006120084,2.7193471190171405,2.687905211680001,2.650940968893476
2020-04-08,1.4725798314773375,1.3485627300179768,1.2558689762454078,1.2411603771361834,1.1779531281402797
2020-04-09,2.386211702801549,2.334415848637343,2.3051559025570785,2.278430101045826,2.234075683402302
2020-04-10,1.3721682057399243,1.2454787175978743,1.146424206727142,1.130182817891398,1.0646550297091533
2020-04-13,1.2119843210957224,1.0748178473463188,0.9649453782336359,0.9528716351890476,0.8832894153142221
2020-04-14,1.9672629901745566,1.8919569638823412,1.838862561166598,1.8198062160122916,1.7660625266410597
2020-04-15,4.458895029566714,4.562744597951525,4.677932790345155,4.618091368687527,4.615109005197904
2020-04-16,1.5763994704512811,1.4802428768227123,1.4007775706689163,1.3875421087539852,1.3264075941988143
2020-04-17,2.2258343313633566,2.180563094749171,2.1495258664313277,2.1313595244522525,2.08558122290471
2020-04-20,1.4505066592772577,1.344380232840514,1.2560464015005361,1.24359458770626,1.1811511490758124
2020-04-21,3.718211410103816,3.77561500199666,3.8440504112407297,3.7986712174093276,3.78277006193417
2020-04-22,2.090455718905887,2.032977012763456,1.991950878141073,1.9759598091569985,1.9280067311529547
2020-04-23,1.8392939685894256,1.7629604450131056,1.7033921516421278,1.6893714032953642,1.6358088416354166
2020-04-24,1.7425206055647529,1.6547555433292547,1.5878325285126285,1.5742999283203782,1.5186157651570975
2020-04-27,1.9947273871668134,1.9277821494059366,1.8815193699157178,1.8674224232530867,1.8169844442364684
2020-04-28,2.0077727075307528,1.9418885754789925,1.8962372074214826,1.882755921044642,1.8328442451426281
2020-04-29,2.5771625051034297,2.554702649212075,2.548908378578347,2.5274515886831392,2.489850465068015
2020-04-30,2.2226317875616304,2.171548751631654,2.1424080501054976,2.124155099588101,2.078898638553631
2020-05-01,1.2278013719999599,1.101698618927645,1.002371766942237,0.9939607054563666,0.9284375413646226
2020-05-04,3.692332501302311,3.7485674840850165,3.8199488249050213,3.7762985637162934,3.7613678980130913
2020-05-05,1.8502772110223304,1.7837511705373539,1.732082213566875,1.7206802379880983,1.6690081041567413
2020-05-06,1.552526207589838,1.4615481995418553,1.3897040292575606,1.3804613474842207,1.3228182029116977
2020-05-07,1.7486045920712496,1.6731605629137525,1.6166458763112521,1.6069716058244292,1.5518136421961923
2020-05-08,1.6400301996208877,1.5659931747118883,1.5016258070809305,1.4912446361148872,1.4363795160576425
2020-05-11,1.4473938752856195,1.3584206197658812,1.2831812098825557,1.2735210734114188,1.2157831588604988
2020-05-12,1.4792556157473349,1.3920940183211896,1.3210047796451165,1.31122568156131,1.2547354759664056
2020-05-13,2.0082377726322713,1.961323246532726,1.9294494551978936,1.9165151460554624,1.8716995697493843
2020-05-14,2.2036119292023586,2.1698450654549912,2.151594545152227,2.1362532749563212,2.0951580256820157
2020-05-15,1.4333940534406968,1.3419563678268709,1.2683308168380303,1.2601250447756434,1.2029019273117558
2020-05-18,4.097783405900317,4.202009547718317,4.312850401754972,4.266059272260197,4.263049610886157
2020-05-19,1.743725452193828,1.6860263298388483,1.6386035772303138,1.6280206897047118,1.5774146635375954
2020-05-20,1.6305661049951412,1.5577261699044018,1.501871471606595,1.493322601687815,1.4403711314799572
2020-05-21,1.5211593410610336,1.431005601512154,1.3679544846030047,1.3601230361490873,1.3046580853315826
2020-05-22,1.3737325443343769,1.2887285173691818,1.214619065195743,1.2079483245072646,1.1494989999891407
2020-05-25,1.8051006465009363,1.7381318173638205,1.696558911740776,1.6868317859790394,1.637767001430062
2020-05-26,2.1049547926846364,2.2162524984316043,2.205247694554543,2.189244156020398,2.1499322283464495
2020-05-27,1.5399079751961966,1.6001564718296777,1.5504840893587843,1.5424277064469005,1.491028985622714
2020-05-28,1.5165932591746354,1.5537993232170537,1.4989179801321622,1.4927734838439666,1.4406834763599898
2020-05-29,1.5177147479893562,1.6444344056806368,1.59827248699456,1.591689039895703,1.5419319219631638
2020-06-01,1.4133780163243719,1.555280172757677,1.5068259768574117,1.498467601797203,1.4461000578777572
2020-06-02,1.613200552523172,1.8016541719936203,1.772598914094143,1.7667212246771107,1.7203290314744346
2020-06-03,2.2244224027091053,2.5415500945127367,2.559231810371836,2.544025602154527,2.5112512106180382
2020-06-04,0.7837067302511136,0.9572299218948365,0.88883149964049,0.8877507142666219,0.8223111400954292
2020-06-05,2.0210720832786517,2.2627536086212934,2.280813823320779,2.268250368297697,2.2293668253222183
2020-06-08,0.7684341701859084,0.9224520873073077,0.8594407114353714,0.8583425045452385,0.7928558907532929
2020-06-09,1.216431023622721,1.392029170252342,1.3580270010963704,1.354495509226644,1.2986602313293947
2020-06-10,0.9654123006186572,1.1278750669398996,1.079148677800267,1.0772133853564545,1.0163097062864788
2020-06-11,3.6724361365634355,3.990970988633036,4.120782364227126,4.080568025567408,4.075272287424347
2020-06-12,1.088689334554958,1.2503242485152313,1.2053540218966121,1.205384111759632,1.1485375980483927
2020-06-15,0.9551758570271547,1.2011776380261037,1.1535438259904178,1.1546144690554374,1.0963323284295965
2020-06-16,1.817400042307413,2.1075592895446635,2.1290183527846978,2.124381429951436,2.0837903026190228
2020-06-17,0.72910703317491,0.9260926683450421,0.8675614938042733,0.8695468693855832,0.8061234302337259
2020-06-18,0.7725044736866055,0.9997364278013818,0.9447703020245113,0.9460604967872509,0.8839407438944431
2020-06-19,0.717288219254264,0.9048307498982288,0.8414509057671357,0.8439691675713155,0.7797500650088653
2020-06-22,0.8489306507457554,1.0186875410913538,0.9599854977843016,0.961520566769576,0.9010951066754409
2020-06-23,1.1234943807438489,1.3059989960592324,1.2650378138686886,1.265632810195015,1.210774439003804
2020-06-24,1.7170501711179904,1.944965324287862,1.9465477112660898,1.9432143907636612,1.9021033199288735
2020-06-25,0.8930173323356914,1.0528810515772156,0.9935291400044685,0.9960184077632196,0.9369032388763174
2020-06-26,0.8540257784727804,1.0748321079732637,1.0161785822077989,1.0189287738924975,0.9594541896469607
2020-06-29,0.8419498200070606,1.0712208936865213,1.0151382220361758,1.0163564482045573,0.9575249902395172
2020-06-30,0.6967376724121712,0.9203052666873784,0.8570242786991833,0.8600330228159783,0.7976967656022248
2020-07-01,0.7038931748375447,0.8808815979913983,0.8113433842284523,0.8150682876290379,0.7529193873795224
2020-07-02,1.4731934207967659,1.715845761874425,1.7031439635069006,1.69958884526435,1.654267212576596
2020-07-03,0.7769044681301762,0.9851587211203872,0.9261829482978664,0.9296337209028965,0.8701226677527276
2020-07-06,1.2110686479641375,1.4238464559360966,1.395677820647564,1.3969800940002537,1.346423184812032
2020-07-07,0.9465592524205184,1.1313989863108551,1.0817216473283158,1.0845676725539575,1.0293674895603335
2020-07-08,0.8364822638413206,1.0090506996368784,0.9556504075629372,0.9574062509943669,0.899039721531744
2020-07-09,0.9171024625730009,1.0658951948944175,1.0142430623342078,1.01658736302093,0.9601927135536374
2020-07-10,0.8891476949376973,1.0367108442860924,0.9866420413069006,0.9888045306312178,0.9313749108519247
2020-07-13,0.8587580336010558,1.1771334004505976,1.1391155108271123,1.14061367941401,1.0863461555952314
2020-07-14,0.5373815803694643,0.8580363428435213,0.805375503778629,0.8072861725374253,0.7466390627160926
2020-07-15,0.87533312603048,1.2168096487142523,1.186827298156677,1.1874269179656765,1.1339565601406387
2020-07-16,0.37747352659552524,0.6944918430433705,0.6266092956292729,0.6308503769798494,0.5671750989172323
2020-07-17,0.454156594721851,0.7483393164358133,0.683415410927685,0.6858800534200454,0.6222060656117927
2020-07-20,0.6626420091201037,0.9475111377195178,0.8887784096523503,0.8919636124161608,0.8320341556794641
2020-07-21,0.5423324793553248,0.8162395445184287,0.7801347387414038,0.7846673001657141,0.7225795023676981
2020-07-22,0.6078658329562115,0.8758240785237406,0.8400743290630245,0.8451023492271459,0.7842291560114657
2020-07-23,0.45216066784228626,0.6933923979565284,0.6421885515461041,0.647854017114748,0.584078901232421
2020-07-24,0.8328893848998998,1.1080784428664228,1.128220057081844,1.1312317492465085,1.0770280372208314
2020-07-27,0.4526775850339459,0.6868962922931096,0.6928407342067275,0.6985742597708006,0.6361242220595179
2020-07-28,0.4399844855726618,0.6630715692119896,0.6699390341221497,0.6758038426891384,0.6138666885969251
2020-07-29,0.35927329820095516,0.48648927017435184,0.5596452939105331,0.566123435993312,0.5014047593340396
2020-07-30,1.3081400657417184,1.4883050272540626,1.6185063297837512,1.6199665245399235,1.5754194812527922
2020-07-31,0.6286882021517277,0.7288672026170957,0.8249287894101904,0.8294980598240034,0.7705238742430865
2020-08-03,1.0131187665343993,1.1438189962402585,1.2623770279430453,1.2655948498172005,1.214587602083423
2020-08-04,0.5408891939265948,0.6224242095768725,0.7209969267465193,0.7262864461031113,0.6655730548365395
2020-08-05,0.666569075241672,0.7417853644431104,0.8567585855730496,0.8612398406304304,0.8029544224605751
2020-08-06,0.5136536867917727,0.6514364286079829,0.7454347526315477,0.7473003186996072,0.6878507173856551
2020-08-07,0.3459333754940704,0.5156845977191744,0.6148531465897327,0.6178424172776985,0.5559520628365272
2020-08-10,0.3673723170951487,0.5053944800884556,0.6412452248276184,0.6429111291763447,0.5819619913614655
2020-08-11,0.9209775740178219,1.0818924016054576,1.2606934547280304,1.2594127409457898,1.2110103713820513
2020-08-12,0.5678735385603817,0.6797834700692255,0.826831546050465,0.8282685982921737,0.7723329067143703
2020-08-13,0.36535995796412346,0.4587987502042445,0.5922599749919214,0.5956983265114342,0.5362505921683222
2020-08-14,0.6255050152104711,0.738462922184586,0.8825556877309433,0.8851530251922299,0.8307758489056728
2020-08-17,0.37993834142906263,0.4708066037456659,0.5847370248564114,0.5881192777365623,0.528536618731613
2020-08-18,0.44524515824906125,0.5441239780823586,0.6663477926625658,0.6693586096530064,0.6110994479999037
2020-08-19,0.42342303888543087,0.48896270757204485,0.6067349303537726,0.6103129679193852,0.550579058556289
2020-08-20,0.6779229338456186,0.7623665293350508,0.8951333735033491,0.8964883190399665,0.8423710412462296
2020-08-21,0.3632061049009604,0.3627291845384425,0.5305190348495401,0.5332570096054995,0.4722320693757771
2020-08-24,0.8807331658533905,0.914292860793821,1.150973563289335,1.1498381224668246,1.101238981493377
2020-08-25,0.39106617491006923,0.3639055455445358,0.5654717854186746,0.5668727836808288,0.5079510908281464
2020-08-26,0.5466747219549474,0.5605185415947103,0.7632579460325558,0.7626228749638393,0.7066239993302138
2020-08-27,0.4341953781099641,0.4723772020957807,0.6789313059557194,0.678809717770416,0.6211938830109512
2020-08-28,0.41675399886835407,0.4289038118382576,0.6371069459496211,0.6369378922341042,0.5794128609519846
2020-08-31,0.5817694783441194,0.622828737938753,0.832677456352601,0.8299192853480457,0.7752410260467291
2020-09-01,0.3516223270328682,0.38751013143833446,0.5847978261008758,0.5824826430717259,0.5238172962600435
2020-09-02,0.36922555204109686,0.5566900037714898,0.7625131615285533,0.7582840488449282,0.7021704044615311
2020-09-03,0.21940731462055968,0.4257866967857559,0.617391764489449,0.6120230764161374,0.5528189256929906
2020-09-04,0.21600885700079916,0.4011162677790624,0.5958895953067306,0.5912836460065857,0.5321892845504084
2020-09-07,0.3767405853852733,0.5353645998893769,0.8715560722924768,0.8668293370402743,0.8122348630810502
2020-09-08,0.2654348121516426,0.4267259955116529,0.7702131870340336,0.7658915955642039,0.7093496029560029
2020-09-09,0.4335814391756443,0.5924740043072276,0.941468404556857,0.9348771612266301,0.8822970443632595
2020-09-10,-0.06853007525642033,0.030845422899689768,0.34222039117105213,0.3397687827597079,0.27585537816646427
2020-09-11,-0.14564327253698786,0.01769273816422593,0.30973745085755666,0.30799669519880085,0.24354549260196354
2020-09-14,-0.1206140641753511,0.05785173336876582,0.3631451426045199,0.36062761032522267,0.29771092613570543
2020-09-15,-0.06473250617206476,0.18668373643337502,0.5170260909393899,0.5129388064794005,0.4521142016523043
2020-09-16,-0.22170986144645977,0.01185342852273976,0.3343453613654543,0.3309389066558513,0.26560482596717533
2020-09-17,-0.2973359099869788,-0.032935636692970324,0.26804751894795276,0.26377649410430987,0.19765798805355042
2020-09-18,-0.12037096012012477,0.11366213748651612,0.4754103241684594,0.47577335790986874,0.4138094599223379
2020-09-21,2.103109825833263,2.2310960200238132,2.6399211558775257,2.6195878554355843,2.5976588621847627
2020-09-22,0.1850321533100468,0.21089426558836166,0.5081902012730504,0.5099595420602934,0.44883935547863785
2020-09-23,0.12473435352786498,0.20000393164377472,0.5039524424569447,0.5038720449029827,0.44318212759226727
2020-09-24,0.15282261030598243,0.278484792394866,0.5812402761120531,0.5794304909026887,0.5205227245665757
2020-09-25,0.08278167111368863,0.18855158647219586,0.49241909018890423,0.4905557483366591,0.4283656068472581
2020-09-28,0.8829750041160073,1.0383119656470658,1.3991283359870175,1.3888125851893087,1.3457499437165603
2020-09-29,0.14856355958496306,0.27378500624056135,0.5595907840543338,0.5633410356470796,0.5054918556281618
2020-09-30,0.026100715204014895,0.12544153293367247,0.3929840188521865,0.3961983472423293,0.3359416369690452
2020-10-01,0.18889106209037798,0.2813766895847663,0.5668493216886844,0.5691275606630258,0.5117979017663601
2020-10-02,0.08310501996691834,0.11053573228025078,0.40797896311803133,0.45264791678068045,0.39240841416952715
2020-10-05,0.41917165637671,0.45396352045721405,0.7632365971733734,0.8186512497279974,0.7660511022740337
2020-10-06,0.2864200084436754,0.2849730845778374,0.5814798849084755,0.6411393308466469,0.5853116821772972
2020-10-07,0.07337604892990095,0.05965753555748095,0.24680023028381537,0.3885243302140623,0.32799390962427505
2020-10-08,0.29019715025772297,0.28157188829517826,0.500601773557687,0.6309471790532396,0.5753106580694892
2020-10-09,0.1585328327635053,0.15023304762696985,0.3363575125390966,0.4892901711051394,0.4300887590040142
2020-10-12,0.31549971503259405,0.30199071250244375,0.5139950433355849,0.6657889686044917,0.6101535922935521
2020-10-13,0.28814167142226715,0.2836454358460538,0.48154173183861454,0.647273481995305,0.5901074346957772
2020-10-14,0.10901922159422256,0.1002958205191812,0.2661472780651404,0.4387093255613471,0.3778348261217785
2020-10-15,1.020517853960243,1.0491805492101043,1.2779708370554266,1.429533057676588,1.386090079752612
2020-10-16,0.5062300449939457,0.49801618917653523,0.6584273853300395,0.832184101464239,0.7782845675538376
2020-10-19,0.169620983564587,0.12288203733711028,0.2188029559012343,0.423909373102007,0.36184023468302506
2020-10-21,0.5648521167157484,0.5653542753856275,0.6817829602914005,0.8919158874190618,0.8385087230052812
2020-10-22,0.17290993969407964,0.19862939467901747,0.2976967535396061,0.506520088850545,0.4461478474174342
2020-10-23,0.2916191980221623,0.30886476900487386,0.42544365918985977,0.6401560057260844,0.5823261193933409
2020-10-26,0.7973370790873585,0.8269184829395425,0.9972768949930342,1.204580163444906,1.1579862878091198
2020-10-27,0.503491272818716,0.5420485118816901,0.6809940127561643,0.885528670099059,0.8325934874998996
2020-10-28,1.7099430666853674,1.7799409238034938,1.9929966729569255,2.1888692575269437,2.160848879715049
2020-10-29,0.4081989867710085,0.35881850742798327,0.573095435540737,0.7878044596636327,0.7347918708841862
2020-10-30,0.3123445288181217,0.25091384165202535,0.46259110795750513,0.6780307642010979,0.6229775934478283
2020-11-02,0.7350912877718035,0.7017569997358536,0.8821560783264449,1.1479580011398023,1.1018516043395703
2020-11-03,1.2760828099790176,1.2172166766349566,1.4424018586397023,1.7052028940075594,1.6691494185582623
2020-11-04,0.5960571820856532,0.5184540489513557,0.6974853016744196,0.9742291399904274,0.9241373599219317
2020-11-05,0.5717103874065114,0.4710175537655475,0.6502073839893378,0.9176116742301651,0.8662532471125928
2020-11-06,0.3068368574676189,0.15826371421006852,0.3106290100843376,0.5814376466824318,0.5236511064788186
2020-11-09,4.330196570358635,4.254872714713781,4.470375767985578,4.650226553657133,4.666937558207474
2020-11-10,1.0625991957832104,0.938369020349949,0.9644454855873855,1.179049599812038,1.1330787672451286
2020-11-11,0.9469703984584098,0.7946656296543467,0.8198174302936364,1.040334928090539,0.9908192158512897
2020-11-12,0.7232318335580655,0.570676668387585,0.5790508831419028,0.8035022047046664,0.7491606915690073
2020-11-13,0.6353900593984415,0.4842048064075418,0.47176687827025093,0.6860124719698429,0.6290031768796204
2020-11-16,1.1910631322899854,1.087933139690187,1.1224904809187264,1.3366443311487493,1.291877611028128
2020-11-17,0.6115728305073332,0.4758717861468939,0.40178557833966516,0.6922641099527695,0.6355222572831317
2020-11-18,0.7209897652156627,0.5882566343870471,0.5260229546037737,0.8144484875085017,0.7605722806198046
2020-11-19,0.7607531486410904,0.6201992986121484,0.5668791598474257,0.8566156508592909,0.8023538758832232
2020-11-20,0.6551385521003575,0.503999910683531,0.4416940445318902,0.7324248356224209,0.6765901646108148
2020-11-23,0.5930404189417666,0.43615597933022826,0.36821654652279645,0.6554815788878853,0.5989415165692646
2020-11-24,1.0315383752980087,0.9109773223190124,0.8752155052321203,1.1628926452397066,1.1153046803763904
2020-11-25,0.6082278308799249,0.45183815237633596,0.3800360062819054,0.6782477413764263,0.621369053924923
2020-11-26,0.6010819607312572,0.4411103697774557,0.3727897412148435,0.6674443838258508,0.6110703507523308
2020-11-27,0.694380372102622,0.5608257318455236,0.5043402113934035,0.7964328738473333,0.741240468000227
2020-11-30,0.924396108747778,0.7847469970201335,0.7232873234735202,1.0257595337141439,0.9804540648831955
2020-12-01,0.8712264142705163,0.7332289158744436,0.674137863290858,0.9770910608666006,0.9299645920572657
2020-12-02,0.7398465095844685,0.5725834379611644,0.5065501487046932,0.8127019096857224,0.7629192364193548
2020-12-03,0.621301107922198,0.4508398933225545,0.37883379909806353,0.6874904061045999,0.6336381241276429
2020-12-04,0.8891739187765536,0.7468991964945574,0.703190573577478,1.008634658493649,0.9610648073432485
2020-12-07,0.5830841037830861,0.4216981282349689,0.34180389986070614,0.6542715709968159,0.5988860416613627
2020-12-08,0.5944708495314959,0.41350430803919713,0.3297828057175045,0.641944214114421,0.5822436221598356
2020-12-09,0.7014954057272516,0.5264082987219157,0.45200819333681225,0.7584579898515462,0.705387972619836
2020-12-10,0.670076738051151,0.4912037433645709,0.4185869842702569,0.7244937110499119,0.6700229254915909
2020-12-11,0.8310946305295087,0.6564829941073393,0.6010785802968146,0.9044884415352191,0.8547251487604578
2020-12-14,0.6995536926528759,0.5320074487561434,0.43248826305141563,0.7239827177466884,0.7193525543855545
2020-12-15,0.5420251616842735,0.35515858064558486,0.25303967447440506,0.5325450897252958,0.5297461489804894
2020-12-16,0.6401523226922886,0.45435861271056877,0.3605705024891596,0.6330913037812106,0.6384906668777819
2020-12-17,0.5106220980920211,0.31061996734544234,0.21055946868397726,0.3977002133234557,0.4786365650971746
2020-12-18,0.6315289505862545,0.4290782116623614,0.3421750154925495,0.5417340163629595,0.61476837353358
2020-12-21,1.4917009167231685,1.3496525145308724,1.3176783180275398,1.4685587508001356,1.5950450497791198
2020-12-22,0.9737641083014763,0.8103874678118248,0.7467111523900511,0.9026439464173186,1.0112190722172463
2020-12-23,0.8813346855067928,0.7256970649542902,0.6574351299378416,0.7987208825690496,0.9208638047418392
2020-12-24,0.4218299251470055,0.22177448789017015,0.1202945212626529,0.253058193395618,0.36594195904520843
2020-12-25,0.3881900603814861,0.17133908010155774,0.062223580122598245,0.20106234536231912,0.30008379245121874
2020-12-28,0.87156723775662,0.6896400264660433,0.6157132356991025,0.7370270847631661,0.8590660856735141
2020-12-29,0.6284318374215179,0.4303859810323135,0.3351018106296264,0.41689094301922675,0.5745583792258745
2020-12-30,0.6251816172937372,0.4216826640032349,0.3229697811545223,0.39455311846643093,0.5577579098026716
2020-12-31,0.6133604718624499,0.4098418316777778,0.30550625692669237,0.38212922927491005,0.5415286671176418
2021-01-01,0.4129046523042559,0.197821030498341,0.05991166223194749,0.14392055341258875,0.30141596803695636
2021-01-04,0.8887012133334814,0.702390301723726,0.5952179773625098,0.6841188898935215,0.8476414414818395
2021-01-05,0.6823635298909869,0.4759295765293159,0.35805352846268895,0.4467768130002611,0.6035960621268294
2021-01-06,1.2698460076571707,1.1324481441047318,1.0655812230926422,1.1399601581247818,1.3214116850646138
2021-01-07,0.9794129579739439,0.8229903794688158,0.725910557674423,0.8201037987518746,0.9967622001875932
2021-01-08,0.6189727809089294,0.4366101924565905,0.31436243911696193,0.41521662560551037,0.5834685616246068
2021-01-11,0.7238007113378216,0.5579835118204562,0.44850621809368457,0.5083301233022905,0.7189055473163417
2021-01-12,0.6240360521502966,0.44362008660768126,0.3145055899929237,0.37911930197766963,0.5979965846731864
2021-01-13,0.5503291142343442,0.3666346186188105,0.22832890439858436,0.29434638517303957,0.5114815804085968
2021-01-14,0.584648993304904,0.4070917445179076,0.26754913700950744,0.33766820004591946,0.5505263620578976
2021-01-15,1.0023459394216807,0.8380383113978594,0.7262177987423201,0.7877387288731985,1.0151067499892847
2021-01-18,0.6148172664603496,0.42606085054481185,0.29091864658575034,0.3490136666973986,0.570024820683908
2021-01-19,0.5342779633176316,0.3616833960508644,0.23110399853132937,0.29231552496063196,0.5062914794103223
2021-01-20,0.6040962043785364,0.4254735909027373,0.2888608446140598,0.3421456711033808,0.573795325194167
2021-01-21,0.6031111095985947,0.44562150943057255,0.3114859906697358,0.3606640427044865,0.5952973610556893
2021-01-22,0.546581220214102,0.39388732678388433,0.2680536100859783,0.3245716825333954,0.5494636859713931
2021-01-25,0.759784102120224,0.626234920377628,0.5089317523189312,0.5625204156140923,0.7923896007995397
2021-01-26,0.5753152074343142,0.42254670586229265,0.29239558387568676,0.29702400370969545,0.5706483545734082
2021-01-27,0.9354039565229262,0.7930423700327545,0.6817336532309618,0.6848224182190117,0.9670094191138717
2021-01-28,0.6272541939355375,0.48210399413128435,0.34540730439776435,0.35500393186219625,0.6319366085999281
2021-01-29,0.280807332005712,0.5957049373903204,0.46445047237723547,0.4761825758171803,0.7573358067011118
2021-02-01,-0.03491561250800437,0.23255049665268507,0.10186194387308015,0.1154031043065813,0.38560551316914443
2021-02-02,0.06424861386618529,0.34428665991397317,0.2092634101909872,0.22469697182198148,0.4999169482608195
2021-02-03,-0.16962430174015433,0.1082937456813033,-0.046326227377973594,-0.03933972593936177,0.23923577735854315
2021-02-04,-0.15334861336462638,0.12829882957645727,-0.020774332454820896,-0.014351278183471441,0.26183576703351236
2021-02-05,-0.20084886188193796,0.11752580957885375,-0.03125607676254323,-0.02609836126098096,0.24832635289420643
2021-02-08,-0.3550928941943139,-0.03924300190583829,-0.16625806627765619,-0.1791066467664287,0.10048562788947119
2021-02-09,-0.25800832397383155,0.06629661350101093,-0.05560476255143916,-0.06690649493263703,0.21414895187934982
2021-02-10,-0.3314814772578355,0.000652435903864115,-0.12699649765950613,-0.13849816567978163,0.14058106683154525
2021-02-11,-0.3205405110997929,0.02124539365641314,-0.10371177320661311,-0.11658214252821159,0.1620807181859189
2021-02-12,-0.2375625000858317,0.10714195598112722,-0.016055852220160895,-0.027753022825422854,0.25249605685471865
2021-02-15,-0.03789017367296641,0.3338659718922266,0.22842252626269588,0.2127150575914691,0.499648656774495
2021-02-16,-0.39278332848792447,-0.03318961196083976,-0.15857461279446056,-0.1739211081532991,0.10941411240961137
2021-02-17,-0.321292939345769,0.03409372698511672,-0.08066838850553068,-0.0950471022101829,0.18573766149708743
2021-02-18,-0.0726579500658153,0.28359471874388825,0.1825550162594212,0.16325296752086746,0.4501152236144395
2021-02-19,-0.21918409802458616,0.11914627093874022,0.011577627406705364,-0.0020449235246433766,0.27870456734438187
2021-02-22,-0.2914687809913802,0.028197656532425213,-0.08542175648532842,-0.13441672455970002,0.13449183476628784
2021-02-23,-0.24962635354896512,0.07474960081974323,-0.0357351623388128,-0.07918651298731685,0.1837227494856172
2021-02-24,-0.41782715123500924,-0.05348431010059046,-0.17170119956341068,-0.21210528398843095,0.043569932482926864
2021-02-25,-0.38846813251008777,-0.01573240657804471,-0.13443549384404904,-0.16740877358362607,0.0021152669633701104
2021-02-26,0.09785887626400311,0.4432302077399155,0.3554809415137391,0.31955418380671485,0.510031877370681
2021-03-01,0.3658027955275239,0.6777010855464166,0.5895669593792799,0.5535788800025405,0.7069159856293155
2021-03-02,-0.2421818155768698,0.028840659933202194,-0.10001617259303697,-0.13346658292221045,0.015311667362802338
2021-03-03,-0.040833598375831275,0.2376016777301445,0.12880827715068355,0.09447511878086563,0.22615998495580067
2021-03-04,-0.2633145113900923,0.007179204748050303,-0.10043866556218571,-0.1291964516934826,-0.01026906362774365
2021-03-05,-0.18512594568647722,0.12715983463651312,0.030597063931133258,0.0007051845799904433,0.13203873574963051
2021-03-08,0.19385179018088192,0.541223968174199,0.47633593459375295,0.44454296955898703,0.5670866583200337
2021-03-09,-0.165862683041746,0.1381992688439805,0.04171242020601458,0.003411376090390306,0.07248927525983927
2021-03-10,-0.36829543874578324,-0.04600196899858178,-0.1535716440808721,-0.19058255587831469,-0.12711326364122622
2021-03-11,-0.1405073220416492,0.1902462790915992,0.10190094124904676,0.06140041133410081,0.13517925908566042
2021-03-12,-0.49332278415097136,-0.07334205270186603,-0.1867141264569156,-0.23935900297821627,-0.16557967889489836
2021-03-15,-0.5692237872919593,-0.19459229093021332,-0.31532921313127416,-0.3708785494628786,-0.29422639750829266
2021-03-16,-0.47413031929145777,-0.09709654644290011,-0.18603640560171508,-0.24102569862205458,-0.1610046870464835
2021-03-17,-0.4383727207408296,-0.010632994077046739,-0.12007889474222806,-0.17371173993938388,-0.10225057512412566
2021-03-18,-0.5610142459585745,-0.09371073329239364,-0.20437312551824383,-0.2713969882599689,-0.19019467981668753
2021-03-19,-0.37875678927734935,0.06246013787748968,-0.0331206161670058,-0.09802408611753824,-0.014107206285346948
2021-03-22,-0.6812718207105053,-0.23087213222886702,-0.3314349690600241,-0.3896723261994586,-0.35515330920538657
2021-03-23,-0.6686220764621428,-0.1939779804614621,-0.29665242695895944,-0.3728863378754073,-0.3263032514462484
2021-03-24,-0.6004508746909306,-0.12062082688409582,-0.22444748219593616,-0.30186417122098574,-0.2535177845477998
2021-03-25,-0.6487677172655548,-0.14097872678337292,-0.24383609982986842,-0.3202767972498943,-0.2709280913864072
2021-03-26,-0.35527195656007715,-0.28606176281827905,0.06523215494953814,-0.014485058670128633,0.0383956352559208
2021-03-29,-0.6642424565139715,-0.6008114715290711,-0.2763659624177674,-0.3559096874279254,-0.3078235295204128
2021-03-30,-0.566266226956636,-0.42400633153333556,-0.09207715594769424,-0.17100094961687606,-0.11425727598535129
2021-03-31,-0.6781639701670504,-0.5548155916559411,-0.2317538653607937,-0.32726595530749714,-0.271497385649047
2021-04-01,-0.6341202115238559,-0.4941358123029223,-0.15952249228979884,-0.2568536352549212,-0.20093057279234625
2021-04-02,-0.9212269976540792,-0.8653070138582366,-0.5266679643442296,-0.6164584124323662,-0.5672544568946994
2021-04-05,-0.8901631928588974,-0.8579979845929389,-0.5181559766533326,-0.6125528953393409,-0.5665996715950623
2021-04-06,-0.5744734201464474,-0.5087211409759318,-0.13484234802645478,-0.23054694209582946,-0.2256288853385937
2021-04-07,-0.7641587014451064,-0.68198789945643,-0.32272642448954925,-0.4194103636054147,-0.41659831364654176
2021-04-08,-0.6783519104883342,-0.6077622802880988,-0.23956424394265724,-0.33955960047142036,-0.3322108658155572
2021-04-09,-0.7099844093448845,-0.6583096794337454,-0.308109213694369,-0.40704873300707944,-0.4020381777958389
2021-04-12,-0.6574080372318115,-0.60845025016274,-0.24942555293522947,-0.348954539010659,-0.3409974618634928
2021-04-13,-0.658357964110881,-0.6465918729404234,-0.28532804335931955,-0.38673458981651543,-0.38216961532668137
2021-04-14,-0.602749530093586,-0.5964077969787246,-0.2373903307347641,-0.34017110906631015,-0.34201589085747924
2021-04-15,-0.5133648754937795,-0.486807626391677,-0.1288631905450556,-0.2321014122501725,-0.23184623823145176
2021-04-16,-0.43852999822139627,-0.39384685734343744,-0.028067959917077133,-0.13050240398398502,-0.12777195381907747
2021-04-19,-0.46415575783016383,-0.39424850696398195,-0.07246145085775828,-0.13349281953602948,-0.14952678159983857
2021-04-20,-0.15559568395703863,-0.07193214142639333,0.27570974857632263,0.20836717136807664,0.19892624185916136
2021-04-21,-0.7947993478956832,-0.7164152462085195,-0.35240212065830356,-0.417176462181222,-0.43919201855134354
2021-04-22,-0.5668006172109161,-0.40995986488908653,-0.03473792065654839,-0.10248772194578243,-0.11780903874072389
2021-04-23,-0.8165620957720411,-0.7086715348248631,-0.3578469249432665,-0.42826339016992526,-0.44696318730816087
2021-04-26,-0.7340680301531284,-0.5849989726681558,-0.22296766030149925,-0.2900865273929887,-0.30682846344249914
2021-04-27,-0.885696445783061,-0.7267899258012326,-0.3882969595473559,-0.45729052158460887,-0.4775317147228373
2021-04-28,-0.7799832520858782,-0.6334334372251561,-0.28709044779853365,-0.35290785213603393,-0.37080706835141464
2021-04-29,-0.8371461848289522,-0.7220310381347635,-0.3776180300234864,-0.4432625953234321,-0.46680395130291574
2021-04-30,-0.723842077052185,-0.6123393170446771,-0.24804022024507383,-0.3123308835782061,-0.33209456969951956
2021-05-03,-0.7605606698436714,-0.6376612359049121,-0.27042743545282044,-0.335219104629706,-0.39079248673581585
2021-05-04,-0.30792569061018854,-0.2373002314583378,0.15148610048394753,0.08313424107523959,0.036342137283182356
2021-05-05,0.10201659209186303,0.2285874126648035,0.6552490983286273,0.5818270621395939,0.545821100472406
2021-05-06,-0.7995289556482859,-0.7304564995226772,-0.3741137496480749,-0.4407407474251937,-0.4858610853526753
2021-05-07,-0.4393828719978526,-0.45111469960458883,0.0020631438166633037,-0.06381930539556414,-0.10517204297726494
2021-05-10,-0.5253295299316635,-0.5623982717265427,-0.11889001711391281,-0.18946701939581623,-0.23072792519191437
2021-05-11,0.3236861590650342,0.35084876603942705,0.8448933117319626,0.7675452774535296,0.7445076552724404
2021-05-12,-0.6927574339820521,-0.7517908297758953,-0.3022779233454693,-0.3609238575777384,-0.403018322095065
2021-05-13,-0.6602258740424116,-0.7587305954614171,-0.2953683222677507,-0.34205890027066865,-0.3808342635591103
2021-05-14,-0.3671589259558599,-0.4238968528978544,0.05952105083773683,0.010531551898606242,-0.020984175659199286
2021-05-17,-0.733311755698602,-0.8086751921744593,-0.3470978948021095,-0.39014643195514426,-0.43131440053645315
2021-05-18,-0.7050081522105712,-0.7859284843742178,-0.31297142109536813,-0.35891945007927056,-0.4061107039840755
2021-05-19,-0.13039599113493244,-0.17570030814496024,0.2967973236137612,0.24779590733737783,0.2106686941183104
2021-05-20,-0.20219835531177946,-0.2780999103452666,0.21452495893539472,0.164408675277676,0.12472167382283526
2021-05-21,-0.40722396066109934,-0.4607460143152538,0.042289510874241765,-0.00828485264426386,-0.06615772096601463
2021-05-24,-0.8742238587090884,-0.9038773437077382,-0.4323579351624652,-0.48304063635348166,-0.5523160870962391
2021-05-25,-0.798710982146097,-0.8238909602238933,-0.3855583409692464,-0.40217437020661984,-0.46752117874370797
2021-05-26,-0.8113011886781427,-0.8541666845589421,-0.4068109595182032,-0.4395879148562981,-0.504110634058459
2021-05-27,-0.5102760578784051,-0.5513538126934668,-0.07183029643105122,-0.10564654603484117,-0.18347772039013804
2021-05-28,-0.6488735294333788,-0.7085840110378041,-0.22981954528311696,-0.2535668122238399,-0.33124467569084787
2021-05-31,-0.7280083299682124,-0.8135841442057857,-0.3568000397223132,-0.3636399379566262,-0.43783853235178627
2021-06-01,-0.6042127147195108,-0.6973214401262681,-0.21678087545205052,-0.22587883550518303,-0.31713523461884485
2021-06-02,-0.6890778944465732,-0.7949729806619426,-0.3234727012891266,-0.3342957414608289,-0.4274035751483558
2021-06-03,-0.6421374320287244,-0.7542297225449626,-0.2797836302670173,-0.287563203450038,-0.3784589472921506
2021-06-04,-0.7652807693605477,-0.8745932665146882,-0.7921352853931587,-0.4166556159697304,-0.5127066299499334
2021-06-07,-0.5824495945986232,-0.6973795875890417,-0.6089155294991964,-0.2672581669442215,-0.36223882702264487
2021-06-08,-0.7925598138210791,-0.8868540413057378,-0.8174745824663301,-0.4785022346787322,-0.5781171357968641
2021-06-09,-0.7518206691717965,-0.8442773704449937,-0.7816782025781669,-0.43581923892987523,-0.550163490478427
2021-06-10,-0.761436889945944,-0.8390033599925112,-0.7818220442342486,-0.43099923883692665,-0.5468190474951778
2021-06-11,-0.6734517289430605,-0.7395300753732236,-0.7123160835024065,-0.3277584841207029,-0.4388897250104161
2021-06-14,-0.6710853665495827,-0.7516526646469629,-0.7188276550028079,-0.3217950563169138,-0.4362962576598918
2021-06-15,-0.7156009391811644,-0.8208900907789992,-0.7785136333033421,-0.3751617667668435,-0.4912127330204991
2021-06-16,-0.7261599768853884,-0.8544283157514337,-0.8103127178482489,-0.4084252942124598,-0.5247340747387232
2021-06-17,-0.7415359181980208,-0.8495434226697115,-0.7925218856197186,-0.3978682464523199,-0.5175505610567549
2021-06-18,-0.03841296872553985,-0.16888778748402336,-0.07968895843078982,0.2876984382310941,0.17975004423931165
2021-06-21,-0.5412471614640273,-0.7342420414108675,-0.6789528288095988,-0.30599121333808826,-0.4263910899593512
2021-06-22,-0.3579351639273782,-0.547760463246202,-0.4843234195084408,-0.11115484752544696,-0.22817548460127826
2021-06-23,-0.31776425970444877,-0.5142685018745027,-0.4495260185927469,-0.07651221439843939,-0.1934772500697346
2021-06-24,-0.38047698405680036,-0.520292505235402,-0.4637486501433677,-0.09087161324996108,-0.20616527557316758
2021-06-25,-0.5905988760310377,-0.7350757426959567,-0.685717426157572,-0.3115947123442566,-0.43264139010856223
2021-06-28,-0.46935239466537276,-0.6264257386959697,-0.573893621597178,-0.25205235353956945,-0.31721773889981086
2021-06-29,-0.5686776948328386,-0.7232052254942578,-0.6717373136822334,-0.33990772904812655,-0.4134428887352628
2021-06-30,-0.2258133176906738,-0.3595817440220074,-0.31975561382334533,0.04119173422339667,-0.028144981143486847
2021-07-01,-0.3521557960974743,-0.4607138277049715,-0.4506088992618544,-0.08521197017666347,-0.1573688930076093
2021-07-02,-0.6385212361238469,-0.7749911296116353,-0.7812248083896153,-0.4149028244868664,-0.49623899542692596
2021-07-05,-0.5924152440835314,-0.7420728074829996,-0.7489885608560598,-0.3904409460148624,-0.46614077921052655
2021-07-06,-0.4541627493831899,-0.600965105977564,-0.5865801205804361,-0.2307230413694018,-0.30527857073201076
2021-07-07,-0.4700229269201565,-0.6053892926366441,-0.6043721876368434,-0.2535808143405685,-0.3224558498946269
2021-07-08,0.3519591544129441,0.2844383418763064,0.32051616425160906,0.6508880377793924,0.5977735358405116
2021-07-09,-0.05255112324641124,-0.13865000129089075,-0.17694127293947257,0.153022484800354,0.08931429555792246
2021-07-12,-0.315209871316209,-0.4440220273764799,-0.5074489855785592,-0.17373109856127072,-0.24300455948233196
2021-07-13,-0.43546453501097093,-0.594475206471606,-0.6659527665478571,-0.3341949530970868,-0.409355449001622
2021-07-14,-0.45200611607151414,-0.5920700223115599,-0.672659504482999,-0.33810940617831603,-0.4115189687771522
2021-07-15,-0.20007754257055166,-0.3580662606078194,-0.4072401429976316,-0.08446662754667576,-0.16181771854445035
2021-07-16,-0.4420139295556268,-0.653091508863258,-0.715395130527223,-0.33694390188068174,-0.41731586548349453
2021-07-19,1.9943490844272989,1.8390366237310014,1.8739332986940036,2.150566559031405,2.10808701465456
2021-07-20,-0.0028925304193407044,-0.20901871769392333,-0.3041723111946366,0.007958416045996251,-0.0682156391905765
2021-07-21,0.4734579683042412,0.3330375030944003,0.25151488824308144,0.5591729739664016,0.4986087345294745
2021-07-22,-0.042223565870355396,-0.22771798580423583,-0.3637102612919825,-0.04643114296921358,-0.10573550319088557
2021-07-23,0.084135803339561,-0.11432459047225796,-0.22517911005444097,0.09332566058521291,0.036502229014502556
2021-07-26,-0.0965917525865685,-0.3329277886339444,-0.4630490197212362,-0.13422797872492123,-0.19131308665449664
2021-07-27,0.025394255079348574,-0.20938126828108414,-0.32578664619435505,0.008422349469753298,-0.049234132516808866
2021-07-28,0.14752100420166642,-0.09877259285226136,-0.21543226769880125,0.11938784955709746,0.06495192980077331
2021-07-29,0.03669547484388371,-0.19951969232894826,-0.33611791747590375,0.015425234734074452,-0.04168889088135332
2021-07-30,0.040843077641560956,-0.2123732044229422,-0.340930638554201,0.010732356659317814,-0.04481844594492362
2021-08-02,0.00931067563165519,-0.24815600133911406,-0.3767798391912904,-0.020276863185652187,-0.07895830181714865
2021-08-03,-0.14309606605714315,-0.39720854306195325,-0.5198827866419293,-0.21562345321557397,-0.24206901763297337
2021-08-04,-0.05156329445192509,-0.2810383608960244,-0.43280218332209847,-0.09167056123864381,-0.12977179042244608
2021-08-05,-0.14097135492230092,-0.3497395775948041,-0.5217939963401541,-0.18122541351680074,-0.2221257343164861
2021-08-06,-0.09364984899403461,-0.3128688380067282,-0.4784178464166583,-0.14695232276445971,-0.18154169563165348
2021-08-09,-0.1794317736621037,-0.41210089232773545,-0.5851210500486171,-0.2724571587868068,-0.29321937037343937
2021-08-10,-0.05715649697589023,-0.2748806854925887,-0.44805680070064047,-0.13379416117096374,-0.15523479015363414
2021-08-11,-0.07485018678731808,-0.3052858125440322,-0.4762852197264349,-0.16341248523695046,-0.1856572724732397
2021-08-12,-0.19063980953328502,-0.42572363864532653,-0.6042569562023151,-0.2853424507893105,-0.30816268377543443
2021-08-13,-0.1815270367391088,-0.4257258950001752,-0.6215033374587533,-0.6041128855468298,-0.32909183641327056
2021-08-16,0.03213194257234635,-0.19270161968050145,-0.375783750501176,-0.34582541370001874,-0.08058097407447304
2021-08-17,0.19349057155894223,-0.009024232339048081,-0.17501844253291962,-0.15705502548681408,0.1113321664896346
2021-08-18,0.06311280124093738,-0.11996929113859371,-0.2883220131835779,-0.2689671945942305,0.0018177239279703345
2021-08-19,0.8384042991177819,0.6785438408044691,0.5856378565228337,0.5815309178228683,0.861835161428214
2021-08-20,-0.06936977945177318,-0.31991850477011796,-0.45689536368446204,-0.4639467710767605,-0.18059219687635542
2021-08-23,0.13519305646724533,-0.10317696255674001,-0.23600011005340285,-0.24239032197330088,0.05126821286887726
2021-08-24,-0.04993124586979777,-0.3159508679016317,-0.4581552430253543,-0.4611140426632168,-0.1715493048088319
2021-08-25,-0.00687393231536453,-0.2787121694384365,-0.419355219496231,-0.420618977181899,-0.1331299010994654
2021-08-26,-0.023928876527001833,-0.32147849222681796,-0.4601448636748134,-0.4641367395226774,-0.17753490551743328
2021-08-27,-0.012188169679673276,-0.2996285929325927,-0.43616985021110527,-0.4475053213950948,-0.16172879315121266
2021-08-30,0.02045988948331104,-0.27964012103845026,-0.4133275503805987,-0.4263172066658623,-0.13680396418382734
2021-08-31,0.35337503002386195,0.0760906542341816,-0.041192334359854074,-0.06324744597594982,0.23491902710373894
2021-09-01,0.06543890787109023,-0.23757443108121581,-0.36659634254664025,-0.38365726699317104,-0.09687885817716574
2021-09-02,0.025972274351098227,-0.2626622921515422,-0.3977023582117741,-0.41480763260844006,-0.13025767843655273
2021-09-03,0.025685897014513705,-0.25724076574336513,-0.395427057570197,-0.4166738746708376,-0.13177090477959458
2021-09-06,0.09424800119995684,-0.17172597083594876,-0.30793011548202304,-0.3310253108718112,-0.09354800686626161
2021-09-07,0.09542738517903976,-0.20688959808928184,-0.3604953921657603,-0.38740558887055837,-0.14674870902529677
2021-09-08,0.23660618051379953,-0.03242642247750457,-0.16466168476230028,-0.21358600457534363,0.055204659629705846
2021-09-09,-0.038177459331629894,-0.24300149563318899,-0.372254046301208,-0.4274685326520025,-0.1594109081934596
2021-09-10,-0.07980846956034462,-0.2606539388899833,-0.3904109855399439,-0.4381841476497156,-0.1682436332804994
2021-09-13,-0.023736285322737673,-0.16902669360762873,-0.28782051150599397,-0.3351848226428604,-0.06759816622119119
2021-09-14,-0.1541039120693022,-0.30372123097251946,-0.44182755285488673,-0.4851252099720638,-0.22112223558520275
2021-09-15,0.06349186320248802,-0.10581290420853538,-0.21622956813362465,-0.2625336358421986,0.0002426244665776219
2021-09-16,-0.05336790221816115,-0.2317627559338471,-0.35648904904776857,-0.41212982837139445,-0.1487640781623981
2021-09-17,0.031941207339224995,-0.12671010349056733,-0.2361450270571894,-0.3005098648902254,-0.03389429564097425
2021-09-20,1.5436967198611788,1.4414360728179627,1.390784436300063,1.283037991876471,1.5297580957852595
2021-09-21,0.34498623893336017,0.16268204566190048,0.026529640420651365,-0.05746814034470614,0.16528423351388707
2021-09-22,0.7731199487268707,0.600475454728891,0.47810455515817823,0.3747946896401974,0.607809217431445
2021-09-23,0.3631495711824049,0.2082597453514259,0.060509321869140605,-0.015803425696804197,0.19924169543112683
2021-09-24,0.304772779254138,0.15247810205789927,-0.04406374105204725,-0.12597456389202874,0.13387587317879135
2021-09-27,0.29718419134569213,0.14717728978745845,-0.04801336157234234,-0.13063446798643014,0.13476361232589892
2021-09-28,1.2082904135825188,1.10317276828957,0.959882184295067,0.8506887363635133,1.1204767840159437
2021-09-29,0.3779560895702932,0.23135449003023328,0.03507189163726414,-0.07714752477161319,0.18447134819563157
2021-09-30,0.20272254526257327,0.047232691270955925,-0.1344223283760831,-0.261898031681224,0.0013799164873669787
2021-10-01,0.2475583487587825,0.07515022178491482,-0.12772289181971638,-0.2411698808040853,0.025204526807123137
2021-10-04,0.23376185545347306,0.1009180975501102,-0.0952368712550776,-0.2055528081998625,0.062190463308093455
2021-10-05,0.4477297872704536,0.30001826296268874,0.12879353553299516,0.023531460296654448,0.29732549404259845
2021-10-06,0.4828469427874958,0.36309534052681847,0.19960819701493107,0.09006307693627426,0.3638441668401374
2021-10-07,0.540427227530374,0.4331843454492814,0.273942893478022,0.15409813881644088,0.4422076528735966
2021-10-08,-0.10025015565577704,-0.0574415418761973,-0.23570424627481767,-0.3470311537531061,-0.06787878320305545
2021-10-11,-0.2048804274645218,-0.19091924692945184,-0.364351863010057,-0.47412820609212114,-0.19756253350153363
2021-10-12,-0.3985983355337293,-0.28301612272143895,-0.45858941297109806,-0.5610895185923153,-0.3285777537208519
2021-10-13,-0.3204811938953702,-0.2137035730077369,-0.3631887269043609,-0.48334536490374497,-0.2230816887840807
2021-10-14,-0.23353248028963508,-0.09754871818111582,-0.24511371643695792,-0.36526600329020215,-0.10076292472721224
2021-10-15,-0.36853193925049205,-0.23204776974469765,-0.3941554743092914,-0.512709083530629,-0.2599476920042307
2021-10-18,-0.3812838840470917,-0.24517264048277554,-0.41571117744517044,-0.5329438649251349,-0.29877241376578
2021-10-19,-0.4286153095972974,-0.3076501042294566,-0.4809240485681953,-0.600647103780796,-0.3632730669498378
2021-10-20,-0.21018657992214804,-0.10106898942098468,-0.25860723075373,-0.379550638068108,-0.142920915720593
2021-10-21,-0.3562057243864411,-0.2616661950285725,-0.42900628459318885,-0.5497204977000694,-0.31441924469137106
2021-10-22,-0.38372312040133,-0.29778155335070194,-0.4593071415640284,-0.5864927624866695,-0.6082914406213739
2021-10-25,-0.43083200738952443,-0.3610606040213107,-0.5287467980635022,-0.6554159631042425,-0.6691505258564244
2021-10-26,-0.3933012744978407,-0.31204696280012423,-0.47763456797994913,-0.6007770339605389,-0.620499589810482
2021-10-27,-0.4067112136545313,-0.29335821067469897,-0.45057468439758885,-0.5759445684962603,-0.5930135118234662
2021-10-28,-0.015627131394769837,0.1141963109660277,-0.021154388408460484,-0.13767707836381052,-0.14913062879102063
2021-10-29,-0.27815653553696024,-0.1396243347970985,-0.303025896731224,-0.4084153107383591,-0.42993382482070475
2021-11-01,-0.20523123905644847,-0.0894581615297586,-0.24123373954576388,-0.35391978630728466,-0.37644942199503556
2021-11-02,-0.3856532261986139,-0.24968201915806493,-0.4225134804944325,-0.5338805803583596,-0.547987917536459
2021-11-03,-0.1099388184977261,0.05960778850638225,-0.0890285444303819,-0.2060252925426421,-0.2152254856437866
2021-11-04,-0.3816673399916677,-0.24878143540060194,-0.37894327405980227,-0.48613129579774317,-0.49845896184545874
2021-11-05,-0.5458939611384489,-0.42572605388923856,-0.5603171487524302,-0.6563228897623938,-0.6802884271365524
2021-11-08,-0.5543863282697195,-0.48346229107456284,-0.6058133614981551,-0.699253904277913,-0.7254196276380045
2021-11-09,-0.6198257951918228,-0.553539339627172,-0.67260704041168,-0.7670202322774219,-0.7955795586338175
2021-11-10,-0.5834538942767924,-0.48819491106791263,-0.6068606013899162,-0.6988834804214382,-0.7225591643214633
2021-11-11,-0.7074035369850313,-0.6140913441637909,-0.7372826256355159,-0.8284630501744296,-0.8565756796550477
2021-11-12,-0.5878935313811735,-0.49306750829287255,-0.6041347782891585,-0.6979000894025332,-0.7258423489447652
2021-11-15,-0.6945165838286511,-0.5819042288379545,-0.7107466807918692,-0.7888377051700202,-0.8189706021411864
2021-11-16,-0.6926721307824729,-0.5577745147604527,-0.6735320371008787,-0.7573621459235657,-0.7845711407960569
2021-11-17,-0.7245585021908719,-0.5909028960180871,-0.7189176594519302,-0.7994408603867519,-0.8400923094400081
2021-11-18,-0.5750579474407786,-0.4171879162015084,-0.5277536690714316,-0.6022954797216208,-0.6452892658189882
2021-11-19,-0.317828550242754,-0.1381291036269577,-0.22472626650090877,-0.30696789448649636,-0.3406459145891464
2021-11-22,-0.4405720628465558,-0.2987813602385982,-0.39731453111690723,-0.48035880911101425,-0.5174918091552648
2021-11-23,-0.34886498372030716,-0.17719907981943292,-0.2777086284245522,-0.36348168663052804,-0.396868961202656
2021-11-24,-0.562876499088481,-0.4293382772220444,-0.5244401880172332,-0.5991935988066677,-0.6391874082025086
2021-11-25,-0.6953429610238041,-0.5510940662472781,-0.6449731806381964,-0.7158148257963649,-0.7606832616047481
2021-11-26,3.4605313284915677,3.5221548572679415,3.5515387901370694,3.4065183883657344,3.367295056258365
2021-11-29,0.2827599429115149,0.19598025925687743,0.020636051326186657,-0.07166278711753102,-0.16926411305034722
2021-11-30,0.2881858291641521,0.2012004566330425,0.026789445942427523,-0.06949623533049724,-0.1650126328439948
2021-12-01,0.9985323897529458,0.9622179969932693,0.8390920655283098,0.7315540443204996,0.6444910198791275
2021-12-02,0.35114655072203993,0.25982687959747186,0.09244840783031583,-0.006286732881637064,-0.09700205161029328
2021-12-03,0.3571535495421006,0.1885495660041075,0.10839369825091867,-0.016617963456200827,-0.11567036945232809
2021-12-06,0.7262771199367541,0.5899589657979601,0.530416139158368,0.39754312846599055,0.3092242346080866
2021-12-07,1.6848242582840756,1.5884783148907105,1.596689763957054,1.4570953045439348,1.3696306898092963
2021-12-08,0.25580994696182763,0.07750433768628015,-0.0030400479110659954,-0.11830619680030546,-0.2462024003142435
2021-12-09,0.18165997035131545,-0.022346825077659747,-0.11626220351107838,-0.2269396668402633,-0.37045791210362117
2021-12-10,0.1799105171267221,0.02284434772960908,-0.0648128829792937,-0.18221066672226496,-0.31855094485523106
2021-12-13,0.22704624795107442,0.0797653452984242,-4.637149914969806e-05,-0.12113221422911417,-0.2571308095956591
2021-12-14,0.2205491091413506,0.07606396907959061,-0.00937686515849796,-0.12778626984510097,-0.2625526254700358
2021-12-15,0.20007380385360685,0.07253043282429686,-0.0027344307944774508,-0.12598383671412292,-0.26431508146091126
2021-12-16,0.7969083130510426,0.7483148781910793,0.7062497667425203,0.5834450363620814,0.45020865718286707
2021-12-17,0.12463770834171946,0.02863586451813,-0.0685943807924615,-0.1837420334863623,-0.32832253386665927
2021-12-20,0.6277397544717881,0.571399230017009,0.5038844288313726,0.3847216193840288,0.25284832887555014
2021-12-21,0.8778322947871111,0.799198755426465,0.7439577033747851,0.6248107521254466,0.5000504701708468
2021-12-22,0.41120269399538084,0.30003936191179736,0.22459014997039606,0.11782907358132641,-0.023293759500469094
2021-12-23,0.32350668272275074,0.19577141744093055,0.11652095868593546,0.013307200071941973,-0.12786302779600384
2021-12-24,-0.027553211551901376,-0.21618487145795856,-0.3285220199376959,-0.42852225429096824,-0.5771637697765604
2021-12-27,0.3110827627829213,0.14980312535721138,0.07108120716922223,-0.03907807677812082,-0.17686483568163555
2021-12-28,0.31412731176127373,0.12953065128475394,0.054294440113039355,-0.05933166693310736,-0.1972934785730951
2021-12-29,0.1872359617286137,0.0010116142880597818,-0.07876389862394058,-0.18940689715358114,-0.3294101034765162
2021-12-30,0.09407733990904384,-0.10608215766054692,-0.18344855121416304,-0.2903216847839166,-0.4379493228793181
2021-12-31,0.025060609586123134,-0.20060212603833313,-0.2887913092261606,-0.3992155579614531,-0.5531356307815908
2022-01-03,0.5583534052229763,0.40291455386695424,0.33413111020474995,0.22507726177759457,0.08219092886142937
2022-01-04,0.6638514897353945,0.5329455539609423,0.4742806860762068,0.36574905109544364,0.2321115274091506
2022-01-05,0.2374621475719097,0.0578831367048767,-0.03017344066994317,-0.12703237598500405,-0.26800139587015365
2022-01-06,0.4513298042280435,0.2775554413302723,0.2148428526815488,0.10211709533943758,-0.01942330280562617
2022-01-07,0.28390025295574295,0.11946994398031913,0.03945379526209406,-0.08219617099601798,-0.19804928035148606
2022-01-10,0.6389847112644587,0.5226950035393342,0.4777135741220261,0.35603952503902475,0.24676411692357164
2022-01-11,0.6015850405487163,0.46041420752032813,0.4145685907868798,0.286717943691016,0.17854383387352635
2022-01-12,0.48520032686775033,0.33250786064415605,0.2784198842227337,0.15360712177827102,0.04515060208623799
2022-01-13,0.06766251439542309,-0.111407224313105,-0.19399437990692334,-0.31116788013768953,-0.42326719391830003
2022-01-14,0.7100217722740676,0.601220190783365,0.5637973887878303,0.43663952538196477,0.34266626169139525
2022-01-17,0.16918976582513576,0.052295365047761964,-0.018488376977491464,-0.14275620426935628,-0.24247787497252896
2022-01-18,0.5496582417715895,0.44643004626342714,0.3996725654549233,0.2727345449904852,0.18078729274734387
2022-01-19,0.1611371418978066,0.04069230616676305,-0.02560015026022864,-0.1513183421747427,-0.24914617340225523
2022-01-20,0.17592703028530376,0.03283172381819814,-0.033665712841058806,-0.15660260791572322,-0.2538903006172932
2022-01-21,1.9134591890455113,1.8465790132911688,1.8632570618727824,1.7095042604573782,1.6427668807651534
2022-01-24,3.7980479040758546,3.834034146235964,3.946710648948042,3.7743966280662473,3.733153129747021
2022-01-25,0.6650472908262013,0.48583068325524653,0.39126136682668156,0.28212689482408637,0.17780569119376574
2022-01-26,2.3817179208281285,2.366661545346916,2.395962722620356,2.259186415943154,2.189884535447413
2022-01-27,0.7245764140940567,0.5943913009707474,0.5109880742462095,0.405006720914771,0.3095606695097148
2022-01-28,0.8708452348147391,0.7516482744991999,0.6807636300910175,0.5773036831010407,0.48807543401428755
2022-01-31,0.7110756051699714,0.5762593442747472,0.5073219787983537,0.4069436841704537,0.31596358450429457
2022-02-01,1.0040690704326245,0.8855318717030133,0.8392590076923738,0.7336445021870341,0.6495485213509401
2022-02-02,0.5189845681026919,0.3774686399900796,0.2999142195875915,0.1943955730102731,0.10632518254403478
2022-02-03,1.0008160587128887,0.9008699518938881,0.8461270244332654,0.7429768877581135,0.6694152140635024
2022-02-04,0.8912803337381753,0.7406698364483614,0.6934736949588062,0.5927556622555785,0.5181055731788994
2022-02-07,0.7039930115120733,0.5319816450060275,0.47965856777385735,0.38911571844127124,0.3077509576995863
2022-02-08,0.5802272893235327,0.44943179471390227,0.3832562848779126,0.29898365777423863,0.2124963365541747
2022-02-09,1.476367632714873,1.4271692043900628,1.4190771486327118,1.3192414134123702,1.2552459460024594
2022-02-10,0.5065620788875431,0.43087189534985565,0.3566419042317222,0.27416244117598493,0.18996243779415117
2022-02-11,0.6998026352659137,0.6295905072689293,0.522968297513319,0.48586186584672997,0.3904754548514267
2022-02-14,2.4176601483484466,2.4906865850602653,2.5087353517318167,2.43572389305735,2.367028759177673
2022-02-15,1.348978328111577,1.3081335268350178,1.2629748211990863,1.2145939483414934,1.1351847175673806
2022-02-16,0.5867060659786513,0.46021524286663035,0.34415095969230136,0.3081445808920389,0.21039624805913276
2022-02-17,0.7672954159007694,0.7696117199579855,0.6742636015076864,0.6365333733143202,0.5454479527646433
2022-02-18,0.742787953957018,0.7508792742673164,0.6577529609868066,0.6155133797440219,0.5272470608745901
2022-02-21,1.952668723672274,2.04796962598547,2.027021349813679,1.9585192344177966,1.896817330661894
2022-02-22,0.5505097341645233,0.5741484736444987,0.4525294932819676,0.40924975121971435,0.3174318978567492
2022-02-23,0.6758083567015511,0.6940953413000643,0.5860824129962181,0.5432863549310263,0.45618558336251264
2022-02-24,4.612303822791547,4.793704095167181,4.921928836107095,4.807637726631465,4.79117566538616
2022-02-25,4.284355439281112,4.366114588047545,4.4443042627022935,4.346226939749838,4.326556777371402
2022-02-28,1.9847003599560846,1.9563640712958437,1.905398660394651,1.846931188509766,1.7823248926035704
2022-03-01,3.7408480255042353,3.7808980076801624,3.8513262682000575,3.7660156632322037,3.7405679327841406
2022-03-02,1.4354540797757482,1.380462605182063,1.2964118726990081,1.248114445759061,1.1701628009473954
2022-03-03,2.4331783427475533,2.462648280043501,2.4494038786185715,2.3851263013299437,2.328344778278758
2022-03-04,4.324996049507816,4.463405807039166,4.568758194544758,4.475420188983683,4.451310748319723
2022-03-07,2.0916168123297663,2.0520588849372494,2.015062268914494,1.9641222552919675,1.8896253875002975
2022-03-08,1.6885213051464187,1.6103318606386139,1.5420532300372625,1.5027689815015826,1.4188642518997536
2022-03-09,4.800924620860815,4.934303925102871,5.0834776503643955,5.009295211680568,4.998025315024304
2022-03-10,1.874225548437903,1.8141377478967236,1.7742692187310818,1.7428386075222602,1.6790360835200633
2022-03-11,1.6553659701176773,1.573329850130795,1.5159751740234757,1.490058764667897,1.419876477033602
2022-03-14,1.836767846581529,1.7662054265253917,1.7274636367827796,1.691424523413124,1.629006498014891
2022-03-15,0.840577133692957,0.7071146351267109,0.602673941966466,0.5805023330986958,0.4996680475873746
2022-03-16,3.4667506321934694,3.525437140314132,3.5981320036460906,3.527705411954954,3.5014381551538776
2022-03-17,1.1168645856691601,1.0254560023601924,0.9371996394499704,0.9049846012740959,0.8294428764764915
2022-03-18,0.9465988443089738,0.8439951465687546,0.7456230460422274,0.7155727559461601,0.6337725054887884
2022-03-21,0.95141309649724,0.8674664343888123,0.7668337632868326,0.7352539867021284,0.6577585685924922
2022-03-22,0.9426963670292108,0.8764578351375211,0.7706993046938427,0.7426585065867382,0.6645338433065219
2022-03-23,1.215740023817899,1.1712559940039253,1.0942568158845578,1.06170313993918,0.9920465894400443
2022-03-24,0.868793650549294,0.8201733611401826,0.7130422259474087,0.6868079382852791,0.6092224576625543
2022-03-25,0.8871293521799897,0.8379576168344964,0.7329618599021391,0.7062809639679913,0.62850531429791
2022-03-28,0.820745893654772,0.7729877602235454,0.6752941632454392,0.6471442569974307,0.5647472581664356
2022-03-29,2.658994675280388,2.7638271054832497,2.7961393692243686,2.740740943232782,2.697911777074944
2022-03-30,1.1761158761846386,1.1434221685676784,1.0815143701481769,1.0518805817368622,0.9787573880493159
2022-03-31,1.011769924132784,0.9776536652708335,0.9054329773491311,0.8824722067332595,0.8066244580882767
2022-04-01,0.8397689267040684,0.7891289373055886,0.7034005478212648,0.6824415098644001,0.6030891044829398
2022-04-04,0.7905289047587472,0.7265317729981512,0.6321558406925082,0.611226740929036,0.5319407717261363
2022-04-05,1.1687070642201622,1.129114935340565,1.0675569202825408,1.0395536466162187,0.9687627011098507
2022-04-06,1.7495502584126985,1.7602100500298592,1.73853753499141,1.70348003078122,1.644958416149431
2022-04-07,0.7152785072913066,0.6436014101230897,0.5506908975031127,0.5295841534213149,0.4489414906036412
2022-04-08,1.1451304588796596,1.1085278601979214,1.0515833562506947,1.025906567764804,0.9563122058573142
2022-04-11,0.9186367744224411,0.8622937969827231,0.7819437237139957,0.7622669926440946,0.6865506013506927
2022-04-12,0.7084734577087066,0.6301703152397512,0.534593970906892,0.516038306607395,0.4338148503962261
2022-04-13,0.7667030096063869,0.705004848197264,0.6129967499949259,0.594791985512638,0.5134674236132871
2022-04-14,0.8304113286175228,0.7294327163191181,0.6612038575027803,0.6447843819138148,0.5628819605378296
2022-04-15,0.5243459414378004,0.42273877848412894,0.31436298153943903,0.3040943299080819,0.21593259487563696
2022-04-18,0.4855331262746354,0.3632406737504361,0.2519612107222712,0.2388381642173074,0.151511048783642
2022-04-19,0.6862013386455842,0.5983618884752144,0.5011033553987964,0.48247920040688874,0.4045994735175161
2022-04-20,0.8644857217105566,0.8030389058676737,0.722880362921061,0.7021687312162834,0.6297346018489369
2022-04-21,0.7660431091073704,0.6955248246934088,0.6116082419409381,0.5901050522833521,0.5164380675758814
2022-04-22,1.3336103948992066,1.3086769565470946,1.2563589870393326,1.2149406328328445,1.16535867889864
2022-04-25,1.6587344390324223,1.6490125466234868,1.6173581195095759,1.570962520842725,1.5266460927168486
2022-04-26,1.0230275922087217,0.9909107498241503,0.9190457927280938,0.8805148552931713,0.8229376601975112
2022-04-27,0.9103719623655978,0.864176681138391,0.7861340232757082,0.7471732210239912,0.6884248757714624
2022-04-28,0.9595400380420634,0.906550168705597,0.8377078225036864,0.7986067211260847,0.7413797015599777
2022-04-29,0.7411756362446205,0.6615703760524059,0.5802717668705392,0.544175012940965,0.48116124162527246
2022-05-02,1.1385449269742887,1.089990576024983,1.0385256892612929,0.9963492260453543,0.9421072121369934
2022-05-03,1.0548035442067787,0.994230848172653,0.9410474974268228,0.8993685531714688,0.843181025531484
2022-05-04,0.8321992082601608,0.7580369374413407,0.6813845132838945,0.6442446834732475,0.5833257000322726
2022-05-05,1.0388541038551176,0.9818674736484211,0.9206014587571991,0.8815350714386696,0.8260568274458118
2022-05-06,1.098375820437331,1.0437794799637783,0.9860557077077939,0.9468819859771922,0.8942312075475336
2022-05-09,2.74884589539507,2.8055357099337552,2.8506158241952604,2.7816653946818906,2.761939457305618
2022-05-10,0.7555939718466138,0.6826257547962249,0.5944452985878841,0.5572113477888189,0.4979213967115829
2022-05-11,1.2506284622655888,1.223060716934532,1.1735826899426052,1.132501864853722,1.0864989840608061
2022-05-12,1.1392370274938703,1.0928162170703972,1.0501628009560513,1.009907525367531,0.9621424562804379
2022-05-13,1.7348876587748299,1.724649343306564,1.7243252591264728,1.676977896536497,1.643637434040748
2022-05-16,0.5804327454395363,0.4851629493038457,0.4079335816024074,0.37233827977733636,0.3166155079252879
2022-05-17,1.0352613050221702,0.9730315076961331,0.93407078620767,0.8945932628271537,0.8515234614747741
2022-05-18,0.7563533652257193,0.7646404595340546,0.7139799205503076,0.6768645075600305,0.6305115178248266
2022-05-19,1.1798489579158307,1.1925583238818955,1.1794386631982374,1.135304744532168,1.0958893199075035
2022-05-20,0.6363963566141191,0.6162112423417149,0.5620429412116622,0.5259808060175323,0.4756112323399765
2022-05-23,1.0920907520391767,1.0869079666727977,1.0752483423871588,1.0382787041633992,0.9941660353452872
2022-05-24,0.7739187157589571,0.7289421072019362,0.6942059811995468,0.6628589088436345,0.6088891323624328
2022-05-25,0.9713361712627675,0.9783837507561836,0.9530008113013589,0.9173449859441093,0.8657964068589519
2022-05-26,0.9160467651094778,0.9969738497826222,0.9693705461146949,0.934316914590089,0.8827067454823193
2022-05-27,0.7573247076819043,0.8433576054130597,0.8143268135037096,0.7789240637895142,0.7234237691867582
2022-05-30,0.4288320596625355,0.4855300805973064,0.4355745172729907,0.40123626255631867,0.3391622622542575
2022-05-31,0.4230912170891896,0.7603503822606877,0.7277910635515661,0.6864993614023575,0.6312456014058796
2022-06-01,0.28178068640575143,0.6061525039078348,0.5769627277860616,0.5398067980115545,0.47967306502494217
2022-06-02,0.07154763091318782,0.38910441185582306,0.34175180089924917,0.3023725611715771,0.24006539212727881
2022-06-03,-0.005737390289422523,0.29553010904018706,0.2492837832299002,0.21011578885836865,0.14711653414543185
2022-06-06,0.1372927394341233,0.45573504551580235,0.4128918843349106,0.38309247262803664,0.32042315842826946
2022-06-07,-0.11476586812064903,0.3731951654919719,0.31944020499634335,0.28958059208725323,0.2253065444173885
2022-06-08,-0.32132393450215946,0.15547956201128807,0.08929850229565192,0.06269957563360949,-0.005875748575239438
2022-06-09,0.09450061187990631,0.602235611046419,0.5649736543405462,0.5348079257432027,0.47659707576464494
2022-06-10,2.16246421057582,2.7200919378646318,2.818242133912976,2.7520258916174267,2.7323764648868014
2022-06-13,1.3523457368619514,1.826879595060153,1.8658915083733723,1.819621861517631,1.786863709087516
2022-06-14,0.704927649215354,1.1318345055956565,1.1340606378455884,1.1004335471219786,1.0545284021061718
2022-06-15,0.4319177431576894,0.8580048210794133,0.8450375316875097,0.8127771729680281,0.7626650701153621
2022-06-16,1.7070159854358666,2.198365781171597,2.273861093377821,2.2191215122574834,2.194471482603908
2022-06-17,0.046367542226175215,0.49163415368684454,0.4578889418823425,0.43163131164203833,0.3746191711742524
2022-06-20,0.13460269528406787,0.5823197413467386,0.5568860679606376,0.5264082004270985,0.4761884958807702
2022-06-21,0.007875531181575454,0.4317432957802005,0.4048186732307915,0.3761812289390361,0.3232169827447604
2022-06-22,0.28717364671240736,0.7314424535391618,0.7220589573256031,0.6896886460905498,0.6440612316634476
2022-06-23,0.1166818161588387,0.5811557548427218,0.542763850558056,0.5345983576405623,0.48777040965246427
2022-06-24,0.6903961394257602,1.1350873976733657,1.1382301923337383,1.1140314625827932,1.0836128715919322
2022-06-27,0.38518934986861264,0.7680255950880727,0.7460546694897122,0.7276702021310808,0.6897634960134137
2022-06-28,0.15823949736641502,0.554827814921515,0.5181845543932818,0.5028158184374297,0.45844892897671785
2022-06-29,0.041121254023073345,0.4096498716175141,0.3745819748584484,0.36090942393841763,0.31297542784968435
2022-06-30,0.5811005116551284,0.976146383849616,0.9760444442676212,0.9592112440445836,0.9208232922357512
2022-07-01,-0.0947373366134192,0.24580339276105198,0.20442189444807515,0.1896418853713151,0.12831579199393903
2022-07-04,-0.046225627438167646,0.3059194051468352,0.26332945877652986,0.2480470815475182,0.18620652940596427
2022-07-05,1.3343250708914542,1.7591223115948704,1.8138794612833151,1.778492807034509,1.74418191050058
2022-07-06,0.21375244083540604,0.6220937283867758,0.6002069159750313,0.5850181994606592,0.5281853290771349
2022-07-07,0.7917812514064535,1.2583692707775451,1.2692340747566981,1.2480111214564884,1.2020201859952462
2022-07-08,0.001610779909716006,0.4659425450922701,0.4191857331196665,0.41036320112638314,0.3490295405717041
2022-07-11,-0.00801247649487243,0.5178556000738318,0.4745231172109023,0.4672980783127029,0.40528120466627465
2022-07-12,-0.008095185086754504,0.5144902416626234,0.4676487733925723,0.4602427345998062,0.3972708864933349
2022-07-13,0.0015538450682537552,0.4347077631682376,0.48678670466725693,0.4791089014699108,0.41723745433978926
2022-07-14,0.5409635800851187,1.0928424271463597,1.169747866209608,1.1530465333144582,1.104866484991739
2022-07-15,0.16804309764747738,0.6952075208800216,0.7462835146131784,0.7337273651483694,0.6772523892641219
2022-07-18,0.2494030202755703,0.7752656966769094,0.8467516388580479,0.8277654726435054,0.7747978217753198
2022-07-19,-0.01018313824377671,0.5137474662122037,0.56254147686807,0.549377833521902,0.4909375253840847
2022-07-20,-0.18966792740711827,0.24265865842172896,0.28246895317526133,0.2716645394068284,0.2076126351753925
2022-07-21,-0.11594902894075293,0.28180539125935067,0.3682195447635955,0.3658085797952535,0.30303083431480876
2022-07-22,-0.18510933236346852,0.18652934413397027,0.2790157268311566,0.27674011831773904,0.2122014294444639
2022-07-25,-0.29411376893541336,0.08181349485690363,0.16216451832714918,0.16060918074936498,0.09206106644740357
2022-07-26,-0.12232614240233543,-0.06412528061661298,0.27482420841548577,0.27472489421714585,0.20660332751729157
2022-07-27,-0.08386946384210033,-0.025456220876099396,0.3107348001460455,0.31355814486631284,0.24591626880682976
2022-07-28,0.062112500015291346,0.12767353226982095,0.4630735563024993,0.47170302594382924,0.40752444044411057
2022-07-29,0.3708307188713094,0.42953067265791955,0.776197882257884,0.7737782766876578,0.7163429332364812
2022-08-01,-0.11102887817293398,-0.13808916494135579,0.1669547583160907,0.17411322716362984,0.10942069135157068
2022-08-02,-0.07165128100363904,-0.22958506340010204,0.1622430668493348,0.1674402026075595,0.10388055138994318
2022-08-03,0.09273417912190124,-0.06492811444849536,0.3389586411000351,0.34176090372739326,0.2800514711714693
2022-08-04,-0.09662337101653926,-0.25891477324448703,0.11991331864453035,0.12284665733706299,0.05522819277144663
2022-08-05,-0.08700104726253326,-0.2452211244228259,0.13515948015752247,0.1362208355256173,0.06928336521525925
2022-08-08,0.0368016913124566,-0.11598102518592023,0.28059604979268044,0.28250681545506656,0.21582957971720446
2022-08-09,0.06039423781506706,-0.09105267375239591,0.3006000338072496,0.30508042547062525,0.23425232201551566
2022-08-10,0.19769426232591797,0.04359468745962129,0.4344349379709512,0.43829341346842743,0.3726021690539751
2022-08-11,-0.16531105557606107,-0.34697637120369623,0.044425782399923744,0.04746734738175539,-0.027908908454792047
2022-08-12,-0.14880235815741052,-0.33156615177809745,0.05559998187535196,0.05894878712944909,-0.016796682899799204
2022-08-15,-0.2305479385160615,-0.4383403098439059,-0.06219398317934148,-0.06420336211388343,-0.13409721073435468
2022-08-16,-0.07990869007207191,-0.2783038117435504,0.08604211820117191,0.08350836279935327,0.01645749906978031
2022-08-17,0.27873584589600264,0.08407851631630056,0.47070745874090086,0.4616340796453658,0.40590806160729304
2022-08-18,-0.13428599200568161,-0.3494171377960331,0.017375585920395738,0.012365890217019499,-0.05210413072572265
2022-08-19,0.019208676455542324,-0.17673166656502434,0.18366099016594975,0.19248727713656288,0.13260606591958404
2022-08-22,0.2253680975658071,0.05770583513208878,0.42460019665396076,0.4306111505781695,0.3749331309168829
2022-08-23,-0.019554276667196113,-0.21885408076323187,0.12342301826581305,0.1324733988146369,0.07367700794304954
2022-08-24,-0.13859102000145904,-0.3397769647214188,-0.017173269373106405,-0.007352897276635406,-0.07141857060610919
2022-08-25,-0.09906428369246278,-0.29864253598592205,0.002383036975463363,0.015730574292487417,-0.050210058726560064
2022-08-26,0.3183117845776291,0.1618317685749415,0.49192302099697366,0.5006893208886144,0.445642698945277
2022-08-29,0.19628249469376985,0.02542950738731317,0.3545744176264154,0.36489730928542835,0.30301678078724575
2022-08-30,0.030802020011432625,-0.1452428816337301,0.18308209666374695,0.19784404590615537,0.13494232265518158
2022-08-31,0.019538055005299964,-0.14460048687187793,0.1874571011153159,0.20120827192375587,0.1377590901149265
2022-09-01,0.6881880078302239,0.6410642351924624,1.0372048742908075,1.0179202184056948,0.9935691544234647
2022-09-02,0.5583630942482837,0.5610328527299245,0.9314590634456457,0.915006983417379,0.8814174925139648
2022-09-05,0.06936006954567273,0.02449330622995697,0.38917053880100894,0.3772380728928003,0.3349804369702436
2022-09-06,-0.12478476714235576,-0.1761698683480323,0.16760956400278856,0.15629651706768585,0.10921320365440383
2022-09-07,-0.3259477202118341,-0.2690351178290014,0.06649919015559558,0.06601229308299092,0.01702618270401193
2022-09-08,-0.4661236948591031,-0.41929704400307427,-0.07887670338784598,-0.07970621296739766,-0.13058390711927367
2022-09-09,0.050278295893467564,0.12517613652608003,0.4994241237850358,0.5019057932948773,0.4586692718444046
2022-09-12,0.1584372236106959,0.2389757716466698,0.6087600167810465,0.6107159521224882,0.5726048802828834
2022-09-13,0.10875058366627086,0.1634685388752664,0.5414834701558305,0.5447107815119382,0.5050534404502144
2022-09-14,-0.23740405839187248,-0.21194899680250417,0.136942135350452,0.14095519703979917,0.09695605660487834
2022-09-15,-0.37397765763736607,-0.3571745642619334,-0.014740535738281818,-0.014213213240624559,-0.057133757739552815
2022-09-16,-0.03253871152190028,-0.0076230191440269345,0.3592969658400284,0.3509717247108888,0.31709826531422175
2022-09-19,-0.2198082787656156,-0.21214355071137636,0.12519217234724084,0.1151760348719705,0.0775910166384483
2022-09-20,-0.049212514394801066,-0.006997367890236171,0.3387910315224041,0.3272243143882874,0.2961646348339523
2022-09-21,-0.34851198247514326,-0.22731171544029677,-0.00868938586361783,0.08812989640521106,0.04987046392813253
2022-09-22,0.06382263045155075,0.2309798984784145,0.506584588465546,0.5803441410887799,0.5507729189795243
2022-09-23,1.7585264049575806,1.9253946530016448,2.3000318859296605,2.345620514782362,2.3433011055000454
2022-09-26,-0.1809614867486585,0.02762867843865309,0.23327072376752658,0.3251952440955415,0.2843918398880414
2022-09-27,-0.4550914376214882,-0.2508987390516903,-0.05255391164311335,0.04075777616813748,-0.006888859394515658
2022-09-28,-0.22481967432351052,-0.02625994909328078,0.18492144475229041,0.2813505594919711,0.23910072689585865
2022-09-29,0.44302042248376744,0.6776964889754412,0.8718910876359826,1.0051829476559662,0.9860519028102407
2022-09-30,-0.05172209444420073,0.10561820953703432,0.2577533426807769,0.4100094764371472,0.3803853999306211
2022-10-03,0.038629245646416,0.1805696103362211,0.3281470618336481,0.4808585099625567,0.4549862200756232
2022-10-04,2.567902267341359,2.7921459881229813,2.821248056709372,3.1152633246968273,3.1410672310808594
2022-10-05,0.20434304208526383,0.28623640991863447,0.19925708107392776,0.5073687688021569,0.4905981034619245
2022-10-06,-0.08811823583685859,-0.06051004230143792,-0.16724738735927774,0.13024353573241013,0.11282782433895835
2022-10-07,0.2243578988838423,0.2791694157943006,0.19626554087126333,0.502233051751286,0.4848010873402485
2022-10-10,-0.10050504688374678,-0.09637984193738733,-0.20104220996037744,0.09782669325974365,0.07688920085672275
2022-10-11,-0.01296260432107883,0.017081143845796863,-0.1285518293545982,0.22560183336333792,0.20654712199780959
2022-10-12,0.14584071987221536,0.18189445475878221,0.02269635601716331,0.37031700674748935,0.35298255182432536
2022-10-13,0.13390268288799836,0.18540488416221765,0.034543077320514363,0.384439429862467,0.367102610780056
2022-10-14,0.17134166745962695,0.2399408505291061,0.12312210389262758,0.46807597149853064,0.45239611908994215
2022-10-17,0.435315155412967,0.4859953968169627,0.36994736364036745,0.7124780971413545,0.7019713131595748
2022-10-18,0.13218888584288807,0.1519444237924343,0.009648237055251436,0.34913260191329243,0.33411344962724215
2022-10-19,0.09916509622330758,0.0867880714304307,-0.06043531085223377,0.2723639519723389,0.25478907067283113
2022-10-20,0.09317368227517758,0.07371463620603365,-0.0629012769326574,0.2769580120408027,0.2568596090693809
2022-10-21,-0.022350433922137383,-0.030385325516341002,-0.1716871987454483,0.1605148294521719,0.13725673495999968
2022-10-24,0.32347847785668965,0.32994006190422936,0.1916877634229425,0.5435529161324796,0.5227468487291286
2022-10-25,0.30009996478304946,0.314744719555257,0.20506986736713181,0.5458611136702041,0.5255433260553235
2022-10-26,0.0674720127936787,0.05924461014629862,-0.06455959870937707,0.276216496649411,0.25023864914533583
2022-10-27,0.04689650792252531,-0.009293618254746656,-0.09848959926922142,0.243742882123453,0.21688535692123967
2022-10-28,-0.041067348971485826,-0.15915200845082253,-0.19649420958328936,0.12968988133005357,0.11683803047568624
2022-10-31,-0.005812614396610247,-0.11038384854265647,-0.15305441404842893,0.16181225066378271,0.14903481332130708
2022-11-01,0.041386725820961694,-0.04871257217915457,-0.11402276258533821,0.19657822560546373,0.18757095639000623
2022-11-02,0.16977472878728947,-0.0044402429445924915,-0.03696281896979336,0.27199926777849065,0.2662776470973125
2022-11-03,0.1755945600514881,-0.016346824907825706,-0.01565908558505341,0.29010950612146474,0.2885555260382402
2022-11-04,0.8270727827779923,0.6871480848545755,0.7409794104372488,1.0418489822528774,1.0544370954787656
2022-11-07,0.23908386733643397,0.029069484497703597,0.03447326197931526,0.35072555653915816,0.35044019680396155
2022-11-08,0.1597872569140441,-0.027072287832151473,-0.02135780611879964,0.2926339616984966,0.29450376801417394
2022-11-09,0.029557738222188306,-0.15168632128374024,-0.18325406261021382,0.1365091232045141,0.13296651019335431
2022-11-10,1.1919996155103068,1.1000199457532909,1.1264782951122068,1.438167150905472,1.432904947489788
2022-11-11,0.12894567729849943,-0.029220390299264543,-0.09674376309551834,0.25345506933583867,0.22855987003722214
2022-11-14,0.19677525399625823,0.01862997325751283,-0.06735960212324311,0.2885768852011598,0.2619640104329811
2022-11-15,0.060479045774037996,-0.08972891001763544,-0.17411228100235776,0.1794409333524851,0.15071418462074043
2022-11-16,0.2599162312642965,0.0864172653173779,0.046097892094489334,0.394613131275154,0.37613807458603715
2022-11-17,0.16436941272771338,-0.037670450041429,-0.07536928484813439,0.27832009998333246,0.255843937757959
2022-11-18,0.3119784462263958,0.11402661793784324,0.08993281716499757,0.43378002539699656,0.4212701276647641
2022-11-21,0.10193226390580062,-0.16979604893713468,-0.2017718608559267,0.1368955159206633,0.11503344495147276
2022-11-22,0.38822734089457483,0.15560871149997663,0.13690006646679975,0.46626752957794504,0.4529031263714116
2022-11-23,0.08360582154637074,-0.1281913366518451,-0.16607487582106908,0.15852046960353494,0.13515878117875546
2022-11-24,0.1944814641135486,-0.01786842897191175,-0.0526101889218754,0.27286287917533936,0.24755696855938486
2022-11-25,0.0060419391251423085,-0.21567730554760553,-0.2512176973242704,0.0680736518011804,0.033992041759341396
2022-11-28,0.3514971722705981,0.1334529343920781,0.12818444161162101,0.43917160203936517,0.4111727530662027
2022-11-29,0.18061586224375328,-0.07014593566011854,-0.09260681573230257,0.226230725674245,0.19127866249294068
2022-11-30,0.20203694507176806,-0.044561091174540594,-0.07706702187159481,0.13395375020346575,0.1998306915268926
2022-12-01,0.31507910479993756,0.11007276698017132,0.06702461192872744,0.28627268182487964,0.34760009438643913
2022-12-02,0.2754113328147968,0.09664041148157433,0.05079012309793025,0.2926720116729996,0.35023143489110165
2022-12-05,0.14606194706033165,-0.060916757696866414,-0.10853405338605092,0.10918895768530737,0.17939641740024734
2022-12-06,0.20198059533207705,0.013387318973666946,-0.04119643541989159,0.18426793069562233,0.25113715995558006
2022-12-07,0.19800870693429862,0.026105795674920045,-0.03719762481153493,0.18334987479037526,0.25356464838046733
2022-12-08,0.10656131522601227,-0.09241596344588568,-0.16431151552194323,-0.005865837596410392,0.11539918213635642
2022-12-09,0.1618366637434082,-0.06391667290013804,-0.12003941818584368,0.03508297305755812,0.1644852363857683
2022-12-12,0.17806964640842335,-0.05338244210920703,-0.12819788835288695,0.025685130130653634,0.15222273648131598
2022-12-13,0.4856869108543677,0.26286158802530807,0.20318273814444884,0.14437596248493625,0.48082209815152593
2022-12-14,0.0877919116545111,-0.1355835548664526,-0.22495553177729505,-0.27282631028708326,0.030325639783908977
2022-12-15,0.9971356996907349,1.1567897338603308,1.1297369648263262,1.0629473156514628,1.3825858826937842
2022-12-16,-0.075549292150831,0.0442804971231788,-0.03185046503159678,-0.08253337459806763,0.22919765857072041
2022-12-19,-0.3132662171058008,-0.18530434089946474,-0.2712961274372646,-0.3220303182391482,-0.02588339236143716
2022-12-20,-0.29859355151643324,-0.19433903086023055,-0.28851628357050907,-0.3905512988465812,-0.045277849142123225
2022-12-21,0.22542493216578752,0.3257411821663635,0.27778342859865285,0.16317970358129666,0.5150893927188233
2022-12-22,-0.24335871420984664,-0.13332927369692132,-0.21544516136548125,-0.3250871201898741,0.011122972891894168
2022-12-23,-0.4145490625744293,-0.27376299573502516,-0.37871602013951816,-0.4789640666172966,-0.157266802831876
2022-12-26,-0.6121461075637088,-0.34746674746093564,-0.4783754792415311,-0.5870132607526066,-0.2793637008586005
2022-12-27,-0.5758216949541527,-0.3398297238487878,-0.4585056711997928,-0.565411633507018,-0.26508819458209437
2022-12-28,-0.3638163967625479,-0.13634016000968147,-0.23091196420358348,-0.3320510832450292,-0.02817796465715938
2022-12-29,-0.3979402651760701,-0.15408287232569085,-0.26228387294105715,-0.3580398835599241,-0.05461714274348409
2022-12-30,-0.23365866561284585,-0.021860521716691065,-0.11477685084643771,-0.20846288127882895,0.09215898233301088
2023-01-02,-0.22607377020354275,-0.01172004022681946,-0.09602892778287615,-0.21842018107943656,0.10765095587512426
2023-01-03,-0.047534543218933197,0.1408394091018952,0.058319872448879415,-0.04921021880523996,0.26996153108168724
2023-01-04,-0.15513505926918236,0.019034761990620295,-0.07749473430748956,-0.17882833304142606,0.13431564171973207
2023-01-05,-0.4344410982478091,-0.2867374214014192,-0.4407351567380612,-0.5001938089964165,-0.19830618893749846
2023-01-06,-0.4070624781081446,-0.19312682878584872,-0.39423485436715383,-0.40859657873643207,-0.12395406459336614
2023-01-09,-0.21895941894612322,0.008935818696436735,-0.16887259116510933,-0.18884216950766078,0.09660687409282291
2023-01-10,-0.4646524058789547,-0.2998493964445645,-0.4719142829936798,-0.5015648320555642,-0.2223651524743169
2023-01-11,-0.46615800842652955,-0.25816525074111984,-0.4478565229046699,-0.4656075840555157,-0.18350776427042098
2023-01-12,-0.4155641752309261,-0.19448895543305011,-0.3882766747172569,-0.39684886374165856,-0.11403808645559947
2023-01-13,-0.5586301272602687,-0.33866012132326473,-0.5389820302378103,-0.546139597993804,-0.2710897355240524
2023-01-16,-0.3835116312863771,-0.14626709912232908,-0.3480210628867527,-0.37227037200229285,-0.07924257520539468
2023-01-17,-0.6203458012253378,-0.3797508388781129,-0.5901847725513213,-0.6038891078041647,-0.3279124547841708
2023-01-18,-0.6047672628646749,-0.3835994656974447,-0.5736124018954967,-0.6003979604141386,-0.3170552929663096
2023-01-19,-0.02561228795667585,0.19968515562625655,0.03263429462173446,-0.008993207406500217,0.29430144205143616
2023-01-20,-0.4191821782427246,-0.2331391031515474,-0.40647475604050476,-0.4625406954951049,-0.1524668897724988
2023-01-23,-0.3364383671908779,-0.14619714186044322,-0.3251980303712707,-0.38959752627200567,-0.07330381129811468
2023-01-24,-0.5401677696934879,-0.3446689976436336,-0.5528674503918015,-0.6170796578744517,-0.30690586873681847
2023-01-25,-0.5043535506878415,-0.29985982929351235,-0.5131299266454714,-0.5628611041984845,-0.2577997875852575
2023-01-26,-0.48605928076978455,-0.19715644376699393,-0.4037968493369907,-0.4587819994580543,-0.14596734117034868
2023-01-27,-0.5622712836239201,-0.34330993339857213,-0.5185558259884309,-0.5692958755770696,-0.267093920775833
2023-01-30,-0.4409671681935204,-0.23587914864066772,-0.4408659028043623,-0.4722629879050499,-0.16630011688963153
2023-01-31,-0.5997288791108338,-0.40094429149959737,-0.6099687495565312,-0.6397582706752337,-0.3485196697901228
2023-02-01,-0.5555277005426282,-0.31426685746939687,-0.5246449969615818,-0.5449940872775765,-0.2564581434669174
2023-02-02,-0.04214351559875953,0.23421502007654685,0.06120775092879513,0.028327113368311348,0.32677110836159823
2023-02-03,-0.5625846579752855,-0.3474604199311489,-0.5580267044329642,-0.5827370163677983,-0.29560151030003656
2023-02-06,-0.32723747789948904,-0.11124628375758683,-0.30243349695778193,-0.32839863900039634,-0.037713243499179844
2023-02-07,-0.5743145906069259,-0.351441591962859,-0.5641192195882198,-0.5859642883252257,-0.2965470849532326
2023-02-08,-0.39730692213935886,-0.17039492682771573,-0.3729153491224262,-0.38559528447400077,-0.18689243338691103
2023-02-09,-0.5675603187592071,-0.5215646135235322,-0.5417659886783208,-0.5556016188118914,-0.36473763314463553
2023-02-10,-0.36905994470787573,-0.3185884473178163,-0.320478478849815,-0.3522467693689255,-0.13571719870681428
2023-02-13,-0.4347235792917565,-0.394070203046721,-0.3856483842854017,-0.4093780592457973,-0.2223230326293545
2023-02-14,-0.6980676996243367,-0.6662079223797329,-0.661362561846451,-0.7009743105189022,-0.511550583416217
2023-02-15,-0.5225421967495338,-0.534049923664708,-0.4804750259046939,-0.5317041038417976,-0.34283385163242
2023-02-16,-0.6493068919972584,-0.6467988014670605,-0.5971479233802843,-0.654284776976805,-0.5272715674861651
2023-02-17,-0.6753803572599371,-0.6542143764939128,-0.5859990704705764,-0.638665033709377,-0.522233604996737
2023-02-20,-0.7127181536820423,-0.8035223141557999,-0.5941571763892423,-0.6567114028189347,-0.5374569439541318
2023-02-21,-0.7245818866295545,-0.7809014226676009,-0.5793951973517526,-0.6386260912068233,-0.6805094579582371
2023-02-22,-0.6645724299678594,-0.6805503818845271,-0.46946449347757613,-0.5246356190557308,-0.5510757518432092
2023-02-23,-0.7129733804985541,-0.7415311150161795,-0.5249019732176483,-0.5897539291811713,-0.6177425068770334
2023-02-24,-0.582429623379557,-0.5800712154916309,-0.3481974661107697,-0.4163720730095449,-0.44403613847830803
2023-02-27,-0.3915434218598063,-0.41198735599408265,-0.18593959259823617,-0.25225110041410126,-0.27753891468088054
2023-02-28,-0.662672778808634,-0.7018491510176206,-0.4905338533989047,-0.5551285555188976,-0.626373246198515
2023-03-01,-0.657940165034028,-0.6746870680216226,-0.470937204796065,-0.5226704459715898,-0.6024672321943523
2023-03-02,-0.6081088991043588,-0.628571813072988,-0.4162229491701631,-0.46300187372144963,-0.5418332312459955
2023-03-03,-0.5185923103526408,-0.6022696119131854,-0.3415965361914399,-0.3891755357710637,-0.46395880993705274
2023-03-06,-0.5185267017852015,-0.618126877933661,-0.33869367516790144,-0.3910821696473913,-0.4647218341104538
2023-03-07,-0.6478678713238378,-0.7089914455098764,-0.44038748072861567,-0.4901678611627581,-0.5627905652253414
2023-03-08,-0.9008538419083002,-0.8892923800813254,-0.6456673687524449,-0.6916193591416797,-0.7664499907680546
2023-03-09,-0.7881367771073999,-0.7853213198992436,-0.5308651829870642,-0.5809028714497948,-0.651363272113507
2023-03-10,-0.09715371290690675,-0.11269299000050119,0.1703659986443345,0.11621674670738083,0.06074153399867979
2023-03-13,1.6459331085823785,1.6556669341104906,1.9523141951924434,1.8643190376975856,1.7935889073681905
2023-03-14,0.26816884829575566,0.303166463263909,0.4835296887699789,0.40440481648690535,0.3254311086656803
2023-03-15,3.1437642497362197,3.1459046684580327,3.3158441388011286,3.1710478803008324,3.135626408462422
2023-03-16,0.2250706904272852,0.19942294029125843,0.22040559753222935,0.09736400876774971,0.042922293739124144
2023-03-17,0.4978222135957002,0.47319259592982316,0.51828671456828,0.36722129207386145,0.33906630392824577
2023-03-20,0.28746154083534436,0.32887107313570796,0.35511484587350417,0.2085567042764121,0.18396028835806622
2023-03-21,0.7129811506150683,0.7207170179563047,0.7362914362632779,0.6006263339641962,0.5746102346128193
2023-03-22,0.021730601663204722,-0.02275504491605046,-0.05078282683510393,-0.18415116866220105,-0.22712182921312196
2023-03-24,1.4234386715461984,1.375183490027543,1.4200783452594563,1.2645074721979916,1.2435947859748502
2023-03-27,0.44582816465733355,0.33567983407660285,0.30935005424284556,0.1723623597255054,0.13054848467222144
2023-03-28,0.16077182006629517,-0.00039997984257899796,-0.05047885626658618,-0.18630327497057014,-0.24392781758215387
2023-03-29,0.6403096886747827,0.5133742977544862,0.504921112824049,0.36221720392234963,0.32125102674772243
2023-03-30,0.9927570802940855,0.8878319390288615,0.9069405518160251,0.7661615299686463,0.7248400333773005
2023-03-31,0.2971764932974493,0.12964867050705844,0.09977828996525512,-0.033073825626182565,-0.09737713503458476
2023-04-03,0.33283512717704977,0.16347693707202343,0.12651953554393694,0.006230795631566544,-0.0738262147117169
2023-04-04,0.19722177917519468,0.019027275722545683,-0.01158883191939746,-0.13925868400484728,-0.2273725902670496
2023-04-05,0.3382406787890754,0.1547291465663925,0.13501263028170143,0.003878526009656674,-0.08069672188199127
2023-04-06,0.2518932132731366,0.06809378868999412,0.04238168902028208,-0.09905264101688652,-0.17200521638884939
2023-04-07,0.02884628208094457,-0.1747966410441128,-0.23462867953551364,-0.37609902842750403,-0.4548140578650485
2023-04-10,0.15623011170680925,-0.14799712381574598,-0.22140557561030388,-0.34704279763206575,-0.42329226702221
2023-04-11,0.6310694533996122,0.34709441898262144,0.3114359321570348,0.159152358398445,0.10237239380719843
2023-04-12,0.4636083985132966,0.15372735988939815,0.10352140417388493,-0.04361281119774853,-0.10435187412182932
2023-04-13,0.43738438344250563,0.11062196367970421,0.05679188124318242,-0.09325286246274761,-0.14849040132653513
2023-04-14,0.5091122133870959,0.1779500813698126,0.13675370584392238,-0.012031469650793304,-0.07099656594038484
2023-04-17,0.35946318576171676,0.0059431787985981645,-0.03938151865865159,-0.19277827163946182,-0.25172551239395397
2023-04-18,0.5191907156037755,0.1732769986377468,0.13947377732465172,-0.013009910246169591,-0.06576967725354528
2023-04-19,0.4558556473877459,0.09854963657225364,0.052693636999674,-0.10577187653811194,-0.1553964373775577
2023-04-20,0.47452582654093056,0.12276300426817476,0.07630109010634924,-0.09156926317608004,-0.13466329178714587
2023-04-21,0.4309499873324425,0.06917381411835477,-0.05221927342074982,-0.13309071476400652,-0.18772739870825636
2023-04-24,0.4165317870050432,0.045419390787065694,-0.07618429790690297,-0.1569311883207734,-0.22214457806341908
2023-04-25,0.5542685798733756,0.1984750336516226,0.08204497828125906,0.010711290135232674,-0.04975369670243739
2023-04-26,0.46221795299580204,0.10381817492472728,-0.0008473457514606138,-0.0826735072850782,-0.1501681284351038
2023-04-27,0.8029333034194509,0.4762444275734671,0.3774404833051627,0.3198633021596493,0.25419074185574636
2023-04-28,0.5076280714433463,0.1630065872362567,0.045103965443679096,-0.007464566073149673,-0.08355431568402293
2023-05-01,0.23181539289158112,-0.14493154017856885,-0.2736121932628705,-0.33327984842199604,-0.4110477899089502
2023-05-02,0.7798687178651605,0.4720011252195463,0.3022727579289898,0.33170227952074177,0.26106799704902334
2023-05-03,0.46559047544499294,0.11851495064564993,-0.048602571999638085,-0.04366549989887167,-0.11954095099132304
2023-05-04,0.5678053575273886,0.23249203547179384,0.06322918789944705,0.07003146521737139,-0.003987563966526631
2023-05-05,0.7717834973924192,0.4548524467256422,0.2960864319330043,0.3071970252651839,0.23473774654668533
2023-05-08,0.4793618087348732,0.13504888211899205,-0.051201283054009346,-0.03628754367346896,-0.11653782583941578
2023-05-09,0.5289694317085478,0.16510944826750806,-0.0029254199409499376,0.0077652761987728625,-0.06852116762300937
2023-05-10,0.4785726590418242,0.10213519715059625,-0.0644940794922368,-0.05659674371624315,-0.13443232246384165
2023-05-11,0.6111812787383211,0.26693185747612436,0.10564997888231782,0.1087981674897514,0.04277612994120483
2023-05-12,0.4528242289949076,0.0925984191626275,-0.07002410731146837,-0.06255894497905376,-0.1297395866505542
2023-05-15,0.4113444034136161,0.027347278399792462,-0.13181279678853736,-0.10737189373524815,-0.1761400551389865
2023-05-16,0.5244757465289327,0.15268676595221628,-0.0026751167699568135,0.02522619606096869,-0.044231748518628856
2023-05-17,0.3587238497722937,0.02926931288064008,-0.17952960732972878,-0.15733149151788425,-0.22604324691171018
2023-05-18,0.4299090778268162,0.11310416683836465,-0.0764892918600529,-0.055494460472147865,-0.12250338114926526
2023-05-19,0.6736216261454787,0.3589688910277678,0.18660846882028256,0.2071370336835385,0.14256854506369226
2023-05-22,0.5890255151368177,0.320485195528306,0.1347659071814535,0.14791663287057757,0.09005723967918305
2023-05-23,0.3485047315264117,0.05853423929384186,-0.13976348360103102,-0.1268096382476233,-0.191672880116092
2023-05-24,1.0260005832983337,0.7598896221895693,0.6044591176092037,0.6125801984143531,0.5545775460121531
2023-05-25,0.5209565088693136,0.22290470665400341,0.04252349331260938,0.05404675561908747,-0.017245343049970246
2023-05-26,0.6910616284614546,0.39755715975984607,0.22884546835860817,0.23808566844919557,0.14575951776413948
2023-05-29,0.36111375194225104,0.07077689748036518,-0.13706018543856713,-0.12129266691895683,-0.24831087522552706
2023-05-30,0.5883211044021509,0.29070560077596536,0.110917208220323,0.12311944701133479,0.0018534798981486831
2023-05-31,0.7297490637981017,0.45144463808524576,0.2793899835677233,0.2935487827432256,0.18404733685904018
2023-06-01,0.6905023728593349,0.4100019808932752,0.23514763960268606,0.2517629220536142,0.1331257979305415
2023-06-02,1.3742327388293634,1.1874899728565016,1.0348077928271704,1.0408739942496943,0.9317529340610325
2023-06-05,0.3280943429193169,0.2708736713156642,0.010964302228180818,0.02775635963045968,-0.0940660518437272
2023-06-06,0.24538155767481348,0.18464107352774495,-0.07748784400672248,-0.057012826836486716,-0.1835289359784046
2023-06-07,-0.13594671191760538,0.061515224755786996,-0.21141902560397927,-0.18658955117617268,-0.31807977284230865
2023-06-08,-0.3655672037144942,-0.17554916558007927,-0.45324442978548196,-0.422504098578138,-0.5514772522447332
2023-06-09,-0.38639893642807305,-0.19275818755380755,-0.47687463824745807,-0.44470080056629774,-0.580705225749818
2023-06-12,-0.3616258506660556,-0.14692450914577296,-0.4227121734056076,-0.4008290923292002,-0.5231129504553985
2023-06-13,-0.27180394606161845,-0.040368686291991786,-0.306128459327593,-0.2739128593798571,-0.40168396871870654
2023-06-14,-0.32703874650568365,-0.119551918469488,-0.3850631511845983,-0.34930299229676043,-0.480902607547955
2023-06-15,-0.5065868688184936,-0.23609329019624525,-0.5130538652514266,-0.4845782902344467,-0.6312583964457793
2023-06-16,-0.47144347639002987,-0.15418845510216284,-0.40829793117233015,-0.3815561745143727,-0.5266624537352813
2023-06-19,-0.4362025442695372,-0.09390286602836403,-0.3492828917993959,-0.3325647607887064,-0.45750791556186055
2023-06-20,-0.3937245301426452,-0.034284574609321924,-0.2796513012997585,-0.2549018543912406,-0.4041958205745318
2023-06-21,-0.7566964541189264,-0.3202738611783386,-0.5770801574561029,-0.5447577993095067,-0.6934417980334225
2023-06-22,-0.6685158392716564,-0.241529902319974,-0.4879248862623566,-0.455715114840381,-0.6060883293957251
2023-06-23,-0.6531109283508372,-0.18844852828793193,-0.44276524189361877,-0.40494139990244965,-0.552155053638597
2023-06-26,-0.6973227625158785,-0.21843575291071338,-0.47992290468137133,-0.43973327963088193,-0.5925682749635229
2023-06-27,-0.8318513043452279,-0.32970482963374326,-0.597962573781188,-0.5552788415071604,-0.7079536667392983
2023-06-28,-0.6814899004821204,-0.16527560872081465,-0.4211537971446311,-0.38277584173446183,-0.5374450092176635
2023-06-29,-0.5701004924187196,-0.04946206228414403,-0.2842121167799855,-0.25095507297733105,-0.40998492154855
2023-06-30,-0.7700221813564052,-0.19750644372547185,-0.4422534173828835,-0.4703274077140824,-0.5578837599688672
2023-07-03,-0.9244400268754742,-0.3382202244694263,-0.5912095300080669,-0.6234999639857168,-0.7137514827776231
2023-07-04,-0.9547682991213212,-0.4170292749364513,-0.6673759458696854,-0.702796699369129,-0.7865107369791173
2023-07-05,-0.5942540108666067,-0.07886376930209392,-0.30592509887286923,-0.3370086866806218,-0.4218367812615178
2023-07-06,0.7864534019490457,1.2006345958530873,1.0585765897732473,0.9863903223193512,0.9502792611818117
2023-07-07,-0.6655340614792682,-0.31024367241521406,-0.5453440944069795,-0.5872235474866623,-0.6506995971274827
2023-07-10,-0.6567454268650514,-0.34075298931358267,-0.5828089273939479,-0.6365723309771839,-0.691423706307499
2023-07-11,-0.4684427846000031,-0.12715200468821886,-0.3524836187815387,-0.48689132893061643,-0.45351844145836784
2023-07-12,0.043650893471934515,0.33893528977647186,0.14147936315979237,0.02132439186721635,0.04579413730182895
2023-07-13,-0.4996908722907685,-0.2597089033265797,-0.4908518576165377,-0.6106133814222634,-0.5986404261419784
2023-07-14,-0.507633646545758,-0.2500081331589134,-0.4766408155738892,-0.6031132969090818,-0.5880868410529445
2023-07-17,-0.34255535888047967,-0.08161635975290568,-0.28475809573518696,-0.415834651924686,-0.3942200318171072
2023-07-18,-0.34115728128182315,-0.07673320028962471,-0.28485012336316035,-0.4119917321717499,-0.39303340309832036
2023-07-19,-0.33253147359422736,-0.10178127042550456,-0.32694831010862446,-0.4451043840571229,-0.4305070373201579
2023-07-20,-0.3928708166999092,-0.15128589427474048,-0.38042344139777523,-0.4990129300737842,-0.4862658959088454
2023-07-21,-0.5215188837969605,-0.27395694414235017,-0.5231858605054035,-0.6360021963305041,-0.6258660699859735
2023-07-24,-0.5139974156737975,-0.25565708733154086,-0.5223070305914179,-0.6357719408780698,-0.6142688159587407
2023-07-25,-0.44432659391339696,-0.1930298040788507,-0.4570487744299538,-0.5730522556475923,-0.5474473502500155
2023-07-26,-0.39525667353931515,-0.13052052558822272,-0.37527643650066295,-0.4978999756084777,-0.4759537033697524
2023-07-27,0.07015462627936499,0.36855584383718304,0.15855991607144931,0.03478342095341326,0.06615284883519165
2023-07-28,-0.6404858164448782,-0.38631634461574954,-0.6195293049239265,-0.7332956307686571,-0.7135929603407872
2023-07-31,-0.5948415233272863,-0.40694163152093543,-0.5739498330060375,-0.6951661866301203,-0.6763442840434434
2023-08-01,-0.42480565902746864,-0.22041080355254025,-0.37689013676960426,-0.49700824391248366,-0.4774631083378321
2023-08-02,-0.07454389856147803,-0.04307733212110302,0.025315167692732336,-0.09834604125942818,-0.06914289665669886
2023-08-03,-0.47581341210047534,-0.49897291338576144,-0.44245032670859213,-0.5565935488629972,-0.5352483103614774
2023-08-04,-0.29790925122507445,-0.3367343511487107,-0.2392539459170869,-0.356766958541568,-0.3319240114060898
2023-08-07,-0.29309009054219715,-0.3510056922215972,-0.2708860510666152,-0.3934428814583075,-0.3676534974117109
2023-08-08,-0.17065431669760778,-0.22053956097742816,-0.10062096775495288,-0.21770877488747473,-0.19001361330583968
2023-08-09,-0.23010808976006614,-0.30313963202879246,-0.18632364703576076,-0.3046362564772007,-0.2778583650736945
2023-08-10,-0.3363912866111227,-0.4906814009667714,-0.3252076934145973,-0.4407982455862255,-0.41791595343196375
2023-08-11,-0.232479149716047,-0.36337169652167434,-0.1781752443338798,-0.29927015943932306,-0.2642948783907693
2023-08-14,-0.4094839520540871,-0.5532276919636762,-0.3553220980950229,-0.5095515092971451,-0.4791648025636465
2023-08-15,-0.42119443204683016,-0.5393126530701534,-0.3273635693490925,-0.47582499754422825,-0.4404836855431259
2023-08-16,-0.5453205058002525,-0.7101176960151429,-0.4592640753494367,-0.6114558900348115,-0.573958975007373
2023-08-17,-0.08845638627685469,-0.21965831395639912,0.06835919734261119,-0.10324264100316899,-0.04647049430962485
2023-08-18,-0.3661600772909024,-0.49980849905774116,-0.23783249764310674,-0.4022844512107562,-0.3517543003934512
2023-08-21,-0.5599532934779055,-0.7177376445945682,-0.46773822864466835,-0.6287139535996852,-0.5897502197123355
2023-08-22,-0.5439134966966317,-0.6595155902821739,-0.4075790829413979,-0.5700405131119302,-0.5204545400811261
2023-08-23,-0.6538660289813004,-0.8011425795722604,-0.5582693541855271,-0.7195506417256718,-0.6726983407314712
2023-08-24,-0.8194954581924087,-0.6716874035610748,-0.41031140401857313,-0.5691710501474189,-0.5205914988208479
2023-08-25,-1.047316199597441,-0.9224981402613205,-0.6522808140061086,-0.8052655459579334,-0.7600854944383856
2023-08-28,-0.6485692592949931,-0.5404421119214659,-0.25329481170491186,-0.41380527670225087,-0.37471854737789034
2023-08-29,-0.6737669349151816,-0.5587362982391421,-0.2745055135360779,-0.4346885473458011,-0.3862648304855458
2023-08-30,-0.9305334060766778,-0.8293734438271841,-0.5716913242747899,-0.7271707904292589,-0.6851055291811505
2023-08-31,-0.965874819307786,-0.825308054362309,-0.5739372702224443,-0.7271554193012504,-0.6842639188328367
2023-09-01,-0.9356986952847638,-0.7955513939036809,-0.5375508172079301,-0.7033283406938934,-0.6562040798297639
2023-09-04,-0.8203060366536435,-0.6813171114532891,-0.43071249543648693,-0.5988242922621887,-0.5469293580858429
2023-09-05,-0.9181380075622875,-0.7895989321192514,-0.5446215642610112,-0.7103570866022737,-0.6622725228289852
2023-09-06,-0.7214266108404308,-0.5889745653013567,-0.33300699874156364,-0.5038688147154609,-0.4514963664131602
2023-09-07,-0.648525400532266,-0.5125419317105103,-0.28027307823362185,-0.44407057567778496,-0.3899345736713622
2023-09-08,-0.9098274527283529,-0.8164739533113019,-0.5875395546775197,-0.754068859339225,-0.7722764013829788
2023-09-11,-0.8602559432424474,-0.7902120415947423,-0.5580855707362367,-0.7243675665302686,-0.7412670002884297
2023-09-12,-0.8882804958474131,-0.8190543864955413,-0.5851944170578278,-0.7488136577579432,-0.7722473581686886
2023-09-13,-0.8980152389126254,-0.813768494384186,-0.6062852998065339,-0.7669214784358163,-0.7851737911590543
2023-09-14,0.26741960150048405,0.32624589520180375,0.5398516873690129,0.37036090304608715,0.3451097823903412
2023-09-15,-0.7015978186089231,-0.7169149235535794,-0.5506435866785061,-0.700187786672858,-0.7444587432230735
2023-09-18,-0.34016956079576116,-0.32756975604567845,-0.12203641035976937,-0.2769351837813162,-0.321798065290183
2023-09-19,-0.6331236236888343,-0.6540520854952756,-0.494576195832356,-0.6447207839407428,-0.767132949143967
2023-09-20,-0.2745997086762203,-0.2821246032911956,-0.0909757608673225,-0.24618422784281296,-0.3472411308091996
2023-09-21,-0.08513072990307914,-0.15491826744344261,0.026809439609718856,-0.12347843722163016,-0.22258484990098168
2023-09-22,-0.6074616053134997,-0.6765529240764295,-0.5294679175220721,-0.667664334472498,-0.7846039715160109
2023-09-25,-0.382291572388291,-0.41338219873425136,-0.2586348493669542,-0.39690578945090704,-0.5069057966990265
2023-09-26,-0.45546860579503634,-0.5043727342158714,-0.3543236612643901,-0.4956225983847898,-0.6020942887600863
2023-09-27,-0.6206027102559042,-0.5595645768525295,-0.4048520050021642,-0.5569045341852087,-0.6540923614744881
2023-09-28,-0.5873601544767411,-0.5130822511044918,-0.3515000243338944,-0.5055850731317251,-0.6051267394294684
2023-09-29,-0.7137722824759345,-0.6271975434539916,-0.4537872059882662,-0.6137788374304857,-0.709198642241483
2023-10-02,-0.4012975849019752,-0.33426436453238406,-0.14852901118438552,-0.32409460927395795,-0.41177257303145437
2023-10-03,-0.25761610297789905,-0.18656461614769013,0.01617764927428822,-0.16103416887139554,-0.24492142687691684
2023-10-04,-0.5618001383731717,-0.4743406706102503,-0.2876112415461042,-0.4464191030790852,-0.5402889036877537
2023-10-05,-0.8227995498710449,-0.7154993717952378,-0.5520396625438744,-0.7068122432900915,-0.8005242708869853
2023-10-06,-0.6894460836564208,-0.6269374123462812,-0.4494290405048803,-0.5922056624432858,-0.6821132323796861
2023-10-09,-0.24553336011920482,-0.1800033416285014,-0.017861639999679456,-0.09646818266622466,-0.1823755185348825
2023-10-10,1.7687421649918587,1.8308242671997077,2.076395760359934,1.9518007919706581,1.8973875741823287
2023-10-11,-0.532663276525944,-0.5857771676331345,-0.648442080108871,-0.5845526966430066,-0.6802923366129899
2023-10-12,-0.5429583725980427,-0.6024843870414506,-0.6499262552760073,-0.5836424206909137,-0.6781610930506774
2023-10-13,-0.34323968895800233,-0.3947995239714426,-0.42672595663878177,-0.34990817995999707,-0.43950499864666936
2023-10-16,-0.3256768573780759,-0.3501504701408857,-0.3765604659736047,-0.3144536698815199,-0.40184714516478576
2023-10-17,-0.6417161364794222,-0.6432361004196908,-0.6643964951025403,-0.5776683276084756,-0.6681714421600331
2023-10-18,-0.4567602463406872,-0.4351184762778267,-0.4446948910150456,-0.361110866542498,-0.4499427960768058
2023-10-19,-0.15336072802417597,-0.20338435978875807,-0.15270363033885528,-0.03049988702779028,-0.11275750278313468
2023-10-20,-0.03133110221104041,-0.07920800699725133,-0.016114552319040736,0.11359176646261772,0.02867819391872225
2023-10-23,-0.5774695308093266,-0.6552094556658457,-0.644644701486868,-0.481445093712999,-0.5932278380351877
2023-10-24,-0.5775304003060545,-0.5714026020989913,-0.553414566559242,-0.3918964938684534,-0.4937979151016046
2023-10-25,-0.6794870612179217,-0.6909069818691868,-0.6877523994935048,-0.49935114397244873,-0.6073934566113756
2023-10-26,-0.4842532166637394,-0.5209856226683184,-0.5054176464202247,-0.318116373300435,-0.4310979900920689
2023-10-27,-0.6760691359876517,-0.7010602632576727,-0.7001224016942461,-0.5130790484800074,-0.62973375959425
2023-10-30,-0.684139456311922,-0.7147482386410965,-0.7150074540440811,-0.5279657912577512,-0.6445397320066499
2023-10-31,-0.5580798255988726,-0.5820146120076116,-0.5647515748423855,-0.37868724053895647,-0.4927610608210986
2023-11-01,-0.669648417597438,-0.7369895848398939,-0.7225581374477499,-0.5388535956122047,-0.6527349120706329
2023-11-02,0.661600033153577,0.6389276266695202,0.7034253106771112,0.8590751369120998,0.7694277354798893
2023-11-03,-0.1819760836271538,-0.25696273012894877,-0.2458058147170821,-0.0641014964156598,-0.16908967893861024
2023-11-06,-0.5778064091112937,-0.6563815161332955,-0.6791223265868167,-0.49219061879614656,-0.6097639240350091
2023-11-07,-0.30079604288273487,-0.36469039542027526,-0.359234356089,-0.17834374926838228,-0.28947694615881087
2023-11-08,-0.6601939675648847,-0.7472665492097473,-0.7607756862717016,-0.570988267349269,-0.6892514332960655
2023-11-09,-0.26628681063934295,-0.3084283342944267,-0.2938008593868314,-0.10987374611793313,-0.21924729687757932
2023-11-10,-0.4997412006930111,-0.5606453198467428,-0.5682441913574942,-0.374425246037349,-0.4956408437551444
2023-11-13,-0.5338281780980529,-0.60009278810886,-0.5939559923964747,-0.4018996257571265,-0.5227585869144158
2023-11-14,0.6299617270943315,0.6172048367563469,0.6804406085096627,0.8446231222998379,0.7424615374334116
2023-11-15,-0.5510378967260344,-0.6187719654991664,-0.6451251778694173,-0.4610576245206128,-0.5887503143666422
2023-11-16,-0.29557306908594005,-0.36358922503903346,-0.38358190944915266,-0.20304167642309984,-0.32535120579580024
2023-11-17,-0.34993353792430165,-0.4401193972746358,-0.45460940357966895,-0.26990221379149587,-0.3983442139707707
2023-11-20,-0.5347315109539189,-0.7054043871367258,-0.7336969673120004,-0.550513787770955,-0.6850199059526761
2023-11-21,-0.3255522558405165,-0.439424550981675,-0.45451253098052846,-0.2772630647146532,-0.40413976709345917
2023-11-22,-0.510941115414825,-0.6638622370650602,-0.6364693774110135,-0.4695171098924983,-0.5974539414030713
2023-11-23,-0.4269673499484187,-0.5844544851616091,-0.5442070112778371,-0.38506050715132895,-0.5086944877691674
2023-11-24,-0.6035343108624501,-0.7569216247707625,-0.7383237880858539,-0.5653797065795128,-0.6913097828564294
2023-11-27,-0.47426659120724196,-0.6161898384354343,-0.6120655554376636,-0.43913587686770145,-0.5653828777052529
2023-11-28,-0.2945427825837571,-0.43017510032351314,-0.397112687329793,-0.2294548590729072,-0.3525027346666035
2023-11-29,-0.4951795767679211,-0.6220961690801534,-0.6073527618572918,-0.42993443032942913,-0.5568398671532779
2023-11-30,-0.4427318155866935,-0.6077980172385129,-0.6052574167077227,-0.4276526153581728,-0.5497465384516823
2023-12-01,-0.15247939586239095,-0.2871684452073665,-0.2875379262005375,-0.11325537104438506,-0.22840439902208784
2023-12-04,-0.45223407457288883,-0.6168007765011676,-0.6454506725670107,-0.466933355150448,-0.5885601370975763
2023-12-05,-0.4029961092740847,-0.5460506059750252,-0.5818134153833266,-0.40514034256253995,-0.5294096395807296
2023-12-06,-0.3943630357638276,-0.5377957230339173,-0.5704771270100782,-0.38870721618705895,-0.5197155761686073
2023-12-07,-0.5078522257963495,-0.6767619811152542,-0.7053445167709649,-0.5182246208769488,-0.6523400496175988
2023-12-08,-0.3408555440265886,-0.502265646282968,-0.5247505124568875,-0.3261963648168331,-0.4644583045497793
2023-12-11,-0.5157109595509307,-0.6863576854852799,-0.714048984598049,-0.5108919831587236,-0.666294857628352
2023-12-12,-0.4705455823156995,-0.639963422204169,-0.6654953100975498,-0.45022942244855874,-0.6057325110358088
2023-12-13,-0.560912054806856,-0.7283384833756781,-0.7628543354171825,-0.5497882801862541,-0.696994746302533
2023-12-14,0.4600705487212137,0.23719507928674124,0.24951312711934132,0.4388108623290364,0.30965644774119766
2023-12-15,-0.3984653952961298,-0.6682736165109519,-0.6834562679923939,-0.4905738519298606,-0.6273992710007706
2023-12-18,-0.4347563375547542,-0.7009972344520634,-0.7369086570628987,-0.5994788573511681,-0.6653385206179119
2023-12-19,-0.3775454368764453,-0.6707582297532464,-0.7025673588605397,-0.5436856647358432,-0.6141275375206563
2023-12-20,-0.3246027728187373,-0.6151831604137126,-0.6377548133873762,-0.6268985295130018,-0.5522440847781794
2023-12-21,-0.35120299445589004,-0.6385598154694998,-0.6716818368776692,-0.6487008692562759,-0.5743338773316331
2023-12-22,-0.4908581047721839,-0.7902874235238838,-0.8135725197594912,-0.7923233929471523,-0.7067610812623867
2023-12-25,-0.7056793613440016,-1.0107005662305502,-1.055668123255682,-1.0352137669068202,-0.9546470522950499
2023-12-26,-0.6847794133661855,-0.9924231664109465,-1.0756793737366797,-1.0632450222100727,-0.9694616964905592
2023-12-27,-0.5075608191128134,-0.7979056428059869,-0.8729342518904762,-0.8620373490809659,-0.7629921150560414
2023-12-28,-0.5040063999928444,-0.7875513018789885,-0.931554807991192,-0.9020576499689335,-0.7568747704753582
2023-12-29,-0.2990374072034379,-0.604258852080902,-0.7301209393962403,-0.7077482832142657,-0.5769463182180798
2024-01-01,-0.7321447358271139,-0.9085399940375303,-1.0659320196855904,-1.0479538335759757,-0.9072865897968163
2024-01-02,-0.6032354253473979,-0.7765523382887263,-0.9228071979232186,-0.9095439927002852,-0.7666224822689399
2024-01-03,-0.23700633181112082,-0.36894928067210714,-0.496520129238825,-0.495509253951959,-0.3255509557024831
2024-01-04,-0.42878172250997354,-0.5602800886775495,-0.7071390287373196,-0.699171984428582,-0.5321308462882032
2024-01-05,-0.5920863751996036,-0.777987621615988,-0.9315695348309272,-0.9266844133488813,-0.7677271713643865
2024-01-08,-0.5346352737428376,-0.6633989486264608,-0.8052644440193859,-0.8027661610116421,-0.6427333282177033
2024-01-09,-0.4654881939069396,-0.5601857382122576,-0.7032880445530107,-0.7058766999401486,-0.5495278908631879
2024-01-10,-0.6672181949558161,-0.7316419703857355,-0.8716067781431455,-0.8592214350031337,-0.7053967979196348
2024-01-11,-0.7444376470461852,-0.7391912749910092,-0.8699138823291108,-0.8693254223793918,-0.7055188713125187
2024-01-12,-0.8028581474221926,-0.8125848079736809,-0.9258755318983964,-0.9427590041092526,-0.7666170154246114
2024-01-15,-0.858273139338987,-0.8631388255842627,-0.992167058345678,-1.0150331241758512,-0.838342964721688
2024-01-16,-0.8397326286603215,-0.8605832118041891,-0.9887593656583723,-1.0068586411608451,-0.8316597999192447
2024-01-17,-0.25379293324642804,-0.27132465564624697,-0.37364704637142154,-0.3973507422681475,-0.2222555829509416
2024-01-18,-0.5231224392448264,-0.564627845992769,-0.6657218260102694,-0.683075967770523,-0.5108901010932462
2024-01-19,-0.7839418078862717,-0.855757899979961,-0.9718954480952176,-0.9847762654478435,-0.8125370179791039
2024-01-22,-0.699622812372054,-0.7959755028628528,-0.9123569211905352,-0.9221634543671499,-0.7479610969548446
2024-01-23,-0.6689567772344366,-0.7252842724614926,-0.8411407457333636,-0.8541904980558239,-0.6777718489632985
2024-01-24,-0.6251991264798858,-0.5282402699738272,-0.6247441327675897,-0.6473280302791918,-0.4595963108556727
2024-01-25,-1.0381790913466207,-0.941301034063022,-1.0450058112398044,-1.0657925926462952,-0.8842430599343628
2024-01-26,-0.7849607202787962,-0.6878635763322238,-0.7835039326484463,-0.8054440123613609,-0.6148267313707231
2024-01-29,-1.0139309184265786,-0.9589634619447688,-1.0760177515841696,-1.0836443863118985,-0.8992175872086642
2024-01-30,-0.8886758624442787,-0.8117199798089343,-0.9082722983383824,-0.921306475033367,-0.7331003619702631
2024-01-31,-0.9942657556604259,-0.8859071834719592,-1.018298023175377,-0.9829974043908,-0.8036794670802566
2024-02-01,-0.8694121321011739,-0.7551173162098733,-0.8975430695677094,-0.8623740048139924,-0.6831043158381693
2024-02-02,-1.1589516840287786,-1.0290961913243066,-1.2021216227187839,-1.1709312319600973,-0.9864173422543311
2024-02-05,-1.1313056844462197,-0.9188610431340494,-1.073733985746578,-1.055140725350198,-0.8593490600717932
2024-02-06,-1.242504912544342,-1.0590400205050967,-1.2265995237413074,-1.194862124159632,-1.0016931002644989
2024-02-07,-1.0110257848231514,-0.8132353320485247,-0.9694292287335508,-0.9425450201764176,-0.7400920692587625
2024-02-08,-1.1720426102809254,-0.8585552506715395,-1.0194927109789116,-0.996691589097164,-0.7916932862615801
2024-02-09,-1.4437985589591131,-1.1505148122941704,-1.3167995422070737,-1.3022863031120386,-1.1005958111249032
2024-02-12,-1.3099911997116394,-1.0149690112634269,-1.167248130929982,-1.1590835843036809,-0.9530121501450556
2024-02-13,-1.1482927248972037,-0.8701683799718781,-1.0197831047902497,-1.014912197395154,-0.8069096298505333
2024-02-14,-1.2930183849622316,-1.0167140120524454,-1.166920083213425,-1.161845505874348,-0.9523250721262226
2024-02-15,-1.3023653978830176,-1.0118414819556605,-1.168390377981302,-1.1590249268439141,-0.9485893450178385
2024-02-16,-1.1726814675275532,-0.8744837674325443,-1.0069669107363641,-1.0021865214458412,-0.776853966429024
2024-02-19,-1.3886740640059134,-1.1396746513697198,-1.2807587355334995,-1.2665753872835819,-1.0467407470071146
2024-02-20,-1.408162446479291,-1.1652798614886102,-1.3013657767784306,-1.2949619369189052,-1.0675923415082011
2024-02-21,-1.3807746876050833,-1.1010867333343162,-1.2273624752153618,-1.2191828809317116,-0.9946847195412786
2024-02-22,-1.2575786524640467,-0.9644653703246706,-1.084493796982393,-1.073727866312603,-0.8488226287848659
2024-02-23,-1.2414903582522139,-0.9623090996972122,-1.0943760602176,-1.0710045212206294,-0.8640669922431066
2024-02-26,-1.4139061189685114,-1.3030282100891952,-1.2687364265878147,-1.2602257458635202,-1.0998031905135914
2024-02-27,-1.434914445905134,-1.283776841400343,-1.2743169497099494,-1.2691991393597035,-1.0867388069054422
2024-02-28,-1.4386027671709367,-1.280958735441282,-1.269145216128028,-1.263305201154454,-1.2110685632490008
2024-02-29,-1.3372660882120002,-1.1675760742554968,-1.1435117882002352,-1.1439299544507109,-1.0814016568213698
2024-03-01,-1.3800842312167625,-1.2014122536050291,-1.1978409586339707,-1.1948082842207857,-1.1384322766173822
2024-03-04,-1.4780624766064063,-1.3190856163021885,-1.3157048251690884,-1.3146609636943065,-1.267328864424888
2024-03-05,-1.4539805861156847,-1.3019936855577945,-1.2658524147404564,-1.282299022399877,-1.2453022187575649
2024-03-06,-1.4876820458820847,-1.2987873931576364,-1.2374701577763982,-1.257011951963061,-1.21978585160892
2024-03-07,-1.5382742653318497,-1.3682437597269113,-1.2388969986729805,-1.3216533375725998,-1.26246549022893
2024-03-08,-1.6400481057239262,-1.4625464920147129,-1.3527089850264717,-1.4285468382655928,-1.372140926997345
2024-03-11,-1.2972881717771199,-1.0986538632946659,-0.9643475548204207,-1.0455818055128152,-0.9858144970798824
2024-03-12,-1.316823943721167,-1.1585059604117123,-1.0377004837194463,-1.117794731500161,-1.0612732306538735
2024-03-13,-1.3925288223947427,-1.199713847463451,-1.0933843667235192,-1.179075387621443,-1.1356340804070348
2024-03-14,-1.5623483165373404,-1.404508548770792,-1.3113497535971297,-1.3966685888655264,-1.3544834806076025
2024-03-15,-1.4320756092763673,-1.2460691040795926,-1.1439814279991882,-1.2304128340369087,-1.1851525558260612
2024-03-18,-1.6909606807816706,-1.4637081740537914,-1.3778648826878226,-1.4592014541213325,-1.4188559098299438
2024-03-19,-1.5388505354038524,-1.2904560893533474,-1.1939162619775894,-1.2726964456767134,-1.2278875599536851
2024-03-20,-1.6977210463837027,-1.5948999528224577,-1.4101362559373196,-1.4910723344573829,-1.4451623109158145
2024-03-21,-0.7895450844794484,-0.6403302996742297,-0.4299414058823763,-0.5255862951836805,-0.4732787896262271
2024-03-22,-1.5443775096095826,-1.407376154183529,-1.2525575171135344,-1.3174559631788605,-1.2910865088144938
2024-03-25,-1.7107159124868987,-1.5430951684327714,-1.409180992122602,-1.478364103522845,-1.4598421764747975
2024-03-26,-1.7014705514324846,-1.4903109861161656,-1.3644297796803988,-1.4343630959043985,-1.4139307631237454
2024-03-27,-1.7412007609636588,-1.6002977919560526,-1.4396061245563792,-1.5113895704673435,-1.4903696902930155
2024-03-28,-1.694722098272111,-1.5665038084757381,-1.4012721600460651,-1.470457877095389,-1.4519314522872955
2024-03-29,-1.8561643909269467,-1.7739833201797013,-1.6376140944704094,-1.7047008818173677,-1.6985052389680977
2024-04-01,-1.8088508666349294,-1.7952014985745857,-1.6187140889210727,-1.6954949914293744,-1.6911786194439375
2024-04-02,-1.34862258366429,-1.3629758413052908,-1.1655562122084202,-1.2531164610115595,-1.2381603327578368
2024-04-03,-1.4133036424010526,-1.3958739403894778,-1.19047759371906,-1.2842007956370325,-1.278619807094915
2024-04-04,-1.4750263763536697,-1.4712521043656313,-1.246094679176502,-1.339837785565133,-1.3397182401913657
2024-04-05,-1.1838804198795654,-1.219296972579295,-0.9966176262561199,-1.0994132445860405,-1.094515277223495
2024-04-08,-1.4416544592355771,-1.4526086229388229,-1.2311042929012896,-1.3304673375740275,-1.323357424083728
2024-04-09,-1.6068915909071013,-1.4844528962030181,-1.257505963817706,-1.356095069261478,-1.3523157434982043
2024-04-10,-1.7791338768063105,-1.6748564999345885,-1.4671910623417708,-1.5932760560464274,-1.5434055627444137
2024-04-11,-1.620012910510398,-1.5221388208125566,-1.2972278936129051,-1.4276558638386518,-1.3739554738729856
2024-04-12,-1.6003851137098448,-1.4949665266308947,-1.2668487567728541,-1.404611091211572,-1.3574613998317517
2024-04-15,-1.7783817227925982,-1.6655784783645422,-1.440297493329299,-1.5738952762022254,-1.5453120699716436
2024-04-16,-0.10804147735579021,-0.06814804898156245,0.16141416140925863,-0.011274103538854045,0.053216618672298814
2024-04-17,-1.3837644215259777,-1.410805258020928,-1.2291220766329738,-1.374517508768961,-1.3378292487507168
2024-04-18,-1.2898035509869128,-1.3447522270643382,-1.144839701560452,-1.2926356759744526,-1.2578546863108984
2024-04-19,-1.437618769359398,-1.4912850005599643,-1.3038683902402806,-1.439789437380945,-1.421022875155508
2024-04-22,-0.8169181064127569,-0.8593339511441436,-0.6335033643964811,-0.7740460404063061,-0.7464290044690091
2024-04-23,-0.838685184289438,-0.8359918606635398,-0.5925448979839772,-0.7273050102334977,-0.7029854295096104
2024-04-24,-1.2640274868012489,-1.3092709053450093,-1.1138165807006133,-1.2393757162763495,-1.2265532093346907
2024-04-25,-1.1151405737663178,-1.1573036578043936,-0.9457679804268191,-1.0778805515308836,-1.0593139030356784
2024-04-26,-0.8379610770895277,-0.8818519513409828,-0.6959544193860491,-0.8152877036946311,-0.7949384348275348
2024-04-29,-1.2742987704274915,-1.340949455521847,-1.1918220942625508,-1.299051595245272,-1.2851893857126042
2024-04-30,-1.0706620883175475,-1.1381521830229098,-0.9574371036044828,-1.060458708805651,-1.0475027546360578
2024-05-01,-1.4818621274310633,-1.587391139281549,-1.436663949989242,-1.5338675821022225,-1.5381287018612941
2024-05-02,-1.2375915574087888,-1.344242758223753,-1.1540853345548245,-1.2543894062372012,-1.2453873532111113
2024-05-03,-1.3292665318885555,-1.425396745649373,-1.2389362614576553,-1.3484672715837314,-1.3281090720819908
2024-05-06,-0.9720852315368829,-1.0362989030084055,-0.9673707019317627,-0.9311858028974903,-0.9180383898916836
2024-05-07,-1.023929222382173,-1.0766784985874434,-1.0229084553574623,-1.012529878538776,-1.0002161708791404
2024-05-08,-1.2913492088325627,-1.3858962717418424,-1.3512631585616133,-1.3302880909383226,-1.3229796993065808
2024-05-09,-0.96331000706168,-1.079977987890539,-1.0402098629906065,-1.0180285919236165,-1.0103094433458164
2024-05-10,-1.074643676930744,-1.2377702187992203,-1.1495817490720635,-1.1429661497941854,-1.1391930920897124
2024-05-13,-1.2590272071805257,-1.5319133958987063,-1.4055287795776061,-1.3959286961086426,-1.3961055854380369
2024-05-14,-1.1346565640942703,-1.3706935943634342,-1.2323845782927088,-1.2141077658218014,-1.2229232465931714
2024-05-15,-1.2064460607600824,-1.4495687536184896,-1.3118688112822545,-1.2804071492380376,-1.2948871468387748
2024-05-16,-1.3112577315061302,-1.5312734187934962,-1.4741859305584444,-1.3812615977813345,-1.4454700081629726
2024-05-17,-1.3039905724169598,-1.5857976967759484,-1.4739970874273,-1.385210318320223,-1.4479435195352557
2024-05-20,-1.1677067426051106,-1.4492005309002978,-1.3315328770634667,-1.2488506811897038,-1.3083144943714358
2024-05-21,-1.3056441887903516,-1.605134641954502,-1.4799620194002034,-1.389508524689733,-1.459001436871058
2024-05-22,-1.246679530894085,-1.566823703147609,-1.4448391490654842,-1.3584439478469612,-1.429532156815517
2024-05-23,-1.248961990739913,-1.5959685485700565,-1.4905104243823601,-1.4097874747478687,-1.4860652104090644
2024-05-24,-1.2466998703800776,-1.5632827682488293,-1.478942042670621,-1.4057026508272816,-1.4802570265504547
2024-05-27,-1.2162224837058602,-1.5095476084490025,-1.4209765205741245,-1.348758627318625,-1.4200704334026357
2024-05-28,-1.07607485820666,-1.3323225201829856,-1.2500522256435913,-1.178085171758828,-1.2453373562793741
2024-05-29,-0.22807095356169857,-0.5250261703879671,-0.5195970355194313,-0.3929839178998657,-0.4586472519927718
2024-05-30,-0.9158163905301359,-1.2405954048339356,-1.2518649647744207,-1.106395906821536,-1.1780883942499796
2024-05-31,-1.0512763604573203,-1.4201918515387575,-1.432800304541478,-1.295937672358634,-1.3632880464623884
2024-06-03,-0.8778962676232612,-1.2261781292252836,-1.231094946309296,-1.0956504985097024,-1.1626664681058123
2024-06-04,-0.2270104999660368,-0.5982570316640844,-0.549535526237597,-0.42932136908700386,-0.47770727242670824
2024-06-05,-0.7513962660336427,-1.1708337789709358,-1.1462916045124891,-0.9967093072530435,-1.0509000089701892
2024-06-06,-0.7605440555405083,-1.1659712418310841,-1.1544059153541864,-1.0058288391204373,-1.054654720824424
2024-06-07,-0.9196455268227871,-1.322892783917869,-1.3234236022838197,-1.1704474749902551,-1.2212822514576482
2024-06-10,-0.8707073601179921,-1.3071850936643208,-1.3598307332902388,-1.147304840675158,-1.197385375240169
2024-06-11,-0.37556321077737204,-0.7763900643077465,-0.8053318087309068,-0.6176384867592966,-0.6703352949365893
2024-06-12,-0.31537809134428213,-0.7065190468406206,-0.7573487275750157,-0.5917230380904037,-0.6365667157346248
2024-06-13,0.21120059520077755,-0.04650382995813135,-0.09359871548502556,0.042676241562432465,0.011020242194982674
2024-06-14,0.20527708002849998,-0.1013892646598847,-0.18717860988784293,-0.04835444028775465,-0.08406948876756369
2024-06-17,-0.7557339914956246,-1.030403371661323,-1.1607512340629789,-0.9971067367804806,-1.0548551237329151
2024-06-18,-0.6517041718846557,-0.9210122816764275,-1.0409659663588937,-0.8777102476462223,-0.9314271861087141
2024-06-19,-0.7478276664229464,-1.0340996297203369,-1.1711649483884379,-1.0290758764442594,-1.102742701317623
2024-06-20,-0.5508358521103056,-0.8041482998176162,-0.9353854500525225,-0.7898401464740368,-0.8643856763541689
2024-06-21,-0.7006297685925879,-0.9123804921054192,-1.069578023829198,-0.925589716705381,-1.0036238794474819
2024-06-24,-0.5210502340984358,-0.7363460993156236,-0.881520973285296,-0.7446774686288171,-0.8141628795891317
2024-06-25,-0.7744367387897628,-0.9991750350552869,-1.1531731660495477,-1.0189379614018081,-1.1072633167007198
2024-06-26,-0.7515301146626054,-0.9426801661389385,-1.1068879342770754,-0.9826695049722349,-1.0574823509998483
2024-06-27,-0.7524329304480135,-0.9414926003424725,-1.1080705640261785,-0.9821321655304104,-1.0558966534714753
2024-06-28,-0.7891860515403055,-0.9959677369498868,-1.158991672256392,-1.0374943327937147,-1.101463296793211
2024-07-01,-0.4315749527377689,-0.6510085218811402,-0.7862315335355703,-0.6711357528136884,-0.727598995781999
2024-07-02,-0.7139888905492258,-0.9439767552898455,-1.104543434248306,-0.9855388935676896,-1.0444571324239462
2024-07-03,-0.6129945471658604,-0.8442120644404935,-1.011742849877482,-0.8923512451143191,-0.9497155242563149
2024-07-04,-0.6589312121831062,-0.909560826792755,-1.100368858286195,-0.9805021423687352,-1.0440255025054477
2024-07-05,-0.7109660520239173,-0.9796470318841086,-1.1676000443914103,-1.058897566256357,-1.1145965769510595
2024-07-08,-0.7854362889875794,-0.9484026377549796,-1.1261149723352992,-1.025796436400567,-1.0718246244698655
2024-07-09,-0.6296667913877002,-0.7455855686778958,-0.9076865163251775,-0.803672923839716,-0.8440349630141206
2024-07-10,-0.7663647157817242,-0.8663720346519476,-1.0518251736132447,-0.9425086172808869,-0.9834402543061447
2024-07-11,-0.8408214111422175,-0.927224205515528,-1.1218421679868091,-1.0082257198486135,-1.0538954877482314
2024-07-12,-0.5563475073565696,-0.6158059015382186,-0.788088469130369,-0.6820661232740759,-0.726572634470712
2024-07-15,-0.7068615239563945,-0.7079483551644309,-0.8879422443013922,-0.9103243938679034,-0.8263591827301163
2024-07-16,-0.8801594321182791,-0.844309918460784,-1.0300326715224855,-1.054840243540125,-0.9963498935646209
2024-07-17,-0.9157277738888487,-0.8896889614105773,-1.0907251575621608,-1.1160264710045826,-1.0577687919262
2024-07-18,-1.0092903878238997,-0.9814157410696916,-1.204905087435449,-1.2349903194037157,-1.1751682874072646
2024-07-19,-0.9028703302120825,-0.908524000673344,-1.144772802194647,-1.138045232578998,-1.0944242810062572
2024-07-22,-0.5842120626019021,-0.6445256061460063,-0.8866669747168215,-0.8543341488034576,-0.8078073131800726
2024-07-23,-1.009676656961435,-1.058062951649832,-1.3298506111379624,-1.284481881884449,-1.24025734709078
2024-07-24,-0.8715380783060256,-0.937807176609677,-1.2186123829038218,-1.1734184680462516,-1.1182892713949548
2024-07-25,-0.43239867776747104,-0.4976374738897945,-0.753614096672747,-0.7557564714851782,-0.6485587770955402
2024-07-26,-0.8574129946747286,-0.9155872227089599,-1.228770042385835,-1.1995731590907326,-1.098224555882611
2024-07-29,-1.00399178181676,-1.0558701908951222,-1.3494153485879699,-1.3117200895513252,-1.2172768637116118
2024-07-30,-0.9741439555505654,-1.0003365348866322,-1.313114876076584,-1.260274106056159,-1.1651613698160064
2024-07-31,-0.7936549481604461,-0.7914026988992117,-1.0820950879932625,-1.0338368546090815,-0.9383458999445393
2024-08-01,0.34520639325195746,0.33303948781020254,0.0987191140186691,0.10881900937891079,0.21738404256622837
2024-08-02,1.6274528974473494,1.689728432238385,1.5481709893581694,1.4759638856919255,1.568443151382873
2024-08-05,3.2556053000646608,2.9357038130495123,2.85446585564898,2.6616536515681757,2.699651260386652
2024-08-06,0.1500008432002242,0.13066293818241656,-0.1327218047767522,-0.24742157507213614,-0.2586018090599454
2024-08-07,2.0029158312438464,2.0308440142989235,1.8654208420140146,1.6635166167336308,1.6724488573744343
2024-08-08,-0.011309316456385606,-0.1160239939590509,-0.40791228789622763,-0.554465486164137,-0.5928655126078944
2024-08-09,0.015862591926144733,-0.08080391348441504,-0.370218787316635,-0.5150689705263176,-0.5562378118770288
2024-08-12,0.15059355059927104,0.09600870110110024,-0.16788985652991203,-0.31160776323556355,-0.3483197109653478
2024-08-13,-0.05246227700394972,-0.1146371638148839,-0.39835335021077906,-0.5283804538959888,-0.5664476011643242
2024-08-14,-0.0015210238437528432,-0.052890676917702856,-0.329260746753121,-0.47468088105179174,-0.5049746676358443
2024-08-15,0.2868392475052787,0.2331159022069301,-0.002230860397766273,-0.14544899821170504,-0.17666488945616857
2024-08-16,0.2756111892259154,0.1741330958398809,-0.04626239453618188,-0.19438822924564186,-0.22255333304712302
2024-08-19,0.02597976507868777,-0.0766050748644729,-0.31104957527395305,-0.46362740166491767,-0.48506603063272663
2024-08-20,0.035394219090276006,-0.03830156637086517,-0.26754580433839464,-0.4043825682375519,-0.42852574754567097
2024-08-21,-0.0641196433396706,-0.15892395366808365,-0.40235577039739123,-0.5315413201069034,-0.5646889536670106
2024-08-22,-0.15851617844030927,-0.2589162151619856,-0.5037067376782589,-0.6425182383365197,-0.6822161218604531
2024-08-23,0.04527707959963312,-0.06769614895198942,-0.29614404379773196,-0.44477589971439574,-0.47352146088732966
2024-08-26,-0.016065539171907114,-0.19336700196458728,-0.42638841363304203,-0.5741327117571287,-0.6116329156039634
2024-08-27,-0.01247163960956241,-0.1892688566882912,-0.4213986777638999,-0.5712998984616129,-0.6082558997403351
2024-08-28,-0.018661444671589433,-0.2048759509117369,-0.43866112079782615,-0.5906771075732109,-0.6388344439357336
2024-08-29,0.08124277474056472,-0.0765159238445937,-0.303277560381966,-0.4607167066901335,-0.5000224015974327
2024-08-30,-0.013596563379730099,-0.16254193807203177,-0.3984143716442244,-0.5557073720443312,-0.599425059171523
2024-09-02,-0.01692223598892949,-0.19499997169180797,-0.4056378241829755,-0.5607481362750653,-0.6104686085265442
2024-09-03,0.5002963134631846,0.36704475079836185,0.20246107060413868,0.033583740112522846,-0.009432729256293
2024-09-04,0.14830639789220132,-0.0031306006204387653,-0.17645234535863832,-0.35086560026989594,-0.3980741266606103
2024-09-05,0.16349904839552404,-0.03544528802408281,-0.20578058279781997,-0.38283487981081926,-0.42988890129148855
2024-09-06,0.5941499466799464,0.4378312525309651,0.28592656874175437,0.10249743026075245,0.063102461264086
2024-09-09,0.1794952096730615,0.007721307864228237,-0.14846403349100648,-0.3222814125406658,-0.3654086562557754
2024-09-10,0.0813423942160309,-0.11193042069371106,-0.25568391279723257,-0.4273608931822702,-0.47182574596683
2024-09-11,0.024657293885236242,-0.14549426478372945,-0.28888554900628594,-0.4624978227688799,-0.5027965194015096
2024-09-12,0.050281256477451255,-0.13444517425909316,-0.2527543893610166,-0.43095633255245264,-0.472825592095757
2024-09-13,0.12012864494712937,-0.08744525622681266,-0.1892404421969133,-0.3625977555378059,-0.40965561640949927
2024-09-16,0.09886163212229562,-0.12930041142003548,-0.2612089430954798,-0.4334774113692954,-0.48497332872877763
2024-09-17,0.19328872683686463,-0.07391800741950574,-0.15343272339401548,-0.33114070490693726,-0.377212091609357
2024-09-18,-0.012967647467716668,-0.2700818787193109,-0.37048238264305744,-0.5558631322117272,-0.6008952431561533
2024-09-19,0.859420529192437,0.6493891144574242,0.5890685853244608,0.40170418908830835,0.3629662538854275
2024-09-20,0.5400042729759231,0.2976604143148542,0.202425090964817,0.014233289121976394,-0.021805083425758452
2024-09-23,0.05735423023027527,-0.19693426488727683,-0.33074317094620465,-0.5174661313401083,-0.615319312495064
2024-09-24,0.16762750292990009,-0.10203590934505387,-0.218892168190454,-0.40109553959221356,-0.4944423963273221
2024-09-25,0.06276183245833215,-0.1912155628409472,-0.30936415912207743,-0.4978786204833837,-0.5905339984980251
2024-09-26,0.6132408912696582,0.3980479127136899,0.31901540815508,0.11712103013209416,0.02994369426048762
2024-09-27,0.1386718262153945,-0.11543665514352586,-0.22739162543141253,-0.42334818337874114,-0.5051688183189599
2024-09-30,0.7359619996105762,0.5175486481429166,0.4199071437773225,0.19513758359587619,0.1475705107932355
2024-10-01,0.40959900053707654,0.17158637921301478,0.06125394521439001,-0.15765269820038935,-0.20992026445598275
2024-10-02,0.19874390575348477,-0.0632248874949989,-0.17878330176112497,-0.3994263277493673,-0.4538599207517694
2024-10-03,0.18784496372649984,-0.052976322581141926,-0.17626025359829942,-0.3849207591662173,-0.4825369854970816
2024-10-04,0.07165202448496616,-0.15598917265993548,-0.26424543650452786,-0.49648495526859715,-0.5738147192751172
2024-10-07,0.11702316296453648,-0.1358589011093256,-0.2336728791673238,-0.4666714720910088,-0.547210915902447
2024-10-08,0.3066643699349529,0.05599420497102985,-0.025201200689049637,-0.26480366967708546,-0.33801719301201444
2024-10-09,0.11546892578934162,-0.14504236816728433,-0.24707746887406598,-0.4770175255246312,-0.5534494233145902
2024-10-10,0.04276662834061086,-0.21676701380434796,-0.3176250212346682,-0.5515133546570472,-0.6279179059641475
2024-10-11,0.12238296739384984,-0.16712696754572862,-0.27656979033602724,-0.5063030889645502,-0.5877102684071827
2024-10-14,0.16384014237019723,-0.1391993656481317,-0.24644544629645504,-0.4777156662863999,-0.5581028075425555
2024-10-15,0.2498987248190815,-0.052599664064124856,-0.1387018528032177,-0.35740831497186504,-0.43818542911954866
2024-10-16,0.15845812256732114,-0.1930214063559117,-0.2891889199056878,-0.5153749165439893,-0.6312219242471577
2024-10-17,0.27280439944227325,-0.060278864333064716,-0.140265362462046,-0.3680592560185776,-0.4738647015528113
2024-10-18,0.08814720298076242,-0.2346781473530704,-0.3419294613290528,-0.5675920466799568,-0.67656920273258
2024-10-21,0.31294952818930455,-0.005281339516766064,-0.09250193528346584,-0.3193496363194171,-0.42124021002604106
2024-10-22,0.33348051394772293,0.0337263736646786,-0.05567750070851175,-0.28915525054767777,-0.38305397121638446
2024-10-23,0.033823651241379156,-0.24089273619684437,-0.34656345579459447,-0.5685281569107558,-0.6827018573080689
2024-10-24,-0.17596843288969982,-0.33255725163221683,-0.47030298299072903,-0.6705935016986841,-0.7813528361553166
2024-10-25,-0.6793720311431981,-0.3157915224448454,-0.465472972783161,-0.6452201216167862,-0.757490009867279
2024-10-28,-0.9792000539136401,-0.5369307655912584,-0.6659442287888578,-0.8506842541959908,-0.9841913548415859
2024-10-29,-1.124801135135284,-0.4979601666724997,-0.6119868685663727,-0.7987528162683414,-0.9190718236445291
2024-10-30,-0.6751794631391125,-0.13488369891406107,-0.22136085084825716,-0.40948649194107456,-0.5238427680573547
2024-10-31,-0.9122103185463251,-0.3977569873296577,-0.5272841854251218,-0.7058040026217504,-0.8302094149726348
2024-11-01,-0.8533086194036298,-0.35599588766141205,-0.49024147731659745,-0.6645216979950059,-0.7916286566129612
2024-11-04,-0.9353669568395219,-0.3567435746591684,-0.49116145790652266,-0.6625198776458006,-0.7900370275273594
2024-11-05,-1.170189858212011,-0.6106983079098598,-0.7631574523399871,-0.9243000970271751,-1.0581468210092269
2024-11-06,-0.1880613989652989,0.21361392685944158,0.10933954031177892,-0.06664139254358738,-0.18837853727584222
2024-11-07,-0.7111530728295458,-0.17387105147827292,-0.2997118500394185,-0.47128447272359003,-0.5986140796776327
2024-11-08,-1.159113333305046,-0.6125460206570746,-0.7742969143505802,-0.9380760695713513,-1.0739134659998522
2024-11-11,-1.059348106456942,-0.5134354635341897,-0.6984540093716118,-0.8357263363111346,-0.9665800255383673
2024-11-12,0.5071968420846455,1.0279771818590737,0.9313942617112217,0.7677636355924907,0.6599841361650729
2024-11-13,-1.1170294379639254,-0.6473270349047318,-0.8405240188899683,-0.9724169535545045,-1.1176865955647501
2024-11-14,-0.4747270574910016,0.026202168888101885,-0.12560696371706148,-0.2641324623490087,-0.39502357306003283
2024-11-15,-0.5486302362059693,-0.0987153798185016,-0.24587786498429534,-0.39560049858757523,-0.5261049020391679
2024-11-18,-0.96059430492919,-0.4895698915964088,-0.6832688293062236,-0.8129856020223255,-0.9487804539563114
2024-11-19,-0.2631497442636372,0.26269750421938853,0.10594585320745485,-0.022191123998390808,-0.14393416845307266
2024-11-20,-1.0754437296774715,-0.6090605388557943,-0.8106241923334544,-0.9274050300873972,-1.0662284104699935
2024-11-21,-1.0457498634392297,-0.5849855259096859,-0.7700531361204064,-0.8694231990903258,-1.0106038326952875
2024-11-22,-0.6529231043424133,-0.17245831205782913,-0.33958827709429706,-0.44352286318850787,-0.5737084629542741
2024-11-25,-1.2200911500928298,-0.7186403488103328,-0.9155459129692045,-1.022838704841475,-1.15783013350245
2024-11-26,-0.9043213647480027,-0.44611841074471803,-0.641197498352367,-0.7283055202694684,-0.8633414985771075
2024-11-27,-1.1429242899628986,-0.6763642883063876,-0.8772113599030031,-0.9606828598711669,-1.1089136646661604
2024-11-28,-1.0119156287999536,-0.55398581467519,-0.7535072000758278,-0.845749175437752,-0.9828186832677801
2024-11-29,-1.0063344746900467,-0.6016260974198778,-0.7737595276077359,-0.8749907950041307,-1.013294773157711
2024-12-02,-0.6672503170191388,-0.2799305331203838,-0.43250504130837525,-0.5364094570363591,-0.6693060294258526
2024-12-03,-0.9656143691147219,-0.555205796510654,-0.7302581468155095,-0.8248110876505989,-0.956372979148862
2024-12-04,-0.9071492977054437,-0.46271044170477255,-0.6061123135402241,-0.701933291666322,-0.834835408902038
2024-12-05,-1.0950344716095568,-0.6795949412537893,-0.829650812092908,-0.9234558890070956,-1.0632284503986342
2024-12-06,-0.9525556765311468,-0.5090713319463108,-0.6638391999036409,-0.7623209628648809,-0.8979638058968613
2024-12-09,-1.1314238044030653,-0.6913938727236603,-0.8525440001121357,-0.9526199266855873,-1.1110272701623922
2024-12-10,-1.2232207466464369,-0.8093259305097293,-0.9764886335034811,-1.0733662408736118,-1.237409941139018
2024-12-11,-1.2767653065724103,-0.8422445976949563,-1.0247685965663214,-1.1177961144843547,-1.2853473837911784
2024-12-12,-1.4134401665728888,-0.9338544157419583,-1.119485818000468,-1.2230703436070738,-1.3828184614884214
2024-12-13,-1.4392298341598817,-0.9706322459868173,-1.1541117518924822,-1.252214907253904,-1.4365795921422977
2024-12-16,-1.2413286770519627,-0.7782702301768013,-0.9564746243239035,-1.0414449386923976,-1.2208451727274825
2024-12-17,-0.992628899861716,-0.4959344216558899,-0.6560239083375604,-0.7433311187521551,-0.9191685983968825
2024-12-18,-1.2363261928478178,-0.7999942580940178,-0.952767663050489,-1.02897464917307,-1.2079656831011505
2024-12-19,-0.39385479854029415,-0.0954532647062258,-0.09027159776362509,-0.17717965293373855,-0.3474972720373817
2024-12-20,-1.0446158185005603,-1.0961321797206272,-0.818511204352831,-0.89416546288958,-1.071377959110957
2024-12-23,-1.300860567931286,-1.4243380232167546,-1.138377548468509,-1.2075878687937875,-1.393544273565122
2024-12-24,-1.3258153137749764,-1.5136890430421763,-1.2187604313240104,-1.2825538908359593,-1.460168078969486
2024-12-25,-1.3337384825145684,-1.545099045752593,-1.269772772594052,-1.3311198034733915,-1.5215561665563113
2024-12-26,-1.2983782636957382,-1.5211535704753487,-1.2592808364637291,-1.325901612713891,-1.5166232172004916
2024-12-27,-0.959745491137535,-1.1084977137118108,-0.8205207793565825,-0.8980924532423589,-1.0775678086765759
2024-12-30,-1.1226103558033214,-1.3055587951706698,-1.0311070802784208,-1.103353603244042,-1.2830899141252172
2024-12-31,-1.1641396416693321,-1.3535346658572214,-1.0918506756784327,-1.1689758050402734,-1.3523037566896285
2025-01-01,-1.2780377079523408,-1.4741980332659044,-1.2493977262295812,-1.324980623286549,-1.5121310847075446
2025-01-02,-0.6644375894758386,-0.8089406984225768,-0.5727115116354473,-0.6676299982070437,-0.8232261005574469
2025-01-03,-0.7950050338610221,-0.9378398641924375,-0.7080125338971297,-0.8232714575479755,-0.9637481836070858
2025-01-06,-0.6147937795944404,-0.8060635575157906,-0.5617713567642499,-0.6710466925972622,-0.8123147918326489
2025-01-07,-0.9380297990236247,-1.147852962992753,-0.9181303461525891,-1.008384059164104,-1.1567395568773948
2025-01-08,-0.7902007818704883,-0.9998042909762387,-0.7425724015731793,-0.8349688221724652,-0.9772076872697288
2025-01-09,-0.8971748827131942,-1.1171240103808044,-0.8478141191231292,-0.9493530801382573,-1.089487879696806
2025-01-10,-0.5447186684208856,-0.7582901797876762,-0.45772231485292514,-0.5596468576837685,-0.6887050988059895
2025-01-13,-0.9794732073318705,-1.1965919090984343,-0.9129547631967494,-1.008801766488328,-1.1450486805295241
2025-01-14,-1.1086512083067606,-1.3004982620227767,-1.0097136984719315,-1.106969075561795,-1.243487429203046
2025-01-15,-0.5758958466759491,-0.6960623676926515,-0.3805721665338315,-0.47523171730399044,-0.5985289495418197
2025-01-16,-0.8642969624290252,-1.0174728227474628,-0.7090712218394144,-0.8028128583059931,-0.9365536496267269
2025-01-17,-0.7091717597833981,-0.8989412091146712,-0.5724126115453286,-0.6684790723153414,-0.7984175495121258
2025-01-20,-1.0298232067813609,-1.280483876495054,-0.9709393138136303,-1.08911015042008,-1.2006877108954976
2025-01-21,-1.020313854377432,-1.2355001555689626,-0.9379215418467467,-1.0509261270268573,-1.1622627668520848
2025-01-22,-1.0091577762816826,-1.2177366231006386,-0.920190835636212,-1.027793670783103,-1.140795135467602
2025-01-23,-0.9310199640759198,-1.1616487019412287,-0.8622506608688278,-0.9695490972195209,-1.0807131903594367
2025-01-24,-1.057740455765235,-1.2932251438986195,-0.9761497261908638,-1.081125005701071,-1.2070295654029257
2025-01-27,-1.1007018274243854,-1.3660869666308109,-1.0562202662183644,-1.176786590193635,-1.2961442233163263
2025-01-28,-1.07562443522947,-1.2853583117407295,-0.971350092524377,-1.0966352552297218,-1.2091120830391116
2025-01-29,-1.0389601669458834,-1.281506899373099,-0.9671372839885707,-1.0870547909045725,-1.2015298648137196
2025-01-30,-0.6886034849130086,-0.9043242416698988,-0.5749360802970004,-0.7038568082376356,-0.7988252320933811
2025-01-31,-1.0910764493020695,-1.3515604245324275,-1.0463377689873714,-1.1734015998969463,-1.275824126009384
2025-02-03,-0.19399625488620095,-0.38345054513465143,-0.05644214555050393,-0.19624364436868785,-0.28914792347270807
2025-02-04,-0.8986917756151035,-1.1361791778033539,-0.8513292263927011,-1.0034305668197308,-1.0841076216995547
2025-02-05,-1.0007992656692022,-1.1937387793955543,-0.9075593153842915,-1.0575603450866515,-1.1411759556511523
2025-02-06,-0.0026917305292403666,-0.16915553106677542,0.14902961574825507,-0.022880871428676442,-0.08941099608920455
2025-02-07,-0.7131447454271039,-0.8876585266544774,-0.6280814323216947,-0.7837316236197288,-0.8731723287583132
2025-02-10,-0.8438614062743254,-0.999826799794751,-0.7438400996828727,-0.8973957275409099,-0.9943665592562023
2025-02-11,-0.939808082009041,-1.1184094962891744,-0.8569779182066223,-1.016955988233755,-1.116318911871748
2025-02-12,-0.7470579676485207,-0.9209897811104029,-0.645285374413915,-0.8003556378890262,-0.8946225947361683
2025-02-13,-0.2639915548194526,-0.40252128478205257,-0.0946399540427824,-0.2590551226442669,-0.3396145871282859
2025-02-14,-0.9455373025988711,-1.115308144669339,-0.8554322181612986,-1.0113791274502704,-1.106333782313227
2025-02-17,-0.7844816311275244,-0.9518682440912958,-0.695283132214713,-0.8540771537380883,-0.9501084404787183
2025-02-18,-0.7192526734273731,-0.9058210931322058,-0.6603132899329651,-0.8195998196224903,-0.9158690799292866
2025-02-19,-0.2433080460809914,-0.36480912002370275,-0.08561167413297123,-0.26529883467047966,-0.34546580733196874
2025-02-20,-0.9291588415466988,-1.126289192846485,-0.8981595305517727,-1.0652975167423506,-1.163190312273935
2025-02-21,-0.68219846381251,-0.8781049646793905,-0.6139942191028324,-0.7783824902489991,-0.8653418291375706
2025-02-24,-0.4615291224281832,-0.6278645653921188,-0.3673897821360467,-0.5398062839655482,-0.6172830230703934
2025-02-25,-0.8993167459697926,-1.0782294721586267,-0.8422607985758075,-1.0069459396213305,-1.0896061188414128
2025-02-26,-0.05073902150352955,-0.19632943684393014,0.08175427529908745,-0.09074138404648707,-0.15608094368430853
2025-02-27,-0.6384111310199417,-0.8270366815909977,-0.6580958641968582,-0.7443980605504165,-0.8150463567480525
2025-02-28,-0.7150071543822084,-0.890711129026098,-1.0242075950588847,-0.817059668677332,-0.8917967846777713
2025-03-03,-0.3800590957364515,-0.560691567880882,-0.7016933723890673,-0.4845829376058506,-0.5523144176320605
2025-03-04,2.216489769812183,2.106110695099827,2.0780963106794763,2.2437426575506114,2.197835994810516
2025-03-05,1.3375315310776037,1.245627303500555,1.1874532083135747,1.319798593172411,1.2752524494659254
2025-03-06,-0.19839045517417467,-0.38510236016168725,-0.5298858092265388,-0.35578476574071305,-0.4268132484376242
2025-03-07,-0.17552892779846213,-0.3682499111226288,-0.5041301634155169,-0.3317854271463689,-0.4106019139491161
2025-03-10,0.27439665310024747,0.10456383011960992,-0.014672451962031301,0.15986506917459614,0.0882815934903931
2025-03-11,0.33459024303268864,0.17878100620279846,0.07548079929783012,0.24575685794113528,0.16864948856112705
2025-03-12,0.29970723627513524,0.11339859451211705,0.0187701205380278,0.1793962233839802,0.10369591573078782
2025-03-13,-0.26610458016413485,-0.47949815257940037,-0.6112959278677275,-0.4579836980989725,-0.555306444096886
2025-03-14,0.2068531890662501,0.04319247468618668,-0.05157128969344804,0.09975700027870185,-0.0009092788078397866
2025-03-17,-0.2473227555900295,-0.43223484241884846,-0.5567738952147987,-0.40412172238167837,-0.506255224096589
2025-03-18,-0.25516507631870483,-0.3927938109127594,-0.5064367084413355,-0.35345859932421797,-0.449077856952127
2025-03-19,-0.5385884918734457,-0.668369932148087,-0.82088686555797,-0.6508938395507283,-0.7531389639262998
2025-03-20,-0.4376296770906249,-0.5474648853666105,-0.6951734662653789,-0.5163405037202806,-0.6226463013379903
2025-03-21,-0.3020686063390545,-0.39746918479514737,-0.5472286513202201,-0.3660834658109489,-0.4711416241451575
2025-03-24,-0.4904314346550921,-0.58260088560472,-0.7491071295077927,-0.5600547848892606,-0.668272322304474
2025-03-25,-0.47473763040639294,-0.5404474429069612,-0.7036792041521133,-0.5061197327859919,-0.6143463473222576
2025-03-26,-0.43740864864319706,-0.47735369712236114,-0.6550903401462604,-0.4597916456265689,-0.5624949974933583
2025-03-27,-0.6148724032534445,-0.6564312603496028,-0.8405713931083049,-0.638548526808413,-0.7438537563037587
2025-03-28,-0.22925877417646173,-0.2188149512098565,-0.38213019254807074,-0.1746296816576602,-0.2782832081718531
2025-03-31,0.8437061708463999,0.8674316997389597,0.7618815936108277,0.9298777260591532,0.8266586926558512
2025-04-01,-0.14365073514170157,-0.17354823843997777,-0.3429513775276404,-0.16332390132726338,-0.282825427923388
2025-04-02,-0.4060963296200374,-0.486751442546393,-0.6485260223286525,-0.46667285481526255,-0.5896185928505255
2025-04-03,1.932138930149073,1.9150843918445213,1.8345386255712817,1.9396186322473887,1.8531366887326888
2025-04-04,4.909455099626089,5.034020112881165,5.176568828611305,5.070044446380099,5.062928030535574
2025-04-07,4.427508795811798,4.493165588387995,4.541148374452669,4.429960596772375,4.38086063347681
2025-04-08,4.120313938584823,4.180061485511886,4.220925038971315,4.103347893153014,4.063460518460861
2025-04-09,4.188112157718028,4.1475639533940285,4.1666487097651395,4.046260990921982,4.005637529765473
2025-04-10,4.4531664693522615,4.502030424456307,4.556888845781814,4.454898448397604,4.416001071833438
2025-04-11,1.3621770595281357,1.1808429721935556,1.029826651541157,0.9854971820354212,0.8858015527016976
2025-04-14,3.367724771200257,3.3366576208174576,3.3169567625437186,3.235414469441884,3.176998343523922
2025-04-15,2.322653308659078,2.2254827633754934,2.1376117713107834,2.078705974500613,1.9962541099368094
2025-04-16,1.1550372709591255,0.9775923183758327,0.8067119221309513,0.7669223070108413,0.6622893579578308
2025-04-17,1.1846074358726157,1.0068671390279071,0.8376337286549608,0.7976354242098722,0.6912755974458145
2025-04-18,0.9646410979254783,0.787946423714939,0.5981535000124549,0.5642696311457613,0.4528796309219243
2025-04-21,0.9696626537552603,0.792173435799504,0.6040839191188184,0.5700591190861148,0.45912539936205965
2025-04-22,1.4024018685524442,1.2602231050985329,1.1025349473474515,1.0697041476149156,0.9660812327250281
2025-04-23,2.1887968894119645,2.1010314510769326,1.994906366476337,1.9459009188578633,1.8620960580009074
2025-04-24,1.1702582611708532,1.0250988918471788,0.8472540980494285,0.8120272312812282,0.7092769604386225
2025-04-25,1.2680083452608546,1.1239573394332447,0.9534299093206346,0.9167212364839674,0.8119522519696315
2025-04-28,1.1481851368602203,0.9961611188460415,0.8155637457375694,0.7798166259415028,0.6757495905769076
2025-04-29,1.4061689188673876,1.2705638780878374,1.1123043236434458,1.0734907963314848,0.9746857690449976
2025-04-30,1.332447033591455,1.1854648578410525,1.023399027462152,0.9906732519219683,0.8873154211155547
2025-05-01,0.9638234381603611,0.7857084189267153,0.59682018388331,0.5646164540919466,0.4538260700740261
2025-05-02,2.055967615851013,1.9609874420454025,1.8495625502056467,1.8009594551289734,1.7169541487032023
2025-05-05,1.3510289893393956,1.2224171907833612,1.0720407049161464,1.0318784127982754,0.9349538711938894
2025-05-06,1.1842793619682483,1.0473812455130713,0.885701212908427,0.8486210984756513,0.7479382932591835
2025-05-07,1.249496490306153,1.1254277153953516,0.9592434294160497,0.9244074503094623,0.8230386471895675
2025-05-08,1.2703741232104337,1.1594665297702813,0.9931753015367147,0.944259024803162,0.8577694408238441
2025-05-09,1.406707701257982,1.3038522931827818,1.1452639104784486,1.0815212258639932,1.0110757243067416
2025-05-12,1.790899502743839,1.7088654503475438,1.5838434678845386,1.5210434170029161,1.4504943843091773
2025-05-13,1.10885659071019,0.9589379096267474,0.7894993654642423,0.734253867885421,0.653874854598288
2025-05-14,1.1396378213580738,0.9891709267714213,0.8273191841895684,0.76700804051568,0.6903396163817139
2025-05-15,1.3189887387457273,1.1957340141710298,1.0451979995433593,0.9832866023930372,0.9135350786651858
2025-05-16,1.365598921910234,1.2461852372258446,1.1054229491845036,1.0472109747708167,0.9770555225978234
2025-05-19,1.2616124861901397,1.1373865050484813,0.9985805123931413,0.9378123182007494,0.869471552640481
2025-05-20,1.2394509368055528,1.1066364131421087,0.9710615029912931,0.913223221999401,0.8444961964444574
2025-05-21,1.0994675058731394,0.9614485382772285,0.8112316587842624,0.7603405575830707,0.6870610439223106
2025-05-22,1.2261128485264432,1.08849327693927,0.9489119151196861,0.8992675256801251,0.8258634867084114
2025-05-23,1.4472612719360123,1.315371826952444,1.1908122865042625,1.1377019797122083,1.0710731638840476
2025-05-26,1.5206804695620282,1.4025120476923567,1.2843508272081698,1.2316523748066932,1.1678700621899853
2025-05-27,1.2026917509413422,1.0611804446283817,0.9207665147476899,0.8702762022935057,0.8025933669061639
2025-05-28,1.1150664890762925,0.9861353254805667,0.8438361530928948,0.7887262918351631,0.7274240432189005
2025-05-29,1.016093184994001,0.8880139651727044,0.7402635084874419,0.6857096272163871,0.6253547775229664
2025-05-30,1.033453074677728,0.9191607916836039,0.7752189000600597,0.7190207733738371,0.6614680407607608
2025-06-02,1.0524933795842748,0.8985332745306611,0.7539091959724863,0.6972055808631015,0.6399653200035587
2025-06-03,0.978993235819112,0.8589833409133704,0.7181707741065039,0.6511248196810392,0.5927098434235188
2025-06-04,1.0844060388952377,0.971269961904468,0.83460636138448,0.7660388883355281,0.7092780155587334
2025-06-05,1.0838618666910582,0.9561496647503755,0.8188296615872768,0.7489128455753984,0.6936356862729265
2025-06-06,1.0360238634236631,0.8804038033969089,0.7465108634740958,0.6770326319418057,0.6225846739727318
2025-06-09,0.9943286174163096,0.8222313047408341,0.689340992616576,0.613931078985951,0.5575208294869723
2025-06-10,1.2023565037579347,1.0463365980690473,0.9314274114510361,0.8562645016812203,0.8039593407603012
2025-06-11,1.054157034877125,0.8765004630399262,0.7476904510355392,0.6726238975330722,0.6169298131036187
2025-06-12,1.1115316711287027,0.9413889271537306,0.8151565692812351,0.738198393311212,0.6818914170810388
2025-06-13,1.3680737723657799,1.198418008199547,1.112655502659895,1.0325589535402855,0.982285094598282
2025-07-02,1.200417399302894,1.0155531605428905,0.9235276233353857,0.8416796595229143,0.7878911651606877
2025-07-03,1.2446156092165963,1.0663712070541156,0.9747980060554996,0.8897289423868578,0.8386845510271853
2025-07-04,1.132169971738369,0.9306363594983003,0.8283479493244398,0.7436819703155727,0.690011428209566
2025-07-07,1.0923219449795396,0.8877589780702346,0.7864423726051677,0.7001118372541191,0.6446603648098697
2025-07-08,1.124053426712427,0.9231284669825728,0.8180305361732042,0.7364411874485247,0.6819496198905288
2025-07-09,1.2807806367151962,1.0992358216653406,1.004157721441937,0.9216157042815123,0.8706342916746466
2025-07-10,1.2238624991000397,1.0292048698173828,0.9251394214970556,0.8441563130650587,0.791711639225652
2025-07-11,1.2737019085647618,1.1854024133767445,1.0922950911909002,1.0080815318168748,0.957663920622658
2025-07-14,0.7099443867671599,0.8762432165640184,0.7583133142958134,0.6794515029693524,0.6213572335463002
2025-07-15,0.3975568683010936,0.707245816623705,0.5944416749399706,0.5087027135088048,0.45141637440570087
2025-07-16,0.3389007663176685,0.6897957029384079,0.5957199836439419,0.5097706497650139,0.4521176333184946
2025-07-17,0.20271131106003087,0.6848173886693631,0.5997745942398357,0.5116004830756433,0.4577575273371655
2025-07-18,-0.28450394567206094,0.2305922767695873,0.1296175177609279,0.04306578461745388,-0.023635903524618567
2025-07-21,-0.5271355118271764,-0.053775846317340226,-0.14455048682273397,-0.2365487398006994,-0.311259357364748
2025-07-22,-0.4341435767601863,0.1439312732545669,0.0656981459821449,-0.026099790751341837,-0.09815586708627691
2025-07-23,-0.5989444103721777,0.026594832971682976,-0.04900150897683304,-0.14082360150993278,-0.21449874830258142
2025-07-24,-0.7286826049074714,-0.09516394679990964,-0.1854450859772306,-0.27130700762436294,-0.3476057284420782
2025-07-25,-0.8952204190570504,-0.26328374478393,-0.3615256052180638,-0.44592291379762605,-0.522548790005076
2025-07-28,-0.8317121209314845,-0.148453935164396,-0.24489028759786152,-0.32987400479625845,-0.4044730946562129
2025-07-29,-0.8586789513994586,-0.06493573667863602,-0.15618579756251194,-0.24365983106556885,-0.31764491732856903
2025-07-30,-0.8723886543626966,-0.09838530798804086,-0.19099247118715712,-0.2767566728190496,-0.3550480258886201
2025-07-31,-1.0251275353548004,-0.06349079893539421,-0.1534009665180333,-0.2380977125512317,-0.3145031209926408
2025-08-01,0.12520173891436023,1.0053704558449295,0.987210703407677,0.8802171277784872,0.8292832097162005
2025-08-04,-0.6415734358459294,0.2477967496871329,0.17680148444255386,0.08019286239233826,0.0014223234648528024
2025-08-05,-1.0041230870150837,-0.1594695496587705,-0.2593849638499738,-0.35023935642620907,-0.4589222361681358
2025-08-06,-0.9792296552179244,-0.12425392543076526,-0.2220814313612201,-0.3055125458101495,-0.4062195846710297
2025-08-07,-0.5774111031019294,0.3014216882200277,0.21487717579900759,0.1314734700370536,0.0346350605405494
2025-08-08,-1.0024299835955266,-0.10509651088335478,-0.21776176095478125,-0.2903740070650446,-0.398153212163458
2025-08-11,-1.1790249070132945,-0.1392730325954246,-0.24469270868568666,-0.3224658362406884,-0.4283936807026292
2025-08-12,-1.2366105632069198,-0.21613558063880647,-0.3313822307976232,-0.40565600941759217,-0.5106483007326899
2025-08-13,-1.095543290140325,-0.08451949306832349,-0.21240599684024494,-0.28590273442071057,-0.3935518565298295
2025-08-14,-1.059678538998055,-0.051176200626815334,-0.17911981152729758,-0.2470808782257663,-0.35276167733298164
2025-08-15,-1.1847842226364267,-0.18560192486263433,-0.3241592392408559,-0.3959788544376062,-0.49869156630697103
2025-08-18,-1.0600169040760048,-0.03631965111967386,-0.16731109027550328,-0.24016132675639354,-0.33931060969069193
2025-08-19,-0.9722985974469831,0.045794849823294514,-0.08398061524749705,-0.15666849640568212,-0.254790932788742
2025-08-20,-1.1384814243761803,-0.14818687012076384,-0.28348083073351804,-0.35627236104292204,-0.4582694630293422
2025-08-21,-1.1884878841555269,-0.19416101267842006,-0.33262520366334036,-0.41065852839352285,-0.5139089633487411
2025-08-22,-0.8295524337405127,0.13491481015338094,0.026452287073937847,-0.05551573898334438,-0.15764283186165085
2025-08-25,-1.1525438136754609,-0.143365449895428,-0.26905649619521355,-0.34620896166626136,-0.45442503609370183
2025-08-26,-0.9866112306373012,-0.0019413325743241959,-0.11781102173807041,-0.19532561127020592,-0.30194881731372764
2025-08-27,-1.0513012722418458,-0.07809495993672223,-0.20622041155010556,-0.2825747205929643,-0.39119992794852987
2025-08-28,-1.110807565136443,-0.1565692277081719,-0.2871194830369873,-0.3538877263613212,-0.4745431779356115
2025-08-29,-0.9968527960024546,-0.02503441068066182,-0.14516946589287563,-0.21489759791962937,-0.3341301280890321
2025-09-01,-1.1456654721482689,-0.15958622182110088,-0.2896251586331911,-0.35796239221361886,-0.48107329650284025
2025-09-02,-0.43523533362989114,0.49075217199804577,0.39610082860907175,0.3277538807957684,0.21750674726480584
2025-09-03,-0.9852426060548369,-0.05589223271573156,-0.18634322200347586,-0.24488957882188353,-0.3717420222296213
2025-09-04,-1.0104594614360103,-0.07089994226308328,-0.20236216171262875,-0.2610946765245783,-0.38741344802593813
2025-09-05,-1.0342098106841549,-0.16145699843669395,-0.22414041944265697,-0.28448077136545186,-0.4113456703139107
2025-09-08,-0.9867788662492707,-0.4843460140744411,-0.20246349713804643,-0.2613928618925782,-0.39058965656242073
2025-09-09,-1.1205737574357548,-0.6717460755981287,-0.37533219854684524,-0.4180130314357854,-0.5513500653124357
2025-09-10,-1.0584931829725361,-0.6660073139828737,-0.2651294947125114,-0.30627420391208227,-0.44061470566751826
2025-09-11,-1.1029688239084692,-0.8122489790757922,-0.3029374670511988,-0.3427955754190044,-0.4798125881834174
2025-09-12,-1.160557918160857,-0.9531663509259996,-0.37773421495786913,-0.4183203330537498,-0.5590654260462126
2025-09-15,-1.1252019506758124,-0.8873962935016099,-0.3192076099594076,-0.35603395300809026,-0.49689861703953386
2025-09-16,-0.7817641075610107,-0.6085646103906301,0.06731273561389703,0.023870925585413833,-0.1047408716652857
2025-09-17,-1.0940243328681416,-1.044464015497846,-0.32041910031824933,-0.36548026442887976,-0.5008797393413952
2025-09-18,-0.9189603899707632,-0.8216404068924297,-0.08028471158036833,-0.13153227638421108,-0.2614332280937292
2025-09-19,-1.162050298269815,-1.0863722900966246,-0.3672208675999943,-0.4106330835054947,-0.5481771720974479
2025-09-22,-1.152143501278616,-1.0711277988960557,-0.3153668715365211,-0.36214072194183733,-0.4965723539768579
2025-09-23,-1.021913042279701,-0.9705682192393951,-0.16435178747201637,-0.21047031092531485,-0.348974568515878
2025-09-24,-1.1206143924217504,-1.1118623783427513,-0.3222857391830113,-0.3637654704964173,-0.5016591853861957
2025-09-25,-1.0523918887069623,-1.1368982422529064,-0.2592981596647816,-0.3041565336493624,-0.44288776628656346
2025-09-26,-0.9756112547475014,-1.045996495029298,-0.17544994649218043,-0.2213815624393102,-0.3573266833608022
2025-09-29,-1.0027487529377268,-1.103564702468331,-0.2421931110286757,-0.2859352945043537,-0.42810565485479046
2025-09-30,-1.1009827730654966,-1.175471244228422,-0.30764636952103014,-0.34888365032759244,-0.4882006374917482
2025-10-01,-0.785066944649833,-0.8822475191708536,-0.003622948752396415,-0.05143394391982073,-0.18761709169198734
2025-10-02,-1.0992832814241578,-1.1547550114887883,-0.27271987503805173,-0.32435623613605036,-0.4620860315839677
2025-10-03,-1.0746819588342624,-1.1842035677606215,-0.26311800858168044,-0.31351609659944285,-0.4503988046096762
2025-10-06,-1.0690980516756876,-1.2501378645684202,-0.2351728081232053,-0.28916293698112144,-0.4249741177071826
2025-10-07,-1.0778547997496895,-1.26535738238452,-0.2454613132775497,-0.30142053084240067,-0.44006945788246277
2025-10-08,-1.03960483194933,-1.1935544729875103,-0.18291927990398205,-0.23917323608576233,-0.37392607172487385
2025-10-09,-1.129240925241652,-1.284022169033195,-0.275546601496568,-0.33129866034395816,-0.46909359364240916
2025-10-10,-0.7805069447841327,-0.9203060628172985,0.09894094310812127,0.042817255136686536,-0.09553177475665572
2025-10-13,-1.0866854901197167,-1.2341211542407793,-0.22339105763454278,-0.2781871184876072,-0.4252768548679867
2025-10-14,-1.138735492849635,-1.3074829795441207,-0.28334114280230605,-0.3396240861814062,-0.486499594262168
2025-10-15,-1.053803904961279,-1.2212564334697775,-0.19403071836244198,-0.24979361973471095,-0.3885408232667173
