date,lambda1_scaled,density
2017-03-24,0.5069117242150047,0.42105263157894735
2017-03-27,0.5038112364362334,0.4269005847953216
2017-03-28,0.5074712277033643,0.43859649122807015
2017-03-29,0.5080748361730932,0.43859649122807015
2017-03-30,0.5096909071319438,0.4502923976608187
2017-03-31,0.5037271967696263,0.4269005847953216
2017-04-03,0.4988425402114875,0.39766081871345027
2017-04-04,0.5007672582246661,0.4093567251461988
2017-04-05,0.4983228726268257,0.39766081871345027
2017-04-06,0.4986346606083793,0.4093567251461988
2017-04-07,0.49999110474204084,0.4152046783625731
2017-04-10,0.49495029579178546,0.40350877192982454
2017-04-11,0.4973100181871739,0.4152046783625731
2017-04-12,0.4962050084354354,0.4093567251461988
2017-04-13,0.4987264217207718,0.4093567251461988
2017-04-14,0.5009055111911103,0.4093567251461988
2017-04-17,0.4969121021122092,0.39766081871345027
2017-04-18,0.5103473733632264,0.43859649122807015
2017-04-19,0.4994719540494633,0.4093567251461988
2017-04-20,0.49713432361940385,0.391812865497076
2017-04-21,0.49976503531331057,0.39766081871345027
2017-04-24,0.5264634086572378,0.4444444444444444
2017-04-25,0.5251997411123881,0.4502923976608187
2017-04-26,0.5228723333379411,0.42105263157894735
2017-04-27,0.5266603183532004,0.43859649122807015
2017-04-28,0.5237048030224477,0.43859649122807015
2017-05-01,0.5207722481199487,0.43859649122807015
2017-05-02,0.5240652419905603,0.45614035087719296
2017-05-03,0.5225814472867855,0.4502923976608187
2017-05-04,0.5206492023180118,0.4502923976608187
2017-05-05,0.5278327907943142,0.4502923976608187
2017-05-08,0.52413644688292,0.43859649122807015
2017-05-09,0.5237761193983373,0.4502923976608187
2017-05-10,0.524717971587868,0.4502923976608187
2017-05-11,0.5244730047898982,0.43859649122807015
2017-05-12,0.5259704148359771,0.4444444444444444
2017-05-15,0.5267879948780325,0.4502923976608187
2017-05-16,0.5235970617661367,0.4152046783625731
2017-05-17,0.5340996637594145,0.4269005847953216
2017-05-18,0.5373167739857773,0.43859649122807015
2017-05-19,0.5327828960648968,0.4269005847953216
2017-05-22,0.5307181345133117,0.4269005847953216
2017-05-23,0.527619962267931,0.4093567251461988
2017-05-24,0.5010144780128298,0.391812865497076
2017-05-25,0.5017804546078024,0.391812865497076
2017-05-26,0.5059222932617932,0.391812865497076
2017-05-29,0.5022780359082122,0.391812865497076
2017-05-30,0.49961128880380473,0.38596491228070173
2017-05-31,0.4985804612393427,0.38011695906432746
2017-06-01,0.5030180098246629,0.38596491228070173
2017-06-02,0.5025292928029451,0.38011695906432746
2017-06-05,0.5043185423915517,0.38596491228070173
2017-06-06,0.49774961500802656,0.3742690058479532
2017-06-07,0.4968385349776644,0.3742690058479532
2017-06-08,0.4899788127806481,0.3684210526315789
2017-06-09,0.48935619001238717,0.3684210526315789
2017-06-12,0.49318403902221064,0.38011695906432746
2017-06-13,0.49132609047122694,0.3742690058479532
2017-06-14,0.48824289420426564,0.3567251461988304
2017-06-15,0.4917265896620155,0.3684210526315789
2017-06-16,0.49054003914023225,0.3742690058479532
2017-06-19,0.4953288995248308,0.38596491228070173
2017-06-20,0.4952427088810504,0.38596491228070173
2017-06-21,0.49393958859203835,0.38596491228070173
2017-06-22,0.4955173933216592,0.38596491228070173
2017-06-23,0.4995860040862451,0.391812865497076
2017-06-26,0.5020291419267087,0.39766081871345027
2017-06-27,0.5019424097710861,0.391812865497076
2017-06-28,0.5027310443507963,0.38596491228070173
2017-06-29,0.5108553758548126,0.391812865497076
2017-06-30,0.5098961674005448,0.391812865497076
2017-07-03,0.514940263801269,0.39766081871345027
2017-07-04,0.5132052354745569,0.39766081871345027
2017-07-05,0.512698737120199,0.38596491228070173
2017-07-06,0.5124423523743951,0.38596491228070173
2017-07-07,0.5112215717388782,0.38596491228070173
2017-07-10,0.512705183087262,0.38596491228070173
2017-07-11,0.5093252837817471,0.391812865497076
2017-07-12,0.5196807262391527,0.39766081871345027
2017-07-13,0.5210212881029486,0.40350877192982454
2017-07-14,0.5209095906758943,0.39766081871345027
2017-07-17,0.4753205839072888,0.3391812865497076
2017-07-18,0.47758263035552156,0.3391812865497076
2017-07-19,0.47688492501524754,0.3391812865497076
2017-07-20,0.47082032423914066,0.3333333333333333
2017-07-21,0.48027664476154747,0.36257309941520466
2017-07-24,0.47745320846813266,0.36257309941520466
2017-07-25,0.4684064878257792,0.3567251461988304
2017-07-26,0.4713425465217697,0.3684210526315789
2017-07-27,0.46584207069204164,0.3567251461988304
2017-07-28,0.4618190652556258,0.3508771929824561
2017-07-31,0.4617073971081929,0.34502923976608185
2017-08-01,0.46386552355888094,0.3508771929824561
2017-08-02,0.4653792089463414,0.3508771929824561
2017-08-03,0.46675366260223833,0.3508771929824561
2017-08-04,0.4722381747688782,0.3567251461988304
2017-08-07,0.47188189027960376,0.3684210526315789
2017-08-08,0.47518019272914797,0.3742690058479532
2017-08-09,0.4700684630823144,0.3567251461988304
2017-08-10,0.4720388841084565,0.3508771929824561
2017-08-11,0.4685513524986092,0.3333333333333333
2017-08-14,0.48436808612059434,0.3684210526315789
2017-08-15,0.48535928681506846,0.3684210526315789
2017-08-16,0.49270596806669975,0.38596491228070173
2017-08-17,0.49611369940875466,0.40350877192982454
2017-08-18,0.5008272896751707,0.40350877192982454
2017-08-21,0.5030793514339372,0.40350877192982454
2017-08-22,0.5106190232907398,0.42105263157894735
2017-08-23,0.5127102278032093,0.4327485380116959
2017-08-24,0.5114026799194115,0.4269005847953216
2017-08-25,0.5105014487285258,0.4327485380116959
2017-08-28,0.508218732337134,0.43859649122807015
2017-08-29,0.5230136750116031,0.4444444444444444
2017-08-30,0.5263055131976376,0.4444444444444444
2017-08-31,0.5332562886791107,0.4502923976608187
2017-09-01,0.5330769768992557,0.45614035087719296
2017-09-04,0.5356045466426247,0.45614035087719296
2017-09-05,0.5343606002506626,0.45614035087719296
2017-09-06,0.5347453673764498,0.45614035087719296
2017-09-07,0.5293043137761283,0.4502923976608187
2017-09-08,0.5295176806256001,0.4502923976608187
2017-09-11,0.5290063580539306,0.45614035087719296
2017-09-12,0.5293216933231734,0.4502923976608187
2017-09-13,0.5317666970857053,0.4502923976608187
2017-09-14,0.5288060213333862,0.4502923976608187
2017-09-15,0.5307580773870523,0.4502923976608187
2017-09-18,0.5288130990237229,0.4502923976608187
2017-09-19,0.5296305237829448,0.4502923976608187
2017-09-20,0.5324966031526772,0.4502923976608187
2017-09-21,0.5238917627629052,0.45614035087719296
2017-09-22,0.5249406751118125,0.4502923976608187
2017-09-25,0.5161009741583172,0.4502923976608187
2017-09-26,0.5162731658449328,0.4502923976608187
2017-09-27,0.5161372167194902,0.45614035087719296
2017-09-28,0.5171009542625054,0.45614035087719296
2017-09-29,0.519426482369925,0.45614035087719296
2017-10-02,0.5125538139961155,0.4502923976608187
2017-10-03,0.5119209266054191,0.4502923976608187
2017-10-04,0.491500244799822,0.43859649122807015
2017-10-05,0.48966854967349493,0.4269005847953216
2017-10-06,0.48930334936392716,0.4327485380116959
2017-10-09,0.4903006675727068,0.4327485380116959
2017-10-10,0.4866194330712097,0.4327485380116959
2017-10-11,0.4873873977729664,0.4327485380116959
2017-10-12,0.49090517365085234,0.4444444444444444
2017-10-13,0.48085511202069403,0.42105263157894735
2017-10-16,0.4826048354931285,0.4269005847953216
2017-10-17,0.48988687022322885,0.4269005847953216
2017-10-18,0.48964800210174064,0.4269005847953216
2017-10-19,0.4972563386935954,0.4327485380116959
2017-10-20,0.49016443821864913,0.42105263157894735
2017-10-23,0.49011565970332144,0.42105263157894735
2017-10-24,0.4824982230342231,0.4093567251461988
2017-10-25,0.47841198558596215,0.39766081871345027
2017-10-26,0.46298938738759826,0.36257309941520466
2017-10-27,0.45424520064182944,0.34502923976608185
2017-10-30,0.451137725170217,0.32748538011695905
2017-10-31,0.4475068838255414,0.3157894736842105
2017-11-01,0.4377511592554515,0.2982456140350877
2017-11-02,0.4247979005931601,0.2807017543859649
2017-11-03,0.4046290214968278,0.23976608187134502
2017-11-06,0.38795817222636586,0.19883040935672514
2017-11-07,0.3956621578678304,0.2046783625730994
2017-11-08,0.38577161406624727,0.19298245614035087
2017-11-09,0.3915079403855206,0.19298245614035087
2017-11-10,0.3885585584719675,0.18128654970760233
2017-11-13,0.3939673732751539,0.18128654970760233
2017-11-14,0.38536656015468296,0.18128654970760233
2017-11-15,0.3900610140726413,0.19298245614035087
2017-11-16,0.3909109874947525,0.2046783625730994
2017-11-17,0.3896875068565095,0.2046783625730994
2017-11-20,0.3923829433376369,0.19883040935672514
2017-11-21,0.3727141809607391,0.16374269005847952
2017-11-22,0.3646039306414465,0.15789473684210525
2017-11-23,0.35758053263566486,0.14619883040935672
2017-11-24,0.35068708491711326,0.14619883040935672
2017-11-27,0.3487146894408064,0.14619883040935672
2017-11-28,0.3513529896456936,0.14619883040935672
2017-11-29,0.34880700075961274,0.14035087719298245
2017-11-30,0.3522372195071223,0.14035087719298245
2017-12-04,0.3624778996734104,0.15789473684210525
2017-12-05,0.34389634998717816,0.1286549707602339
2017-12-06,0.34181992720314985,0.1286549707602339
2017-12-07,0.34146950586100716,0.13450292397660818
2017-12-08,0.3474086733289904,0.14619883040935672
2017-12-11,0.34073495008221566,0.13450292397660818
2017-12-12,0.3408645868223874,0.13450292397660818
2017-12-13,0.34190076173821293,0.13450292397660818
2017-12-14,0.34507129549802346,0.14035087719298245
2017-12-15,0.34336417564996446,0.13450292397660818
2017-12-18,0.3635141088105105,0.16374269005847952
2017-12-19,0.3625068072985979,0.15204678362573099
2017-12-20,0.36569483244546097,0.15789473684210525
2017-12-21,0.3674217642179981,0.1695906432748538
2017-12-22,0.3667302452592695,0.1695906432748538
2017-12-25,0.36357089206688475,0.1695906432748538
2017-12-26,0.3651724628858778,0.1695906432748538
2017-12-27,0.36387340764802406,0.16374269005847952
2017-12-28,0.36693975794571965,0.1695906432748538
2017-12-29,0.36559265847406325,0.15789473684210525
2018-01-01,0.3654630634119086,0.15789473684210525
2018-01-02,0.3635767547062153,0.15789473684210525
2018-01-03,0.3702125665060559,0.15789473684210525
2018-01-04,0.39766492107953194,0.19298245614035087
2018-01-05,0.40136787008057123,0.19298245614035087
2018-01-08,0.40252714288334945,0.19883040935672514
2018-01-09,0.4019244744416803,0.2046783625730994
2018-01-10,0.3976699549989891,0.19298245614035087
2018-01-11,0.3952031364182787,0.19298245614035087
2018-01-12,0.39302792023043576,0.1871345029239766
2018-01-15,0.39466346545355624,0.1871345029239766
2018-01-16,0.3946846612855845,0.19298245614035087
2018-01-17,0.3964017174806978,0.19298245614035087
2018-01-18,0.39536424355675126,0.19883040935672514
2018-01-19,0.41063488279613003,0.23976608187134502
2018-01-22,0.4178196756066698,0.2573099415204678
2018-01-23,0.4239849576512998,0.26900584795321636
2018-01-24,0.4345641368965886,0.26900584795321636
2018-01-25,0.4369549262717527,0.26900584795321636
2018-01-26,0.43946283177000384,0.30409356725146197
2018-01-29,0.44665448570549937,0.2982456140350877
2018-01-30,0.46379179344142757,0.34502923976608185
2018-01-31,0.46340227047621224,0.34502923976608185
2018-02-01,0.44987201753680195,0.3157894736842105
2018-02-02,0.460859602778569,0.34502923976608185
2018-02-05,0.4786364476894599,0.3742690058479532
2018-02-06,0.5529571206916392,0.47368421052631576
2018-02-07,0.5896905659667581,0.5321637426900585
2018-02-08,0.603462624556372,0.5847953216374269
2018-02-09,0.6189690782741405,0.5964912280701754
2018-02-12,0.6295189264428448,0.6023391812865497
2018-02-13,0.6267516005240819,0.5906432748538012
2018-02-14,0.6224961844674125,0.5906432748538012
2018-02-15,0.6235490559587032,0.5906432748538012
2018-02-16,0.627766717547306,0.6081871345029239
2018-02-19,0.6297498372442003,0.6081871345029239
2018-02-20,0.6282691095043361,0.6140350877192983
2018-02-21,0.6255675924443701,0.6023391812865497
2018-02-22,0.6298804521822396,0.6374269005847953
2018-02-23,0.6278623914079325,0.6198830409356725
2018-02-26,0.6296667150775718,0.6198830409356725
2018-02-27,0.6301842111490905,0.6140350877192983
2018-02-28,0.6272596075600131,0.6140350877192983
2018-03-01,0.6326661014025601,0.6432748538011696
2018-03-02,0.6406391121925102,0.6608187134502924
2018-03-05,0.6392026368038697,0.6374269005847953
2018-03-06,0.6376110288331415,0.6432748538011696
2018-03-07,0.6382427522092655,0.6491228070175439
2018-03-08,0.6401333038352088,0.672514619883041
2018-03-09,0.6416182215629064,0.672514619883041
2018-03-12,0.6406362188035881,0.6432748538011696
2018-03-13,0.6417316977297504,0.6608187134502924
2018-03-14,0.6407863671406901,0.6666666666666666
2018-03-15,0.6391384209917211,0.6608187134502924
2018-03-16,0.6366482904786144,0.6549707602339181
2018-03-19,0.6383007741202851,0.6666666666666666
2018-03-20,0.6344851745920038,0.672514619883041
2018-03-21,0.6341286552677606,0.672514619883041
2018-03-22,0.6468636501285472,0.7076023391812866
2018-03-23,0.6476319769692345,0.7076023391812866
2018-03-26,0.6459875547625623,0.7017543859649122
2018-03-27,0.6502965984765923,0.7017543859649122
2018-03-28,0.645587011311668,0.695906432748538
2018-03-29,0.6354284347706863,0.6549707602339181
2018-03-30,0.6350906558283844,0.6432748538011696
2018-04-02,0.6355010147662726,0.6549707602339181
2018-04-03,0.6306288284482029,0.6257309941520468
2018-04-04,0.6330113502543128,0.6491228070175439
2018-04-05,0.6583575751829184,0.7426900584795322
2018-04-06,0.6566128379817966,0.7368421052631579
2018-04-09,0.6527815979631203,0.7368421052631579
2018-04-10,0.6534002117881837,0.7309941520467836
2018-04-11,0.6550493361855515,0.7368421052631579
2018-04-12,0.655878936293181,0.7543859649122807
2018-04-13,0.6546088538116065,0.7543859649122807
2018-04-16,0.6526449445048942,0.7309941520467836
2018-04-17,0.6538318384130941,0.7368421052631579
2018-04-18,0.656131159260504,0.7543859649122807
2018-04-19,0.6591652222054518,0.7426900584795322
2018-04-20,0.6571936860779429,0.7485380116959064
2018-04-23,0.6579271777220767,0.7485380116959064
2018-04-24,0.6528464169368385,0.7368421052631579
2018-04-25,0.651895781003896,0.7192982456140351
2018-04-26,0.6551687814974103,0.7134502923976608
2018-04-27,0.6505930431781182,0.6842105263157895
2018-04-30,0.6472919468648112,0.6783625730994152
2018-05-01,0.6090601733290925,0.5906432748538012
2018-05-02,0.5832741865773579,0.5555555555555556
2018-05-03,0.5702077831510678,0.52046783625731
2018-05-04,0.5525754545192326,0.4678362573099415
2018-05-07,0.5428672311319067,0.47368421052631576
2018-05-08,0.5394526437133059,0.47953216374269003
2018-05-09,0.5365883851430037,0.4619883040935672
2018-05-10,0.5355716263882533,0.4619883040935672
2018-05-11,0.5268260090963148,0.4502923976608187
2018-05-14,0.519822648956751,0.4152046783625731
2018-05-15,0.5186041606318739,0.4093567251461988
2018-05-16,0.5159498636322413,0.4093567251461988
2018-05-17,0.5177892248480415,0.4093567251461988
2018-05-18,0.5190140410742574,0.4093567251461988
2018-05-21,0.5144798916673872,0.4269005847953216
2018-05-22,0.5140844676356428,0.4152046783625731
2018-05-23,0.5280048591368859,0.4444444444444444
2018-05-24,0.5226400988593097,0.4502923976608187
2018-05-25,0.5017827671310605,0.4093567251461988
2018-05-28,0.5051115223705792,0.4269005847953216
2018-05-29,0.5194567003549648,0.4327485380116959
2018-05-30,0.515599337371668,0.4327485380116959
2018-05-31,0.5093602387154311,0.4327485380116959
2018-06-01,0.5143889654829474,0.43859649122807015
2018-06-04,0.5131613144716702,0.43859649122807015
2018-06-05,0.5080918018754577,0.4269005847953216
2018-06-06,0.5074982109095467,0.4269005847953216
2018-06-07,0.5064574213299425,0.42105263157894735
2018-06-08,0.5103696478576564,0.4327485380116959
2018-06-11,0.4988841006736463,0.4152046783625731
2018-06-12,0.4995453891189962,0.4093567251461988
2018-06-13,0.5011227138325831,0.4093567251461988
2018-06-14,0.48089557949834566,0.3567251461988304
2018-06-15,0.4903387047113056,0.38596491228070173
2018-06-18,0.4902405839032556,0.39766081871345027
2018-06-19,0.48597938292884035,0.40350877192982454
2018-06-20,0.48741879265665355,0.40350877192982454
2018-06-21,0.49206949268696315,0.4093567251461988
2018-06-22,0.49231952594081035,0.4093567251461988
2018-06-25,0.5008042935330235,0.4152046783625731
2018-06-26,0.5049904422784832,0.4269005847953216
2018-06-27,0.5059952459682583,0.4269005847953216
2018-06-28,0.4700053527318309,0.3742690058479532
2018-06-29,0.4712169453528105,0.36257309941520466
2018-07-02,0.48155910995585577,0.38011695906432746
2018-07-03,0.47991279519786767,0.38596491228070173
2018-07-04,0.47539237690618075,0.38596491228070173
2018-07-05,0.4727953863468601,0.38596491228070173
2018-07-06,0.4718076340287675,0.38011695906432746
2018-07-09,0.47588685964485206,0.38596491228070173
2018-07-10,0.4752163767320803,0.38011695906432746
2018-07-11,0.48215649645681663,0.38011695906432746
2018-07-12,0.48121102813293587,0.3684210526315789
2018-07-13,0.4802509182337349,0.3684210526315789
2018-07-16,0.4784360099036526,0.3684210526315789
2018-07-17,0.47953017182070756,0.3684210526315789
2018-07-18,0.4767048621565813,0.3567251461988304
2018-07-19,0.47313274980595493,0.36257309941520466
2018-07-20,0.47079511140751723,0.3684210526315789
2018-07-23,0.4695289294200988,0.3684210526315789
2018-07-24,0.4718967656801105,0.3508771929824561
2018-07-25,0.47309544553056343,0.3567251461988304
2018-07-26,0.47140955113153227,0.3333333333333333
2018-07-27,0.4744183160713663,0.3391812865497076
2018-07-30,0.4754110365000594,0.3333333333333333
2018-07-31,0.47744914002469924,0.3567251461988304
2018-08-01,0.47618221836229163,0.34502923976608185
2018-08-02,0.4804421851105956,0.3567251461988304
2018-08-03,0.48542222060682577,0.36257309941520466
2018-08-06,0.48945535155110587,0.38011695906432746
2018-08-07,0.4939789119418859,0.38011695906432746
2018-08-08,0.4948953958408245,0.391812865497076
2018-08-09,0.4910594912240673,0.38011695906432746
2018-08-10,0.5068237693687747,0.42105263157894735
2018-08-13,0.5111470933731476,0.42105263157894735
2018-08-14,0.5113805788463353,0.4269005847953216
2018-08-15,0.5019099442708674,0.4093567251461988
2018-08-16,0.4984015552456763,0.38596491228070173
2018-08-17,0.5007320089137011,0.40350877192982454
2018-08-20,0.503917785596547,0.38596491228070173
2018-08-21,0.49039892298118426,0.38011695906432746
2018-08-22,0.4925208997643211,0.38011695906432746
2018-08-23,0.49643154394491884,0.391812865497076
2018-08-24,0.4893450021260626,0.3742690058479532
2018-08-27,0.49532446195564434,0.39766081871345027
2018-08-28,0.4974063573010531,0.39766081871345027
2018-08-29,0.49764556010824745,0.39766081871345027
2018-08-30,0.5017853669582032,0.4093567251461988
2018-08-31,0.5072161450755691,0.4093567251461988
2018-09-03,0.510300330435768,0.4269005847953216
2018-09-04,0.5097557989136172,0.4327485380116959
2018-09-05,0.5175389072764182,0.4327485380116959
2018-09-06,0.5143837442751638,0.4327485380116959
2018-09-07,0.506508049840576,0.4152046783625731
2018-09-10,0.5058418176837506,0.391812865497076
2018-09-11,0.5023429475165889,0.391812865497076
2018-09-12,0.5011468886379131,0.38596491228070173
2018-09-13,0.49792521150564784,0.38596491228070173
2018-09-14,0.49603673200260934,0.38596491228070173
2018-09-17,0.4794238697941958,0.3684210526315789
2018-09-18,0.4822707754638779,0.3508771929824561
2018-09-19,0.47990060057137696,0.3508771929824561
2018-09-20,0.47161730796818513,0.3216374269005848
2018-09-21,0.4637611048887496,0.3157894736842105
2018-09-24,0.4489294880846386,0.2982456140350877
2018-09-25,0.4482766212061442,0.29239766081871343
2018-09-26,0.4525227622143837,0.29239766081871343
2018-09-27,0.45419469485552233,0.26900584795321636
2018-09-28,0.46502148036044505,0.3216374269005848
2018-10-01,0.46076175140849934,0.28654970760233917
2018-10-02,0.4586955974854814,0.2807017543859649
2018-10-03,0.44048687792882757,0.2631578947368421
2018-10-04,0.44124879116799115,0.2807017543859649
2018-10-05,0.4535969827084499,0.30994152046783624
2018-10-08,0.47013789512089177,0.36257309941520466
2018-10-09,0.4696519045191893,0.3684210526315789
2018-10-10,0.49624445145973983,0.4269005847953216
2018-10-11,0.5300791818085215,0.4502923976608187
2018-10-12,0.5287641071361833,0.4502923976608187
2018-10-15,0.5305201601940155,0.4502923976608187
2018-10-16,0.5467166540717486,0.47953216374269003
2018-10-17,0.5440656088306798,0.4853801169590643
2018-10-18,0.5449819264285534,0.47368421052631576
2018-10-19,0.5404239622670277,0.4502923976608187
2018-10-22,0.5384105785576878,0.4502923976608187
2018-10-23,0.553483850208868,0.4853801169590643
2018-10-24,0.5524754288340707,0.47953216374269003
2018-10-25,0.5459974688634166,0.47953216374269003
2018-10-26,0.5374592696400179,0.4619883040935672
2018-10-29,0.5423115474605738,0.49122807017543857
2018-10-30,0.5374574216712734,0.47953216374269003
2018-10-31,0.5482555704753193,0.49707602339181284
2018-11-01,0.5459631066562849,0.49707602339181284
2018-11-02,0.5350369475802332,0.47953216374269003
2018-11-05,0.5323424760284913,0.4853801169590643
2018-11-06,0.5316480452799218,0.4853801169590643
2018-11-07,0.5382526294078968,0.49707602339181284
2018-11-08,0.5393593537369251,0.5087719298245614
2018-11-09,0.5397855690429344,0.52046783625731
2018-11-12,0.5394417828450637,0.5146198830409356
2018-11-13,0.5334120187027026,0.49707602339181284
2018-11-14,0.5310836328912759,0.5029239766081871
2018-11-15,0.5286636063626827,0.49707602339181284
2018-11-16,0.5252013050943817,0.49707602339181284
2018-11-19,0.5211520699288844,0.4853801169590643
2018-11-20,0.5382294107171696,0.5087719298245614
2018-11-21,0.5517458066865174,0.5380116959064327
2018-11-22,0.5530999151175792,0.5321637426900585
2018-11-23,0.5480977696514632,0.52046783625731
2018-11-26,0.5502595702214,0.5087719298245614
2018-11-27,0.5515691813088175,0.5029239766081871
2018-11-28,0.5476138446681141,0.49707602339181284
2018-11-29,0.5518489789160628,0.5029239766081871
2018-11-30,0.5515261684315561,0.5029239766081871
2018-12-03,0.5655656636836172,0.5146198830409356
2018-12-04,0.5654448966483856,0.5087719298245614
2018-12-05,0.5689804204542709,0.543859649122807
2018-12-06,0.5998233113855863,0.5730994152046783
2018-12-07,0.5969692008755124,0.5672514619883041
2018-12-10,0.6080679584964147,0.5906432748538012
2018-12-11,0.6082994466437589,0.5964912280701754
2018-12-12,0.6137519111328517,0.5847953216374269
2018-12-13,0.6127009458374624,0.5964912280701754
2018-12-14,0.6157286681459088,0.5964912280701754
2018-12-17,0.6189860725546907,0.6023391812865497
2018-12-18,0.6172888350771186,0.6081871345029239
2018-12-19,0.6015555580384836,0.6023391812865497
2018-12-20,0.6080293333463092,0.5964912280701754
2018-12-21,0.6100487839040267,0.5964912280701754
2018-12-24,0.6096315296989534,0.5964912280701754
2018-12-25,0.6111961406870234,0.5964912280701754
2018-12-26,0.6147609783121403,0.6023391812865497
2018-12-27,0.6179021005834621,0.6140350877192983
2018-12-28,0.6263914662637275,0.6257309941520468
2018-12-31,0.6213395572350174,0.6198830409356725
2019-01-01,0.6238173437172726,0.6257309941520468
2019-01-02,0.6144777403195413,0.6198830409356725
2019-01-03,0.5988689522981985,0.6023391812865497
2019-01-04,0.6155476284457524,0.6257309941520468
2019-01-07,0.6149029281673078,0.6257309941520468
2019-01-08,0.6088051117223884,0.6198830409356725
2019-01-09,0.6107699543534523,0.6081871345029239
2019-01-10,0.6106027828770528,0.6140350877192983
2019-01-11,0.6123618726240512,0.6198830409356725
2019-01-14,0.615072171507504,0.6198830409356725
2019-01-15,0.6069764682228792,0.5906432748538012
2019-01-16,0.6106596817346517,0.6140350877192983
2019-01-17,0.61246475932779,0.6140350877192983
2019-01-18,0.6195851823006614,0.6023391812865497
2019-01-21,0.6182405920071313,0.6023391812865497
2019-01-22,0.6183199292458215,0.5847953216374269
2019-01-23,0.6152342824572979,0.5555555555555556
2019-01-24,0.6184028282037354,0.5964912280701754
2019-01-25,0.6202727516531068,0.5906432748538012
2019-01-28,0.6225745417808884,0.5847953216374269
2019-01-29,0.622877865593006,0.5964912280701754
2019-01-30,0.6161550904389711,0.5555555555555556
2019-01-31,0.6155368612186155,0.5555555555555556
2019-02-01,0.6149022414422726,0.5672514619883041
2019-02-04,0.6136400176387604,0.5497076023391813
2019-02-05,0.6200033558724058,0.5555555555555556
2019-02-06,0.6227225546638511,0.5847953216374269
2019-02-07,0.6295053601342149,0.5964912280701754
2019-02-08,0.6317063781064836,0.6140350877192983
2019-02-11,0.6311919776514152,0.6081871345029239
2019-02-12,0.6214555727920278,0.5730994152046783
2019-02-13,0.613902084870408,0.5497076023391813
2019-02-14,0.612402455758836,0.5555555555555556
2019-02-15,0.6169771806632411,0.5555555555555556
2019-02-18,0.6177023814900611,0.5614035087719298
2019-02-19,0.6183882928527662,0.5614035087719298
2019-02-20,0.6193925128356821,0.5614035087719298
2019-02-21,0.6174330513631389,0.5555555555555556
2019-02-22,0.6186723054386404,0.5614035087719298
2019-02-25,0.6137386944456601,0.5497076023391813
2019-02-26,0.6167350740959371,0.5672514619883041
2019-02-27,0.6167407680628424,0.5614035087719298
2019-02-28,0.584657743651721,0.5263157894736842
2019-03-01,0.5876873028991376,0.543859649122807
2019-03-04,0.571856193023342,0.5087719298245614
2019-03-05,0.5716813687131637,0.52046783625731
2019-03-06,0.5604238037876884,0.49707602339181284
2019-03-07,0.5675494986427733,0.5087719298245614
2019-03-08,0.5704375771948627,0.5146198830409356
2019-03-11,0.5628249781378819,0.49707602339181284
2019-03-12,0.564185109021316,0.5087719298245614
2019-03-13,0.5711683733344323,0.5087719298245614
2019-03-14,0.5521307691786482,0.49707602339181284
2019-03-15,0.5482082708696147,0.49122807017543857
2019-03-18,0.5509309209898454,0.49707602339181284
2019-03-19,0.5479313375089793,0.49122807017543857
2019-03-20,0.5488300976777726,0.49122807017543857
2019-03-21,0.5343355732772282,0.49122807017543857
2019-03-22,0.5398412039720478,0.49707602339181284
2019-03-25,0.5454209864148248,0.49707602339181284
2019-03-26,0.5447205938956412,0.49707602339181284
2019-03-27,0.5484668357139221,0.49707602339181284
2019-03-28,0.5529594498236742,0.49122807017543857
2019-03-29,0.5056685364110712,0.4619883040935672
2019-04-01,0.5187347510741823,0.4853801169590643
2019-04-02,0.5199568470087892,0.47953216374269003
2019-04-03,0.5237854789291785,0.4853801169590643
2019-04-04,0.5241461489989057,0.4853801169590643
2019-04-05,0.5221600019975475,0.47953216374269003
2019-04-08,0.5155027149637036,0.47368421052631576
2019-04-09,0.51835284333047,0.4619883040935672
2019-04-10,0.5188921888111938,0.47368421052631576
2019-04-11,0.5189023229867837,0.47368421052631576
2019-04-12,0.5065847544652397,0.43859649122807015
2019-04-15,0.5060983318584178,0.4327485380116959
2019-04-16,0.5064023373715835,0.4327485380116959
2019-04-17,0.5105238064548121,0.4619883040935672
2019-04-18,0.511606589278865,0.4619883040935672
2019-04-19,0.5150931076724153,0.47953216374269003
2019-04-22,0.5091341648554063,0.45614035087719296
2019-04-23,0.5058117386128165,0.43859649122807015
2019-04-24,0.5092416850620766,0.4678362573099415
2019-04-25,0.5118882858012913,0.4678362573099415
2019-04-26,0.513137727810856,0.4678362573099415
2019-04-29,0.5130947176432663,0.47368421052631576
2019-04-30,0.5013973068979971,0.43859649122807015
2019-05-01,0.505197517567175,0.45614035087719296
2019-05-02,0.4833079421653757,0.4093567251461988
2019-05-03,0.47753323669541775,0.38596491228070173
2019-05-06,0.4890462838025558,0.42105263157894735
2019-05-07,0.5011160384947423,0.4444444444444444
2019-05-08,0.5034243437664973,0.4619883040935672
2019-05-09,0.5317333122864675,0.49707602339181284
2019-05-10,0.5268723987597435,0.5087719298245614
2019-05-13,0.545581400309516,0.5380116959064327
2019-05-14,0.5458929893641183,0.543859649122807
2019-05-15,0.5438327592849573,0.543859649122807
2019-05-16,0.5543975187771579,0.543859649122807
2019-05-17,0.5555472855367506,0.5497076023391813
2019-05-20,0.5548112328106197,0.5497076023391813
2019-05-21,0.5561925684463704,0.5497076023391813
2019-05-22,0.5546331869486277,0.543859649122807
2019-05-23,0.5720519620015512,0.5730994152046783
2019-05-24,0.5759664552360894,0.5672514619883041
2019-05-27,0.5716291235604336,0.5321637426900585
2019-05-28,0.5680061883128446,0.5263157894736842
2019-05-29,0.5762098665613429,0.5263157894736842
2019-05-30,0.5726561418881345,0.52046783625731
2019-05-31,0.5654117531182101,0.49707602339181284
2019-06-03,0.5628115893788382,0.49707602339181284
2019-06-04,0.5578710594771572,0.49707602339181284
2019-06-05,0.5570326754998872,0.49707602339181284
2019-06-06,0.5539500800839822,0.49707602339181284
2019-06-07,0.557964802043055,0.5029239766081871
2019-06-10,0.5592502423952093,0.5029239766081871
2019-06-11,0.5605392149602905,0.5029239766081871
2019-06-12,0.5613735020469545,0.5029239766081871
2019-06-13,0.5640294995640248,0.5029239766081871
2019-06-14,0.5516157044379986,0.49707602339181284
2019-06-17,0.548379095900722,0.49707602339181284
2019-06-18,0.5572356219957196,0.5146198830409356
2019-06-19,0.5569550063334165,0.5146198830409356
2019-06-20,0.5576048831683929,0.5146198830409356
2019-06-21,0.5611319041939652,0.5146198830409356
2019-06-24,0.5512183126498207,0.5029239766081871
2019-06-25,0.5501070241828732,0.49707602339181284
2019-06-26,0.5420138359799025,0.49122807017543857
2019-06-27,0.5426185209737424,0.49122807017543857
2019-06-28,0.5469209997908485,0.5029239766081871
2019-07-01,0.5525959452117709,0.5029239766081871
2019-07-02,0.5509691800245118,0.5087719298245614
2019-07-03,0.5539244601966552,0.5029239766081871
2019-07-04,0.5551684390135663,0.5146198830409356
2019-07-05,0.5571656730692718,0.52046783625731
2019-07-08,0.5574454101293684,0.5146198830409356
2019-07-09,0.5605178014815252,0.52046783625731
2019-07-10,0.5604727805783769,0.52046783625731
2019-07-11,0.5598347213148221,0.52046783625731
2019-07-12,0.5590858448191358,0.52046783625731
2019-07-15,0.5579080328978677,0.52046783625731
2019-07-16,0.5596523588995812,0.5146198830409356
2019-07-17,0.5624441355412965,0.5146198830409356
2019-07-18,0.5612478166570314,0.5146198830409356
2019-07-19,0.5561013834167394,0.5087719298245614
2019-07-22,0.555706954677113,0.5087719298245614
2019-07-23,0.5617506262530312,0.5146198830409356
2019-07-24,0.5588891306585211,0.5146198830409356
2019-07-25,0.5582020951775933,0.5146198830409356
2019-07-26,0.5560614423292543,0.5146198830409356
2019-07-29,0.5445004503617709,0.49707602339181284
2019-07-30,0.5459912807173707,0.49122807017543857
2019-07-31,0.5453228757067968,0.49707602339181284
2019-08-01,0.5237316969517272,0.4502923976608187
2019-08-02,0.5363754090585898,0.4619883040935672
2019-08-05,0.5459005880014057,0.47953216374269003
2019-08-06,0.5451948764654678,0.49122807017543857
2019-08-07,0.5426949382210622,0.4853801169590643
2019-08-08,0.5474800056516705,0.47953216374269003
2019-08-09,0.5488320463482165,0.4853801169590643
2019-08-12,0.5479735372935863,0.49707602339181284
2019-08-13,0.5464765230967157,0.49707602339181284
2019-08-14,0.5680643869100169,0.5321637426900585
2019-08-15,0.5574778002862558,0.5146198830409356
2019-08-16,0.5574547970561886,0.49707602339181284
2019-08-19,0.5656426929067342,0.5146198830409356
2019-08-20,0.5672421657211073,0.5146198830409356
2019-08-21,0.5661999545915576,0.5146198830409356
2019-08-22,0.5660318717042743,0.5146198830409356
2019-08-23,0.5709705752798538,0.5146198830409356
2019-08-26,0.5716878898021133,0.5146198830409356
2019-08-27,0.5751698177131795,0.5263157894736842
2019-08-28,0.5721427025372173,0.5146198830409356
2019-08-29,0.5813812025068051,0.52046783625731
2019-08-30,0.5787472516560479,0.52046783625731
2019-09-02,0.5771571393603704,0.5263157894736842
2019-09-03,0.5775494418663262,0.5263157894736842
2019-09-04,0.5791985475304816,0.52046783625731
2019-09-05,0.5806418445929802,0.52046783625731
2019-09-06,0.5789998731067688,0.52046783625731
2019-09-09,0.5765190421478081,0.5029239766081871
2019-09-10,0.5656692546017215,0.49122807017543857
2019-09-11,0.5658312332984471,0.49122807017543857
2019-09-12,0.5649106323421141,0.4853801169590643
2019-09-13,0.5666499849787313,0.4853801169590643
2019-09-16,0.5614705046209105,0.49122807017543857
2019-09-17,0.5608070750694721,0.49707602339181284
2019-09-18,0.5592968449841601,0.49707602339181284
2019-09-19,0.5598550445989781,0.49707602339181284
2019-09-20,0.5577032240477332,0.49122807017543857
2019-09-23,0.5588831991022559,0.49122807017543857
2019-09-24,0.5588389122805276,0.49707602339181284
2019-09-25,0.5561248120485602,0.49122807017543857
2019-09-26,0.556666246822704,0.49122807017543857
2019-09-27,0.5583468275522755,0.49122807017543857
2019-09-30,0.557886086217641,0.49122807017543857
2019-10-01,0.5590887637288846,0.47953216374269003
2019-10-02,0.5904438791421044,0.5614035087719298
2019-10-03,0.5903492712434104,0.5555555555555556
2019-10-04,0.5928228092403486,0.5614035087719298
2019-10-07,0.5956776710532116,0.5672514619883041
2019-10-08,0.5990352214642362,0.5614035087719298
2019-10-09,0.6006025769355514,0.5730994152046783
2019-10-10,0.6037922782278917,0.5730994152046783
2019-10-11,0.6197460291564229,0.6081871345029239
2019-10-14,0.6197553873850158,0.6023391812865497
2019-10-15,0.6190590749905823,0.6023391812865497
2019-10-16,0.6206662770297747,0.6023391812865497
2019-10-17,0.621933749356586,0.6023391812865497
2019-10-18,0.6232410130996414,0.6023391812865497
2019-10-21,0.628631740023617,0.6081871345029239
2019-10-22,0.6231234776599779,0.5906432748538012
2019-10-23,0.6245579626414298,0.6023391812865497
2019-10-24,0.6242461488358316,0.6023391812865497
2019-10-25,0.6173152792694352,0.5906432748538012
2019-10-28,0.6001097052999713,0.5555555555555556
2019-10-29,0.5987802246791786,0.5497076023391813
2019-10-30,0.598461090930965,0.5555555555555556
2019-10-31,0.5904363478888538,0.5497076023391813
2019-11-01,0.5908375434928068,0.5497076023391813
2019-11-04,0.5944896366519122,0.5555555555555556
2019-11-05,0.5953163677032192,0.5614035087719298
2019-11-06,0.5691325212892151,0.49122807017543857
2019-11-07,0.5682939354866002,0.49122807017543857
2019-11-08,0.5701812086899399,0.5380116959064327
2019-11-11,0.5664705283020408,0.5146198830409356
2019-11-12,0.5626594982615412,0.5263157894736842
2019-11-13,0.5612868570015028,0.543859649122807
2019-11-14,0.5607743772581754,0.5321637426900585
2019-11-15,0.5551229009643416,0.5263157894736842
2019-11-18,0.5545042959595411,0.5146198830409356
2019-11-19,0.5595971205143634,0.5380116959064327
2019-11-20,0.5627890023137532,0.5497076023391813
2019-11-21,0.5585471510719189,0.5321637426900585
2019-11-22,0.5593602551973235,0.5263157894736842
2019-11-25,0.5628746244209973,0.5321637426900585
2019-11-26,0.558531897432047,0.52046783625731
2019-11-27,0.5552232032083232,0.5146198830409356
2019-11-28,0.5545455262534973,0.5029239766081871
2019-11-29,0.5556162741993447,0.5087719298245614
2019-12-02,0.5694017301636806,0.5555555555555556
2019-12-03,0.5755263877086997,0.5789473684210527
2019-12-04,0.5820836052534261,0.5906432748538012
2019-12-05,0.5841545128348853,0.6023391812865497
2019-12-06,0.5799117126524449,0.5497076023391813
2019-12-09,0.587758682932162,0.5789473684210527
2019-12-10,0.5884658708069825,0.5789473684210527
2019-12-11,0.5889808153863192,0.5847953216374269
2019-12-12,0.5883941223050791,0.5847953216374269
2019-12-13,0.590867634273409,0.6023391812865497
2019-12-16,0.589057056765537,0.5789473684210527
2019-12-17,0.5854847021150495,0.5789473684210527
2019-12-18,0.583112793455325,0.5614035087719298
2019-12-19,0.5817303727393097,0.5672514619883041
2019-12-20,0.5768349009631332,0.543859649122807
2019-12-23,0.5770823043938059,0.5555555555555556
2019-12-24,0.5737625538728439,0.543859649122807
2019-12-25,0.5162465053387766,0.4619883040935672
2019-12-26,0.5180803787099417,0.4619883040935672
2019-12-27,0.5125795334074666,0.45614035087719296
2019-12-30,0.5139090024076867,0.4502923976608187
2019-12-31,0.5048061497977931,0.4502923976608187
2020-01-01,0.5061970884175185,0.4502923976608187
2020-01-02,0.517794130521249,0.4502923976608187
2020-01-03,0.4943055030331534,0.4444444444444444
2020-01-06,0.49432284583370445,0.4444444444444444
2020-01-07,0.4882428211868747,0.4444444444444444
2020-01-08,0.4881755183243586,0.4444444444444444
2020-01-09,0.48973544182827555,0.4327485380116959
2020-01-10,0.48854079935002426,0.42105263157894735
2020-01-13,0.48099970210500925,0.39766081871345027
2020-01-14,0.484412547983437,0.4152046783625731
2020-01-15,0.4859603635257641,0.4093567251461988
2020-01-16,0.49110976362085507,0.42105263157894735
2020-01-17,0.4983687686690986,0.4269005847953216
2020-01-20,0.4991160868952304,0.4327485380116959
2020-01-21,0.5033717507404027,0.4327485380116959
2020-01-22,0.5058993892172033,0.4444444444444444
2020-01-23,0.5032085197187653,0.45614035087719296
2020-01-24,0.5050072300184233,0.4619883040935672
2020-01-27,0.5416381207568385,0.4853801169590643
2020-01-28,0.5427365711242306,0.4853801169590643
2020-01-29,0.5426904503495107,0.4853801169590643
2020-01-30,0.5456602457582254,0.49122807017543857
2020-01-31,0.5462751584944489,0.49122807017543857
2020-02-03,0.5430632515922825,0.47953216374269003
2020-02-04,0.5524789076346855,0.5029239766081871
2020-02-05,0.5602027460447991,0.5087719298245614
2020-02-06,0.5591213236657836,0.49707602339181284
2020-02-07,0.5561553487933649,0.4853801169590643
2020-02-10,0.5561487794538805,0.4853801169590643
2020-02-11,0.5606907801807257,0.49707602339181284
2020-02-12,0.5586783059149207,0.49122807017543857
2020-02-13,0.5551591564713558,0.4853801169590643
2020-02-14,0.555461537364305,0.49122807017543857
2020-02-17,0.5503183957837884,0.49122807017543857
2020-02-18,0.5519208430839981,0.49707602339181284
2020-02-19,0.5538414440082187,0.49122807017543857
2020-02-20,0.5554414695803294,0.5029239766081871
2020-02-21,0.5585999337786236,0.49122807017543857
2020-02-24,0.672689160202672,0.7485380116959064
2020-02-25,0.6770515709652943,0.8011695906432749
2020-02-26,0.6702512259630959,0.7719298245614035
2020-02-27,0.7059158409754003,0.8654970760233918
2020-02-28,0.7394181617403824,0.8888888888888888
2020-03-02,0.7317825211251371,0.8771929824561403
2020-03-03,0.7347824681100432,0.8830409356725146
2020-03-04,0.7322153089276074,0.8830409356725146
2020-03-05,0.7379418331829185,0.8888888888888888
2020-03-06,0.7582239530031806,0.8888888888888888
2020-03-09,0.8522640493615242,0.9941520467836257
2020-03-10,0.8419125632952419,0.9766081871345029
2020-03-11,0.8301085307797088,0.9766081871345029
2020-03-12,0.8816118631282904,1.0
2020-03-13,0.8709160767982412,1.0
2020-03-16,0.871211747334699,1.0
2020-03-17,0.8620113636422267,1.0
2020-03-18,0.8496210743560366,1.0
2020-03-19,0.84015291735067,0.9941520467836257
2020-03-20,0.8331905981098977,0.9941520467836257
2020-03-23,0.8306481148742367,0.9941520467836257
2020-03-24,0.8405969218755084,1.0
2020-03-25,0.8375411988796374,1.0
2020-03-26,0.8365065336666896,0.9941520467836257
2020-03-27,0.8331274266266626,0.9941520467836257
2020-03-30,0.8316075554709165,0.9941520467836257
2020-03-31,0.8309933961699744,0.9941520467836257
2020-04-01,0.8290945233750119,0.9941520467836257
2020-04-02,0.8280107985359384,0.9941520467836257
2020-04-03,0.8267492220937436,0.9941520467836257
2020-04-06,0.828771012519676,1.0
2020-04-07,0.8291262646508388,1.0
2020-04-08,0.8288053064939798,1.0
2020-04-09,0.8286053376480862,1.0
2020-04-10,0.8281391468669933,1.0
2020-04-13,0.8282821667658775,1.0
2020-04-14,0.8255446244568979,1.0
2020-04-15,0.8264405832144102,1.0
2020-04-16,0.8255409246237347,1.0
2020-04-17,0.8252977697784182,1.0
2020-04-20,0.8248011597101322,1.0
2020-04-21,0.8263754257709561,1.0
2020-04-22,0.8273584943041316,1.0
2020-04-23,0.8281933286827555,1.0
2020-04-24,0.8276009752044647,1.0
2020-04-27,0.8273589864290609,1.0
2020-04-28,0.8280667406747508,1.0
2020-04-29,0.827713696987931,1.0
2020-04-30,0.8259357662055107,1.0
2020-05-01,0.826068906307152,1.0
2020-05-04,0.8246889937893576,1.0
2020-05-05,0.8244006749580268,1.0
2020-05-06,0.8241195159990972,1.0
2020-05-07,0.8242359225711905,1.0
2020-05-08,0.8245306635568884,1.0
2020-05-11,0.824279908753954,1.0
2020-05-12,0.8240206521198531,1.0
2020-05-13,0.8233725300198236,1.0
2020-05-14,0.8223583621222078,1.0
2020-05-15,0.8223188895365063,1.0
2020-05-18,0.8219751414713429,1.0
2020-05-19,0.8207390538534285,1.0
2020-05-20,0.8215175116305067,1.0
2020-05-21,0.8205550060998555,1.0
2020-05-22,0.8192490480882783,1.0
2020-05-25,0.8208730652912237,1.0
2020-05-26,0.8205534222402104,1.0
2020-05-27,0.8205831313434155,1.0
2020-05-28,0.8202241999907967,1.0
2020-05-29,0.8177295135802081,1.0
2020-06-01,0.7944185915778141,0.9883040935672515
2020-06-02,0.8006647950770308,0.9941520467836257
2020-06-03,0.8047510059987469,1.0
2020-06-04,0.737844240877077,0.9415204678362573
2020-06-05,0.7469583879580558,0.9707602339181286
2020-06-08,0.7179163786379085,0.8654970760233918
2020-06-09,0.7304604842893877,0.8713450292397661
2020-06-10,0.7291753439958978,0.8362573099415205
2020-06-11,0.7496382892344345,0.9298245614035088
2020-06-12,0.7544599851285464,0.9122807017543859
2020-06-15,0.7485187265861376,0.8771929824561403
2020-06-16,0.7177384451011785,0.7953216374269005
2020-06-17,0.7205224543197786,0.7953216374269005
2020-06-18,0.7213265259638032,0.7953216374269005
2020-06-19,0.7164334105903098,0.8011695906432749
2020-06-22,0.7220306011734504,0.8070175438596491
2020-06-23,0.723172578331709,0.8070175438596491
2020-06-24,0.7258753139625663,0.8128654970760234
2020-06-25,0.7269901840720724,0.8128654970760234
2020-06-26,0.7288169197031703,0.8128654970760234
2020-06-29,0.7215126157474311,0.7894736842105263
2020-06-30,0.7184173957534719,0.783625730994152
2020-07-01,0.7182248555950682,0.7894736842105263
2020-07-02,0.719134552667358,0.7894736842105263
2020-07-03,0.7210253708093578,0.7953216374269005
2020-07-06,0.7180142447512324,0.7953216374269005
2020-07-07,0.7244160743952143,0.7894736842105263
2020-07-08,0.7071314860077745,0.7543859649122807
2020-07-09,0.7106060639794695,0.7602339181286549
2020-07-10,0.7086989224569893,0.7543859649122807
2020-07-13,0.707918059601876,0.7543859649122807
2020-07-14,0.6883809130825417,0.7251461988304093
2020-07-15,0.6838508917434796,0.7192982456140351
2020-07-16,0.6822201519469082,0.7134502923976608
2020-07-17,0.6832490287267604,0.7192982456140351
2020-07-20,0.683543360494086,0.7134502923976608
2020-07-21,0.6785431008148484,0.7134502923976608
2020-07-22,0.675260464155709,0.7134502923976608
2020-07-23,0.6749535428707868,0.7017543859649122
2020-07-24,0.6781689561362612,0.7017543859649122
2020-07-27,0.6677002932588686,0.6900584795321637
2020-07-28,0.6658726006065558,0.6783625730994152
2020-07-29,0.6653687459273387,0.6783625730994152
2020-07-30,0.672334352044658,0.7017543859649122
2020-07-31,0.6703325139309101,0.7076023391812866
2020-08-03,0.6726108918802823,0.7076023391812866
2020-08-04,0.673168104262365,0.7134502923976608
2020-08-05,0.6687657774946693,0.695906432748538
2020-08-06,0.6631532857351056,0.672514619883041
2020-08-07,0.6636963177466298,0.672514619883041
2020-08-10,0.6383593162254629,0.6432748538011696
2020-08-11,0.6512532738574099,0.6491228070175439
2020-08-12,0.6514795485488226,0.6432748538011696
2020-08-13,0.6545119933070469,0.6842105263157895
2020-08-14,0.659604551489679,0.695906432748538
2020-08-17,0.6562606899931192,0.6666666666666666
2020-08-18,0.657124468469493,0.6666666666666666
2020-08-19,0.6590635942135424,0.6842105263157895
2020-08-20,0.65929875527106,0.672514619883041
2020-08-21,0.6566503733966762,0.6549707602339181
2020-08-24,0.6592170039648501,0.6549707602339181
2020-08-25,0.6563155547642815,0.6432748538011696
2020-08-26,0.6463770270911958,0.6374269005847953
2020-08-27,0.6477501383008791,0.6374269005847953
2020-08-28,0.6479100941581905,0.6666666666666666
2020-08-31,0.6468106049235924,0.6491228070175439
2020-09-01,0.6427766231196724,0.6374269005847953
2020-09-02,0.6406133083206841,0.6432748538011696
2020-09-03,0.6022499537607776,0.52046783625731
2020-09-04,0.6087962156112627,0.5146198830409356
2020-09-07,0.6168709282910347,0.5321637426900585
2020-09-08,0.590556587760731,0.5087719298245614
2020-09-09,0.5995753111628642,0.52046783625731
2020-09-10,0.5997776344159199,0.52046783625731
2020-09-11,0.6006876079199754,0.52046783625731
2020-09-14,0.5980788320841534,0.52046783625731
2020-09-15,0.5924237544949884,0.52046783625731
2020-09-16,0.5689050978655618,0.49707602339181284
2020-09-17,0.571568999941689,0.49707602339181284
2020-09-18,0.5724031876894895,0.49707602339181284
2020-09-21,0.6135537200157001,0.5321637426900585
2020-09-22,0.6134322731605595,0.5263157894736842
2020-09-23,0.6139036431046359,0.5321637426900585
2020-09-24,0.607865320997079,0.5087719298245614
2020-09-25,0.6045291651774342,0.5087719298245614
2020-09-28,0.6202507098827936,0.5380116959064327
2020-09-29,0.6238942700510798,0.5497076023391813
2020-09-30,0.6253561100307866,0.543859649122807
2020-10-01,0.6203861707158242,0.5380116959064327
2020-10-02,0.6207634440306468,0.5497076023391813
2020-10-05,0.6257733964732248,0.5614035087719298
2020-10-06,0.6259406142837554,0.5614035087719298
2020-10-07,0.6245938779792574,0.5614035087719298
2020-10-08,0.6258002368549642,0.5614035087719298
2020-10-09,0.6251398373870692,0.5614035087719298
2020-10-12,0.6210639382741373,0.543859649122807
2020-10-13,0.6199151856301518,0.543859649122807
2020-10-14,0.6221295355194237,0.5614035087719298
2020-10-15,0.6361987595538259,0.5964912280701754
2020-10-16,0.6360125343119144,0.6023391812865497
2020-10-19,0.6375348409062009,0.6023391812865497
2020-10-21,0.6422858120692664,0.6081871345029239
2020-10-22,0.6417244487045645,0.6081871345029239
2020-10-23,0.6284045493624848,0.5672514619883041
2020-10-26,0.6332816428857533,0.5789473684210527
2020-10-27,0.6267704724936779,0.5906432748538012
2020-10-28,0.6508834422473276,0.6198830409356725
2020-10-29,0.6385306434864095,0.5789473684210527
2020-10-30,0.6385213093213392,0.5847953216374269
2020-11-02,0.6451493040832122,0.6023391812865497
2020-11-03,0.6569597822075753,0.672514619883041
2020-11-04,0.6512532405769003,0.6432748538011696
2020-11-05,0.6515112775426882,0.6491228070175439
2020-11-06,0.6503692457407947,0.6432748538011696
2020-11-09,0.6939697819828966,0.8304093567251462
2020-11-10,0.6871459660484984,0.8128654970760234
2020-11-11,0.684245357134456,0.8128654970760234
2020-11-12,0.6843854213854638,0.8128654970760234
2020-11-13,0.68304800834694,0.8128654970760234
2020-11-16,0.6835450105246356,0.8128654970760234
2020-11-17,0.6791948708466509,0.783625730994152
2020-11-18,0.6796920634483188,0.7953216374269005
2020-11-19,0.6812122562236382,0.8011695906432749
2020-11-20,0.6808656808527619,0.8011695906432749
2020-11-23,0.6808149571835622,0.8011695906432749
2020-11-24,0.684847388778139,0.8245614035087719
2020-11-25,0.6853177756390809,0.8187134502923976
2020-11-26,0.6873140218926125,0.8245614035087719
2020-11-27,0.6915395118969608,0.8187134502923976
2020-11-30,0.6917694914720399,0.8011695906432749
2020-12-01,0.6911378001769215,0.8011695906432749
2020-12-02,0.6852804954680598,0.783625730994152
2020-12-03,0.6823132492220997,0.7777777777777778
2020-12-04,0.6823131685450606,0.7894736842105263
2020-12-07,0.6827897416908768,0.783625730994152
2020-12-08,0.6831692888156211,0.783625730994152
2020-12-09,0.684354750094064,0.7894736842105263
2020-12-10,0.6868060664576624,0.783625730994152
2020-12-11,0.6877979745973104,0.783625730994152
2020-12-14,0.6865204262149038,0.7894736842105263
2020-12-15,0.6581343371546602,0.7777777777777778
2020-12-16,0.6594794805721643,0.7660818713450293
2020-12-17,0.6615097364229859,0.7777777777777778
2020-12-18,0.6564715323972855,0.7719298245614035
2020-12-21,0.6718915523787906,0.7894736842105263
2020-12-22,0.6687296598507224,0.783625730994152
2020-12-23,0.6687578306835126,0.783625730994152
2020-12-24,0.6691841601538767,0.783625730994152
2020-12-25,0.6730353111297785,0.7953216374269005
2020-12-28,0.6734827367725039,0.7894736842105263
2020-12-29,0.6722790858711298,0.7894736842105263
2020-12-30,0.6726950250398172,0.8011695906432749
2020-12-31,0.6721879667970264,0.8011695906432749
2021-01-01,0.6734217576377943,0.8011695906432749
2021-01-04,0.6724995918441451,0.8070175438596491
2021-01-05,0.6762023394907095,0.7953216374269005
2021-01-06,0.6730906664988286,0.783625730994152
2021-01-07,0.669826055463259,0.8011695906432749
2021-01-08,0.6562562409674768,0.7719298245614035
2021-01-11,0.6572488286268413,0.7719298245614035
2021-01-12,0.6537147252910359,0.7777777777777778
2021-01-13,0.6482866306076552,0.7660818713450293
2021-01-14,0.6458186127995438,0.7660818713450293
2021-01-15,0.6507707801901831,0.7719298245614035
2021-01-18,0.6440365044870199,0.7602339181286549
2021-01-19,0.6418211039233721,0.7426900584795322
2021-01-20,0.6122191482919105,0.7134502923976608
2021-01-21,0.6176370091268778,0.7134502923976608
2021-01-22,0.623412605625254,0.7309941520467836
2021-01-25,0.6282927107477999,0.7426900584795322
2021-01-26,0.6134756973477041,0.7134502923976608
2021-01-27,0.6233547209105483,0.7309941520467836
2021-01-28,0.6174038465115568,0.7251461988304093
2021-01-29,0.6217971823625632,0.7251461988304093
2021-02-01,0.5397843740355759,0.5321637426900585
2021-02-02,0.5542023010871514,0.5730994152046783
2021-02-03,0.5537692241420092,0.5555555555555556
2021-02-04,0.5491848744211606,0.5321637426900585
2021-02-05,0.5460096463623847,0.5380116959064327
2021-02-08,0.5400393386065138,0.5146198830409356
2021-02-09,0.5415692081060319,0.5380116959064327
2021-02-10,0.5409065609061077,0.5321637426900585
2021-02-11,0.5337197767570087,0.49122807017543857
2021-02-12,0.5259675665414827,0.4444444444444444
2021-02-15,0.531952338795144,0.49122807017543857
2021-02-16,0.5231984825541972,0.45614035087719296
2021-02-17,0.5285230187058126,0.4678362573099415
2021-02-18,0.5348204463960143,0.49122807017543857
2021-02-19,0.5326899789847067,0.49707602339181284
2021-02-22,0.5261764756500198,0.47368421052631576
2021-02-23,0.521697007751574,0.47953216374269003
2021-02-24,0.5259921559925019,0.49122807017543857
2021-02-25,0.525746648738799,0.47368421052631576
2021-02-26,0.5333882238677021,0.47953216374269003
2021-03-01,0.5481234605699212,0.5380116959064327
2021-03-02,0.5481772960700252,0.5321637426900585
2021-03-03,0.543563243058294,0.5146198830409356
2021-03-04,0.5430484244695964,0.5263157894736842
2021-03-05,0.5344655266901563,0.4853801169590643
2021-03-08,0.543652868335168,0.49707602339181284
2021-03-09,0.5457710634526697,0.49122807017543857
2021-03-10,0.5480016144370241,0.49707602339181284
2021-03-11,0.5468060721696723,0.5146198830409356
2021-03-12,0.5485408344427649,0.5146198830409356
2021-03-15,0.5141452710668457,0.391812865497076
2021-03-16,0.505958020305576,0.3684210526315789
2021-03-17,0.5025783788218545,0.3684210526315789
2021-03-18,0.5000152811886334,0.36257309941520466
2021-03-19,0.5014643866713113,0.34502923976608185
2021-03-22,0.49694057707966266,0.3333333333333333
2021-03-23,0.49720717721395696,0.32748538011695905
2021-03-24,0.49580950014895314,0.32748538011695905
2021-03-25,0.49625201667702595,0.32748538011695905
2021-03-26,0.5002934792016918,0.3508771929824561
2021-03-29,0.5002407566752453,0.3567251461988304
2021-03-30,0.5032776191327996,0.3508771929824561
2021-03-31,0.5005098424433765,0.34502923976608185
2021-04-01,0.5006457684227351,0.3508771929824561
2021-04-02,0.5022488664616629,0.3567251461988304
2021-04-05,0.5003185208356243,0.34502923976608185
2021-04-06,0.5028060826207171,0.3567251461988304
2021-04-07,0.5037422698263879,0.36257309941520466
2021-04-08,0.5043370716047907,0.34502923976608185
2021-04-09,0.49510303069058503,0.3157894736842105
2021-04-12,0.4990660332820946,0.3157894736842105
2021-04-13,0.5005219183839728,0.34502923976608185
2021-04-14,0.4992460589655039,0.3391812865497076
2021-04-15,0.5021772175398915,0.34502923976608185
2021-04-16,0.49829785683284594,0.3333333333333333
2021-04-19,0.4850553019226978,0.32748538011695905
2021-04-20,0.4995465717739891,0.3567251461988304
2021-04-21,0.4840143437123949,0.3391812865497076
2021-04-22,0.49410076220763866,0.3567251461988304
2021-04-23,0.48290821748293283,0.3567251461988304
2021-04-26,0.4795236826357632,0.3508771929824561
2021-04-27,0.4763357302074865,0.34502923976608185
2021-04-28,0.47587892477234933,0.3391812865497076
2021-04-29,0.47747014336235694,0.3333333333333333
2021-04-30,0.4864552899980104,0.34502923976608185
2021-05-03,0.4882558866840953,0.3508771929824561
2021-05-04,0.48870391718021833,0.38011695906432746
2021-05-05,0.5012369193232232,0.38596491228070173
2021-05-06,0.5041648546449494,0.4093567251461988
2021-05-07,0.5100265627509045,0.42105263157894735
2021-05-10,0.5015869091096349,0.4093567251461988
2021-05-11,0.5212797186811361,0.4327485380116959
2021-05-12,0.517602198380326,0.4327485380116959
2021-05-13,0.5116227712125822,0.4269005847953216
2021-05-14,0.514999832970426,0.42105263157894735
2021-05-17,0.5150689280205497,0.4093567251461988
2021-05-18,0.519967368551926,0.42105263157894735
2021-05-19,0.5338220863559698,0.43859649122807015
2021-05-20,0.5409950903237519,0.4619883040935672
2021-05-21,0.5264515911144353,0.4327485380116959
2021-05-24,0.5092808112190839,0.4093567251461988
2021-05-25,0.5107264324887816,0.40350877192982454
2021-05-26,0.5193030994087472,0.4152046783625731
2021-05-27,0.5183175465670875,0.4093567251461988
2021-05-28,0.5231307421446152,0.4152046783625731
2021-05-31,0.5121501720697608,0.4269005847953216
2021-06-01,0.5133215627466186,0.4269005847953216
2021-06-02,0.5123171274507936,0.42105263157894735
2021-06-03,0.5147109414447519,0.4152046783625731
2021-06-04,0.5158464549454747,0.42105263157894735
2021-06-07,0.5153582906834807,0.4152046783625731
2021-06-08,0.516347749527277,0.4152046783625731
2021-06-09,0.5133759492357673,0.4269005847953216
2021-06-10,0.515042423164512,0.42105263157894735
2021-06-11,0.5145087665379073,0.43859649122807015
2021-06-14,0.5164107434091886,0.4444444444444444
2021-06-15,0.5162880130542951,0.4502923976608187
2021-06-16,0.5175611146401615,0.4502923976608187
2021-06-17,0.5178543703418413,0.4502923976608187
2021-06-18,0.5270352805195725,0.4502923976608187
2021-06-21,0.5282541487624943,0.4502923976608187
2021-06-22,0.5265316234122487,0.4502923976608187
2021-06-23,0.5273012875644392,0.4502923976608187
2021-06-24,0.5305210258498578,0.45614035087719296
2021-06-25,0.5294334634590533,0.45614035087719296
2021-06-28,0.527769927140515,0.4444444444444444
2021-06-29,0.5256035912585347,0.4444444444444444
2021-06-30,0.534942318420673,0.4444444444444444
2021-07-01,0.5398379386502247,0.4502923976608187
2021-07-02,0.5401827731794854,0.4502923976608187
2021-07-05,0.538886768747852,0.4502923976608187
2021-07-06,0.5395137364806141,0.4444444444444444
2021-07-07,0.539903286146783,0.4444444444444444
2021-07-08,0.5561018751488923,0.4619883040935672
2021-07-09,0.5596299574990503,0.4853801169590643
2021-07-12,0.5613991959923762,0.47953216374269003
2021-07-13,0.5504721547073567,0.4678362573099415
2021-07-14,0.5517615390985825,0.4678362573099415
2021-07-15,0.5519431908602467,0.47368421052631576
2021-07-16,0.5534130798243965,0.47953216374269003
2021-07-19,0.5855775500803867,0.543859649122807
2021-07-20,0.5878909242520486,0.543859649122807
2021-07-21,0.5973590094806797,0.5614035087719298
2021-07-22,0.5968292728781409,0.5614035087719298
2021-07-23,0.5969061795220482,0.5614035087719298
2021-07-26,0.5949144178183206,0.5555555555555556
2021-07-27,0.5992481083965508,0.543859649122807
2021-07-28,0.5920811312113192,0.5321637426900585
2021-07-29,0.5933172768849345,0.5497076023391813
2021-07-30,0.5954132104744861,0.5321637426900585
2021-08-02,0.6006955627464039,0.5321637426900585
2021-08-03,0.5904770678827808,0.5263157894736842
2021-08-04,0.5928231562529733,0.543859649122807
2021-08-05,0.5943639418496256,0.543859649122807
2021-08-06,0.5875941416876581,0.5555555555555556
2021-08-09,0.58959769213533,0.5614035087719298
2021-08-10,0.5903802916835612,0.5555555555555556
2021-08-11,0.5769649141722396,0.52046783625731
2021-08-12,0.5720244460646863,0.5029239766081871
2021-08-13,0.5773307746839601,0.543859649122807
2021-08-16,0.5786959077334783,0.5555555555555556
2021-08-17,0.5766860856420133,0.5497076023391813
2021-08-18,0.5733634432022144,0.5497076023391813
2021-08-19,0.5898694745446516,0.5555555555555556
2021-08-20,0.5880651475183356,0.5555555555555556
2021-08-23,0.5899079616352565,0.5555555555555556
2021-08-24,0.5877279221340533,0.5555555555555556
2021-08-25,0.5878181292716803,0.5555555555555556
2021-08-26,0.5894686846681095,0.5614035087719298
2021-08-27,0.5907057308071672,0.5614035087719298
2021-08-30,0.5930802400086248,0.5672514619883041
2021-08-31,0.5892521067774242,0.5614035087719298
2021-09-01,0.5907735949264935,0.5672514619883041
2021-09-02,0.5905586434271171,0.5614035087719298
2021-09-03,0.5892236660033165,0.5614035087719298
2021-09-06,0.5907861999397691,0.5555555555555556
2021-09-07,0.5933597709413184,0.5555555555555556
2021-09-08,0.5978915300823701,0.5555555555555556
2021-09-09,0.5975889770774243,0.5614035087719298
2021-09-10,0.5862946312246072,0.5614035087719298
2021-09-13,0.583594263169329,0.5614035087719298
2021-09-14,0.5847621328861962,0.5730994152046783
2021-09-15,0.5914296695567058,0.5672514619883041
2021-09-16,0.5842877584871382,0.5614035087719298
2021-09-17,0.584626742606472,0.5614035087719298
2021-09-20,0.6109788266864626,0.5847953216374269
2021-09-21,0.6164174033277317,0.5847953216374269
2021-09-22,0.6148053734717142,0.5789473684210527
2021-09-23,0.6129104967148509,0.5789473684210527
2021-09-24,0.6147977869539512,0.5789473684210527
2021-09-27,0.6111848423952657,0.5847953216374269
2021-09-28,0.6152151411402731,0.5906432748538012
2021-09-29,0.6183226484675933,0.5906432748538012
2021-09-30,0.600546196711092,0.5789473684210527
2021-10-01,0.5925736863230396,0.5789473684210527
2021-10-04,0.5919117486129192,0.5730994152046783
2021-10-05,0.596711916580185,0.5730994152046783
2021-10-06,0.6039772188470737,0.5906432748538012
2021-10-07,0.6039202693326509,0.5964912280701754
2021-10-08,0.5999469055656611,0.5847953216374269
2021-10-11,0.5551010224863593,0.5146198830409356
2021-10-12,0.5513283997457857,0.52046783625731
2021-10-13,0.5368933415202557,0.4853801169590643
2021-10-14,0.5419657698052935,0.47368421052631576
2021-10-15,0.5394602857376164,0.47368421052631576
2021-10-18,0.5423642146317221,0.47368421052631576
2021-10-19,0.5404446769723709,0.49122807017543857
2021-10-20,0.540572857287494,0.49122807017543857
2021-10-21,0.538283069290062,0.49122807017543857
2021-10-22,0.536672126830587,0.47953216374269003
2021-10-25,0.5341660750284017,0.4619883040935672
2021-10-26,0.5327019054117401,0.45614035087719296
2021-10-27,0.5328467173264748,0.4678362573099415
2021-10-28,0.5220110837313447,0.4269005847953216
2021-10-29,0.5226491827731724,0.43859649122807015
2021-11-01,0.5254612526424302,0.4502923976608187
2021-11-02,0.5222017841028592,0.4444444444444444
2021-11-03,0.5145986203247529,0.4152046783625731
2021-11-04,0.5142783335367043,0.4093567251461988
2021-11-05,0.5106307584707658,0.391812865497076
2021-11-08,0.5061852554003922,0.39766081871345027
2021-11-09,0.5093826614043238,0.40350877192982454
2021-11-10,0.5095286804170841,0.42105263157894735
2021-11-11,0.4923573488508791,0.3567251461988304
2021-11-12,0.4888337966201466,0.3391812865497076
2021-11-15,0.4853668846212876,0.36257309941520466
2021-11-16,0.4837083477364414,0.3567251461988304
2021-11-17,0.4841813368825002,0.3508771929824561
2021-11-18,0.4846509071279095,0.34502923976608185
2021-11-19,0.48473267476356025,0.3567251461988304
2021-11-22,0.48325611898820786,0.3508771929824561
2021-11-23,0.48476515773306733,0.38596491228070173
2021-11-24,0.48178784504631134,0.38011695906432746
2021-11-25,0.4830904996845526,0.36257309941520466
2021-11-26,0.5813411467079006,0.5789473684210527
2021-11-29,0.5824964381834811,0.5847953216374269
2021-11-30,0.5799411583056523,0.5614035087719298
2021-12-01,0.5834116879216745,0.543859649122807
2021-12-02,0.5858173952610389,0.5614035087719298
2021-12-03,0.5840230660696748,0.5497076023391813
2021-12-06,0.5842085698412359,0.5789473684210527
2021-12-07,0.598931852464384,0.5964912280701754
2021-12-08,0.5979064853043682,0.5964912280701754
2021-12-09,0.5993648442685019,0.6023391812865497
2021-12-10,0.6006860310378317,0.6140350877192983
2021-12-13,0.5845301539129424,0.5614035087719298
2021-12-14,0.5819939925312836,0.5497076023391813
2021-12-15,0.5759450525080585,0.5380116959064327
2021-12-16,0.583669171803763,0.5497076023391813
2021-12-17,0.5816043076756126,0.5380116959064327
2021-12-20,0.587676583633183,0.5614035087719298
2021-12-21,0.5878134136641338,0.5497076023391813
2021-12-22,0.5862510459950979,0.5555555555555556
2021-12-23,0.5917032458318521,0.5789473684210527
2021-12-24,0.5955447270008086,0.5906432748538012
2021-12-27,0.5956513760551809,0.5906432748538012
2021-12-28,0.5939952950713002,0.5906432748538012
2021-12-29,0.5869348525260074,0.5847953216374269
2021-12-30,0.5833367323692998,0.5672514619883041
2021-12-31,0.586866449769766,0.5672514619883041
2022-01-03,0.5910714137921962,0.5847953216374269
2022-01-04,0.5917248657063006,0.6023391812865497
2022-01-05,0.5927062145800935,0.5906432748538012
2022-01-06,0.5903285816080334,0.6081871345029239
2022-01-07,0.585046215919491,0.6023391812865497
2022-01-10,0.5809885276351491,0.5906432748538012
2022-01-11,0.5848788647266889,0.5906432748538012
2022-01-12,0.5862200992063492,0.5964912280701754
2022-01-13,0.5866938061974549,0.5964912280701754
2022-01-14,0.5834980995419132,0.5847953216374269
2022-01-17,0.5814234791752705,0.5672514619883041
2022-01-18,0.5857067658862284,0.5847953216374269
2022-01-19,0.5828997185607404,0.5730994152046783
2022-01-20,0.5896836463199825,0.5789473684210527
2022-01-21,0.6094168094049739,0.6374269005847953
2022-01-24,0.6532032321517395,0.6549707602339181
2022-01-25,0.6552452656277544,0.6491228070175439
2022-01-26,0.6730379178957677,0.7076023391812866
2022-01-27,0.6718420776960242,0.695906432748538
2022-01-28,0.6720416244562338,0.6842105263157895
2022-01-31,0.675011427239271,0.6900584795321637
2022-02-01,0.6784805225662155,0.7017543859649122
2022-02-02,0.6803279386891905,0.7192982456140351
2022-02-03,0.6833937379268483,0.7309941520467836
2022-02-04,0.6843101935547318,0.7192982456140351
2022-02-07,0.6824416428484588,0.7251461988304093
2022-02-08,0.6825669895118276,0.7309941520467836
2022-02-09,0.6867678494751334,0.7309941520467836
2022-02-10,0.6868545111160136,0.7309941520467836
2022-02-11,0.6885525266809779,0.7251461988304093
2022-02-14,0.7004303796987251,0.7777777777777778
2022-02-15,0.7032469616963573,0.7953216374269005
2022-02-16,0.7052361924255839,0.8011695906432749
2022-02-17,0.7056300734145989,0.8070175438596491
2022-02-18,0.6729269317644441,0.7017543859649122
2022-02-21,0.6772435136074145,0.7134502923976608
2022-02-22,0.6772017666515746,0.7076023391812866
2022-02-23,0.6718535799238442,0.6900584795321637
2022-02-24,0.6886426422690005,0.7953216374269005
2022-02-25,0.713665624629988,0.8421052631578947
2022-02-28,0.7040095325156368,0.8421052631578947
2022-03-01,0.6966202071854433,0.7719298245614035
2022-03-02,0.6886476432549805,0.7543859649122807
2022-03-03,0.6791979747643858,0.7543859649122807
2022-03-04,0.6991788902883327,0.8070175438596491
2022-03-07,0.689512951815045,0.7777777777777778
2022-03-08,0.6800924798265684,0.7602339181286549
2022-03-09,0.7050958687646052,0.8011695906432749
2022-03-10,0.6997718206104547,0.7953216374269005
2022-03-11,0.7019852511451199,0.7953216374269005
2022-03-14,0.6993707262531487,0.7894736842105263
2022-03-15,0.6974000510925037,0.783625730994152
2022-03-16,0.7035394810259884,0.783625730994152
2022-03-17,0.7020192040437881,0.783625730994152
2022-03-18,0.7009801424687081,0.783625730994152
2022-03-21,0.6997625016376479,0.7777777777777778
2022-03-22,0.6994866443880203,0.7777777777777778
2022-03-23,0.699635889766607,0.783625730994152
2022-03-24,0.699003428054452,0.783625730994152
2022-03-25,0.6975797767799545,0.7894736842105263
2022-03-28,0.6974136915052895,0.7719298245614035
2022-03-29,0.701054433642567,0.7660818713450293
2022-03-30,0.6985309774696761,0.7660818713450293
2022-03-31,0.6997139291476819,0.7660818713450293
2022-04-01,0.7014097169349054,0.7719298245614035
2022-04-04,0.7036711748525151,0.7719298245614035
2022-04-05,0.6998896570443066,0.7719298245614035
2022-04-06,0.7007728476806777,0.7719298245614035
2022-04-07,0.7005458383140853,0.7719298245614035
2022-04-08,0.7040222631615333,0.7777777777777778
2022-04-11,0.7027076056453975,0.783625730994152
2022-04-12,0.7023156951161432,0.7777777777777778
2022-04-13,0.7029682856827106,0.783625730994152
2022-04-14,0.7031103105045245,0.7777777777777778
2022-04-15,0.6998971449875911,0.7660818713450293
2022-04-18,0.6891800563898599,0.7485380116959064
2022-04-19,0.6895771325803811,0.7426900584795322
2022-04-20,0.6856054401504,0.7485380116959064
2022-04-21,0.6858693163106282,0.7485380116959064
2022-04-22,0.6872638282291159,0.7543859649122807
2022-04-25,0.6876995434246477,0.7485380116959064
2022-04-26,0.6854575732283635,0.7485380116959064
2022-04-27,0.6823093378643078,0.7368421052631579
2022-04-28,0.6808609934132722,0.7368421052631579
2022-04-29,0.6809304010952536,0.7368421052631579
2022-05-02,0.681971176343598,0.7368421052631579
2022-05-03,0.6786852497954348,0.7368421052631579
2022-05-04,0.6775917036816166,0.7368421052631579
2022-05-05,0.6766146038631755,0.7368421052631579
2022-05-06,0.6772010407155754,0.7368421052631579
2022-05-09,0.6758847493425556,0.7368421052631579
2022-05-10,0.6739090139837387,0.7368421052631579
2022-05-11,0.6754002310585373,0.7368421052631579
2022-05-12,0.6762046772153115,0.7309941520467836
2022-05-13,0.6790396871519117,0.7426900584795322
2022-05-16,0.6775393527668209,0.7485380116959064
2022-05-17,0.6801781882982567,0.7485380116959064
2022-05-18,0.6798262054455323,0.7368421052631579
2022-05-19,0.6701364618646948,0.7309941520467836
2022-05-20,0.654628011311026,0.6900584795321637
2022-05-23,0.6637203031018061,0.7251461988304093
2022-05-24,0.6602277603700278,0.7309941520467836
2022-05-25,0.6637276609558068,0.7309941520467836
2022-05-26,0.6675624105321762,0.7309941520467836
2022-05-27,0.6337330184343063,0.6608187134502924
2022-05-30,0.6390595409058054,0.6491228070175439
2022-05-31,0.6477406400566121,0.672514619883041
2022-06-01,0.597177118657758,0.5789473684210527
2022-06-02,0.596561200078553,0.5730994152046783
2022-06-03,0.5910784925075695,0.5321637426900585
2022-06-06,0.5965676699444992,0.5555555555555556
2022-06-07,0.5979020953633897,0.5614035087719298
2022-06-08,0.5733144073416341,0.49707602339181284
2022-06-09,0.5773436234186589,0.49122807017543857
2022-06-10,0.5942571210229876,0.5263157894736842
2022-06-13,0.6066923298014845,0.5555555555555556
2022-06-14,0.5978321201814442,0.5263157894736842
2022-06-15,0.5983208536805943,0.52046783625731
2022-06-16,0.6043834923478688,0.5321637426900585
2022-06-17,0.6002228582389728,0.5146198830409356
2022-06-20,0.6003673771029535,0.52046783625731
2022-06-21,0.5858932087304867,0.49707602339181284
2022-06-22,0.5944591855152334,0.52046783625731
2022-06-23,0.5920131310224666,0.5087719298245614
2022-06-24,0.5941083749103568,0.49707602339181284
2022-06-27,0.5900584085761422,0.47953216374269003
2022-06-28,0.5940879479621403,0.49122807017543857
2022-06-29,0.589861182049313,0.49122807017543857
2022-06-30,0.597040151238873,0.52046783625731
2022-07-01,0.5899934992407312,0.4853801169590643
2022-07-04,0.5917776757732829,0.5029239766081871
2022-07-05,0.6000795164772302,0.5380116959064327
2022-07-06,0.5988350435748783,0.543859649122807
2022-07-07,0.6055900904372561,0.5555555555555556
2022-07-08,0.6026745674387135,0.5555555555555556
2022-07-11,0.6009239314225515,0.5497076023391813
2022-07-12,0.5975136935369941,0.5321637426900585
2022-07-13,0.5959209553626396,0.5380116959064327
2022-07-14,0.5993143321392713,0.5789473684210527
2022-07-15,0.6010050684088227,0.5847953216374269
2022-07-18,0.6026910529380745,0.6023391812865497
2022-07-19,0.6036224310253662,0.5964912280701754
2022-07-20,0.6029656399263803,0.5906432748538012
2022-07-21,0.6001568475652573,0.5789473684210527
2022-07-22,0.6000686112060587,0.6023391812865497
2022-07-25,0.5981439467680199,0.5730994152046783
2022-07-26,0.6006835819330115,0.5789473684210527
2022-07-27,0.6010775871801771,0.5847953216374269
2022-07-28,0.602941749674534,0.5906432748538012
2022-07-29,0.6015644393881069,0.6023391812865497
2022-08-01,0.5873848106373579,0.5497076023391813
2022-08-02,0.5880131726083775,0.5614035087719298
2022-08-03,0.5817956999569334,0.5380116959064327
2022-08-04,0.577598210519121,0.5321637426900585
2022-08-05,0.5676509967519079,0.5263157894736842
2022-08-08,0.5703289807273609,0.5263157894736842
2022-08-09,0.5638551138434696,0.5263157894736842
2022-08-10,0.56308860185938,0.5146198830409356
2022-08-11,0.5635384735591651,0.5029239766081871
2022-08-12,0.5597599695298715,0.49122807017543857
2022-08-15,0.5555129424799744,0.4853801169590643
2022-08-16,0.5581470617481312,0.49707602339181284
2022-08-17,0.5613044019833321,0.5029239766081871
2022-08-18,0.564653213434211,0.4853801169590643
2022-08-19,0.5685192037310681,0.49122807017543857
2022-08-22,0.569453509367814,0.4853801169590643
2022-08-23,0.5696945971726265,0.49707602339181284
2022-08-24,0.5716881355742894,0.5321637426900585
2022-08-25,0.5737980396824586,0.5497076023391813
2022-08-26,0.5757151336533726,0.5380116959064327
2022-08-29,0.575846011914228,0.5321637426900585
2022-08-30,0.5757468879568501,0.5380116959064327
2022-08-31,0.5750364605139865,0.543859649122807
2022-09-01,0.5800561876033852,0.5672514619883041
2022-09-02,0.5676238379914667,0.49122807017543857
2022-09-05,0.5545717427119226,0.4853801169590643
2022-09-06,0.5580910206800929,0.49707602339181284
2022-09-07,0.5513758955179814,0.47368421052631576
2022-09-08,0.5397146208832999,0.4619883040935672
2022-09-09,0.5482994984924953,0.47368421052631576
2022-09-12,0.5566544962087638,0.4678362573099415
2022-09-13,0.5626857118104297,0.4678362573099415
2022-09-14,0.5583524227762202,0.4619883040935672
2022-09-15,0.5567395870777246,0.47368421052631576
2022-09-16,0.562990833466425,0.5029239766081871
2022-09-19,0.565960422353012,0.5029239766081871
2022-09-20,0.5702930094008608,0.49707602339181284
2022-09-21,0.5671284228392733,0.5087719298245614
2022-09-22,0.558161139200964,0.4853801169590643
2022-09-23,0.580544650907377,0.52046783625731
2022-09-26,0.5807627253193678,0.5263157894736842
2022-09-27,0.5675826771743859,0.49122807017543857
2022-09-28,0.5678176740446297,0.47953216374269003
2022-09-29,0.5673356770782828,0.4853801169590643
2022-09-30,0.5740110360452048,0.47953216374269003
2022-10-03,0.5772234992441015,0.4853801169590643
2022-10-04,0.6126408301353932,0.5614035087719298
2022-10-05,0.6146964715114976,0.5672514619883041
2022-10-06,0.6122542220075001,0.5614035087719298
2022-10-07,0.6086774174126058,0.543859649122807
2022-10-10,0.6029140948750811,0.543859649122807
2022-10-11,0.6037643794251817,0.543859649122807
2022-10-12,0.6049122490921891,0.543859649122807
2022-10-13,0.6076776253435984,0.5614035087719298
2022-10-14,0.6104723173689175,0.5555555555555556
2022-10-17,0.6170507972753762,0.5789473684210527
2022-10-18,0.6207826277180493,0.5847953216374269
2022-10-19,0.6183900922642852,0.5847953216374269
2022-10-20,0.6203283902308602,0.5789473684210527
2022-10-21,0.61666911890104,0.5789473684210527
2022-10-24,0.6202183505899127,0.5730994152046783
2022-10-25,0.6227743700787535,0.5730994152046783
2022-10-26,0.6238009611425902,0.5964912280701754
2022-10-27,0.6224321144225313,0.6081871345029239
2022-10-28,0.6220381320105992,0.6198830409356725
2022-10-31,0.6197828353593314,0.6198830409356725
2022-11-01,0.6256937648672922,0.631578947368421
2022-11-02,0.6246325840560697,0.6491228070175439
2022-11-03,0.6228542074936537,0.6549707602339181
2022-11-04,0.6321330722723971,0.6549707602339181
2022-11-07,0.6326368639046344,0.6491228070175439
2022-11-08,0.6335083376300001,0.6491228070175439
2022-11-09,0.6335910344475972,0.6549707602339181
2022-11-10,0.6333571789622167,0.6257309941520468
2022-11-11,0.631891950994107,0.6198830409356725
2022-11-14,0.630543747736604,0.6257309941520468
2022-11-15,0.6321758488351312,0.6374269005847953
2022-11-16,0.6335557872683949,0.631578947368421
2022-11-17,0.6344235816548841,0.631578947368421
2022-11-18,0.6374875592032717,0.631578947368421
2022-11-21,0.6353487946563693,0.6198830409356725
2022-11-22,0.6369742169715341,0.6140350877192983
2022-11-23,0.6377312188454533,0.6198830409356725
2022-11-24,0.6317582642465914,0.6140350877192983
2022-11-25,0.631161012959183,0.6140350877192983
2022-11-28,0.6362362246241535,0.6198830409356725
2022-11-29,0.6386424404225428,0.6491228070175439
2022-11-30,0.6438774878516755,0.6549707602339181
2022-12-01,0.6436277803415236,0.6549707602339181
2022-12-02,0.6355351735572196,0.6432748538011696
2022-12-05,0.6253392062417407,0.6198830409356725
2022-12-06,0.6210792895486692,0.6198830409356725
2022-12-07,0.6202874874392403,0.6198830409356725
2022-12-08,0.6214181038517871,0.6081871345029239
2022-12-09,0.6170661271526419,0.5964912280701754
2022-12-12,0.6186018687473913,0.6023391812865497
2022-12-13,0.6156503352658779,0.6081871345029239
2022-12-14,0.6185253569872519,0.6081871345029239
2022-12-15,0.6191420578036798,0.6198830409356725
2022-12-16,0.5912674026498512,0.5497076023391813
2022-12-19,0.5916535104951511,0.543859649122807
2022-12-20,0.5938942311307515,0.5497076023391813
2022-12-21,0.6004388390770996,0.5614035087719298
2022-12-22,0.5832766463981032,0.5321637426900585
2022-12-23,0.5814131700882088,0.5380116959064327
2022-12-26,0.5882935023215662,0.5321637426900585
2022-12-27,0.5415912561253847,0.4678362573099415
2022-12-28,0.5353351221691597,0.4502923976608187
2022-12-29,0.5341759374906172,0.4444444444444444
2022-12-30,0.5346603272075734,0.4327485380116959
2023-01-02,0.5341394127826542,0.4269005847953216
2023-01-03,0.5280786231683536,0.4093567251461988
2023-01-04,0.52489582476421,0.4093567251461988
2023-01-05,0.5260322367584855,0.4152046783625731
2023-01-06,0.5262193137713714,0.42105263157894735
2023-01-09,0.5208377715913565,0.4152046783625731
2023-01-10,0.5164090064440031,0.4152046783625731
2023-01-11,0.5126643061853051,0.40350877192982454
2023-01-12,0.5165015480622079,0.4093567251461988
2023-01-13,0.5144276218492799,0.4093567251461988
2023-01-16,0.5094278866628629,0.40350877192982454
2023-01-17,0.5066818407207283,0.4093567251461988
2023-01-18,0.5064360815722666,0.4093567251461988
2023-01-19,0.5272583961526421,0.4502923976608187
2023-01-20,0.5313142712959206,0.4502923976608187
2023-01-23,0.5324408598751871,0.4444444444444444
2023-01-24,0.5331682975856824,0.45614035087719296
2023-01-25,0.5372437354616469,0.47368421052631576
2023-01-26,0.5379642929320806,0.47953216374269003
2023-01-27,0.526716384055749,0.4502923976608187
2023-01-30,0.5296335587543443,0.4444444444444444
2023-01-31,0.5281997200223864,0.4502923976608187
2023-02-01,0.5280443985331068,0.4444444444444444
2023-02-02,0.52092217328311,0.4152046783625731
2023-02-03,0.5234541449336019,0.4093567251461988
2023-02-06,0.5290465575574234,0.42105263157894735
2023-02-07,0.5293946097752984,0.42105263157894735
2023-02-08,0.5199169038632933,0.4327485380116959
2023-02-09,0.5161223520521695,0.42105263157894735
2023-02-10,0.5168111392457144,0.4327485380116959
2023-02-13,0.5162981102964387,0.42105263157894735
2023-02-14,0.5140558460775657,0.42105263157894735
2023-02-15,0.5138020674093767,0.4269005847953216
2023-02-16,0.5122507745280225,0.4152046783625731
2023-02-17,0.5118992954677192,0.42105263157894735
2023-02-20,0.5032394227907532,0.4093567251461988
2023-02-21,0.507408516837504,0.4093567251461988
2023-02-22,0.5095144700407057,0.4269005847953216
2023-02-23,0.510641232795007,0.4093567251461988
2023-02-24,0.5184975921125707,0.42105263157894735
2023-02-27,0.5230161337363072,0.43859649122807015
2023-02-28,0.5196298690776898,0.4269005847953216
2023-03-01,0.5164552643600402,0.42105263157894735
2023-03-02,0.5103406461940402,0.4152046783625731
2023-03-03,0.5104530903548191,0.42105263157894735
2023-03-06,0.5073049033276452,0.42105263157894735
2023-03-07,0.5056019943107375,0.42105263157894735
2023-03-08,0.5056797810814028,0.42105263157894735
2023-03-09,0.48770175113273667,0.40350877192982454
2023-03-10,0.49861070921682216,0.39766081871345027
2023-03-13,0.5412432317973119,0.4444444444444444
2023-03-14,0.5535645485807781,0.4502923976608187
2023-03-15,0.6000757728247931,0.5380116959064327
2023-03-16,0.5977731947473789,0.5380116959064327
2023-03-17,0.6016559551649682,0.5497076023391813
2023-03-20,0.5996156480260249,0.5497076023391813
2023-03-21,0.6077725776412429,0.5555555555555556
2023-03-22,0.6075751636960205,0.5614035087719298
2023-03-24,0.6217845987229674,0.5847953216374269
2023-03-27,0.6260081948235058,0.5906432748538012
2023-03-28,0.6270914184722026,0.5906432748538012
2023-03-29,0.6308445070393787,0.6140350877192983
2023-03-30,0.6336404284870966,0.6023391812865497
2023-03-31,0.6360179903838251,0.6023391812865497
2023-04-03,0.6331019250691622,0.6023391812865497
2023-04-04,0.6320718194017907,0.6023391812865497
2023-04-05,0.6312895805913035,0.5964912280701754
2023-04-06,0.6327140608954019,0.5964912280701754
2023-04-07,0.6318901177724039,0.5964912280701754
2023-04-10,0.6345380662286002,0.5964912280701754
2023-04-11,0.6404415277158326,0.5964912280701754
2023-04-12,0.6399078549012608,0.5964912280701754
2023-04-13,0.6412595095859539,0.5964912280701754
2023-04-14,0.6352453962655379,0.5964912280701754
2023-04-17,0.633778307825681,0.5964912280701754
2023-04-18,0.6321173753704928,0.5964912280701754
2023-04-19,0.632137585052726,0.5964912280701754
2023-04-20,0.6319650729510401,0.5964912280701754
2023-04-21,0.6301722802353296,0.5964912280701754
2023-04-24,0.6308389331267538,0.5964912280701754
2023-04-25,0.6308268800194874,0.5964912280701754
2023-04-26,0.6306851396713459,0.5964912280701754
2023-04-27,0.6265442750445841,0.5964912280701754
2023-04-28,0.6272153315821785,0.5847953216374269
2023-05-01,0.630614007611179,0.5964912280701754
2023-05-02,0.631267597277456,0.5964912280701754
2023-05-03,0.6306397285280287,0.5906432748538012
2023-05-04,0.6350188255393957,0.5964912280701754
2023-05-05,0.6367928300376583,0.5906432748538012
2023-05-08,0.6383353133693291,0.6023391812865497
2023-05-09,0.6392811938226786,0.6023391812865497
2023-05-10,0.6394758161757744,0.6081871345029239
2023-05-11,0.637130229786961,0.6140350877192983
2023-05-12,0.6367990062588454,0.6198830409356725
2023-05-15,0.6375245673731825,0.6198830409356725
2023-05-16,0.635218709726363,0.6081871345029239
2023-05-17,0.6348051786542479,0.6081871345029239
2023-05-18,0.6336703656495015,0.6023391812865497
2023-05-19,0.6330674698236742,0.6023391812865497
2023-05-22,0.6284936275866086,0.5672514619883041
2023-05-23,0.6246731042441582,0.5672514619883041
2023-05-24,0.6318356781541976,0.5789473684210527
2023-05-25,0.6327408868039195,0.5789473684210527
2023-05-26,0.636325802197698,0.5847953216374269
2023-05-29,0.6363093495582196,0.5847953216374269
2023-05-30,0.6394887052280381,0.5964912280701754
2023-05-31,0.6410304901205148,0.6023391812865497
2023-06-01,0.6410715383406039,0.6023391812865497
2023-06-02,0.6447935607290063,0.6023391812865497
2023-06-05,0.6391238705543012,0.5964912280701754
2023-06-06,0.61612854653565,0.6023391812865497
2023-06-07,0.6073138220694164,0.5789473684210527
2023-06-08,0.5510606849198377,0.5087719298245614
2023-06-09,0.5538663801852944,0.5146198830409356
2023-06-12,0.5431308116528464,0.49707602339181284
2023-06-13,0.539478972093885,0.49122807017543857
2023-06-14,0.5244348221520624,0.47368421052631576
2023-06-15,0.5262270393086841,0.4678362573099415
2023-06-16,0.4955252551971863,0.4269005847953216
2023-06-19,0.4953383814039107,0.4269005847953216
2023-06-20,0.49517034875698157,0.4269005847953216
2023-06-21,0.4871658191143756,0.4269005847953216
2023-06-22,0.4783375675812254,0.4093567251461988
2023-06-23,0.4799462951981434,0.39766081871345027
2023-06-26,0.482906278471812,0.40350877192982454
2023-06-27,0.4817025541322747,0.40350877192982454
2023-06-28,0.493112387391551,0.4327485380116959
2023-06-29,0.4914357684386175,0.4269005847953216
2023-06-30,0.49253170042452377,0.4152046783625731
2023-07-03,0.4900687689210265,0.42105263157894735
2023-07-04,0.48762643238610154,0.4152046783625731
2023-07-05,0.4920411731484665,0.42105263157894735
2023-07-06,0.5159710423397628,0.4502923976608187
2023-07-07,0.5140149909871173,0.4502923976608187
2023-07-10,0.5148410254724406,0.4619883040935672
2023-07-11,0.5175271015889962,0.4619883040935672
2023-07-12,0.5316905947038223,0.47368421052631576
2023-07-13,0.5311732644419292,0.47368421052631576
2023-07-14,0.5308586297854271,0.47368421052631576
2023-07-17,0.5203659406455682,0.4619883040935672
2023-07-18,0.5206523886720379,0.4619883040935672
2023-07-19,0.5182018432173295,0.4678362573099415
2023-07-20,0.5203882644506478,0.4619883040935672
2023-07-21,0.5243770026349047,0.47368421052631576
2023-07-24,0.5221315157957576,0.47368421052631576
2023-07-25,0.5177749558686919,0.4619883040935672
2023-07-26,0.5168162197342703,0.4444444444444444
2023-07-27,0.5025430894855795,0.43859649122807015
2023-07-28,0.49649330297635974,0.4152046783625731
2023-07-31,0.49588502767928644,0.42105263157894735
2023-08-01,0.49538450461016054,0.42105263157894735
2023-08-02,0.5072781027970469,0.43859649122807015
2023-08-03,0.5097402870959648,0.4502923976608187
2023-08-04,0.5109629718006851,0.4502923976608187
2023-08-07,0.5114725120724624,0.4502923976608187
2023-08-08,0.514075875790797,0.4502923976608187
2023-08-09,0.5086477906691375,0.4327485380116959
2023-08-10,0.5098055778884089,0.4444444444444444
2023-08-11,0.5142700249907378,0.43859649122807015
2023-08-14,0.5206599202329776,0.43859649122807015
2023-08-15,0.5227421859493268,0.4502923976608187
2023-08-16,0.5053871283561215,0.4093567251461988
2023-08-17,0.5046926958655193,0.42105263157894735
2023-08-18,0.5045777320415585,0.4269005847953216
2023-08-21,0.5037497946149322,0.4269005847953216
2023-08-22,0.5031019772847927,0.4152046783625731
2023-08-23,0.49185984787905457,0.39766081871345027
2023-08-24,0.4906753462808139,0.39766081871345027
2023-08-25,0.46608731622306404,0.3157894736842105
2023-08-28,0.4743648785728291,0.3391812865497076
2023-08-29,0.47908209123701573,0.36257309941520466
2023-08-30,0.47864664183145306,0.36257309941520466
2023-08-31,0.478093778172016,0.36257309941520466
2023-09-01,0.4764566799035879,0.3508771929824561
2023-09-04,0.4749692008901506,0.3567251461988304
2023-09-05,0.4750377243628894,0.34502923976608185
2023-09-06,0.4710709068387288,0.34502923976608185
2023-09-07,0.4705920168713753,0.3684210526315789
2023-09-08,0.47001685619687766,0.3567251461988304
2023-09-11,0.4651576742157893,0.34502923976608185
2023-09-12,0.4629462717908227,0.34502923976608185
2023-09-13,0.46530580409987254,0.34502923976608185
2023-09-14,0.47944474144571475,0.3684210526315789
2023-09-15,0.4759883512314128,0.36257309941520466
2023-09-18,0.48689081344000146,0.40350877192982454
2023-09-19,0.4885309064489501,0.4269005847953216
2023-09-20,0.4844090758643304,0.4269005847953216
2023-09-21,0.49708229924992947,0.43859649122807015
2023-09-22,0.496521975536303,0.4327485380116959
2023-09-25,0.503209089701892,0.4327485380116959
2023-09-26,0.5037621844868604,0.4327485380116959
2023-09-27,0.502121777574282,0.4327485380116959
2023-09-28,0.47029327122076764,0.391812865497076
2023-09-29,0.47312469031406,0.391812865497076
2023-10-02,0.4832131218759517,0.4327485380116959
2023-10-03,0.48851693066535146,0.4269005847953216
2023-10-04,0.4696158201342883,0.4093567251461988
2023-10-05,0.46921699239819037,0.4093567251461988
2023-10-06,0.4719149405083075,0.42105263157894735
2023-10-09,0.47687738257668855,0.391812865497076
2023-10-10,0.5128861378199857,0.4327485380116959
2023-10-11,0.5145545484476494,0.4327485380116959
2023-10-12,0.5144083577900291,0.4327485380116959
2023-10-13,0.5157078805570524,0.4269005847953216
2023-10-16,0.5125989811274588,0.40350877192982454
2023-10-17,0.5105639207280891,0.391812865497076
2023-10-18,0.5152785078262697,0.38011695906432746
2023-10-19,0.5316443217770497,0.42105263157894735
2023-10-20,0.5431570508106552,0.4502923976608187
2023-10-23,0.5392439769281326,0.4444444444444444
2023-10-24,0.5418535310066721,0.43859649122807015
2023-10-25,0.5335730008801659,0.42105263157894735
2023-10-26,0.5294580373418603,0.40350877192982454
2023-10-27,0.5248282570295478,0.391812865497076
2023-10-30,0.5253797763771724,0.39766081871345027
2023-10-31,0.5249372526444407,0.391812865497076
2023-11-01,0.5254619295596572,0.4093567251461988
2023-11-02,0.5397333669125421,0.391812865497076
2023-11-03,0.5341018175268367,0.39766081871345027
2023-11-06,0.5339301231722025,0.391812865497076
2023-11-07,0.531477461884804,0.38596491228070173
2023-11-08,0.5312581106541123,0.38596491228070173
2023-11-09,0.5322762837570341,0.3742690058479532
2023-11-10,0.532369279329721,0.38011695906432746
2023-11-13,0.5342520457200175,0.391812865497076
2023-11-14,0.5415870150881272,0.42105263157894735
2023-11-15,0.5433584929312412,0.42105263157894735
2023-11-16,0.545946860175064,0.42105263157894735
2023-11-17,0.5465223705750472,0.42105263157894735
2023-11-20,0.5422303548511374,0.4152046783625731
2023-11-21,0.5408992271552325,0.4152046783625731
2023-11-22,0.5413280037243918,0.4152046783625731
2023-11-23,0.5417480816550484,0.4093567251461988
2023-11-24,0.5438969244202065,0.4152046783625731
2023-11-27,0.5444766912112184,0.4093567251461988
2023-11-28,0.5405613853557927,0.39766081871345027
2023-11-29,0.5430281924306992,0.39766081871345027
2023-11-30,0.5470505879659088,0.38596491228070173
2023-12-01,0.5497965392949264,0.40350877192982454
2023-12-04,0.548843668885973,0.4152046783625731
2023-12-05,0.5506303785867719,0.4093567251461988
2023-12-06,0.5483311756325554,0.4152046783625731
2023-12-07,0.5357306650467673,0.4093567251461988
2023-12-08,0.5394143192351661,0.40350877192982454
2023-12-11,0.5318867465010019,0.38011695906432746
2023-12-12,0.5326241680614893,0.38011695906432746
2023-12-13,0.5325699933574652,0.38596491228070173
2023-12-14,0.523051415184797,0.38596491228070173
2023-12-15,0.5210521647905242,0.38596491228070173
2023-12-18,0.5142576581065004,0.38011695906432746
2023-12-19,0.5153609327550946,0.39766081871345027
2023-12-20,0.5095884875609829,0.391812865497076
2023-12-21,0.5130041909332552,0.391812865497076
2023-12-22,0.5096093972978394,0.39766081871345027
2023-12-25,0.5013324677722634,0.36257309941520466
2023-12-26,0.4924939788871967,0.36257309941520466
2023-12-27,0.4914663917971267,0.3508771929824561
2023-12-28,0.4944348744648521,0.36257309941520466
2023-12-29,0.4974958714534039,0.38596491228070173
2024-01-01,0.5019140624180306,0.391812865497076
2024-01-02,0.4586089216214062,0.3333333333333333
2024-01-03,0.47036672593988066,0.3508771929824561
2024-01-04,0.47500053752108534,0.3508771929824561
2024-01-05,0.4666876155943777,0.3391812865497076
2024-01-08,0.4682292500366061,0.3391812865497076
2024-01-09,0.46781357592694306,0.3391812865497076
2024-01-10,0.46255951357541625,0.3391812865497076
2024-01-11,0.45349985298882306,0.3157894736842105
2024-01-12,0.42332121413766666,0.2807017543859649
2024-01-15,0.42836468410545353,0.27485380116959063
2024-01-16,0.43327705412060374,0.28654970760233917
2024-01-17,0.45440347132413955,0.3157894736842105
2024-01-18,0.45735913573754416,0.3157894736842105
2024-01-19,0.4571183856965615,0.3216374269005848
2024-01-22,0.45670198131316786,0.3216374269005848
2024-01-23,0.45452275035162404,0.30994152046783624
2024-01-24,0.4584207925530861,0.30994152046783624
2024-01-25,0.43165496305283735,0.2807017543859649
2024-01-26,0.43016696403432375,0.2807017543859649
2024-01-29,0.4335939291745488,0.2982456140350877
2024-01-30,0.42761892509594535,0.2982456140350877
2024-01-31,0.42529117492575425,0.2807017543859649
2024-02-01,0.424530266141808,0.2982456140350877
2024-02-02,0.4160306243371538,0.26900584795321636
2024-02-05,0.4118779654702724,0.2631578947368421
2024-02-06,0.3876390891422606,0.22807017543859648
2024-02-07,0.38852011396331976,0.23976608187134502
2024-02-08,0.37711598740961483,0.2046783625730994
2024-02-09,0.36873816515164803,0.1871345029239766
2024-02-12,0.3717377533347604,0.2046783625730994
2024-02-13,0.38288477914057234,0.2046783625730994
2024-02-14,0.38336097260247687,0.21052631578947367
2024-02-15,0.3837636007435583,0.21052631578947367
2024-02-16,0.38322713721094925,0.19298245614035087
2024-02-19,0.379981276664523,0.19298245614035087
2024-02-20,0.38266469392426206,0.19298245614035087
2024-02-21,0.38302883271160143,0.1871345029239766
2024-02-22,0.38099727640998426,0.19883040935672514
2024-02-23,0.37074661783961826,0.17543859649122806
2024-02-26,0.3731001989959521,0.18128654970760233
2024-02-27,0.37109206408108486,0.18128654970760233
2024-02-28,0.3690230152083551,0.18128654970760233
2024-02-29,0.3679944667926975,0.1871345029239766
2024-03-01,0.3653749460733947,0.18128654970760233
2024-03-04,0.3665242506267517,0.1871345029239766
2024-03-05,0.36372056129071734,0.17543859649122806
2024-03-06,0.36670606632166924,0.18128654970760233
2024-03-07,0.360199265862871,0.17543859649122806
2024-03-08,0.36136138978770566,0.1695906432748538
2024-03-11,0.36305595062288853,0.17543859649122806
2024-03-12,0.36685700667358634,0.19298245614035087
2024-03-13,0.3689547660007104,0.19883040935672514
2024-03-14,0.36665247969810655,0.2046783625730994
2024-03-15,0.3660655394584144,0.2046783625730994
2024-03-18,0.36318192899126567,0.19883040935672514
2024-03-19,0.36227322120564986,0.19883040935672514
2024-03-20,0.36140450796053875,0.19883040935672514
2024-03-21,0.36546964988379327,0.2222222222222222
2024-03-22,0.3625722814499806,0.21052631578947367
2024-03-25,0.36128108311093415,0.19298245614035087
2024-03-26,0.3636009831013464,0.2046783625730994
2024-03-27,0.34840311936252866,0.18128654970760233
2024-03-28,0.3429739873269672,0.18128654970760233
2024-03-29,0.3454255851818253,0.18128654970760233
2024-04-01,0.34854473939788994,0.18128654970760233
2024-04-02,0.34651533929663236,0.1871345029239766
2024-04-03,0.34725696951682355,0.1871345029239766
2024-04-04,0.33985602443184354,0.17543859649122806
2024-04-05,0.3419465781164157,0.17543859649122806
2024-04-08,0.34348913315540364,0.18128654970760233
2024-04-09,0.33920261266953394,0.18128654970760233
2024-04-10,0.31053914516907,0.1111111111111111
2024-04-11,0.31977532496581745,0.12280701754385964
2024-04-12,0.3184922224472976,0.1286549707602339
2024-04-15,0.3165119005285989,0.11695906432748537
2024-04-16,0.36179224623917045,0.18128654970760233
2024-04-17,0.3526713828765715,0.15789473684210525
2024-04-18,0.3564508521145073,0.16374269005847952
2024-04-19,0.3568473979481335,0.16374269005847952
2024-04-22,0.35850851431559616,0.1695906432748538
2024-04-23,0.3649272104198557,0.17543859649122806
2024-04-24,0.3690324182631439,0.18128654970760233
2024-04-25,0.37577149893724887,0.17543859649122806
2024-04-26,0.3829992944378139,0.19883040935672514
2024-04-29,0.38249030561620256,0.18128654970760233
2024-04-30,0.3845490586411902,0.17543859649122806
2024-05-01,0.38500890217093836,0.1871345029239766
2024-05-02,0.3861934333901896,0.18128654970760233
2024-05-03,0.3870798669537995,0.18128654970760233
2024-05-06,0.38780916365255863,0.17543859649122806
2024-05-07,0.3781072090932954,0.1695906432748538
2024-05-08,0.37705408850688743,0.17543859649122806
2024-05-09,0.37105005647958306,0.14035087719298245
2024-05-10,0.3729676770700383,0.15204678362573099
2024-05-13,0.37368328874205714,0.15204678362573099
2024-05-14,0.37385053154002384,0.14619883040935672
2024-05-15,0.37331932832470704,0.13450292397660818
2024-05-16,0.37297866298938354,0.14035087719298245
2024-05-17,0.37462733933397724,0.14619883040935672
2024-05-20,0.36839319046389957,0.13450292397660818
2024-05-21,0.37212033351414264,0.14619883040935672
2024-05-22,0.37279377429752547,0.14035087719298245
2024-05-23,0.373891556711987,0.14035087719298245
2024-05-24,0.3704422684099114,0.14035087719298245
2024-05-27,0.36974102045674107,0.14035087719298245
2024-05-28,0.3756150764175068,0.14619883040935672
2024-05-29,0.3987608814294406,0.17543859649122806
2024-05-30,0.3993067333588279,0.1695906432748538
2024-05-31,0.40074747562678503,0.1695906432748538
2024-06-03,0.4022137399879846,0.1695906432748538
2024-06-04,0.41128359904125,0.18128654970760233
2024-06-05,0.4134701657047366,0.18128654970760233
2024-06-06,0.41618342610280984,0.19883040935672514
2024-06-07,0.42296831801313495,0.22807017543859648
2024-06-10,0.4257012937495744,0.23391812865497075
2024-06-11,0.43962654470373674,0.29239766081871343
2024-06-12,0.44919532971868525,0.30994152046783624
2024-06-13,0.46321038001646886,0.34502923976608185
2024-06-14,0.47542153725159264,0.38596491228070173
2024-06-17,0.47505016964939517,0.38596491228070173
2024-06-18,0.47915748094255245,0.391812865497076
2024-06-19,0.47789521009465774,0.391812865497076
2024-06-20,0.4842735332589418,0.391812865497076
2024-06-21,0.48318277670353993,0.391812865497076
2024-06-24,0.48283853215616385,0.39766081871345027
2024-06-25,0.4843026977323845,0.391812865497076
2024-06-26,0.4855229150939739,0.39766081871345027
2024-06-27,0.48427287352685566,0.40350877192982454
2024-06-28,0.4826853850558621,0.39766081871345027
2024-07-01,0.47973164611596136,0.38596491228070173
2024-07-02,0.48050124566945707,0.38596491228070173
2024-07-03,0.4854632541612597,0.4093567251461988
2024-07-04,0.48658335549520987,0.4152046783625731
2024-07-05,0.4910631080964858,0.4269005847953216
2024-07-08,0.49074568502215554,0.4152046783625731
2024-07-09,0.468032420265105,0.3684210526315789
2024-07-10,0.47322315535726484,0.38011695906432746
2024-07-11,0.4742515012275453,0.38596491228070173
2024-07-12,0.4779822368306846,0.38011695906432746
2024-07-15,0.4824834910054921,0.39766081871345027
2024-07-16,0.4777481022877767,0.38011695906432746
2024-07-17,0.47286803246845394,0.3742690058479532
2024-07-18,0.4750899736000469,0.3742690058479532
2024-07-19,0.4707539191120444,0.3742690058479532
2024-07-22,0.4677958894498446,0.3684210526315789
2024-07-23,0.4650994841074205,0.34502923976608185
2024-07-24,0.46416320792703414,0.3391812865497076
2024-07-25,0.4642170816800948,0.3333333333333333
2024-07-26,0.46526585825120353,0.3391812865497076
2024-07-29,0.4617713121655005,0.3216374269005848
2024-07-30,0.4569506950996681,0.3216374269005848
2024-07-31,0.4554602871458555,0.3216374269005848
2024-08-01,0.47384211463748305,0.3333333333333333
2024-08-02,0.512145370854963,0.42105263157894735
2024-08-05,0.5625395752093092,0.5263157894736842
2024-08-06,0.5595180352785833,0.5146198830409356
2024-08-07,0.5800149394014946,0.5730994152046783
2024-08-08,0.5808382540109557,0.5730994152046783
2024-08-09,0.5822093331947088,0.5672514619883041
2024-08-12,0.5825977908145618,0.5730994152046783
2024-08-13,0.582715565527513,0.5847953216374269
2024-08-14,0.5830202875901462,0.5789473684210527
2024-08-15,0.582361766800086,0.5789473684210527
2024-08-16,0.5810074623156677,0.5847953216374269
2024-08-19,0.58338397837935,0.5789473684210527
2024-08-20,0.5841117877670827,0.5847953216374269
2024-08-21,0.5774986293244814,0.5789473684210527
2024-08-22,0.5813207726092136,0.5964912280701754
2024-08-23,0.5815675774291825,0.5847953216374269
2024-08-26,0.5826240766949476,0.5906432748538012
2024-08-27,0.5797305382588892,0.5906432748538012
2024-08-28,0.5809338661168342,0.5847953216374269
2024-08-29,0.5808767518169865,0.5847953216374269
2024-08-30,0.5801076387326811,0.5789473684210527
2024-09-02,0.5796558380629374,0.5789473684210527
2024-09-03,0.5764965030991624,0.5730994152046783
2024-09-04,0.5732874427578256,0.5614035087719298
2024-09-05,0.5658078353543226,0.543859649122807
2024-09-06,0.5674819215700837,0.5321637426900585
2024-09-09,0.5694556460261891,0.5380116959064327
2024-09-10,0.5686981637005689,0.5263157894736842
2024-09-11,0.5671946394089323,0.5263157894736842
2024-09-12,0.5654325348659018,0.5321637426900585
2024-09-13,0.5706770443267883,0.5497076023391813
2024-09-16,0.5703101342172084,0.5263157894736842
2024-09-17,0.569987747802566,0.5380116959064327
2024-09-18,0.571494188607598,0.5380116959064327
2024-09-19,0.5765233246282001,0.5555555555555556
2024-09-20,0.5791287902408376,0.5614035087719298
2024-09-23,0.5794516511770794,0.5730994152046783
2024-09-24,0.5812222804334561,0.5672514619883041
2024-09-25,0.5777542374149355,0.5555555555555556
2024-09-26,0.573410777806699,0.5321637426900585
2024-09-27,0.5715464870028648,0.5321637426900585
2024-09-30,0.5735209075837627,0.5497076023391813
2024-10-01,0.5701301091160358,0.5555555555555556
2024-10-02,0.5648664228389814,0.5321637426900585
2024-10-03,0.5660991169518067,0.543859649122807
2024-10-04,0.5654711359739997,0.543859649122807
2024-10-07,0.5639302816758299,0.543859649122807
2024-10-08,0.5633088236403463,0.543859649122807
2024-10-09,0.5665714938668568,0.5497076023391813
2024-10-10,0.5658222475363897,0.5380116959064327
2024-10-11,0.5670957034157065,0.543859649122807
2024-10-14,0.5723740414498465,0.543859649122807
2024-10-15,0.5692997256819957,0.543859649122807
2024-10-16,0.5678325044420045,0.543859649122807
2024-10-17,0.5664057762754962,0.5321637426900585
2024-10-18,0.5651580446557539,0.5263157894736842
2024-10-21,0.5688905251985646,0.543859649122807
2024-10-22,0.5704310756636638,0.5614035087719298
2024-10-23,0.5732084570759557,0.543859649122807
2024-10-24,0.5688099106589606,0.5321637426900585
2024-10-25,0.5402930998759565,0.4678362573099415
2024-10-28,0.46075125854514715,0.3157894736842105
2024-10-29,0.4625331915718901,0.30994152046783624
2024-10-30,0.44126010180804237,0.2982456140350877
2024-10-31,0.4443218522935059,0.30409356725146197
2024-11-01,0.4495495936764364,0.30409356725146197
2024-11-04,0.44927510540505966,0.30409356725146197
2024-11-05,0.44829838500003794,0.30409356725146197
2024-11-06,0.448356545617785,0.30409356725146197
2024-11-07,0.44647480181966703,0.3157894736842105
2024-11-08,0.4504606490533994,0.3157894736842105
2024-11-11,0.45322353757117423,0.3157894736842105
2024-11-12,0.4651367491458607,0.3333333333333333
2024-11-13,0.46318493890307283,0.3333333333333333
2024-11-14,0.4712813358497094,0.34502923976608185
2024-11-15,0.46316786806332094,0.32748538011695905
2024-11-18,0.4604044309719682,0.32748538011695905
2024-11-19,0.46616199071636377,0.3333333333333333
2024-11-20,0.46502082222080116,0.32748538011695905
2024-11-21,0.4653702656522391,0.32748538011695905
2024-11-22,0.4666281596947314,0.32748538011695905
2024-11-25,0.46758061117734984,0.32748538011695905
2024-11-26,0.4616647086457459,0.3216374269005848
2024-11-27,0.46029408594023885,0.3157894736842105
2024-11-28,0.4610432298308776,0.3216374269005848
2024-11-29,0.4535424005394053,0.30994152046783624
2024-12-02,0.44923070643846125,0.3157894736842105
2024-12-03,0.4478011196194103,0.30409356725146197
2024-12-04,0.44940327168512045,0.30994152046783624
2024-12-05,0.44731062568730956,0.30994152046783624
2024-12-06,0.440048888098685,0.30994152046783624
2024-12-09,0.43942619531146276,0.30994152046783624
2024-12-10,0.4366033319880622,0.30994152046783624
2024-12-11,0.4338047338130437,0.30994152046783624
2024-12-12,0.4266437404517201,0.2982456140350877
2024-12-13,0.42285392966126073,0.28654970760233917
2024-12-16,0.42424507506569553,0.2982456140350877
2024-12-17,0.4260330811352506,0.29239766081871343
2024-12-18,0.42808951569951914,0.30409356725146197
2024-12-19,0.43073847644337776,0.29239766081871343
2024-12-20,0.43044514560299574,0.29239766081871343
2024-12-23,0.4298229660220258,0.2982456140350877
2024-12-24,0.43593135610170836,0.3157894736842105
2024-12-25,0.43882241136386935,0.3157894736842105
2024-12-26,0.4357305837399303,0.30409356725146197
2024-12-27,0.43483635052104685,0.30409356725146197
2024-12-30,0.43423314683278563,0.28654970760233917
2024-12-31,0.4348584649750535,0.2982456140350877
2025-01-01,0.43265842871548893,0.2982456140350877
2025-01-02,0.4358332266802485,0.28654970760233917
2025-01-03,0.43068763991666864,0.28654970760233917
2025-01-06,0.4290100583661371,0.28654970760233917
2025-01-07,0.43666310728996816,0.30994152046783624
2025-01-08,0.4400441342444555,0.3157894736842105
2025-01-09,0.4442146862419138,0.3216374269005848
2025-01-10,0.4470829926928004,0.3216374269005848
2025-01-13,0.44493226020740567,0.3157894736842105
2025-01-14,0.44512368794115603,0.3216374269005848
2025-01-15,0.45606701236159763,0.3391812865497076
2025-01-16,0.4511165670303075,0.32748538011695905
2025-01-17,0.46120930918873826,0.3391812865497076
2025-01-20,0.46333864340310704,0.3391812865497076
2025-01-21,0.46269543873019564,0.3391812865497076
2025-01-22,0.44931171951656784,0.3216374269005848
2025-01-23,0.4446531488076196,0.3391812865497076
2025-01-24,0.4393638561150385,0.3216374269005848
2025-01-27,0.4405121561783039,0.3157894736842105
2025-01-28,0.4401947651705478,0.3216374269005848
2025-01-29,0.43596331488956624,0.30409356725146197
2025-01-30,0.43894203572581697,0.30409356725146197
2025-01-31,0.438216016654822,0.3157894736842105
2025-02-03,0.4502206936119133,0.3333333333333333
2025-02-04,0.42249821068378124,0.2631578947368421
2025-02-05,0.4197142120815355,0.2631578947368421
2025-02-06,0.42512096485316103,0.29239766081871343
2025-02-07,0.43250804499171436,0.3157894736842105
2025-02-10,0.43635991141976554,0.3391812865497076
2025-02-11,0.4241387366773289,0.28654970760233917
2025-02-12,0.4246653205042429,0.2982456140350877
2025-02-13,0.42564803576334703,0.2982456140350877
2025-02-14,0.42211074581404107,0.29239766081871343
2025-02-17,0.4220643571603985,0.29239766081871343
2025-02-18,0.416332599608011,0.27485380116959063
2025-02-19,0.42935195372177815,0.30409356725146197
2025-02-20,0.4295364961073017,0.2982456140350877
2025-02-21,0.4263754092672966,0.2982456140350877
2025-02-24,0.4243583537701479,0.2982456140350877
2025-02-25,0.42173223027238266,0.2807017543859649
2025-02-26,0.432270247050443,0.30409356725146197
2025-02-27,0.43584216225984657,0.30409356725146197
2025-02-28,0.43627545963267933,0.30409356725146197
2025-03-03,0.43832687736055354,0.2982456140350877
2025-03-04,0.4920342396087572,0.43859649122807015
2025-03-05,0.5032607808387641,0.45614035087719296
2025-03-06,0.49937147009954536,0.4502923976608187
2025-03-07,0.49439472638228904,0.43859649122807015
2025-03-10,0.5002289493282429,0.4444444444444444
2025-03-11,0.508233614485832,0.4444444444444444
2025-03-12,0.5037974974013949,0.4502923976608187
2025-03-13,0.496879883939677,0.4269005847953216
2025-03-14,0.5066345319812768,0.4502923976608187
2025-03-17,0.5090796158372486,0.4444444444444444
2025-03-18,0.509407481486023,0.4444444444444444
2025-03-19,0.5069429419248638,0.43859649122807015
2025-03-20,0.5079724498725957,0.4327485380116959
2025-03-21,0.50906060251892,0.43859649122807015
2025-03-24,0.5056061088560325,0.42105263157894735
2025-03-25,0.5066307166012347,0.42105263157894735
2025-03-26,0.5037134871872334,0.42105263157894735
2025-03-27,0.5044331195061755,0.4093567251461988
2025-03-28,0.5104991634426657,0.42105263157894735
2025-03-31,0.5309188353805991,0.45614035087719296
2025-04-01,0.5373987086653212,0.45614035087719296
2025-04-02,0.5397777643104135,0.4619883040935672
2025-04-03,0.5659655628855581,0.5146198830409356
2025-04-04,0.6815317387602335,0.8070175438596491
2025-04-07,0.7161073535043108,0.9239766081871345
2025-04-08,0.7329517615664758,0.9473684210526315
2025-04-09,0.7465547158588031,0.9649122807017544
2025-04-10,0.768141766559831,0.9766081871345029
2025-04-11,0.765983511412729,0.9766081871345029
2025-04-14,0.766067977852591,0.9707602339181286
2025-04-15,0.7688443972553323,0.9707602339181286
2025-04-16,0.7695431981822687,0.9707602339181286
2025-04-17,0.7709713179911049,0.9707602339181286
2025-04-18,0.7727896886778877,0.9766081871345029
2025-04-21,0.7734041424796577,0.9766081871345029
2025-04-22,0.7721079495614742,0.9649122807017544
2025-04-23,0.7742110993348634,0.9707602339181286
2025-04-24,0.7736198088979022,0.9707602339181286
2025-04-25,0.7736081448189809,0.9707602339181286
2025-04-28,0.7709023603447493,0.9649122807017544
2025-04-29,0.7695099291816954,0.9649122807017544
2025-04-30,0.7656821856609141,0.9707602339181286
2025-05-01,0.7681683297614353,0.9707602339181286
2025-05-02,0.767080750865803,0.9766081871345029
2025-05-05,0.7616671634236274,0.9766081871345029
2025-05-06,0.7611579271893176,0.9766081871345029
2025-05-07,0.760468814791642,0.9766081871345029
2025-05-08,0.7587198346043064,0.9766081871345029
2025-05-09,0.7588040823426258,0.9824561403508771
2025-05-12,0.7581578203658059,0.9766081871345029
2025-05-13,0.7586773921056333,0.9824561403508771
2025-05-14,0.7614724142524594,0.9824561403508771
2025-05-15,0.7573545609966782,0.9707602339181286
2025-05-16,0.7577889199928134,0.9707602339181286
2025-05-19,0.7567231102558404,0.9532163742690059
2025-05-20,0.7572257528755977,0.9532163742690059
2025-05-21,0.7576498315975558,0.9473684210526315
2025-05-22,0.758583498078481,0.9298245614035088
2025-05-23,0.7591199795509109,0.9298245614035088
2025-05-26,0.7618501553022717,0.9473684210526315
2025-05-27,0.7548902214657789,0.9239766081871345
2025-05-28,0.7558386177351486,0.9122807017543859
2025-05-29,0.7580505731284743,0.9181286549707602
2025-05-30,0.7599750107992402,0.9181286549707602
2025-06-02,0.7595870086799134,0.9181286549707602
2025-06-03,0.7593327923908414,0.9122807017543859
2025-06-04,0.7624053681034993,0.9181286549707602
2025-06-05,0.7632932601484295,0.9122807017543859
2025-06-06,0.7636210922585928,0.9181286549707602
2025-06-09,0.7631930886606885,0.9181286549707602
2025-06-10,0.7610630251046131,0.9181286549707602
2025-06-11,0.7614962598769869,0.9181286549707602
2025-06-12,0.7613800516921426,0.9181286549707602
2025-06-13,0.7620400594332453,0.9239766081871345
2025-07-02,0.7618497408489971,0.9122807017543859
2025-07-03,0.7614602385709517,0.9122807017543859
2025-07-04,0.7633460816389152,0.9181286549707602
2025-07-07,0.7626106446658573,0.9239766081871345
2025-07-08,0.7641009519756754,0.9298245614035088
2025-07-09,0.7607710906288464,0.9298245614035088
2025-07-10,0.7573588563872051,0.9298245614035088
2025-07-11,0.754693734840484,0.9239766081871345
2025-07-14,0.7511650756795057,0.9181286549707602
2025-07-15,0.6927337768283486,0.7485380116959064
2025-07-16,0.6442949886959427,0.7368421052631579
2025-07-17,0.6171334672649552,0.6491228070175439
2025-07-18,0.5598957224353014,0.5087719298245614
2025-07-21,0.4787489041072877,0.4093567251461988
2025-07-22,0.48288824645687356,0.4093567251461988
2025-07-23,0.441619314576905,0.3567251461988304
2025-07-24,0.41699941551048647,0.29239766081871343
2025-07-25,0.4185070448690629,0.2982456140350877
2025-07-28,0.41801938815053746,0.30994152046783624
2025-07-29,0.4165740185764378,0.30409356725146197
2025-07-30,0.4099343568989464,0.2982456140350877
2025-07-31,0.4081735983095091,0.27485380116959063
2025-08-01,0.42311943872477653,0.2982456140350877
2025-08-04,0.4319938718299905,0.30994152046783624
2025-08-05,0.4305953223483428,0.30994152046783624
2025-08-06,0.4305885237415056,0.30994152046783624
2025-08-07,0.4328876204773909,0.3157894736842105
2025-08-08,0.44037281784685856,0.32748538011695905
2025-08-11,0.4375481785266224,0.3157894736842105
2025-08-12,0.4285813426917418,0.2807017543859649
2025-08-13,0.43125562865151007,0.29239766081871343
2025-08-14,0.42752867920760496,0.28654970760233917
2025-08-15,0.4314343792850057,0.28654970760233917
2025-08-18,0.4354635213110326,0.2982456140350877
2025-08-19,0.43485383963102914,0.2982456140350877
2025-08-20,0.42274389282548175,0.26900584795321636
2025-08-21,0.42267923895052206,0.2573099415204678
2025-08-22,0.4170792785320439,0.2631578947368421
2025-08-25,0.4182655704179698,0.2631578947368421
2025-08-26,0.42415460671558225,0.2807017543859649
2025-08-27,0.4274885250603593,0.28654970760233917
2025-08-28,0.4236410978694349,0.28654970760233917
2025-08-29,0.4297625070394797,0.2982456140350877
2025-09-01,0.4277766745418489,0.29239766081871343
2025-09-02,0.43941025339563966,0.30994152046783624
2025-09-03,0.42946873397039803,0.28654970760233917
2025-09-04,0.42776088015826974,0.29239766081871343
2025-09-05,0.42659234622213704,0.2982456140350877
2025-09-08,0.4288317231357827,0.30409356725146197
2025-09-09,0.43028716900630515,0.30409356725146197
2025-09-10,0.427169586513874,0.29239766081871343
2025-09-11,0.4300630023101545,0.29239766081871343
2025-09-12,0.43139666365182205,0.30409356725146197
2025-09-15,0.4305649419061879,0.30409356725146197
2025-09-16,0.4446511066345324,0.3157894736842105
2025-09-17,0.44350844449837884,0.3157894736842105
2025-09-18,0.4426312678890679,0.3216374269005848
2025-09-19,0.442554753213056,0.30994152046783624
2025-09-22,0.44150384924249303,0.30994152046783624
2025-09-23,0.4337025253188649,0.29239766081871343
2025-09-24,0.4310438728911576,0.2807017543859649
2025-09-25,0.4292545333245037,0.29239766081871343
2025-09-26,0.4328597480040002,0.2982456140350877
2025-09-29,0.43008532843145153,0.2807017543859649
2025-09-30,0.4279456192981738,0.28654970760233917
2025-10-01,0.433534234002877,0.28654970760233917
2025-10-02,0.43801622749321634,0.30409356725146197
2025-10-03,0.434529306470224,0.30409356725146197
2025-10-06,0.43355862391381766,0.2982456140350877
2025-10-07,0.43195379184863086,0.2982456140350877
2025-10-08,0.4340982233031224,0.2982456140350877
2025-10-09,0.4248306892025095,0.2631578947368421
2025-10-10,0.4310234262746107,0.2573099415204678
2025-10-13,0.43100688877316545,0.2573099415204678
2025-10-14,0.43434493497193066,0.25146198830409355
2025-10-15,0.4290628194818778,0.24561403508771928
