date,EMFI,regime,P_calm,P_elevated,P_stress,P_stress_filtered
2017-05-19,0.01857247522097,1,0.0,1.0,1.2970121202534564e-31,2.208896523713878e-31
2017-05-22,-0.6091178640583337,1,0.0,0.9967268883757724,0.0032731116242561,0.00560853610259059
2017-05-23,-0.5017712970636423,1,0.0,0.9982141949521188,0.0017858050477804,0.003051736812364053
2017-05-24,-0.7713722899762473,1,0.0,0.9975445042471822,0.0024554957527053,0.003137111617851246
2017-05-25,-1.092699622365663,0,0.9993605113819872,0.0006241837266727,1.5304891433809715e-05,2.6728982675023966e-05
2017-05-26,-1.0021928856690354,0,0.9992996588666117,0.0006895890190917,1.075211436899815e-05,1.0268406024517275e-05
2017-05-29,-0.8512172822362157,1,0.0,0.9949548496075152,0.0050451503925451,0.006441226468703867
2017-05-30,-0.9807443300632166,0,0.9993111743121444,0.0006795336402547,9.292047524356292e-06,1.62284493083917e-05
2017-05-31,-0.9458954840220376,0,0.9993253427258412,0.0006673523365375,7.3049376647182e-06,7.064686368396163e-06
2017-06-01,-0.6869769442673999,1,0.0,0.997948917755305,0.002051082244777,0.0026208430023294993
2017-06-02,-0.929681399349449,0,0.9993036084089064,0.0006876937993601,8.697791659728222e-06,1.5195479407573806e-05
2017-06-05,-0.9784453479605362,0,0.999716520354803,0.0002782034097568,5.276235334887519e-06,9.219527492015243e-06
2017-06-06,-0.8266789573977089,0,0.9997389951952868,0.0002572651148337,3.7396898422899806e-06,6.534601818040779e-06
2017-06-07,-1.0383519656367963,0,0.9997380468599018,0.000256869235435,5.0839045814016056e-06,8.880930732197039e-06
2017-06-08,-0.8830058270697027,0,0.9993863013358912,0.0006082456335784,5.453030494129748e-06,5.2867418706925276e-06
2017-06-09,-0.4849398339563887,1,0.0,0.9985381939810116,0.0014618060189231,0.0025155870559432415
2017-06-12,-0.2823586136690663,1,0.0,0.9987707666804496,0.0012292333196404,0.0015710299236228015
2017-06-13,-0.9152120500164276,0,0.9994323360258,0.0005631885097764,4.475464386106022e-06,7.81782875784815e-06
2017-06-14,-1.054162295802998,0,0.999470272483598,0.0005262483348233,3.479181568693563e-06,3.3816688929448457e-06
2017-06-15,-0.6419671177659412,1,0.0,0.9991445878748184,0.0008554121252343,0.0010935909882891666
2017-06-16,-0.9162207557629316,0,0.9986377135129018,0.001354198324981,8.08816212298253e-06,7.8524851865586e-06
2017-06-19,-0.4152672950537863,1,0.0,0.99879058320785,0.0012094167921019,0.0020869658291119858
2017-06-20,-0.6286928253809768,1,0.0,0.9992316418829392,0.0007683581170044,0.000982132120477227
2017-06-21,-0.9965884596818636,0,0.9994195541841916,0.0005753783633625,5.067452388507584e-06,8.851218042443523e-06
2017-06-22,-0.9485499855284374,0,0.9993919958132166,0.000602808957606,5.195229151347162e-06,5.028898457597669e-06
2017-06-23,-0.7816518634276719,1,0.0,0.9981685326617826,0.0018314673381493,0.003152211824060768
2017-06-26,-0.6833000173494743,1,0.0,0.9988441089201918,0.0011558910798451,0.001988674314930065
2017-06-27,-0.604232740019105,1,0.0,0.998690587247601,0.0013094127525063,0.001673250054703665
2017-06-28,-0.9776658574438666,0,0.998593378341346,0.0013176293841463,8.899227455468464e-05,1.6473425809525185e-05
2017-06-29,0.8803791342888071,2,0.0,3.821555539326514e-16,1.0,0.9999999999999998
2017-06-30,-0.923204837654725,0,0.998477908965952,0.0010284338171218,0.0004936572169762,9.140474668894748e-05
2017-07-03,0.3881246379696206,2,0.0,1.3787651726156383e-05,0.9999862123481844,0.9999892183306742
2017-07-04,-0.9511389502801606,0,0.9986287267738516,0.0012736411452034,9.763208095444262e-05,9.429102901712043e-05
2017-07-05,-0.6686520908385476,1,0.0,0.9975591089001088,0.0024408910997974,0.003118612472039827
2017-07-06,-0.8996917141839186,0,0.9992543962973164,0.0007349806930686,1.0623009541799911e-05,1.8558239683361318e-05
2017-07-07,-0.9818818504252596,0,0.9997032416943936,0.0002904297490417,6.328556598078915e-06,1.1057760616452432e-05
2017-07-10,-0.8520209430208205,0,0.9996964192111722,0.0002983138634406,5.266925299109227e-06,9.196159809782373e-06
2017-07-11,-1.000703175851842,0,0.9993730416920942,0.0005611158472645,6.584246062978648e-05,1.2185236437845312e-05
2017-07-12,0.805111831937191,2,0.0,1.560214558823705e-16,1.0,0.9999999999999998
2017-07-13,-0.8549224635245228,0,0.9993550950365436,0.0005817086507961,6.319631271116008e-05,0.00011039978133218984
2017-07-14,-1.0527489916087047,0,0.9997058324472192,0.0002815248578681,1.2642694900762075e-05,2.208547119935072e-05
2017-07-17,-1.120271522300652,0,0.9994282774079252,0.000565626414868,6.096177112946692e-06,5.899066284422141e-06
2017-07-18,-0.7080395961787023,1,0.0,0.9980949395817428,0.0019050604182261,0.003266000351381509
2017-07-19,-0.9170472699107152,1,0.0,0.9981413051858904,0.0018586948142138,0.003190978152517298
2017-07-20,-0.9652283905059188,1,0.0,0.998389434318448,0.0016105656815568,0.002758591661502985
2017-07-21,-0.4555162797642951,1,0.0,0.9979400816501532,0.0020599183499218,0.003527361607164611
2017-07-24,-0.9715767973363914,1,0.0,0.9979476465174218,0.0020523534825365,0.0035295149893190755
2017-07-25,-0.933001547069486,1,0.0,0.9987244028841477,0.0012755971159047,0.0021911462715505582
2017-07-26,-0.8342386127397727,1,0.0,0.9984196146888272,0.0015803853111017,0.0020200924154681354
2017-07-27,-1.149696030388817,0,0.9983657585517212,0.0016180040428141,1.623740537598613e-05,1.564984850554857e-05
2017-07-28,-0.7095980688127907,1,0.0,0.9970430071205856,0.002956992879333,0.003777391840987774
2017-07-31,-1.2465834743001427,0,0.9993616387100286,0.0006295901250061,8.771164919157111e-06,1.5324687041689444e-05
2017-08-01,-1.0493950873784297,0,0.9997604465261276,0.0002356734128871,3.880061026901425e-06,6.7798716596680946e-06
2017-08-02,-1.2151349570938892,0,0.9997225331036268,0.0002727778690361,4.689027432578074e-06,8.193218743107504e-06
2017-08-03,-1.2522512435323547,0,0.9997153624443544,0.0002791935292217,5.444026353574421e-06,9.512592497923101e-06
2017-08-04,-1.0071607351584535,0,0.999747906610034,0.0002457408929751,6.352497039241495e-06,1.10997519580913e-05
2017-08-07,-1.214178701838648,0,0.9997022252800056,0.0002916618052271,6.112914797777654e-06,1.0680858683164686e-05
2017-08-08,-1.236381833162763,0,0.9997031690089198,0.0002894927778072,7.338213162340952e-06,1.2818713610868375e-05
2017-08-09,-0.8916924318999727,0,0.9994588878938568,0.0005278332901747,1.3278815953992236e-05,1.2385735741914712e-05
2017-08-10,-0.7012705587594283,1,0.0,0.989262072737669,0.0107379272624037,0.0030302009634817534
2017-08-11,-0.1244646364030727,2,0.0,0.0799277947624075,0.9200722052375224,0.9516187189519903
2017-08-14,-0.3582837878014922,1,0.0,0.9836293499424114,0.0163706500575488,0.0270668377753662
2017-08-15,-1.0317508465012737,1,0.0,0.9927379225776634,0.0072620774222801,0.009265634508116143
2017-08-16,-0.8470288523497544,0,0.9992704619751956,0.0007103589792246,1.9179045667728554e-05,3.3504124181016134e-05
2017-08-17,-0.8514199909268257,0,0.9996802149152176,0.000310091085293,9.693999457636333e-06,1.6936782349766132e-05
2017-08-18,-0.8460835484731688,0,0.9996545719675513,0.0003353438399981,1.0084192457452927e-05,1.7608879299870835e-05
2017-08-21,-1.0342104688965992,0,0.9990654642708237,0.0009151516037067,1.938412541581261e-05,1.840442599757069e-05
2017-08-22,-0.3667007792585206,1,0.0,0.993532140732264,0.0064678592676548,0.00825669166842348
2017-08-23,-1.0037661611491269,0,0.9976923313780846,0.0022635705167955,4.409810515504349e-05,4.214070131599392e-05
2017-08-24,-0.7676838915178963,1,0.0,0.9949409295670748,0.005059070432879,0.006460765028115426
2017-08-25,-1.0575950607786966,0,0.9976930177833856,0.0022617109417395,4.5271274803218816e-05,4.354786098691109e-05
2017-08-28,-0.770563341689187,1,0.0,0.9965118425048898,0.0034881574950227,0.005749131650491265
2017-08-29,-0.2480190479447465,1,0.0,0.9909828093115346,0.0090171906884099,0.011502744915809883
2017-08-30,-0.6973881868963748,0,0.9978355895874624,0.0021250365850898,3.937382739693964e-05,3.780595019764854e-05
2017-08-31,-0.4886365632628681,1,0.0,0.996092753668632,0.0039072463313235,0.0049900591017284016
2017-09-01,-0.7155062554230452,0,0.9990919738427896,0.0008864079284121,2.161822880691857e-05,3.775933830761847e-05
2017-09-04,-0.8104807640531859,0,0.9995630558278932,0.0004278329167574,9.111255324620316e-06,1.5916444582676664e-05
2017-09-05,-0.9865921598118932,0,0.9995678725531504,0.0004185009980932,1.362644884148843e-05,2.3804052061022934e-05
2017-09-06,-0.9632212314888976,0,0.999567027279171,0.0004195349549458,1.3437765942725672e-05,2.346171326759679e-05
2017-09-07,-0.9281830233240338,0,0.9989470607293424,0.0010326808009222,2.025846975859268e-05,1.9485694954681022e-05
2017-09-08,-1.2089953097242767,1,0.0,0.996620257539309,0.0033797424607236,0.0042133346246840606
2017-09-11,-0.2107074210442034,1,0.0,0.930054286957106,0.0699457130429422,0.08772727774334675
2017-09-12,-1.1500850993618168,0,0.9988838525032124,0.0011059831950317,1.0164301648255615e-05,1.774192905001637e-05
2017-09-13,-1.267067372467341,0,0.9988428587331696,0.0011470511278801,1.009013896048268e-05,9.50436430109032e-06
2017-09-14,-0.858176330584357,1,0.0,0.991589666657504,0.0084103333424137,0.014411397806855087
2017-09-15,-1.0226103740097272,1,0.0,0.9988611317193344,0.0011388682805958,0.0019532449440729832
2017-09-18,-0.8509244421262748,1,0.0,0.9981232247571658,0.0018767752429308,0.0023991812693459863
2017-09-19,-1.3173887715623729,0,0.9973771269943786,0.0025874453290871,3.542767659357178e-05,3.3651802293909964e-05
2017-09-20,-1.1522918926349366,1,0.0,0.993462849907043,0.0065371500930546,0.008343551277027595
2017-09-21,-1.2937760963966682,0,0.9988545022445178,0.0011340702203359,1.1427535201450128e-05,1.9946731493393214e-05
2017-09-22,-1.4070012441353998,0,0.9988843129664164,0.0011015397388701,1.4147294675715503e-05,1.3689824370185503e-05
2017-09-25,-0.9812155685984364,1,0.0,0.9980390012785088,0.0019609987215676,0.003322389079872499
2017-09-26,-1.158111747223816,1,0.0,0.9959915445237238,0.0040084554763575,0.006679283788597579
2017-09-27,-0.8797940782146749,1,0.0,0.9930971773273554,0.0069028226726204,0.01174108749378988
2017-09-28,-0.9805725064414398,1,0.0,0.9972773639867042,0.0027226360132215,0.0034785277755251262
2017-09-29,-1.1261068373880585,0,0.9989533766013972,0.0010318633688978,1.4760029806860907e-05,2.5780038048599692e-05
2017-10-02,-1.119156239593156,0,0.9995907123625188,0.0004012213003654,8.066337190415182e-06,1.4083593989239458e-05
2017-10-03,-1.3266389720974825,0,0.9989075868823524,0.001076187853946,1.6225263617757006e-05,1.5699262746286703e-05
2017-10-04,-1.1532701522025943,1,0.0,0.9980214763796268,0.001978523620294,0.0034017306378730855
2017-10-05,-1.2606397603966268,1,0.0,0.9986719107144636,0.0013280892855881,0.0016974856107703027
2017-10-06,-1.4574888422943912,0,0.9989789288302844,0.0010104245647935,1.0646604983498673e-05,1.859509527741536e-05
2017-10-09,-1.63200520715668,0,0.9995509296070654,0.0004409545148558,8.115877978965944e-06,1.4178048346532543e-05
2017-10-10,-1.607249785705732,0,0.999559113588848,0.0004326397577962,8.246653263951418e-06,1.440707057209243e-05
2017-10-11,-1.4618726284189258,0,0.99959037315626,0.0004028833440505,6.743499767399558e-06,1.178072635279126e-05
2017-10-12,-1.6357077607613475,0,0.999553506065206,0.0004386108806985,7.883054200668199e-06,1.377141240675003e-05
2017-10-13,-1.6470111780380936,0,0.9995577991929236,0.0004348665844213,7.334222763354035e-06,1.2812495414961203e-05
2017-10-16,-1.6762838017928343,0,0.9995709141542828,0.0004188552295997,1.0230616174065523e-05,1.7872374996523313e-05
2017-10-17,-1.6158318545476622,0,0.9995644529157416,0.0004257568936609,9.790190633608736e-06,1.7103020988912033e-05
2017-10-18,-1.5667255359513517,0,0.9995652114674248,0.000425569477639,9.219054973309495e-06,1.6105767016401235e-05
2017-10-19,-1.3646597249491574,0,0.999578426892374,0.000414935581286,6.637526342868002e-06,1.1595643670504729e-05
2017-10-20,-1.5027275331607566,0,0.9995568841367184,0.0004360164735203,7.099389813989267e-06,1.2395515385766605e-05
2017-10-23,-1.5187390091284567,0,0.9989433494164082,0.0010402313577268,1.6419225826126933e-05,1.5644116858775973e-05
2017-10-24,-1.0141672814880178,1,0.0,0.9943610594183412,0.005638940581648,0.009143161319229882
2017-10-25,-1.1790429195842649,1,0.0,0.9879738443212568,0.0120261556787497,0.003164868967118062
2017-10-26,-0.1353405039464061,2,0.0,8.271044332665641e-11,0.999999999917236,0.9999999999518099
2017-10-27,-1.1838896491070274,1,0.0,0.98763396955808,0.0123660304418916,0.02103370215587708
2017-10-30,-1.323613522462206,1,0.0,0.9979519297490838,0.0020480702508655,0.003509278709444165
2017-10-31,-1.3581383520903494,1,0.0,0.998060420783682,0.0019395792162474,0.0032974846121576564
2017-11-01,-1.514409662538497,1,0.0,0.9966226518958994,0.0033773481042106,0.004314888592053105
2017-11-02,-1.696209217494756,0,0.9981627740097556,0.0018094891320551,2.7736858239648705e-05,2.6738778673021228e-05
2017-11-03,-1.569945146975438,1,0.0,0.9970725652997368,0.0029274347003139,0.0037395844455269814
2017-11-06,-1.983418858543189,0,0.9993517621317614,0.0006336751988354,1.4562669410411263e-05,2.54426617762203e-05
2017-11-07,-1.7744393415381905,0,0.9997655884925452,0.0002269130621183,7.498445400067079e-06,1.3098321334521538e-05
2017-11-08,-1.9538802012132188,0,0.9994018238382552,0.0005848991544566,1.3277007330660073e-05,1.1307922865339725e-05
2017-11-09,-1.0890566597403308,1,0.0,0.9659542784861398,0.0340457215139242,0.05715729343515392
2017-11-10,-1.6511022736412122,1,0.0,0.9982152595645571,0.0017847404354218,0.0030543192084040026
2017-11-13,-1.5715205225867876,1,0.0,0.9978062701312954,0.0021937298686953,0.00280287936624078
2017-11-14,-1.9748239205945324,0,0.9994250884840336,0.0005630885075711,1.182300849528101e-05,2.0651433437436857e-05
2017-11-15,-1.7771199214159117,0,0.9994856851289308,0.0005021725740153,1.2142297029904758e-05,1.1673122816301318e-05
2017-11-16,-1.399923748429204,1,0.0,0.9965532048100584,0.0034467951899141,0.00440219668013984
2017-11-17,-1.842169514645832,0,0.9994946312616476,0.0004890042952593,1.6364443168645425e-05,2.8590976426367097e-05
2017-11-20,-2.015291718528748,0,0.9997214837078052,0.0002706859195563,7.830372585618102e-06,1.3682712273785677e-05
2017-11-21,-2.0447420362670994,0,0.999778570995158,0.0002150694489156,6.359555879551665e-06,1.1112870727039186e-05
2017-11-22,-2.129838272995839,0,0.9997781144120382,0.000215686024921,6.1995630860978594e-06,1.0833063858031365e-05
2017-11-23,-2.259640028895439,0,0.9997709372762036,0.0002208341598055,8.228564052637286e-06,1.4378855691702532e-05
2017-11-24,-2.262160922724733,0,0.9997911916070372,0.0002019545971506,6.8537958508356585e-06,1.1974236911448353e-05
2017-11-27,-2.12619172811,0,0.999564841852051,0.0004255204274005,9.637720550782007e-06,9.307515592200406e-06
2017-11-28,-2.0126513788505043,1,0.0,0.9976380785459776,0.0023619214539169,0.004035142868205709
2017-11-29,-1.956295472055756,1,0.0,0.9975611174368956,0.0024388825631313,0.003114953758584873
2017-11-30,-2.287923583765895,0,0.9988322209426622,0.0010448740158849,0.0001229050414281,2.4425262180148134e-05
2017-12-04,-1.2056845930241225,2,0.0,0.084648161541544,0.9153518384583448,0.9325432429941352
2017-12-05,-2.3525716235877345,0,0.9996135968376748,0.0003343750258639,5.202813634792784e-05,9.088703566943285e-05
2017-12-06,-2.3640705495482,0,0.9995315709464028,0.000457013561972,1.1415491638139616e-05,1.0970190235654645e-05
2017-12-07,-2.145464924385605,1,0.0,0.9964666993610316,0.0035333006388922,0.004512860245191708
2017-12-08,-2.157031471889748,0,0.9990711083367892,0.00090102725141,2.786441189538618e-05,2.6838918811976094e-05
2017-12-11,-2.110434575825019,1,0.0,0.996964738649882,0.0030352613501252,0.003877041265178858
2017-12-12,-2.2782222285110088,0,0.9995429924990415,0.0004441282187704,1.287928229738607e-05,2.2498885010981712e-05
2017-12-13,-2.24209584490701,0,0.9995664635558524,0.0004216511062401,1.1885337998756691e-05,1.1421434585459163e-05
2017-12-14,-1.977543586802156,1,0.0,0.9964646368094784,0.0035353631905075,0.004515711271697787
2017-12-15,-2.4361423753804794,0,0.9987802590772058,0.0011851130962269,3.462782663232311e-05,2.5388049150092353e-05
2017-12-18,-1.0979511167327938,1,0.0,0.9225270110645633,0.0774729889353894,0.12411080200811486
2017-12-19,-2.2088583186287547,1,0.0,0.992940356691764,0.0070596433083088,0.009009069460872156
2017-12-20,-2.265374294130523,0,0.998630545486931,0.0013422038997834,2.725061331424942e-05,2.62323667571669e-05
2017-12-21,-1.9976319177039423,1,0.0,0.9967805286940364,0.0032194713060003,0.004112227292588076
2017-12-22,-2.32908176236839,0,0.9994055971265938,0.0005786097217174,1.579315163128165e-05,2.758691299436124e-05
2017-12-25,-2.604076852401354,0,0.999777198862715,0.0001853122976467,3.748883972415267e-05,6.54934727409531e-05
2017-12-26,-2.558179779304663,0,0.9997846062206448,0.0001789892466383,3.640453266557536e-05,6.361182814570785e-05
2017-12-27,-2.300884031105956,0,0.9997577608583222,0.0002342150476998,8.024094046587166e-06,1.4021161154534286e-05
2017-12-28,-2.2628931715138982,0,0.9997663689909976,0.0002262640527246,7.36695617621114e-06,1.2873124295631998e-05
2017-12-29,-2.1973445546255173,0,0.9997827122662412,0.0002101644582121,7.123275483535454e-06,1.2437903869233306e-05
2018-01-01,-2.6245440000171056,0,0.9994444915003732,0.0004836997219207,7.180877773331625e-05,6.798939851983283e-05
2018-01-02,-1.932619423424136,1,0.0,0.9929022594041792,0.007097740595792,0.011470936446114757
2018-01-03,-1.8984734767105431,1,0.0,0.987418398631967,0.012581601368011,0.003312415274738883
2018-01-04,0.1028798584722927,2,0.0,2.9747686381781394e-22,1.0,1.0
2018-01-05,-1.87656252162028,0,0.9994268434397452,0.000496481269886,7.667529028860594e-05,0.00013394996341291866
2018-01-08,-2.0077739006802044,0,0.999664997418749,0.0003270359438124,7.9666373987428e-06,1.3913695873887412e-05
2018-01-09,-1.9689849478736348,0,0.999228633046056,0.0007576571876057,1.3709766233876402e-05,1.324764880793337e-05
2018-01-10,-1.7882081764775148,1,0.0,0.99773952715042,0.002260472849496,0.0038579719203334856
2018-01-11,-1.8686074211660468,1,0.0,0.9973671769272264,0.0026328230728151,0.0033635998368397872
2018-01-12,-2.085095336103749,0,0.9992370500391872,0.0007472000923697,1.5749868341857587e-05,2.7512941367150694e-05
2018-01-15,-2.173541277075885,0,0.9996810411172884,0.0003072423420296,1.1716540648580422e-05,2.0470802457313416e-05
2018-01-16,-2.15155060374883,0,0.999669006359478,0.0003217499595417,9.243680881803395e-06,1.6150533324958428e-05
2018-01-17,-2.027695740641475,0,0.9996758141534262,0.0003166361899109,7.549656667978773e-06,1.3190453706354788e-05
2018-01-18,-2.131883870862626,0,0.9996550119016988,0.0003363521803595,8.635918042484456e-06,1.5082678924246948e-05
2018-01-19,-1.904178512019385,0,0.999234421799128,0.0007525380031415,1.3040197720635077e-05,1.2517509342252422e-05
2018-01-22,-1.397080291668581,1,0.0,0.9961701565235718,0.0038298434764325,0.00489288737405648
2018-01-23,-1.9138223873979967,0,0.997850394103374,0.0021272205325095,2.2385364166726864e-05,2.1649130964407124e-05
2018-01-24,-1.535823362610309,1,0.0,0.9977983264718524,0.0022016735281136,0.0027436623393478905
2018-01-25,-1.158030701409788,1,0.0,0.9301957248970288,0.069804275102952,0.08755034593876118
2018-01-26,-1.8914899392095224,0,0.9990088652883892,0.0009800548053828,1.1079906319903131e-05,1.934274622732765e-05
2018-01-29,-1.9719143247942168,0,0.9989275630838116,0.0010654078038903,7.029112282259396e-06,6.749303486744255e-06
2018-01-30,-0.9675294040162328,1,0.0,0.9962063210986558,0.0037936789013152,0.004847546229644948
2018-01-31,-1.8180186318965488,0,0.9973384292526268,0.00264737041714,1.4200330210707788e-05,1.301513494352063e-05
2018-02-01,-1.3230365742239012,1,0.0,0.9847085578463984,0.0152914421535959,0.004034003489834025
2018-02-02,0.0921164310231725,2,0.0,8.159309906126203e-17,1.0,0.9999999999999998
2018-02-05,0.6974491697578651,2,0.0,3.1349954692015045e-33,1.0,1.0
2018-02-06,4.376941292967512,2,0.0,2.785984128179406e-135,1.0,1.0
2018-02-07,3.6751295625678,2,0.0,4.117570122865839e-91,1.0,1.0
2018-02-08,3.059568193481112,2,0.0,2.250526700374337e-65,1.0,1.0
2018-02-09,0.999461825933094,2,0.0,0.4499432512625215,0.5500567487375513,0.2422445184849663
2018-02-12,1.4005382300744316,2,0.0,0.0016212383754029,0.998378761624495,0.9987316276022893
2018-02-13,0.2659640825954335,0,0.9981928094374412,0.0014711974230958,0.000335993139532,0.0003165523341313859
2018-02-14,0.5772551642841883,1,0.0,0.9915898551743554,0.0084101448256436,0.013917437977984361
2018-02-15,0.5199766438215594,1,0.0,0.9921649263992554,0.0078350736007052,0.012725068509888254
2018-02-16,0.770884243898113,1,0.0,0.9884386971905004,0.0115613028095823,0.014732373130286532
2018-02-19,0.2358323016824144,0,0.9991660502833364,0.0007901258390807,4.382387759604117e-05,7.654455048743557e-05
2018-02-20,0.2534311822512418,0,0.9996479289658856,0.0003315147446524,2.055628943134117e-05,3.591089168418175e-05
2018-02-21,0.2074835290792183,0,0.9996513235801,0.0003270293294765,2.164709041412317e-05,3.781582622009824e-05
2018-02-22,0.1888275887572741,0,0.9996623271989652,0.0003125506052689,2.512219586010942e-05,4.388716350653954e-05
2018-02-23,0.2132442026939891,0,0.9996579222384367,0.0003188187742671,2.325898738259124e-05,4.0632528246791897e-05
2018-02-26,0.2158485159028189,0,0.9996471456609966,0.0003317699205502,2.1084418530460756e-05,3.680394110262488e-05
2018-02-27,0.0893571292703753,0,0.9992583971044864,0.000655601340618,8.600155499603396e-05,6.733872467316989e-05
2018-02-28,0.527513028306402,1,0.0,0.942400835827249,0.0575991641728064,0.015699076442289652
2018-03-01,1.4162927764717774,2,0.0,0.000553168547554,0.9994468314524384,0.9978824866382257
2018-03-02,3.35174024187012,2,0.0,1.5536280908420845e-80,1.0,1.0
2018-03-05,0.8907874346182778,1,0.0,0.6025066761238183,0.397493323876145,0.18527174541273114
2018-03-06,0.9353318399343524,2,0.0,0.1951547714995111,0.8048452285004989,0.8405974186461982
2018-03-07,0.2309721137061217,0,0.9981358821463312,0.0015887661192299,0.0002753517343266,0.00025268956627146365
2018-03-08,0.7952912638343528,1,0.0,0.9851146455842456,0.0148853544158175,0.01895070047830489
2018-03-09,0.2436291533206944,0,0.999168499604914,0.000787619697426,4.388069768491288e-05,7.660411869717167e-05
2018-03-12,0.2751426531908491,0,0.9991574752896982,0.0008047424957371,3.778221455534425e-05,3.496581770252844e-05
2018-03-13,0.6460175050693349,1,0.0,0.987303333881794,0.0126966661181819,0.016172958152427447
2018-03-14,0.2368957178173225,0,0.9992248877627004,0.0007177355426598,5.7376694563938415e-05,0.00010015656336867316
2018-03-15,0.3422573036037988,0,0.9991748801428872,0.0007730547161876,5.206514096402387e-05,3.647783795391336e-05
2018-03-16,0.5238084914407505,1,0.0,0.9080962905854608,0.0919037094144814,0.025795037396599742
2018-03-19,1.5482189230062111,2,0.0,0.0033271770369806,0.996672822962978,0.9977411556887844
2018-03-20,0.562555101788028,1,0.0,0.8240421310035573,0.175957868996339,0.09748550692588759
2018-03-21,0.6224950975950628,1,0.0,0.4990538143216456,0.5009461856783831,0.2074908706396808
2018-03-22,3.128439363303809,2,0.0,2.4438376640082766e-54,1.0,1.0
2018-03-23,1.0129805721102731,1,0.0,0.842237879364519,0.1577621206355258,0.23523973403236365
2018-03-26,0.7580364257751063,1,0.0,0.9817224690356592,0.0182775309643811,0.02688582140064569
2018-03-27,1.102464998472256,1,0.0,0.9675548439981112,0.0324451560018684,0.04110559540057284
2018-03-28,0.454976941408603,0,0.9992160388482396,0.0007367675559352,4.719359592505171e-05,8.243451162010037e-05
2018-03-29,0.4991589177725018,0,0.9996652244498868,0.0003169913862097,1.7784163882172275e-05,3.101786099382824e-05
2018-03-30,0.0361166152809139,0,0.999642481445358,0.0001239763194455,0.0002335422351844,0.00040672462368480656
2018-04-02,0.0691006850037128,0,0.9993128797841349,0.0003045418520268,0.0003825783637389,0.0003562027058395763
2018-04-03,0.6992727213362031,1,0.0,0.9888192405775824,0.0111807594223827,0.014562788472853612
2018-04-04,0.6298343481081515,1,0.0,0.939498702231132,0.0605012977689059,0.016519065512642622
2018-04-05,4.626081095532959,2,0.0,2.971805113939788e-122,1.0,1.0
2018-04-06,0.7595531508991286,1,0.0,0.8608727421908318,0.1391272578092327,0.18661105695493313
2018-04-09,0.683445672182278,1,0.0,0.9364625314056608,0.0635374685944099,0.09983973957769192
2018-04-10,0.9381072582609488,1,0.0,0.9855733355070306,0.014426664492873,0.01836888210788819
2018-04-11,0.6552013393057865,0,0.9992725360732664,0.0006879186724589,3.954525426820798e-05,6.907635348429824e-05
2018-04-12,0.8597690751936327,0,0.9997177744455584,0.0002586473188469,2.357823568863933e-05,4.118302827777682e-05
2018-04-13,0.3708354270686195,0,0.9997460198651462,0.0001969147664401,5.706536851329272e-05,9.969334979514322e-05
2018-04-16,0.4849996441297487,0,0.9997166674879802,0.0002556804793057,2.7652032778864792e-05,4.8283662012422805e-05
2018-04-17,0.7149159335711704,0,0.9992628049851916,0.0006900551937844,4.71398209455294e-05,3.32156868749179e-05
2018-04-18,1.0286299542595214,1,0.0,0.9099594456241852,0.0900405543758417,0.11227517940522819
2018-04-19,0.4760230424788705,0,0.9993378419759946,0.0005671989576145,9.495906643561911e-05,0.00016586986417425548
2018-04-20,0.5783328528460312,0,0.9997045724178324,0.0002716331241499,2.3794458024897337e-05,4.156910501897169e-05
2018-04-23,0.5517328334566347,0,0.9997135650001708,0.0002598312718894,2.660372785961455e-05,4.6454276406969706e-05
2018-04-24,0.5399751757293405,0,0.999316239378261,0.0006342220034758,4.953861830437846e-05,4.288438421724643e-05
2018-04-25,1.1832020565899983,1,0.0,0.970275327591556,0.0297246724084807,0.04493364158490332
2018-04-26,1.2382324843877033,1,0.0,0.9737572479482036,0.0262427520519051,0.039348189237383854
2018-04-27,0.7087537205061006,1,0.0,0.9718297510205336,0.0281702489794503,0.03572807390916944
2018-04-30,0.4305435141482358,0,0.999343956020063,0.0005903228214141,6.572115851131236e-05,0.00011468137740615123
2018-05-01,-0.060402717233374,0,0.9995987574520224,0.0002529957373813,0.0001482468104849,0.00014390428248532242
2018-05-02,0.4149356009087885,1,0.0,0.9988647457611848,0.00113525423875,0.001959296953072477
2018-05-03,0.6514784754013998,1,0.0,0.9992502772223496,0.0007497227776499,0.0012980852298011506
2018-05-04,0.4466004844185441,1,0.0,0.9997752298672484,0.0002247701326429,0.0002873827994624627
2018-05-07,0.0912750328318378,0,0.9990457026747012,0.000953394410305,9.029149161181652e-07,8.804136010777382e-07
2018-05-08,0.162356779761478,1,0.0,0.9998494248225608,0.000150575177397,0.0002604112868516279
2018-05-09,0.2972507440602736,1,0.0,0.9994953034833096,0.0005046965167127,0.0006452179674788098
2018-05-10,-0.2207258279045242,0,0.9991452166847152,0.000853438301247,1.3450139658579622e-06,1.3114031696054297e-06
2018-05-11,0.0597073702094941,1,0.0,0.9998432314661534,0.000156768533937,0.00027079975595011523
2018-05-14,0.0620616202943204,1,0.0,0.9992844136581214,0.0007155863418949,0.001238639379185233
2018-05-15,0.1636469343596612,1,0.0,0.9997217297887904,0.0002782702111527,0.00048207863463560453
2018-05-16,-0.1062646333428105,1,0.0,0.9998162039183416,0.0001837960817158,0.0003184439403269094
2018-05-17,0.0107981950089917,1,0.0,0.999822638939062,0.0001773610610348,0.00022677742196944187
2018-05-18,-0.2110952962698271,0,0.9989102607708672,0.0010878173809475,1.9218481559183585e-06,1.8735460127291037e-06
2018-05-21,-0.0933965884089424,1,0.0,0.999784593835086,0.0002154061649961,0.0003731871830558518
2018-05-22,-0.0829539149372691,1,0.0,0.9998152157482726,0.0001847842517694,0.00031603772462643765
2018-05-23,0.6440736653325281,1,0.0,0.9975110720105594,0.0024889279893525,0.0031804184848946847
2018-05-24,-0.1661299954128975,0,0.9987716639449464,0.0012231503157466,5.1857392418893165e-06,5.05231180028658e-06
2018-05-25,-0.1711822269934171,1,0.0,0.999627239148065,0.0003727608519305,0.0006144546270083715
2018-05-28,-0.065394490366404,1,0.0,0.990774548817618,0.0092254511823161,0.0024227596373739974
2018-05-29,1.54138874027201,2,0.0,9.187774727903911e-15,1.0,0.9999999999999947
2018-05-30,0.2035293578914044,1,0.0,0.9946578828227042,0.0053421171773207,0.0068210087706522034
2018-05-31,-0.3851612876054105,0,0.9987190165174652,0.0012769680638278,4.015418723137709e-06,3.9047375820350174e-06
2018-06-01,0.375033013929623,1,0.0,0.9991794872238234,0.000820512776273,0.0014147069924272543
2018-06-04,0.0528133862215943,1,0.0,0.9990351935025128,0.0009648064975617,0.0016656937036328627
2018-06-05,0.1409051763200856,1,0.0,0.9992897259765068,0.0007102740235228,0.0009079017109687176
2018-06-06,-0.4781105043355201,0,0.999459341454878,0.0005379174408623,2.741104236007525e-06,4.788330279612839e-06
2018-06-07,-0.5701347587718903,0,0.9994862322130788,0.0005104233211132,3.344465795397086e-06,3.2500064343218213e-06
2018-06-08,-0.2750541257710678,1,0.0,0.999093985976371,0.0009060140237286,0.00156548823049066
2018-06-11,-0.0808881271860353,1,0.0,0.9994305134793828,0.0005694865205141,0.0007279534188373838
2018-06-12,-0.6455972824562598,0,0.9995384605702244,0.0004583834597299,3.155969980366604e-06,5.513458116242794e-06
2018-06-13,-0.6055202003019173,0,0.9995381044067738,0.0004592623951503,2.633198076832592e-06,2.5275104338779285e-06
2018-06-14,0.2026169580199815,1,0.0,0.9961873883602048,0.0038126116397082,0.006526671117041735
2018-06-15,0.4853781457536724,1,0.0,0.998102354217728,0.001897645782372,0.003283191208483099
2018-06-18,-0.0702185426153357,1,0.0,0.999791688339227,0.0002083116607042,0.000266300899424871
2018-06-19,-0.39990642279364,0,0.999618909553908,0.000380390721594,6.997245699784345e-07,1.2225224057983258e-06
2018-06-20,-0.5723408720675608,0,0.999593221437736,0.0004060623288179,7.162335411623572e-07,6.970844961457773e-07
2018-06-21,-0.1632338086078825,1,0.0,0.999468783769254,0.000531216230659,0.000675015774337801
2018-06-22,0.1318166965243148,1,0.0,0.9352950583476424,0.0647049416523146,0.017724466074132306
2018-06-25,1.5372579423970951,2,0.0,2.2223496585936127e-40,1.0,1.0
2018-06-26,-0.8151456342012713,1,0.0,0.964243557058616,0.0357564429414236,0.05983594889466717
2018-06-27,-0.5818856040082179,1,0.0,0.9977400213104136,0.0022599786895695,0.003882123289044764
2018-06-28,-0.4394504233980598,1,0.0,0.9985422602476488,0.0014577397522856,0.0025005955752048534
2018-06-29,-0.4441295026187955,1,0.0,0.998194541061821,0.0018054589380826,0.0030711395557436244
2018-07-02,-0.5076649303070376,1,0.0,0.9967074639399816,0.0032925360600231,0.004205619953627441
2018-07-03,-0.8899853208963904,0,0.9993038240946762,0.0006827217686209,1.3454136720230605e-05,2.350446469966406e-05
2018-07-04,-1.0155129628149704,0,0.9996926856053994,0.0003014511130032,5.863281632935887e-06,1.0244933792648856e-05
2018-07-05,-0.9234451520487406,0,0.9997323153339296,0.0002609597392216,6.7249268438134725e-06,1.1750322782836734e-05
2018-07-06,-1.121217863792351,0,0.9996912802947322,0.0003025265121247,6.19319309829769e-06,1.0821156663692734e-05
2018-07-09,-0.9944640943614756,0,0.999700803420124,0.0002930034541311,6.193125635264517e-06,1.0816693883399011e-05
2018-07-10,-1.0047671580374935,0,0.9992683692470212,0.0007171923246718,1.443842838597629e-05,1.103280290119848e-05
2018-07-11,-0.055845907214859,1,0.0,0.9352097122832757,0.0647902877167098,0.08138176692651847
2018-07-12,-0.9147648684465062,0,0.9983312430934744,0.0016382715830614,3.04853233774405e-05,2.922019582967182e-05
2018-07-13,-0.9288981294286484,1,0.0,0.9957264294232134,0.0042735705768984,0.005458711883240537
2018-07-16,-1.1192724317408276,0,0.9980735600573172,0.0019007195616438,2.5720381144584756e-05,2.4820322133016713e-05
2018-07-17,-0.9036775922603622,1,0.0,0.9973062988414956,0.002693701158518,0.004608444579840785
2018-07-18,-0.9042045749012236,1,0.0,0.9978570088044728,0.0021429911955198,0.0036505201846051714
2018-07-19,-0.9491790055509046,1,0.0,0.9970067817437712,0.0029932182563154,0.00382466473107587
2018-07-20,-1.106762041441271,0,0.9980777380996356,0.0018974172239034,2.484467648270386e-05,2.3775362105688128e-05
2018-07-23,-1.0115605189298982,1,0.0,0.995316108939742,0.0046838910601641,0.005980176666725443
2018-07-24,-0.8774747667210397,0,0.9993909090544492,0.000587485835992,2.1605109471671048e-05,3.7726276181693134e-05
2018-07-25,-1.207455970912425,0,0.9991544534637248,0.0008291677955659,1.6378740725973303e-05,1.580881820089402e-05
2018-07-26,-0.7236247657437131,1,0.0,0.9974653520984136,0.0025346479015652,0.004322495457384056
2018-07-27,-0.855994568667646,1,0.0,0.9972543335709354,0.0027456664290539,0.00350771264012789
2018-07-30,-1.1534815771848572,0,0.9991193393174304,0.000861436705445,1.9223977200931185e-05,3.3580294385886355e-05
2018-07-31,-1.0109012642199735,0,0.9996478884521616,0.0003439548460404,8.156701810882434e-06,1.4250864290959877e-05
2018-08-01,-1.0272050660415624,0,0.999646668924018,0.0003451447941522,8.18628175334998e-06,1.4302935844575087e-05
2018-08-02,-0.7276439365403896,0,0.9997782489573896,0.0002035977497147,1.8153292889319816e-05,3.171767800164688e-05
2018-08-03,-0.9132105475141996,0,0.99966586862978,0.0003240405509611,1.0090819170988764e-05,1.7619889234347644e-05
2018-08-06,-1.187577963585584,0,0.999071113185118,0.0009042120110703,2.4674803918188348e-05,2.367470623505436e-05
2018-08-07,-0.7940174148834248,1,0.0,0.9960430158716328,0.0039569841284387,0.005053661328485623
2018-08-08,-1.2312867972673387,0,0.9989587147143822,0.0010184080955166,2.287719018874985e-05,3.9913529702666755e-05
2018-08-09,-1.1616108184353997,0,0.9991078370975446,0.0007897418648134,0.0001024210376303,1.8956532169651895e-05
2018-08-10,0.795416918296866,2,0.0,2.962299404254526e-10,0.999999999703732,0.9999999998264069
2018-08-13,-0.5773481532521358,1,0.0,0.980931839568178,0.0190681604318657,0.024234543267127248
2018-08-14,-1.0345523551049465,0,0.9978363439473326,0.001885254516501,0.0002784015362727,5.1551583554652024e-05
2018-08-15,0.3533247733798776,2,0.0,1.0307176361462524e-11,0.9999999999897682,0.9999999999919371
2018-08-16,-0.7381151542444386,0,0.9993669179416536,0.0004526168163374,0.0001804652419953,0.00031504039592208157
2018-08-17,-1.1668156746158138,0,0.99894270858079,0.0010372487661711,2.0042653080393827e-05,1.9326054479284142e-05
2018-08-20,-0.8255287579691818,1,0.0,0.997208919762412,0.0027910802376413,0.00476117470079618
2018-08-21,-0.8213091275709976,1,0.0,0.9973364061630512,0.0026635938368351,0.003403343680410494
2018-08-22,-1.4239747109275294,0,0.9988848874734292,0.0011098630147127,5.249511866370651e-06,9.168418439185773e-06
2018-08-23,-1.4790192203111188,0,0.9995185126295962,0.0004774035835946,4.083786741856264e-06,7.130087040374296e-06
2018-08-24,-1.5299299797560142,0,0.99884441919137,0.0011475113469617,8.069461697674465e-06,7.82508407236902e-06
2018-08-27,-0.9860122332960322,1,0.0,0.9985338493524546,0.0014661506475466,0.0018739760412034173
2018-08-28,-1.376693499546458,0,0.9988452559628528,0.0011485762603294,6.167776734896015e-06,1.077203375411809e-05
2018-08-29,-1.408339878838932,0,0.9995172443675452,0.000478803706594,3.951925919349094e-06,6.903977899969041e-06
2018-08-30,-1.3105510455649496,0,0.9995450938293065,0.0004524189386178,2.4872321336056943e-06,4.345671142057117e-06
2018-08-31,-1.0642328615031065,0,0.9996894311298924,0.000306792014509,3.7768556868238583e-06,6.598382815172774e-06
2018-09-03,-1.3774704164704348,0,0.9995155433449916,0.000481752410692,2.7042443049280725e-06,4.7231321188738606e-06
2018-09-04,-1.009793890708114,0,0.9992813915754764,0.0007113494122755,7.259012137231018e-06,7.008895608334684e-06
2018-09-05,-0.4468209269629529,1,0.0,0.9975611026734648,0.0024388973264982,0.004206390920537009
2018-09-06,-0.988975726374668,1,0.0,0.9992948881262356,0.0007051118738316,0.0009018281414032351
2018-09-07,-1.3406931934750843,0,0.997152146731718,0.0028388743914587,8.978876848669763e-06,8.699811798624346e-06
2018-09-10,-0.8282417164334179,1,0.0,0.9981663315029992,0.0018336684968947,0.0031587798363900076
2018-09-11,-1.1723610967164066,1,0.0,0.9990032236713026,0.0009967763285973,0.0012741966345854736
2018-09-12,-1.279227946589035,0,0.998895126222338,0.0010999496987537,4.924078975690687e-06,8.60010285537071e-06
2018-09-13,-1.3876580150692155,0,0.9995152372658442,0.0004814539170541,3.3088171893579565e-06,5.780300169156876e-06
2018-09-14,-1.3971304126361652,0,0.9995162230874648,0.0004804299913993,3.346921109464443e-06,5.84687064743536e-06
2018-09-17,-1.499476119085522,0,0.9995211757327416,0.0004750381846938,3.786082541535536e-06,6.614338163191772e-06
2018-09-18,-1.296284188419021,0,0.9995685208930905,0.0004280962176228,3.3828893378071106e-06,5.909799236105565e-06
2018-09-19,-1.4306005297666509,0,0.9995212069827888,0.0004745892610638,4.203756041883118e-06,7.3403711709556695e-06
2018-09-20,-1.3401875243462342,0,0.9989769467497728,0.0010158460063712,7.207243889465419e-06,6.95435182481821e-06
2018-09-21,-0.9882820724959184,1,0.0,0.9973746550663288,0.0026253449336551,0.004510470307199883
2018-09-24,-1.3206563110118965,1,0.0,0.998616598205047,0.0013834017950072,0.002371260268275006
2018-09-25,-1.3222495536051455,1,0.0,0.9980473343892552,0.0019526656107829,0.0024952778659486315
2018-09-26,-1.6965198748368044,0,0.9989565903078048,0.0010244676952892,1.894199697288484e-05,3.3067120430508096e-05
2018-09-27,-1.4951907298000011,0,0.9989705366772232,0.0010174369761072,1.2026346762585536e-05,1.1007579795938062e-05
2018-09-28,-0.5173852754726095,1,0.0,0.9845409079853928,0.0154590920146788,0.019681260097156573
2018-10-01,-1.470269441715186,0,0.9989401494793616,0.0010434058246489,1.644469592644084e-05,2.8722425050670178e-05
2018-10-02,-1.3716094012508322,0,0.9995913954821392,0.0004008647536427,7.739764132417523e-06,1.3517253978544607e-05
2018-10-03,-1.308741016819428,0,0.999303464486634,0.0006765713002396,1.9964213152869213e-05,1.9259033437579582e-05
2018-10-04,-1.1003910069266416,1,0.0,0.9973520485807832,0.0026479514192763,0.00444340095514099
2018-10-05,-0.8845143650804392,1,0.0,0.994288130702508,0.005711869297421,0.006732763713507414
2018-10-08,-0.2362306389079247,1,0.0,0.9151368990423856,0.0848631009576811,0.13266329753508868
2018-10-09,-1.1109095164702498,1,0.0,0.9867361550656456,0.0132638449342524,0.0034938110906070404
2018-10-10,1.4465477767993116,2,0.0,4.882323480090992e-41,1.0,1.0
2018-10-11,2.3042354170766286,2,0.0,4.133622739787427e-63,1.0,1.0
2018-10-12,-0.6048360478970067,1,0.0,0.9768072638818932,0.0231927361180097,0.029454146285747936
2018-10-15,-0.8748121195919107,0,0.9977190654035542,0.0020910436470204,0.0001898909494587,3.516165355621254e-05
2018-10-16,1.3930503365204114,2,0.0,1.6161232592864006e-16,1.0,0.9999999999999998
2018-10-17,-0.6276262787943969,0,0.9979884671651256,0.0018586458122099,0.0001528870226994,0.00014533139169538523
2018-10-18,-0.1198372777497764,1,0.0,0.9937129908918824,0.0062870091082185,0.010665302689947689
2018-10-19,-0.4706402195128623,1,0.0,0.996705561523853,0.0032944384761835,0.005070522240887183
2018-10-22,-0.4849847642812535,1,0.0,0.9775231845127502,0.022476815487241,0.005961587264132199
2018-10-23,2.2590854602356902,2,0.0,5.845411330795415e-52,1.0,1.0
2018-10-24,-0.1066497679029788,1,0.0,0.9798262980145004,0.0201737019855864,0.03325125075250859
2018-10-25,0.0439495880269793,1,0.0,0.9924782058719792,0.0075217941280719,0.012502124549747843
2018-10-26,0.0051743041448017,1,0.0,0.9929372966241562,0.0070627033758695,0.009010231925999522
2018-10-29,-0.1871181120878118,0,0.9993632493623558,0.0005816324781959,5.5118159514561583e-05,9.617229992595362e-05
2018-10-30,-0.5847805400620536,0,0.9991157010662766,0.0007747733144077,0.0001095256192168,2.0271508299794358e-05
2018-10-31,1.0848278592097864,2,0.0,8.782714311748138e-11,0.9999999999122338,0.9999999999447384
2018-11-01,-0.2427689355576846,1,0.0,0.901433886553366,0.0985661134465364,0.1568667570782611
2018-11-02,-0.3588203946373148,1,0.0,0.9946945036124686,0.0053054963875416,0.006773274145391715
2018-11-05,-0.7033744105338567,0,0.9990209380043428,0.0009565061265289,2.2555869184440025e-05,3.9370921431812304e-05
2018-11-06,-0.7369865971818164,0,0.999053543968941,0.000906520055828,3.993597527537704e-05,2.1360751826091572e-05
2018-11-07,0.4480382241201146,1,0.0,0.8070614645299385,0.1929385354699882,0.23409867830423964
2018-11-08,-0.6492917712499655,0,0.9990387972770616,0.0009208439795567,4.035874348834902e-05,7.04538234038531e-05
2018-11-09,-0.5897093715518217,0,0.9990103903306474,0.0009695083082529,2.0101361102145933e-05,1.8922092803717953e-05
2018-11-12,-0.0965078640492967,1,0.0,0.991450051481834,0.0085499485180881,0.010905449792342994
2018-11-13,-0.6010408645663959,0,0.9990434881031552,0.0009346353419894,2.187655476392482e-05,3.819307398948999e-05
2018-11-14,-0.5306692525346569,0,0.9991523191683488,0.0008234677122322,2.421311937418386e-05,2.3209102652891552e-05
2018-11-15,-0.3861912285072473,1,0.0,0.9958192317090726,0.0041807682909781,0.005339156600668193
2018-11-16,-0.7963656854147843,0,0.9989664865569085,0.0010121153743347,2.139806877270958e-05,3.732404352787931e-05
2018-11-19,-0.5229960840580976,0,0.9992779262338708,0.0005704907752804,0.0001515829908709,2.8054977046917797e-05
2018-11-20,1.3354263177162085,2,0.0,1.0335322840755976e-10,0.999999999896545,0.9999999999246076
2018-11-21,0.2107278906076647,1,0.0,0.7532180287948855,0.2467819712050269,0.29521862906550633
2018-11-22,-0.3491137438878602,0,0.999145036521989,0.0008044272566669,5.053622126317129e-05,8.820917946549422e-05
2018-11-23,-0.5758445858668133,0,0.9989666562186152,0.0009963456156759,3.699816567854538e-05,1.9583218784190216e-05
2018-11-26,0.336240889769379,1,0.0,0.8025544188999146,0.197445581099985,0.23928635927552422
2018-11-27,-0.6873033233616623,0,0.9989621136353404,0.0009977750529331,4.011131169151954e-05,7.00134818529338e-05
2018-11-28,-0.7303802513786586,0,0.998986970752646,0.0009832763199032,2.975292735799928e-05,2.7679193056342716e-05
2018-11-29,-0.0779370824814913,1,0.0,0.9885704297914818,0.0114295702085842,0.014558245413931427
2018-11-30,-0.6743264788200065,0,0.9977816803566404,0.0019647171112248,0.0002536025321121,4.6959689993611044e-05
2018-12-03,1.384008286286051,2,0.0,7.287872645844688e-11,0.999999999927013,0.9999999999554698
2018-12-04,0.3148822771249656,1,0.0,0.9335398251789344,0.0664601748209854,0.08334063609619452
2018-12-05,-0.1377776505649535,0,0.9982076153399412,0.0013612155093426,0.0004311691506557,7.983732633116275e-05
2018-12-06,4.075720726783369,2,0.0,2.2976467602595148e-87,1.0,1.0
2018-12-07,0.392822776649767,1,0.0,0.8256438196514543,0.1743561803486339,0.05220480101406589
2018-12-10,1.7902133796782025,2,0.0,7.016959395117202e-07,0.9999992983041652,0.9999993857658076
2018-12-11,0.6949864242743392,1,0.0,0.5981844897380784,0.4018155102620288,0.14908348190701542
2018-12-12,1.801368780478758,2,0.0,1.8067116826162758e-11,0.9999999999820376,0.9999999999889608
2018-12-13,0.2466383686634829,1,0.0,0.9335533221786902,0.0664466778213086,0.08340390553015611
2018-12-14,-0.0003492421089723,0,0.9991146872161092,0.0008369729243258,4.8339859635299975e-05,8.437226640003609e-05
2018-12-17,0.6288799839697,0,0.9997328160248456,0.0001473729883462,0.0001198109867711,0.00020907543346463468
2018-12-18,0.3241943484156137,0,0.999191596143329,0.0006919643085616,0.0001164395481553,3.388977797275542e-05
2018-12-19,1.0657667197055238,2,0.0,0.449309603056297,0.5506903969437629,0.2422394274271231
2018-12-20,2.3527604666405946,2,0.0,3.0539230806986587e-32,1.0,1.0
2018-12-21,0.321505246673999,1,0.0,0.9697092536318463,0.0302907463681918,0.04982871547730853
2018-12-24,0.193940992352002,1,0.0,0.9931584826850828,0.0068415173149899,0.008717449303286393
2018-12-25,-0.4493462056085284,0,0.99920477955498,0.0004125615410972,0.0003826589039503,0.000659286065386598
2018-12-26,-0.4003608257581114,0,0.9980249952334636,0.0003296511354591,0.0016453536310695,0.00035236670781651895
2018-12-27,1.1973854397978356,2,0.0,0.1661838314631413,0.8338161685369198,0.5675827680323651
2018-12-28,1.5639790151313924,2,0.0,0.0010219851027495,0.9989780148973056,0.9993492924357606
2018-12-31,0.1766621185718535,1,0.0,0.8892177672849437,0.1107822327150191,0.137001770518912
2019-01-01,-0.2868499249605918,0,0.9978872980513662,0.0008543112274751,0.0012583907211807,0.0010801168632241823
2019-01-02,0.5008110933223335,1,0.0,0.967807009675134,0.0321929903248677,0.04829705991654364
2019-01-03,0.3152395951770211,1,0.0,0.9719775164951276,0.0280224835048617,0.007463591716802024
2019-01-04,3.984395257422946,2,0.0,2.832494760957445e-87,1.0,1.0
2019-01-07,0.1048670366970161,0,0.9982390619904558,0.0015199076995209,0.0002410303101148,0.000228867210861008
2019-01-08,0.3746060447625992,1,0.0,0.9934805136569066,0.0065194863431168,0.008319513969210017
2019-01-09,0.2614255891229609,0,0.9992407611607392,0.0007271506959886,3.2088143374182984e-05,5.60204013428377e-05
2019-01-10,-0.1242683737519495,0,0.9992512506940546,0.0007041906330754,4.455867295847295e-05,4.123509484207446e-05
2019-01-11,0.1583547171546143,1,0.0,0.987301196839029,0.012698803160888,0.02131409046592736
2019-01-14,0.3887134439566369,1,0.0,0.9953760500466944,0.0046239499533585,0.007742522506469215
2019-01-15,0.2546041437596117,1,0.0,0.9940742229221484,0.005925777077915,0.007563468861176271
2019-01-16,0.1414714395551197,0,0.9991473906727698,0.0008256453074818,2.696401982934225e-05,4.702922696224779e-05
2019-01-17,-0.0451989327114169,0,0.9991956594955012,0.0006435702610061,0.0001607702435876,2.9756251630067312e-05
2019-01-18,1.5474796556876678,2,0.0,1.7843540727453916e-06,0.999998215645974,0.9999986042541632
2019-01-21,-0.0205621120982704,0,0.9992313286076424,0.0005964093322331,0.0001722620600243,0.0003007347367482848
2019-01-22,0.0958074924957541,0,0.9991264426637084,0.0008469878872111,2.6569448989427746e-05,2.484156982088523e-05
2019-01-23,0.2052684365127824,1,0.0,0.989810225189836,0.0101897748100714,0.016280539069580637
2019-01-24,0.138255119079453,1,0.0,0.9852903403055708,0.0147096596944526,0.01872784466886756
2019-01-25,0.2703732455764304,0,0.9992272566447934,0.0007315877235784,4.115563154332439e-05,7.188725068604734e-05
2019-01-28,0.3003602124446419,0,0.9996839940813892,0.0002944230617278,2.158285693647948e-05,3.768614280415522e-05
2019-01-29,0.0604032146177324,0,0.9990953339568506,0.0008759904664708,2.867557657092801e-05,2.7054190229437148e-05
2019-01-30,0.2245641655987667,1,0.0,0.992005584181513,0.0079944158185213,0.013104283639318764
2019-01-31,0.1590787380820758,1,0.0,0.9902694864727962,0.0097305135272308,0.012409331430085777
2019-02-01,-0.0008249565334438,0,0.997800501035156,0.0021394750188018,6.002394609256209e-05,5.179313084426444e-05
2019-02-04,0.1151864837744401,1,0.0,0.9692533286237048,0.0307466713763568,0.017216768404321806
2019-02-05,1.1096536583320789,1,0.0,0.6080772790240879,0.3919227209759399,0.45157494985576235
2019-02-06,0.0133111873657631,0,0.9977307070200256,0.0015669250106174,0.0007023679693079,0.00013009034366813865
2019-02-07,1.798892885981448,2,0.0,2.5643213614130857e-11,0.9999999999743068,0.9999999999799449
2019-02-08,0.2302134858848126,0,0.9982615679331616,0.00141321522675,0.000325216840064,0.0003090097575595362
2019-02-11,0.417718296120324,1,0.0,0.9936476198611603,0.0063523801388807,0.01070220196538194
2019-02-12,0.3126167092518403,1,0.0,0.9954108531075364,0.0045891468923612,0.007724621639667919
2019-02-13,0.2100295041895692,1,0.0,0.9950568273614966,0.0049431726385614,0.007289748594943167
2019-02-14,0.1222591486552146,1,0.0,0.96859746616293,0.0314025338370797,0.008448573706285482
2019-02-15,1.0558178374174267,2,0.0,0.0086609753013786,0.9913390246985878,0.9932128075195504
2019-02-18,-0.1425028625250868,0,0.9991702073762908,0.0006836630148567,0.0001461296089235,0.00025506182753040363
2019-02-19,-0.2937682426317174,0,0.9991838904857632,0.0007590547188868,5.7054795254805326e-05,5.3910238346742906e-05
2019-02-20,0.1938155060219134,1,0.0,0.992382315326862,0.0076176846732354,0.009718604566471882
2019-02-21,-0.053106261870639,0,0.9990554147247832,0.0009168687210347,2.771655409039429e-05,4.8382135228348774e-05
2019-02-22,-0.2072939491767275,0,0.999111890159431,0.000849740969676,3.836887081230767e-05,3.557294267289251e-05
2019-02-25,0.0128047768053524,1,0.0,0.9877440214468496,0.0122559785532086,0.015614199215366236
2019-02-26,-0.2826657021020002,0,0.9991528040773124,0.000796219317677,5.097660510378877e-05,8.898856144050148e-05
2019-02-27,-0.2121180684565713,0,0.9990284965801726,0.0009435247947729,2.797862509018553e-05,2.674312919680909e-05
2019-02-28,-0.1702198103111957,1,0.0,0.9951353789369892,0.0048646210629465,0.008246254526730315
2019-03-01,-0.1291191880964589,1,0.0,0.9964064209644016,0.0035935790356859,0.0060796223983225995
2019-03-04,-0.2786779416295539,1,0.0,0.9958999847796084,0.0041000152204386,0.005235742208562081
2019-03-05,-0.6021756181478802,0,0.9992024093516604,0.0007724258299608,2.516481826955456e-05,4.3960152571517045e-05
2019-03-06,-0.4941085807867061,0,0.9996688708587184,0.000324391961427,6.73717987384329e-06,1.1771281605408296e-05
2019-03-07,-0.2987653278397976,0,0.9996941955947768,0.0002973445241423,8.459881124677317e-06,1.4781201108524542e-05
2019-03-08,-0.259092851999344,0,0.999697186586507,0.0002928745120911,9.938901316342167e-06,1.736509923275486e-05
2019-03-11,-0.407655160986079,0,0.9996582600815672,0.0003337776858688,7.962232450831452e-06,1.391101157268301e-05
2019-03-12,-0.6158676294736458,0,0.9996760116893888,0.0003114315415385,1.2556769073726729e-05,2.1938338307456094e-05
2019-03-13,-0.3443417823356191,0,0.9996427362701568,0.0003481167153603,9.14701442241321e-06,1.5981719265980585e-05
2019-03-14,-0.3776235498710067,0,0.9996949690756172,0.00029741900524,7.611919159743408e-06,1.3299850589148721e-05
2019-03-15,-0.4189755010056397,0,0.9996920406119808,0.0003006192962925,7.340091693056023e-06,1.281886533574677e-05
2019-03-18,-0.4796871077056728,0,0.9991642614117724,0.0008215352036859,1.4203384436639116e-05,1.3719177945810936e-05
2019-03-19,-0.2315489928274819,1,0.0,0.9976390323191808,0.0023609676808416,0.004025818957413102
2019-03-20,-0.1859545109535245,1,0.0,0.997212314613284,0.0027876853867327,0.003560225410465637
2019-03-21,-0.699582517470194,0,0.9984000202922576,0.0014577906300321,0.0001421890777682,2.632293984519528e-05
2019-03-22,1.3679107831872248,2,0.0,1.8811472665381576e-15,1.0,0.9999999999999984
2019-03-25,-0.6102704045219157,0,0.9993739474552972,0.0005631811368675,6.287140785916948e-05,0.00010983597325460327
2019-03-26,-0.5765436652221951,0,0.9996776233689028,0.0003162317324103,6.144898701203568e-06,1.0736387043535092e-05
2019-03-27,-0.7080329409566712,0,0.999701100598888,0.0002886221770487,1.0277223962772629e-05,1.7948920010162815e-05
2019-03-28,-0.6695441961806474,0,0.9992477475716142,0.0007334663534147,1.878607488676484e-05,1.8232099522528193e-05
2019-03-29,-0.21426134486569,1,0.0,0.9987693674544914,0.0012306325456155,0.0017879011298168228
2019-04-01,0.5311254517416016,1,0.0,0.965605141034571,0.0343948589653684,0.043565501433095344
2019-04-02,-0.5915134706610059,0,0.9985475110083872,0.0014426019496915,9.887041848281903e-06,9.557260654071335e-06
2019-04-03,0.0298066234411768,1,0.0,0.997755209373302,0.0022447906267933,0.0028681356009027134
2019-04-04,-0.6321440060507928,0,0.999431793230396,0.0005617013829799,6.505386558789325e-06,1.1366393419447347e-05
2019-04-05,-0.5011981103854566,0,0.9997536749019602,0.0002442574310311,2.0676671002674703e-06,3.6131391970617186e-06
2019-04-08,-0.6634334741378399,0,0.9997626592335086,0.0002351037040514,2.2370624084010457e-06,3.90914312170046e-06
2019-04-09,-0.5422803207349165,0,0.9997555638633252,0.000242328933474,2.107203285821892e-06,3.682208097207043e-06
2019-04-10,-0.6125623814786808,0,0.9997554616656604,0.0002423005269388,2.237807478421674e-06,3.9104278339475964e-06
2019-04-11,-0.6177189631421414,0,0.9997552690102016,0.0002424224157913,2.308574070616165e-06,4.034200014197858e-06
2019-04-12,-0.5842526150950218,0,0.9997806031993542,0.000218109657652,1.2871428833990209e-06,2.2492965389356137e-06
2019-04-15,-0.7392048381821827,0,0.999792292746876,0.0002058547380863,1.8525151445725089e-06,3.2372964716774433e-06
2019-04-16,-0.7084278051930384,0,0.9997880168021318,0.0002102670636996,1.7161342239269786e-06,2.9989557588111084e-06
2019-04-17,-0.6845853509707702,0,0.999785140482936,0.0002130672293268,1.7922877922567354e-06,3.1320394708525684e-06
2019-04-18,-0.6633912083707904,0,0.9997871994644012,0.0002111394572031,1.6610782988449996e-06,2.9027294247037173e-06
2019-04-19,-0.9086075949107342,0,0.999863664013006,0.0001257497521893,1.0586234761090969e-05,1.8500592064545857e-05
2019-04-22,-0.9146407808903066,0,0.99988304500394,0.0001094624696701,7.4925263961411185e-06,1.309393827528597e-05
2019-04-23,-0.5447780377850547,0,0.9998017984022608,0.0001974007226125,8.008751285344257e-07,1.399508377934048e-06
2019-04-24,-0.5537034774476791,0,0.999757801369452,0.0002400875339823,2.111096505729805e-06,3.6890044417725814e-06
2019-04-25,-0.5794098130617422,0,0.9997517489046396,0.0002460487212574,2.2023740117913724e-06,3.8484902549507234e-06
2019-04-26,-0.8424838391958868,0,0.9997868236928116,0.0002071073420732,6.068965011790368e-06,1.0605206055141577e-05
2019-04-29,-0.7582182991309443,0,0.9997669425441064,0.0002291090320384,3.948423826320269e-06,6.899698640321095e-06
2019-04-30,-0.7462305961890411,0,0.9997632743949322,0.0002345697422633,2.1558627060764354e-06,3.767240655361299e-06
2019-05-01,-1.0188028472083497,0,0.9998625202030954,0.0001239145068119,1.3565290105673362e-05,2.3706572423879937e-05
2019-05-02,-0.5995433808290579,0,0.9998093836301876,0.0001896163685435,1.0000012913178397e-06,1.747176253977561e-06
2019-05-03,-0.946156303208789,0,0.9995486256989656,0.0004481142462975,3.2600548318623546e-06,3.1571397960943215e-06
2019-05-06,0.0692948208931474,1,0.0,0.9982935048419528,0.0017064951581098,0.0024557539743928006
2019-05-07,0.4660668664516297,1,0.0,0.9635390507832648,0.0364609492168235,0.04614541263398525
2019-05-08,-0.6510518127813949,0,0.9987047490526814,0.0012304102558215,6.48406916000811e-05,1.2002167719503726e-05
2019-05-09,1.335643993056893,2,0.0,1.0188962300362826e-09,0.9999999989811386,0.9999999992032493
2019-05-10,-0.5387656879576916,0,0.9986668454890152,0.0012512372356335,8.191727525634724e-05,7.113583651414685e-05
2019-05-13,0.5130799005998006,1,0.0,0.9710274221008496,0.028972577899203,0.036738110773904695
2019-05-14,-0.1465904404999634,0,0.999515485348024,0.0004350758005081,4.943885155268325e-05,8.63328459989577e-05
2019-05-15,-0.6140773931393553,0,0.9991708020332116,0.0008126608455202,1.653712130509238e-05,1.5192521404305299e-05
2019-05-16,0.1383287788275313,1,0.0,0.9854865947833592,0.0145134052166618,0.018484720398804225
2019-05-17,-0.5864860774971646,0,0.9979307266537872,0.0020215123004112,4.7761045710490174e-05,4.497958611451579e-05
2019-05-20,0.0672023803295541,1,0.0,0.991449570855358,0.0085504291445366,0.010905885676396204
2019-05-21,-0.3721104742257179,0,0.9991289215207528,0.0008507460538015,2.033242549154204e-05,3.5475252911923394e-05
2019-05-22,-0.5809253588624043,0,0.9992260052895744,0.000656825111547,0.0001171695989433,2.1685683003634586e-05
2019-05-23,1.39812608589966,2,0.0,1.3406506471164102e-16,1.0,1.0
2019-05-24,-0.3801172617502135,0,0.9981091267898832,0.0016855958283823,0.0002052773818251,0.00019723674134683786
2019-05-27,-0.2456951009301762,1,0.0,0.9962951470104552,0.0037048529894787,0.0062899553339452316
2019-05-28,-0.2677437211896639,1,0.0,0.9965639507563708,0.003436049243581,0.005091669620098725
2019-05-29,0.2267499654153696,1,0.0,0.9696792681396332,0.0303207318603825,0.04981241296716423
2019-05-30,-0.0085067432479538,1,0.0,0.992868267919457,0.0071317320805664,0.012018398235397482
2019-05-31,-0.1839785734507286,1,0.0,0.9955446015513366,0.0044553984485588,0.005690972028713288
2019-06-03,-0.6677962247431098,0,0.9975977813883338,0.0023586682894408,4.3550322145043546e-05,4.125448389144568e-05
2019-06-04,-0.1444813662558306,1,0.0,0.9928285216524272,0.0071714783474822,0.009150726091452442
2019-06-05,-0.7233573370433105,0,0.9990165480362204,0.0009601816294868,2.3270334302134812e-05,4.064354318284889e-05
2019-06-06,-0.8093989004188633,0,0.9995893896540852,0.0003978565378142,1.2753808074044546e-05,2.227151235081974e-05
2019-06-07,-0.4421026543810097,0,0.999289750468844,0.0006767135966336,3.3535934611347126e-05,3.221006698327862e-05
2019-06-10,-0.4843560558357421,1,0.0,0.9963130140106004,0.0036869859894529,0.006260388008829041
2019-06-11,-0.3662532017745821,1,0.0,0.9965846327092696,0.0034153672907954,0.004362507154570847
2019-06-12,-0.5647347516985335,0,0.999048197631324,0.0009299032539155,2.1899114799953128e-05,3.824873514927627e-05
2019-06-13,-0.7288235166374097,0,0.999572231321134,0.0004156782560696,1.2090422851502197e-05,2.112138604058826e-05
2019-06-14,-0.7391743916152247,0,0.999582938147974,0.0004055249479045,1.1536904155681177e-05,2.014070325008738e-05
2019-06-17,-0.7878225379749445,0,0.999044899391486,0.0009096256299651,4.547497848298036e-05,2.101229570715502e-05
2019-06-18,0.5064448934136905,1,0.0,0.7397663554300187,0.2602336445699502,0.3102214416166779
2019-06-19,-0.8026574681163691,0,0.9991002401114056,0.0008384591712846,6.13007173422054e-05,0.0001070701636063742
2019-06-20,-0.7242420142448771,0,0.9996078353365416,0.0003795986176453,1.2566045780827784e-05,2.195279858167447e-05
2019-06-21,-0.742258299854853,0,0.999621235674992,0.0003646983059841,1.4066019009109088e-05,2.4574091614200024e-05
2019-06-24,-0.633904503052325,0,0.9996179893500796,0.0003722345270672,9.776122870887876e-06,1.7079370182729123e-05
2019-06-25,-0.6754607892690578,0,0.9996164516318516,0.0003735504439735,9.997924187540955e-06,1.7458855041295347e-05
2019-06-26,-0.804841300569076,0,0.9991507644615996,0.0008274619783815,2.1773560122061224e-05,2.0716477195055283e-05
2019-06-27,-0.5729281458991128,1,0.0,0.994044919231971,0.0059550807679898,0.007601039778852948
2019-06-28,-0.5586805995741817,0,0.9991483322015532,0.0008322595995431,1.940819888220754e-05,3.3902528194783425e-05
2019-07-01,-0.3927693886714891,0,0.9997131834264767,0.0002722245538895,1.4592019742686329e-05,2.5481674546044735e-05
2019-07-02,-0.7614458913528985,0,0.9991426172920916,0.0008340656925517,2.331701542569776e-05,2.214577426223936e-05
2019-07-03,0.0063336640356411,1,0.0,0.9936189653613128,0.0063810346386066,0.00814386434537179
2019-07-04,-0.6929278769876694,0,0.9990666766226344,0.0009117377615869,2.1585615808328363e-05,3.7702953214657474e-05
2019-07-05,-0.628904433685961,0,0.9996059779040414,0.0003836956000941,1.0326495868665393e-05,1.8031221467308807e-05
2019-07-08,-0.6610623658935818,0,0.9990374533178588,0.0009428385471476,1.9708135103373576e-05,1.8814062335226397e-05
2019-07-09,-0.1774770440034656,1,0.0,0.9948335405960276,0.0051664594039062,0.006595980027967655
2019-07-10,-0.7218320104367637,0,0.9990096291484948,0.0009653338684176,2.503698312997972e-05,4.372922114449711e-05
2019-07-11,-0.6910584062758217,0,0.9995894271192,0.0003984771725146,1.2095708285658782e-05,2.1130273806546605e-05
2019-07-12,-0.8020792082651216,0,0.999621053190377,0.0003605084542749,1.843835544406754e-05,3.2211593409920215e-05
2019-07-15,-0.7023921314570803,0,0.9995955604061448,0.0003923170917318,1.2122502122287468e-05,2.1177732921725088e-05
2019-07-16,-0.6682171566425553,0,0.9995918197645152,0.0003964993061555,1.168092926771784e-05,2.03974722731857e-05
2019-07-17,-0.425143717407116,0,0.9991470060353814,0.0008307701816037,2.222378291024635e-05,2.125532798092718e-05
2019-07-18,-0.3449310833421647,1,0.0,0.9952924287403728,0.0047075712597327,0.006010875494991246
2019-07-19,-0.5078220690467747,0,0.9990973178497132,0.0008828174259971,1.9864724251614503e-05,3.469681602140979e-05
2019-07-22,-0.7292614927912544,0,0.9996125776583596,0.0003737044105084,1.3717931107214982e-05,2.396625212021578e-05
2019-07-23,-0.3155987158169211,0,0.9997058364380446,0.0002772778418409,1.6885720060904906e-05,2.9500476953122985e-05
2019-07-24,-0.6718516574190654,0,0.9996120249517888,0.0003758637555572,1.2111292562387014e-05,2.1158825123399527e-05
2019-07-25,-0.5863567605897643,0,0.9996099818182812,0.0003798424539333,1.0175727817943603e-05,1.7767689737320662e-05
2019-07-26,-0.6712615815914404,0,0.9990450450256244,0.0009322481071266,2.270686716782836e-05,1.9103028305028355e-05
2019-07-29,-0.6223365067407551,1,0.0,0.9625982849633152,0.0374017150367288,0.010474211555285298
2019-07-30,0.5733942950914508,2,0.0,0.0485340487992462,0.9514659512007804,0.9709047213113727
2019-07-31,-0.4714274593757815,1,0.0,0.9789351869650884,0.0210648130349864,0.02676916123183883
2019-08-01,-0.7079629101331901,0,0.998408824346825,0.0014664980141696,0.0001246776390469,2.3080840607967097e-05
2019-08-02,1.7946026214506814,2,0.0,1.0462022073673584e-22,1.0,1.0
2019-08-05,2.251322866464485,2,0.0,1.4517196578571822e-39,1.0,1.0
2019-08-06,-0.5303447470351221,0,0.9993469217982832,0.0005872565479801,6.58216537294502e-05,0.00011490977840909579
2019-08-07,-0.5226329730336257,0,0.9993159920528644,0.0006253091512615,5.869879578235419e-05,1.1226451793005421e-05
2019-08-08,0.7554907976207388,2,0.0,0.0399182702775608,0.9600817297224512,0.9760457957699458
2019-08-09,-0.0826707472376807,1,0.0,0.973504979857042,0.0264950201428969,0.03362658371121392
2019-08-12,-0.6085473210291875,0,0.9991338422496088,0.0008480328292587,1.8124921097839377e-05,3.163421795552652e-05
2019-08-13,-0.5430740940633589,0,0.9992739574896644,0.0006471921525365,7.885035781689247e-05,1.459308283625573e-05
2019-08-14,1.9424337238909224,2,0.0,1.000716880997184e-22,1.0,1.0
2019-08-15,-0.6240317882993413,0,0.9982497582908986,0.0015441001340397,0.000206141575046,0.00019295181461308832
2019-08-16,0.0396717582546692,1,0.0,0.9900009091189492,0.0099990908810288,0.01471549658558916
2019-08-19,0.2514144914639865,1,0.0,0.9679506870164584,0.0320493129835641,0.05338594287145114
2019-08-20,-0.2253854057425255,1,0.0,0.9961746650743049,0.0038253349256075,0.004883787237735864
2019-08-21,-0.0650586921916951,0,0.9995068733441989,0.0004093623447279,8.376431110546712e-05,0.00014633099925190593
2019-08-22,-0.4715525808843531,0,0.9996226414383674,0.0003673222822275,1.0036279471232052e-05,1.7534328889670833e-05
2019-08-23,-0.2234224602466711,0,0.9996939072056412,0.0002912495228571,1.484327159000657e-05,2.5918966376755512e-05
2019-08-26,-0.5967553370788248,0,0.9991308014602568,0.0008406526374669,2.854590220537013e-05,2.745386980153896e-05
2019-08-27,-0.1097268322401566,1,0.0,0.99661283205049,0.0033871679494054,0.005745711882931914
2019-08-28,-0.1335569081108135,1,0.0,0.9963715159609384,0.0036284840389902,0.00462631554868272
2019-08-29,0.1694418771753114,0,0.9988163004502916,0.000717194035935,0.0004665055136696,0.0004369566793704268
2019-08-30,0.2776616416881907,1,0.0,0.990240802342459,0.0097591976574832,0.012443213078581176
2019-09-02,-0.4830133751377016,0,0.9990872404666244,0.0008845080352545,2.825149804792696e-05,4.93461835958933e-05
2019-09-03,-0.3979900106295795,0,0.9996098977562472,0.0003790681911963,1.1034052631986288e-05,1.926843867293843e-05
2019-09-04,-0.1684766148372532,0,0.999260589519338,0.0007083197526797,3.1090727899144336e-05,2.9087202980452777e-05
2019-09-05,0.113721579732614,1,0.0,0.9899788804008868,0.010021119599015,0.01277858104582702
2019-09-06,-0.6372010095312095,0,0.997757604907788,0.0021730124628251,6.938262939118763e-05,6.589369319117749e-05
2019-09-09,-0.3268371468755672,1,0.0,0.9934643723454644,0.0065356276544272,0.008340808183706807
2019-09-10,-0.4481504820564448,0,0.9990501691356776,0.0009272014890506,2.2629375298667167e-05,3.9524816152013644e-05
2019-09-11,-0.5262306222058294,0,0.9995839528639912,0.0004047297839834,1.1317352079265904e-05,1.9770818801872423e-05
2019-09-12,-0.587724146764184,0,0.999578392601606,0.0004096113779464,1.1996020469343712e-05,2.0956425061313503e-05
2019-09-13,-0.5545627191596401,0,0.9995779090740852,0.0004104963182076,1.1594607749742043e-05,2.0255933268749853e-05
2019-09-16,-0.331824315861656,0,0.9996823783381372,0.0003001070133695,1.751464845156833e-05,3.059834215674878e-05
2019-09-17,-0.5864184157400572,0,0.9995770027914728,0.0004117538414687,1.1243367043663784e-05,1.9641691435038762e-05
2019-09-18,-0.5700833977297217,0,0.9995815529468658,0.0004072560095515,1.119104356319984e-05,1.9550314054142817e-05
2019-09-19,-0.5485594575285684,0,0.9995820105277472,0.00040672841761,1.126105454031177e-05,1.9661763146189624e-05
2019-09-20,-0.6561972622373927,0,0.9990049260207534,0.0009712496579589,2.3824321353607743e-05,2.2388440146437523e-05
2019-09-23,-0.0637964464368665,1,0.0,0.9910356460116032,0.0089643539882875,0.011432556927725702
2019-09-24,-0.7114602892549219,0,0.999008224198131,0.0009642632190521,2.7512582753390272e-05,4.8029656438982595e-05
2019-09-25,-0.5425633136149981,0,0.99905411165449,0.0009254648638286,2.042348179002293e-05,1.952460143790586e-05
2019-09-26,-0.470316273645208,1,0.0,0.995174092450274,0.0048259075498258,0.008184094877557172
2019-09-27,-0.3463523025153128,1,0.0,0.99648118329215,0.0035188167078591,0.004494632518787146
2019-09-30,-0.6718787993030968,0,0.9989518316287348,0.00102644956511,2.1718806233016164e-05,3.788190801800243e-05
2019-10-01,-0.4122863648337272,0,0.9992439568878148,0.0006031857377866,0.000152857374318,2.829113818896205e-05
2019-10-02,3.4186155290791733,2,0.0,1.1254330226734651e-87,1.0,1.0
2019-10-03,-0.2705119257662526,1,0.0,0.96157843623255,0.0384215637674084,0.048601823767160414
2019-10-04,-0.2162168512968634,0,0.9990985331795138,0.0008724692305052,2.899759001553142e-05,5.0649305707909686e-05
2019-10-07,-0.2130017166573659,0,0.9996159352609978,0.0003717539186624,1.2310820355319512e-05,2.1507142418424316e-05
2019-10-08,-0.0562806067118852,0,0.999684184213473,0.0002961847253872,1.963106123966327e-05,3.429542841241265e-05
2019-10-09,-0.4235975116054293,0,0.9995642359848452,0.0004246502045872,1.1113810644370314e-05,1.939434029594945e-05
2019-10-10,-0.1685735621203525,0,0.999190189770666,0.0006979587857331,0.0001118514434989,2.0701559594916792e-05
2019-10-11,1.7258240391099076,2,0.0,2.678545248117052e-11,0.99999999997317,0.9999999999841602
2019-10-14,-0.0727380346210845,1,0.0,0.9704518481779256,0.0295481518221615,0.04908152418795006
2019-10-15,0.1617076706236671,1,0.0,0.9952215432161914,0.0047784567837734,0.00610102862229385
2019-10-16,-0.4055854047437181,0,0.999078405469158,0.0008909613661986,3.063316464349729e-05,5.350511679826399e-05
2019-10-17,-0.278801275730846,0,0.9995844121280646,0.0004051243330667,1.0463538942563767e-05,1.8279487983313265e-05
2019-10-18,-0.3196416309265228,0,0.9995994374838244,0.0003880133925475,1.2549123629632188e-05,2.1913259854813802e-05
2019-10-21,-0.0284532949983763,0,0.9990860052237988,0.0008961408259886,1.7853950132929107e-05,1.6851480561557113e-05
2019-10-22,-0.0533258198732595,1,0.0,0.9921050705011738,0.0078949294987257,0.010074562742191668
2019-10-23,-0.2863619634621477,0,0.9976589176511226,0.0022973649524842,4.3717396405435707e-05,4.1756248295709397e-05
2019-10-24,0.0922204273805759,1,0.0,0.9948192288198784,0.005180771180069,0.0066143812484279465
2019-10-25,-0.2594898426783244,0,0.998980836293146,0.000998070705688,2.1093001198157563e-05,3.683963114964263e-05
2019-10-28,-0.3588404075673617,0,0.999577494889194,0.0004089522364404,1.3552874316573124e-05,2.3675581055634176e-05
2019-10-29,-0.3970158200823644,0,0.9995872340876424,0.0003970866196974,1.5679292666829336e-05,2.7375215591350973e-05
2019-10-30,-0.3790840318586381,0,0.9989872483552352,0.0009870151889386,2.5736455912727214e-05,2.4511728754081257e-05
2019-10-31,0.0446948707382799,1,0.0,0.994270636722394,0.0057293632775257,0.0073099783852602395
2019-11-01,-0.2768106136651926,0,0.997876057542745,0.0019070251334655,0.0002169173238655,4.052622525744532e-05
2019-11-04,0.8902306754274854,2,0.0,0.0110055650531825,0.9889944349469147,0.9933373193790929
2019-11-05,-0.2611943184711652,1,0.0,0.9492542833032134,0.0507457166967037,0.06397484073984404
2019-11-06,-0.5772858287462619,0,0.9989954197594378,0.0009696684289153,3.491181169644831e-05,6.097539821995439e-05
2019-11-07,-0.4497856076993045,0,0.9995726737999968,0.0004158752843187,1.1450915683445632e-05,2.000362539792252e-05
2019-11-08,-0.5518330024712234,0,0.9995773846388776,0.0004078579364981,1.4757424547480456e-05,2.5779310610427863e-05
2019-11-11,-0.6302144029775627,0,0.9995989386172834,0.0003816757037968,1.938567893536208e-05,3.386581803132895e-05
2019-11-12,-0.4457287964783659,0,0.9995729684672208,0.000415498678673,1.1532854107043355e-05,2.0147014393195717e-05
2019-11-13,-0.5256821013161495,0,0.9995701247737456,0.000417484703606,1.23905225831484e-05,2.1645423982650397e-05
2019-11-14,-0.504077846408229,0,0.9995705732553996,0.0004179437595915,1.1482984921372766e-05,2.006002257273558e-05
2019-11-15,-0.5392459267706342,0,0.9995734179540317,0.0004147834214204,1.1798624443808323e-05,2.061128963083291e-05
2019-11-18,-0.6057087673225481,0,0.99958450993812,0.0004015711092996,1.3918952471838784e-05,2.4314941803394022e-05
2019-11-19,-0.6290022437439959,0,0.9996002636186808,0.0003816239911123,1.8112390202466494e-05,3.1641175270754904e-05
2019-11-20,-0.5242235094031836,0,0.9995816497525246,0.0004046749290629,1.3675318352129613e-05,2.389015727195049e-05
2019-11-21,-0.5004730150823328,0,0.9995850708065328,0.0004029924085518,1.193678500102843e-05,2.0853006298423665e-05
2019-11-22,-0.4809396151330209,0,0.9995830527212928,0.0004048905009978,1.2056777652306766e-05,2.1062956098614572e-05
2019-11-25,-0.3663162057067762,0,0.9996033253100044,0.0003846623387368,1.2012351300507028e-05,2.0984906347060094e-05
2019-11-26,-0.5759043346809993,0,0.9995966198079248,0.0003883610832684,1.501910881202554e-05,2.623720577882414e-05
2019-11-27,-0.6416012870398878,0,0.9996228249024288,0.0003582331662473,1.8941931233473685e-05,3.30902515605628e-05
2019-11-28,-0.6524617634571463,0,0.9996261428146536,0.0003542337605616,1.96234248528223e-05,3.4238026560136936e-05
2019-11-29,-0.5728759541737591,0,0.9991253851348708,0.0007433862576323,0.0001312286074994,2.428869878730651e-05
2019-12-02,0.9798775393535346,2,0.0,4.719852724715559e-06,0.999995280147229,0.9999972248394874
2019-12-03,-0.0548343232157741,1,0.0,0.977059023772799,0.0229409762271284,0.034639720960537315
2019-12-04,0.2886706341197114,1,0.0,0.9734438055937816,0.0265561944062767,0.033706538066724946
2019-12-05,-0.553002293762832,0,0.9978064908442772,0.002106150282188,8.735887358997118e-05,8.262597674834509e-05
2019-12-06,0.0888604404896901,1,0.0,0.9924803264886662,0.0075196735114387,0.009593982695838115
2019-12-09,-0.4281545066525632,0,0.9989867103426086,0.0009852439653533,2.8045692135001317e-05,4.895508446494467e-05
2019-12-10,-0.442986034227614,0,0.9990074271495974,0.0009640109742566,2.8561876186505992e-05,2.6998634077866203e-05
2019-12-11,-0.2165733333355874,1,0.0,0.9924601857650622,0.0075398142348375,0.012450036407706998
2019-12-12,0.1981883257145347,1,0.0,0.991665244363608,0.0083347556363074,0.014078847113803996
2019-12-13,-0.0245153627945333,1,0.0,0.9961269483919908,0.0038730516080636,0.006459251503385966
2019-12-16,0.1963428288811211,1,0.0,0.99324833097477,0.006751669025324,0.008617931917852383
2019-12-17,-0.1534577170166068,0,0.9977654953357094,0.0021840806556604,5.0424008732983104e-05,4.673594510999728e-05
2019-12-18,-0.1939125084487225,1,0.0,0.9875308866049632,0.0124691133950085,0.02007253524527955
2019-12-19,-0.2297956004936297,1,0.0,0.9869522183684536,0.0130477816316325,0.021984291155199013
2019-12-20,-0.0378626856207892,1,0.0,0.9961771410154672,0.0038228589845711,0.006019001620253241
2019-12-23,0.0868903133310771,1,0.0,0.9820959643302102,0.0179040356697319,0.022762000526307145
2019-12-24,-0.7526374150631862,0,0.9992741369851504,0.0005420102253084,0.0001838527896236,0.0003211044997258225
2019-12-25,-1.0078894147292825,0,0.9998083823810564,0.0001479934059595,4.362421289831448e-05,7.622107125889382e-05
2019-12-26,-0.9506915818694764,0,0.9998431861183557,0.0001286398248794,2.817405673980966e-05,4.92334078261306e-05
2019-12-27,-0.6635377546529071,0,0.9997603417485728,0.0002366078574435,3.050393894795026e-06,5.330465479380659e-06
2019-12-30,-0.4027349466318338,0,0.999777631876556,0.0002198577361242,2.5103873870893423e-06,4.3865088275836025e-06
2019-12-31,-1.0386990203922244,0,0.9997880877370032,0.0001981517020546,1.3760561026856896e-05,2.4033331807629653e-05
2020-01-01,-1.079851341019388,0,0.9996239019972584,0.0003190428155331,5.7055187167739046e-05,4.620423320811757e-05
2020-01-02,0.4336067988829064,1,0.0,0.9521083960652376,0.0478916039348175,0.06043433354504174
2020-01-03,-0.7279020487761916,0,0.9986838755070668,0.0013092293973164,6.895095611905386e-06,6.688717145607542e-06
2020-01-06,-0.5754596397506233,1,0.0,0.9986029664126738,0.0013970335872591,0.0017857630800527113
2020-01-07,-0.8195595060143908,0,0.9986318921407388,0.001361301367778,6.806491398936213e-06,6.613016006501553e-06
2020-01-08,-0.6540555279680724,1,0.0,0.998962617317832,0.0010373826822729,0.0017899343147755287
2020-01-09,-0.5101976752786095,1,0.0,0.9991929824198192,0.0008070175801922,0.0010315189847981572
2020-01-10,-0.9662115846618232,0,0.9994522180395844,0.0005407162393263,7.065721156937908e-06,1.2345792619812347e-05
2020-01-13,-0.8862080731455573,0,0.9997798057562266,0.0002183610005793,1.8332431779881176e-06,3.203588723016293e-06
2020-01-14,-0.943282840793788,0,0.9997893254616504,0.0002082083640894,2.4661743462204366e-06,4.309615804619777e-06
2020-01-15,-0.7966948367341027,0,0.9997725181781948,0.0002257577814299,1.724040395268353e-06,3.012715077592474e-06
2020-01-16,-0.8719343454906432,0,0.9997735074476756,0.0002241840358303,2.308516424772857e-06,4.034029150891337e-06
2020-01-17,-0.7023674208377284,0,0.9997588550222062,0.0002389612791193,2.183698644275048e-06,3.815995955765875e-06
2020-01-20,-0.8761709214427993,0,0.9997986177390784,0.0001985319317888,2.850329155694647e-06,4.9809213869791924e-06
2020-01-21,-0.722322906118143,0,0.9997700590657624,0.0002280128529516,1.928081340553487e-06,3.3692896355001546e-06
2020-01-22,-0.7689108069591138,0,0.9997816632064316,0.0002160261746622,2.3106190146312925e-06,4.036896650828261e-06
2020-01-23,-0.5529891866571992,0,0.999507031684152,0.0004903240331832,2.6442826423441505e-06,2.5419182386821546e-06
2020-01-24,-0.2821791387590132,1,0.0,0.996536875364602,0.0034631246353535,0.000905591423522751
2020-01-27,3.148023925427747,2,0.0,1.104021119345134e-71,1.0,1.0
2020-01-28,0.3221887377290676,1,0.0,0.9924623341181318,0.0075376658819402,0.009618590867321114
2020-01-29,-0.4063027220266634,0,0.9985958041074406,0.0013947703043867,9.42558807260655e-06,9.152980754645352e-06
2020-01-30,0.1720531116064565,1,0.0,0.9988388413818866,0.0011611586181316,0.0017798533925180854
2020-01-31,0.5473720715304006,1,0.0,0.9766998801429476,0.0233001198570951,0.029597933758094355
2020-02-03,-0.3039878203367467,0,0.9988406174738832,0.0011218703440882,3.7512182128918734e-05,6.943221181409784e-06
2020-02-04,1.5032016080439954,2,0.0,2.152216838529603e-15,1.0,0.9999999999999987
2020-02-05,0.3104219713606548,1,0.0,0.975414802740492,0.0245851972595125,0.031218729645332267
2020-02-06,-0.2272987743483834,0,0.9993540018478472,0.0006393089758434,6.689176354188394e-06,1.1686846158729025e-05
2020-02-07,-0.2999150219693928,0,0.9997278604707952,0.0002689809537081,3.15857540049247e-06,5.517373985856633e-06
2020-02-10,-0.4000143247587264,0,0.9993526695155718,0.0006397501105137,7.580373950785767e-06,7.311777383117301e-06
2020-02-11,0.2019330677293183,1,0.0,0.9973288491817536,0.0026711508182886,0.0034125778021557676
2020-02-12,-0.2838106786691534,0,0.9993168105968148,0.000675964946601,7.224456494525989e-06,1.2621950188956991e-05
2020-02-13,-0.4094818656601032,0,0.999741801109574,0.0002543855395185,3.813350925685212e-06,6.661508723844608e-06
2020-02-14,-0.4934751386965018,0,0.9994367594542852,0.0005537523516144,9.488194136602386e-06,9.161215367368585e-06
2020-02-17,-0.2421178461132739,1,0.0,0.9975759109876569,0.0024240890123851,0.004133818839497407
2020-02-18,-0.2591082483637772,1,0.0,0.997235793799677,0.002764206200348,0.003531136360465678
2020-02-19,-0.2651639361282848,0,0.9993337894274068,0.0006438969474393,2.231362511915204e-05,3.898057969063465e-05
2020-02-20,-0.3518853711388587,0,0.9996670107607026,0.00032385505827,9.13418094466914e-06,1.594403051042605e-05
2020-02-21,-0.3703630840441103,0,0.999261724167019,0.0006491338540122,8.91419789067115e-05,1.649793312660965e-05
2020-02-24,6.8118814965379295,2,0.0,5.977536097453064e-154,1.0,1.0
2020-02-25,4.076104205160377,2,0.0,3.246275356621468e-78,1.0,1.0
2020-02-26,1.233303934413481,2,0.0,0.408879938381072,0.5911200616190345,0.27382459605369974
2020-02-27,6.351139487688439,2,0.0,2.907988262656451e-153,1.0,1.0
2020-02-28,6.7463885159388175,2,0.0,3.257374666809395e-154,1.0,1.0
2020-03-02,1.865607980590545,2,0.0,0.3267118773416334,0.6732881226584574,0.3495979911211655
2020-03-03,3.327943438318421,2,0.0,4.755840053105554e-13,0.9999999999995453,0.9999999999995643
2020-03-04,1.6105494438245382,1,0.0,0.5639070887955564,0.4360929112044272,0.1678508906857918
2020-03-05,3.87953824169096,2,0.0,6.034818778354888e-34,1.0,1.0
2020-03-06,7.052949439759674,2,0.0,1.6086235386250349e-174,1.0,1.0
2020-03-09,12.463423272303675,2,0.0,7.08328860198176e-305,1.0,1.0
2020-03-10,3.663939692554748,2,0.0,2.905239344619521e-07,0.9999997094760568,0.9999988861401875
2020-03-11,4.81722040883763,2,0.0,8.502572854596528e-37,1.0,1.0
2020-03-12,15.217183197856912,2,0.0,0.0,1.0,1.0
2020-03-13,5.322023468523208,2,0.0,5.412476179409773e-31,1.0,1.0
2020-03-16,10.402279201059637,2,0.0,1.091816176432728e-204,1.0,1.0
2020-03-17,5.475579885746729,2,0.0,2.353443619970947e-38,1.0,1.0
2020-03-18,7.413806827461601,2,0.0,8.577138054420829e-100,1.0,1.0
2020-03-19,5.815257357867152,2,0.0,3.3098159127494517e-48,1.0,1.0
2020-03-20,5.551540283554026,2,0.0,2.437048342306305e-39,1.0,1.0
2020-03-23,6.624186864882969,2,0.0,6.000112543663992e-82,1.0,1.0
2020-03-24,10.460941827981678,2,0.0,9.409966188722215e-212,1.0,1.0
2020-03-25,4.904205282354383,2,0.0,3.052650393433195e-29,1.0,1.0
2020-03-26,3.765613643326232,2,0.0,1.6967891297121396e-06,0.9999983032108346,0.999993494588688
2020-03-27,6.345061505129561,2,0.0,1.1230228776214928e-69,1.0,1.0
2020-03-30,2.6911748647453857,2,0.0,0.0727748614638391,0.9272251385361142,0.7686891860140457
2020-03-31,4.210853738302773,2,0.0,3.5433121916406685e-12,0.999999999996362,0.9999999999864151
2020-04-01,5.474150521453417,2,0.0,2.257782761013689e-38,1.0,1.0
2020-04-02,2.467390928861902,0,0.988797491564231,0.00030575905796,0.0108967493777738,0.002969983597495347
2020-04-03,2.5638302223943823,2,0.0,0.3864774006087513,0.613522599391306,0.29281366757400706
2020-04-06,6.730346556153654,2,0.0,3.695475149427965e-73,1.0,1.0
2020-04-07,4.160936557033785,2,0.0,8.398640608992206e-10,0.9999999991600816,0.9999999993381083
2020-04-08,2.060241463125613,0,0.990310038800826,0.0002828738047174,0.0094070873945393,0.0017543230381024382
2020-04-09,3.5663601080508167,2,0.0,0.0001194228110124,0.9998805771889564,0.9995481330667184
2020-04-10,1.9027567930795857,2,0.0,0.0022906744014056,0.9977093255984888,0.9979299497698269
2020-04-13,1.6420328436488705,0,0.8316510595768946,6.268769658679953e-05,0.16828625272651,0.03776335330802381
2020-04-14,2.890401830538269,2,0.0,0.0491608777397717,0.9508391222601792,0.8345668015633992
2020-04-15,6.970647636262955,2,0.0,1.593308514018249e-95,1.0,1.0
2020-04-16,2.261413342103736,0,0.991773434462967,0.0003391776595818,0.0078873878775531,0.0014752554088324284
2020-04-17,3.3313144437143523,2,0.0047437701309055,2.9279328586335607e-09,0.995256226941054,0.9972600385531392
2020-04-20,2.0538517313670464,0,0.9914656151140993,0.0003081708468099,0.0082262140391568,0.001532478237823734
2020-04-21,5.768125132606114,2,0.0,1.7153130834663518e-41,1.0,1.0
2020-04-22,3.1058425700528485,2,0.0887713906902701,6.415866293342217e-07,0.9112279677231832,0.9465680930253382
2020-04-23,2.6933298138959865,0,0.9869320498319633,6.844112626167174e-05,0.0129995090417147,0.022332359559795387
2020-04-24,2.5280218011500555,0,0.9988983629403936,8.198009602230999e-05,0.0010196569636433,0.0006249599904986769
2020-04-27,2.945133087006328,0,0.7800965083988022,1.2226446203139874e-05,0.2198912651549177,0.09547521673237672
2020-04-28,2.966683915340312,0,0.4680190637311653,9.440679799375225e-06,0.5319714955890488,0.1737629047386586
2020-04-29,3.9028991434409583,2,0.0,4.6251141176437486e-10,0.999999999537522,0.9999999982397971
2020-04-30,3.317542949782214,2,0.0,0.0013124533835893,0.99868754661648,0.9989081311604066
2020-05-01,1.6830994391730685,0,0.925196662150936,0.0001044446053273,0.0746988932438313,0.014717694687155853
2020-05-04,5.726803793497584,2,0.0,4.678047001668511e-47,1.0,1.0
2020-05-05,2.7250924555737304,0,0.970092786879371,5.448204905983485e-05,0.0298527310714972,0.051001006798375055
2020-05-06,2.232852898887823,0,0.9997867200852631,0.0001031663599049,0.0001101135548478,0.00019157660093109145
2020-05-07,2.5561397252432974,0,0.9994062075433108,5.79297459294924e-05,0.0005358627108168,0.000934947714001407
2020-05-08,2.3924167542952457,0,0.9997538125169032,8.535392988539147e-05,0.0001608335532749,0.0002808733010011821
2020-05-11,2.0753016696295274,0,0.9998208755942648,9.727452891878848e-05,8.18498768040147e-05,0.000142344961393258
2020-05-12,2.12674557384233,0,0.9992520280961108,0.0001714512430448,0.0005765206608831,0.0001367595574233999
2020-05-13,2.996374870188645,2,0.2454962235811288,2.916911354140689e-06,0.7545008595075943,0.36251373695107714
2020-05-14,3.314940175122064,2,0.0,9.498930043132116e-06,0.9999905010698554,0.9999925275822826
2020-05-15,2.050148716971816,0,0.9925098942660108,0.000336432072498,0.0071536736613915,0.0013315116830844838
2020-05-18,6.419541416915452,2,0.0,3.092958102122288e-62,1.0,1.0
2020-05-19,2.5757951597914848,2,0.0,0.320522518131083,0.6794774818689506,0.7302034288999597
2020-05-20,2.379786992474662,0,0.99859590029836,0.000167219242598,0.0012368804590009,0.0021582113229214285
2020-05-21,2.1861920165634765,0,0.9998123001137238,0.000104138654989,8.356123131988585e-05,0.00014590678201754665
2020-05-22,1.968830864961685,0,0.999799347016752,9.541017471084236e-05,0.0001052428085667,0.00015632576332476003
2020-05-25,2.6553983428439265,0,0.979005911414439,6.714336851951703e-05,0.0209269452169293,0.003941520733068761
2020-05-26,3.3858382620166694,2,0.0,0.0006864801297079,0.9993135198701898,0.9994617234160931
2020-05-27,2.444609091865046,0,0.9970592166264064,0.0001259869428626,0.0028147964308268,0.004901524511656232
2020-05-28,2.373787825966106,0,0.9997242620635414,8.295398752939485e-05,0.0001927839490082,0.00032928503440854813
2020-05-29,2.512253876338708,0,0.9971348036102304,0.000126364497333,0.0027388318924743,0.0010795252295628804
2020-06-01,2.376050166127473,1,0.0,0.6527434844170165,0.3472565155829153,0.19939697391237723
2020-06-02,2.7524434308703016,0,0.4339120348582832,2.660676473354932e-05,0.5660613583768963,0.19443602610430039
2020-06-03,3.882805574239885,2,0.0,6.338917076875294e-09,0.9999999936610492,0.999999995026863
2020-06-04,1.4623900920099913,0,0.9957338609661452,0.000437848306919,0.0038282907269162,0.0007106425849682534
2020-06-05,3.456879462519736,2,0.0,2.1804442628710258e-08,0.9999999781955468,0.9999999829420746
2020-06-08,1.4092589063261074,0,0.99954760514886,0.000266022692429,0.0001863721588051,0.0003247623049853726
2020-06-09,2.126646503419227,0,0.9995979937308018,6.771227990050874e-05,0.0003342939893641,0.0005829528427566497
2020-06-10,1.7230900175508936,0,0.9994627146229,0.0003184580938412,0.0002188272831519,4.049980226348666e-05
2020-06-11,6.097131209316148,2,0.0,1.1805743523439269e-68,1.0,1.0
2020-06-12,1.910159462221022,0,0.9992265471537114,0.000258680149131,0.0005147726970893,0.0008962570710563483
2020-06-15,1.8350766481642853,0,0.9993160929743105,0.0002981298391474,0.0003857771864654,7.14076136526419e-05
2020-06-16,3.2197842470832567,2,1.6711548168057084e-09,3.0970119627733562e-18,0.9999999983288036,0.9999999990436863
2020-06-17,1.4148207358479044,0,0.9995532143948472,0.0002906648471031,0.0001561207581248,0.0002727608073330649
2020-06-18,1.5273286106060755,0,0.9998106362349812,0.0001745078099074,1.48559550526063e-05,2.5958820740428322e-05
2020-06-19,1.38233823800434,0,0.9998283471400068,0.0001546002648144,1.705259521358046e-05,2.9797189706081515e-05
2020-06-22,1.5562808191339434,0,0.9998108401057832,0.0001733110058161,1.584888829597512e-05,2.742228578768411e-05
2020-06-23,1.9952155154441988,0,0.998642713836176,0.0001685392080997,0.0011887469556197,0.00022017917209486248
2020-06-24,2.971384360730471,2,2.779462061204392e-05,2.0435179786456978e-12,0.9999722053773592,0.9999840941405079
2020-06-25,1.608519314611164,0,0.9995242535176696,0.0003099243258267,0.0001658221565284,0.0002896960278882828
2020-06-26,1.6420546300546988,0,0.9998087852082678,0.0001719906174565,1.9224174281120965e-05,3.359146312634402e-05
2020-06-29,1.636537665036928,0,0.999812487478358,0.0001714558378355,1.6056683878328885e-05,2.8057272653151046e-05
2020-06-30,1.4059791413165756,0,0.9998222451614072,0.0001628732097717,1.4881628750376964e-05,2.5968271865428952e-05
2020-07-01,1.345750369552356,0,0.9995467937444336,0.0002864918426738,0.0001667144129425,3.095461144130485e-05
2020-07-02,2.62135123880735,2,0.0,0.0040374584027585,0.9959625415971388,0.9968388346638453
2020-07-03,1.5050577921465824,0,0.9995473072914136,0.0003146419877765,0.0001380507209097,0.00023765386918342732
2020-07-06,2.175254765942477,0,0.9981738520652104,3.2209247522364885e-05,0.0017939386872636,0.00313047907861705
2020-07-07,1.7284736193953978,0,0.9998178761858172,0.0001576781125756,2.4445701562468127e-05,4.271749361600193e-05
2020-07-08,1.5415583150218704,0,0.9998151694767328,0.000174951112444,9.879410771718048e-06,1.72634145950186e-05
2020-07-09,1.628401428414503,0,0.9998218921822554,0.0001646520540082,1.34557637621413e-05,2.35130134293314e-05
2020-07-10,1.5838155831591878,0,0.9998170803154236,0.0001711052636384,1.1814421018924352e-05,2.064112503355926e-05
2020-07-13,1.798343514362167,0,0.9998458358299238,0.0001157419035725,3.8422266485295615e-05,6.714436293563395e-05
2020-07-14,1.3108489587068162,0,0.9998198860917284,0.000176119883944,3.994024246445918e-06,6.9748791196838996e-06
2020-07-15,1.858958159832132,0,0.9998498788008808,5.207585098925153e-05,9.804534807668744e-05,0.00017133958324836677
2020-07-16,1.0609969110012438,0,0.9998616261837632,0.0001340756539333,4.298162319145765e-06,7.511514386937146e-06
2020-07-17,1.1432613803494254,0,0.9998458106394408,0.0001505101579203,3.679202655693293e-06,6.42973843053293e-06
2020-07-20,1.4475424014402736,0,0.9998345551978824,0.000162124262919,3.320539210604964e-06,5.802846842518399e-06
2020-07-21,1.2469946825812208,0,0.9998169205532674,0.000179968331726,3.1111149161323587e-06,5.436848756240597e-06
2020-07-22,1.3380238388720262,0,0.9998227931254168,0.0001739330402444,3.2738342974332045e-06,5.721304211329691e-06
2020-07-23,1.059317254353524,0,0.9998454170634024,0.0001508461779447,3.736758633217232e-06,6.526330896244326e-06
2020-07-24,1.6928460957530966,0,0.9998441456584924,7.163555111599387e-05,8.421879040143744e-05,0.00014717084356985
2020-07-27,1.0493929505456898,0,0.999805062098056,0.0001906832496041,4.254652236019315e-06,7.435074797856609e-06
2020-07-28,1.0129951759026408,0,0.9998082823760468,0.0001875835754274,4.134048452303856e-06,7.21513345115958e-06
2020-07-29,0.7432248745043978,0,0.9995204108169766,0.00033872058243,0.0001408686006646,2.6191738727613356e-05
2020-07-30,2.27373014148644,2,0.0051986534591923,2.1443761341309213e-09,0.9948013443965424,0.9970184404823662
2020-07-31,1.113513223017887,0,0.9994985483184908,0.0003913739215858,0.0001100777598488,0.00018653954595917825
2020-08-03,1.747448057038834,0,0.996272029995707,2.549027838046856e-05,0.0037024797258421,0.00645204671392103
2020-08-04,0.9508969332159766,0,0.9997534490134644,0.000234399195143,1.2151791401787165e-05,2.123260998872444e-05
2020-08-05,1.1332487028950202,0,0.999773959669332,0.0002108075090318,1.5232821568066603e-05,2.6617437541084638e-05
2020-08-06,0.9952198076768324,0,0.9997636920102266,0.0002281733660963,8.13462368521696e-06,1.4213975552098967e-05
2020-08-07,0.7878274895689374,0,0.99977458232821,0.0002139510249675,1.1466646792884073e-05,2.0036677241358573e-05
2020-08-10,0.7721069550091813,0,0.9997531059489592,0.0002406542550358,6.239795954081057e-06,9.555998582517605e-06
2020-08-11,1.6528408614691563,0,0.9832588211886424,1.3720994449671242e-05,0.0167274578170144,0.028869605080000398
2020-08-12,1.0385264695587115,0,0.9997757915323716,0.0002078171503688,1.639131725033095e-05,2.864068186561304e-05
2020-08-13,0.700921201039269,0,0.9997577905511325,0.0002297215002458,1.248794870786692e-05,2.1819131062538954e-05
2020-08-14,1.128172903936998,0,0.9997879376908232,0.0001901562247603,2.1906084359626103e-05,3.827729259538958e-05
2020-08-17,0.7192659744773178,0,0.9997706327216914,0.0002173372904804,1.2029987744517186e-05,2.102052788719951e-05
2020-08-18,0.8312752204794982,0,0.9997500104226223,0.0002410265257251,8.963051704756e-06,1.566138235497307e-05
2020-08-19,0.7470036221812705,0,0.9997626564120164,0.0002266313567525,1.0712231265196551e-05,1.8717032332543873e-05
2020-08-20,1.164691192240129,0,0.9998097746341196,0.0001689618334524,2.1263532381411325e-05,3.715199523092295e-05
2020-08-21,0.5541527206983392,0,0.99975985159966,0.0002192076086881,2.0940791765545027e-05,3.604395513597975e-05
2020-08-24,1.3967938007763672,0,0.9981334662990152,4.26036236475731e-05,0.0018239300772969,0.003182656773559928
2020-08-25,0.5559498842016828,0,0.9997273434316044,0.0002545808196015,1.807574875476984e-05,3.1582861929056e-05
2020-08-26,0.856321707948081,0,0.9997542790618116,0.0002316932425048,1.4027695686935984e-05,2.4510061323154238e-05
2020-08-27,0.7216654267021169,0,0.9997214763515878,0.0002672631960273,1.1260452440243152e-05,1.9674421028979867e-05
2020-08-28,0.6552497686407406,0,0.9997123748972004,0.0002751452821694,1.2479820722669315e-05,2.1804263360465095e-05
2020-08-31,0.9515149438472992,0,0.9997801042826358,0.0001969805162862,2.2915201067147947e-05,4.003945275863888e-05
2020-09-01,0.5920113483781884,0,0.99972516113729,0.0002643277377948,1.0511124896213876e-05,1.8365767039008492e-05
2020-09-02,0.8504727309661662,0,0.9997606486849836,0.0002258053386144,1.3545976475473036e-05,2.3671849159533238e-05
2020-09-03,0.6504876544776039,0,0.999818340672346,0.0001792544073242,2.404920303362462e-06,4.2026523626263675e-06
2020-09-04,0.6127978684399834,0,0.9997921780643264,0.0002050779756894,2.7439600597618333e-06,4.789025626935753e-06
2020-09-07,0.8178932444373906,0,0.9997467873126522,8.980338126314224e-05,0.0001634093061857,0.00028539569518379717
2020-09-08,0.6519226505206339,0,0.9998402064167792,8.751148448819908e-05,7.228209877676045e-05,0.0001249312395213628
2020-09-09,0.905141067840086,0,0.9986401490544188,3.080534483343408e-05,0.0013290456006929,0.0023201490690030763
2020-09-10,0.0471235173500152,0,0.9997207866351796,0.000271709789485,7.503575340845938e-06,1.3111170351186659e-05
2020-09-11,0.0270297494886858,0,0.999744133727569,0.0002481028121268,7.763460233203702e-06,1.3565375406966341e-05
2020-09-14,0.0883819025596465,0,0.9997210571573002,0.0002734450439472,5.497798731160404e-06,9.606561483434289e-06
2020-09-15,0.2852025832614596,0,0.999744902828258,0.0002489224058632,6.174765862364536e-06,1.0789942815029498e-05
2020-09-16,0.0181088535068883,0,0.999752562219422,0.0002452363126776,2.201467816655848e-06,3.8469428189366385e-06
2020-09-17,-0.0503168023399203,0,0.99976335017769,0.0002341949691663,2.454853205033759e-06,4.287213398827292e-06
2020-09-18,0.1736452025736196,0,0.9995056914271108,0.0004415944196363,5.271415326453577e-05,9.75518269386764e-06
2020-09-21,3.408515174230208,2,0.0,1.6504027104393446e-22,1.0,1.0
2020-09-22,0.3221897659108349,0,0.9993868193026056,0.000531542695069,8.163800223167095e-05,0.00014261884847243625
2020-09-23,0.3055522621147578,0,0.9996897277938436,0.0003011260062092,9.146199842104248e-06,1.5980831423475856e-05
2020-09-24,0.4254499278162488,0,0.9997280538465516,0.0002630421435605,8.904009939591672e-06,1.5546844929669995e-05
2020-09-25,0.2880561561885628,0,0.9993812053536452,0.0005529689758889,6.582567057854091e-05,1.2286525070421523e-05
2020-09-28,1.586261666342377,2,0.0095043363506534,5.332734813110946e-09,0.9904956583165908,0.9945385834330114
2020-09-29,0.4182699175079462,0,0.9993506073098328,0.0005406695151122,0.0001087231751095,0.0001899190166174134
2020-09-30,0.1916409534353251,0,0.9997293522037644,0.000248964996898,2.168279934329725e-05,3.7884259210228096e-05
2020-10-01,0.4298679696063031,0,0.9996911616059536,0.0002978888384586,1.0949555474349482e-05,1.9129590821775875e-05
2020-10-02,0.168868895552,0,0.9996669765855454,0.0003155588171047,1.746459730591739e-05,3.0502226855093667e-05
2020-10-05,0.6935342693179406,0,0.9997590881870376,0.0001743876342905,6.652417874750444e-05,0.00011622300269309656
2020-10-06,0.4353622947256125,0,0.999674669909696,0.000307591621707,1.7738468531427074e-05,3.098815799745501e-05
2020-10-07,0.0911406830454044,0,0.9997015313719486,0.0002696601149294,2.880851311495064e-05,5.033065364118202e-05
2020-10-08,0.4301661807816438,0,0.999672540968384,0.0003105716748034,1.688735690788708e-05,2.9502960724503678e-05
2020-10-09,0.2295157258637,0,0.9996610096456364,0.0003217414153825,1.7248939014679478e-05,3.013459001038449e-05
2020-10-12,0.4613606571850666,0,0.9996918865337564,0.0002879350833122,2.0178383012893576e-05,3.525299218126748e-05
2020-10-13,0.4333340042317398,0,0.9996825212005224,0.0002989595829955,1.851921641393152e-05,3.229813873737815e-05
2020-10-14,0.153225062069651,0,0.9992173149459948,0.0005852312794585,0.000197453774602,3.655958107660239e-05
2020-10-15,1.6028659414002515,2,0.0,0.000449491837303,0.9995505081627118,0.9996482398882454
2020-10-16,0.7608349092041344,0,0.9991405691832136,0.0003453090390009,0.0005141217776854,0.0008977591203552049
2020-10-19,0.1877307319563031,0,0.9997116318658158,0.000252676648153,3.569148601482752e-05,6.232358624006637e-05
2020-10-21,0.8637094097130202,0,0.9997507766354506,0.0001566620517835,9.25613126897957e-05,0.00016170444987510945
2020-10-22,0.3034523390007963,0,0.999678443081674,0.0002990624165499,2.2494501787457992e-05,3.929464281748674e-05
2020-10-23,0.4718623683112417,0,0.9996391778048668,0.0003316902503283,2.9131944735875724e-05,2.9773390233711584e-05
2020-10-26,1.2633092308240377,0,0.915887741417391,9.56750417612008e-06,0.084102691078407,0.13692635834254696
2020-10-27,0.8281044658481016,0,0.9974247060817916,0.0002557296558623,0.0023195642623613,0.000430025571173288
2020-10-28,2.71927142246114,2,0.0,1.2950119101110588e-12,0.9999999999986358,0.9999999999989868
2020-10-29,0.5481782569581487,0,0.9992311780886096,0.00043627701482,0.0003325448966624,0.000580739987425009
2020-10-30,0.3833289239995135,0,0.9996235683546588,0.0003478751531646,2.855649225762141e-05,3.1598738981594136e-05
2020-11-02,1.072096118120632,0,0.9313218271272816,4.8629883707405394e-05,0.0686295429890348,0.013450789366493123
2020-11-03,1.8595799891176497,2,0.0,1.5478110274488068e-08,0.999999984521992,0.9999999878751306
2020-11-04,0.7920584668395074,0,0.9979719282226676,0.0002004980047745,0.0018275737725209,0.003187081700801464
2020-11-05,0.7195882494208057,0,0.9997522418512662,0.0001542641425155,9.349400617626856e-05,0.00016311129530924016
2020-11-06,0.2417844263866757,0,0.9991798646071334,0.0006706973432098,0.0001494380497606,2.765874871641034e-05
2020-11-09,6.500302130593735,2,0.0,8.68042467181716e-96,1.0,1.0
2020-11-10,1.4335757027867404,0,0.9832344982872804,0.0002893270683411,0.0164761746443431,0.01461162356182617
2020-11-11,1.2140355380523404,1,0.0,0.974636367122716,0.0253636328772466,0.03219537456040943
2020-11-12,0.8718405959764406,0,0.9992846662317748,0.0006626440883589,5.268967993132218e-05,9.202541357550189e-05
2020-11-13,0.7397348277541607,0,0.999696743645651,0.0002660104472986,3.7245907080968457e-05,5.022159938384259e-05
2020-11-16,1.662069485983995,0,0.9649020739139388,1.5879771630256454e-05,0.035082046314526,0.05972971754723702
2020-11-17,0.7270042120609448,0,0.9996879916154204,0.0002789575936108,3.3050790874148184e-05,5.773956146628678e-05
2020-11-18,0.898698059901717,0,0.9997051334715849,0.000269414351633,2.54521767707787e-05,4.4464223116098344e-05
2020-11-19,0.9474978671441844,0,0.9997147535797702,0.0002558414008201,2.9405019490851296e-05,5.137118165381456e-05
2020-11-20,0.7699764277097993,0,0.9996958869790692,0.0002800996630336,2.4013357976845366e-05,4.195020941000644e-05
2020-11-23,0.6663291317522294,0,0.99971024590264,0.0002598200568668,2.9934040485816585e-05,5.197510844361257e-05
2020-11-24,1.391728548944665,0,0.9991545052740392,7.194379609256204e-05,0.0007735509299718,0.0013507065344943296
2020-11-25,0.6902872780233126,0,0.9997091294564888,0.0002610935614258,2.977698199218298e-05,5.201859653284048e-05
2020-11-26,0.6738981090023685,0,0.999713498653354,0.0002548926006618,3.1608745985583954e-05,5.522095684838922e-05
2020-11-27,0.8567910121025756,0,0.9997014856925738,0.0002736627604637,2.485154699778629e-05,4.339521090468149e-05
2020-11-30,1.19888253274109,0,0.9997452389197652,0.0001629000629634,9.186101727227972e-05,0.00016044822930841144
2020-12-01,1.1201767487872316,0,0.9997468008543272,0.0001971068556701,5.609229001561761e-05,9.799398812612306e-05
2020-12-02,0.8747536274941232,0,0.9997012408394766,0.000273430749737,2.532841081659536e-05,4.424835576932306e-05
2020-12-03,0.6887622064432062,0,0.9996997600195616,0.000273595076449,2.6644904088757927e-05,4.65251340124959e-05
2020-12-04,1.1410612640709556,0,0.9997426126025162,0.000161478965565,9.590843187659952e-05,0.0001675442982320921
2020-12-07,0.6442414204199192,0,0.9997103927387117,0.0002584560300407,3.1151231320324475e-05,5.441838954826721e-05
2020-12-08,0.6317234650197279,0,0.9997167719161296,0.0002490344554587,3.419362849837379e-05,5.973683411675075e-05
2020-12-09,0.8042104230077955,0,0.9996961788899512,0.0002795959055644,2.4225204577107817e-05,4.2321334654018917e-05
2020-12-10,0.7504273226568494,0,0.9996999538110798,0.0002743838256792,2.566236323968761e-05,4.482957074077563e-05
2020-12-11,1.0029296036371689,0,0.999727604522062,0.0002365467097193,3.584876828433863e-05,6.262864624442813e-05
2020-12-14,0.8127644196458483,0,0.999695542485705,0.0002803949636557,2.4062550623574755e-05,4.2037428723623765e-05
2020-12-15,0.5425868723371307,0,0.9996998371026932,0.0002753122356112,2.4850661789461645e-05,4.341532679736216e-05
2020-12-16,0.6941378641111251,0,0.9996856632941844,0.0002939864388776,2.0350266845328864e-05,3.554943013368103e-05
2020-12-17,0.4745438397153941,0,0.9997211383284303,0.0002424783758558,3.638329582007123e-05,6.346124395315452e-05
2020-12-18,0.6555162047069187,0,0.9992431843807346,0.0005712813059708,0.0001855343133852,3.43497498555194e-05
2020-12-21,2.0619063610123494,2,0.0003289231476947,7.027269548399629e-11,0.9996710767819812,0.999811229539906
2020-12-22,1.2380542819547131,0,0.9965428840449853,0.0001707376556828,0.0032863782993665,0.005724417291695118
2020-12-23,1.1086701045545426,0,0.9997402044359668,0.0001546608446778,0.0001051347194237,0.00018352278485071213
2020-12-24,0.3388118218339668,0,0.999719104964442,0.0001502317252251,0.0001306633103002,0.00022755257794035758
2020-12-25,0.2617600718316793,0,0.9994914556540272,9.69761324621421e-05,0.0004115682134753,0.0007187507518670257
2020-12-28,1.0535846390604664,0,0.9997472315027344,0.0002043208221007,4.844767519561296e-05,8.463939090740303e-05
2020-12-29,0.657514124877933,0,0.999709490453204,0.0002649295478926,2.5579998845901725e-05,4.468838365007918e-05
2020-12-30,0.6442177952294074,0,0.9997168115295452,0.0002558817854942,2.7306684875754832e-05,4.7704497003767645e-05
2020-12-31,0.6261281853270932,0,0.9997231329046148,0.0002475021797323,2.936491569435066e-05,5.114479935104979e-05
2021-01-01,0.3022173757578832,0,0.9995036171971278,9.219982437284922e-05,0.0004041829784421,0.0007058948395336967
2021-01-04,1.0730636333759866,0,0.99975080454657,0.0002071359988351,4.205945449618868e-05,7.335136450090358e-05
2021-01-05,0.7270925002357442,0,0.9992693819210192,0.0005225371631805,0.0002080809157793,4.182894403666194e-05
2021-01-06,1.7300764505727628,2,0.0,0.0978276130138835,0.902172386986132,0.9216629438950497
2021-01-07,1.2573081442882037,0,0.9974309164513936,0.0001882137876593,0.0023808697609497,0.0041524580462995375
2021-01-08,0.6670230473522956,0,0.9996974647342304,0.0002849145154141,1.7620750421052542e-05,3.078482762406188e-05
2021-01-11,0.8524488636710437,0,0.9997247095364435,0.000252827914816,2.2462548802927656e-05,3.924519415720694e-05
2021-01-12,0.6777322819030727,0,0.9996971673360616,0.0002867063030758,1.6126360884395956e-05,2.8175039274416595e-05
2021-01-13,0.5601191744974672,0,0.99970602963997,0.0002781449619482,1.5825398123828665e-05,2.763722816042635e-05
2021-01-14,0.621926791155464,0,0.9992909565575108,0.0006790045972909,3.0038845232864256e-05,2.412071638251147e-05
2021-01-15,1.280297340566892,1,0.0,0.9496739441571026,0.0503260558428079,0.06344967294504687
2021-01-18,0.6509064877503217,0,0.9993026133709684,0.0006694426965091,2.794393241555217e-05,4.879749881836814e-05
2021-01-19,0.5525550369155915,0,0.9993006434238308,0.0006792035038181,2.0153072357881173e-05,1.94823417131545e-05
2021-01-20,0.6500093128267597,1,0.0,0.9978514966625556,0.0021485033373624,0.0036692832888832972
2021-01-21,0.6807899181503025,1,0.0,0.9974741572092444,0.0025258427907242,0.003226908516529803
2021-01-22,0.6017539891741254,0,0.9993936232890166,0.0005920902287766,1.4286482307658872e-05,2.495175839975588e-05
2021-01-25,0.956718675298076,0,0.999829584251586,0.0001104116712256,6.0004077203056045e-05,0.00010485162366358562
2021-01-26,0.6455378190030754,0,0.9997739952029876,0.0002189253979047,7.079399213624457e-06,1.2229694702544557e-05
2021-01-27,1.2115556335559603,0,0.9985797139785476,3.089922258875643e-05,0.001389386798811,0.0024254592734919665
2021-01-28,0.7365253511303096,0,0.9997967628802789,0.0001921709186093,1.1066201037513536e-05,1.9333154829282116e-05
2021-01-29,0.9100770653685684,0,0.999835996415864,0.0001224946883169,4.1508895853887495e-05,7.254359577984824e-05
2021-02-01,0.3552746674735179,0,0.9998839281420308,0.0001155027254584,5.691326201357036e-07,9.946904173230963e-07
2021-02-02,0.5259774989824456,0,0.9999044464312709,9.350887192998314e-05,2.044696854375204e-06,3.5734071101216396e-06
2021-02-03,0.1654437424997114,0,0.9998191047892504,0.0001804853947344,4.098159872718253e-07,7.161984670473851e-07
2021-02-04,0.1960061348873115,0,0.999830759250808,0.0001689032671957,3.3748188576587653e-07,5.897922178633667e-07
2021-02-05,0.179547855277398,0,0.9998365423525212,0.0001631873558425,2.7029167272393825e-07,4.7236754041399605e-07
2021-02-08,-0.0599527614580055,0,0.99983136133052,0.0001682656959146,3.729734745565015e-07,6.518114906543677e-07
2021-02-09,0.1012834100774651,0,0.9998240673809918,0.0001755702345168,3.623845625664822e-07,6.333051480400863e-07
2021-02-10,0.000996746737288,0,0.9998252908665618,0.0001743477813235,3.613521767949297e-07,6.315084904815469e-07
2021-02-11,0.0324572524044065,0,0.9998383312537475,0.0001614610839663,2.07662244807891e-07,3.6292673234104483e-07
2021-02-12,0.1636841173489613,0,0.9998693863734448,0.0001304407004222,1.7292610444571353e-07,3.022361434647823e-07
2021-02-15,0.5100574879523229,0,0.9999446930164044,5.320163281477566e-05,2.1053508204776386e-06,3.679564230756165e-06
2021-02-16,-0.0507048083005077,0,0.9998511417328512,0.0001487269848956,1.3128220451930282e-07,2.293946999142647e-07
2021-02-17,0.0520860531020951,0,0.9996211398119248,0.0003785054500943,3.547379966979815e-07,3.4572973937053755e-07
2021-02-18,0.4332565221284268,1,0.0,0.9997946163614112,0.0002053836386406,0.0002625558338574964
2021-02-19,0.1820234847818456,0,0.9996506180921844,0.0003487067898841,6.751178488662756e-07,1.179781764465808e-06
2021-02-22,0.0430784418536492,0,0.9998426261088106,0.0001571589176907,2.149735004259037e-07,3.7570305530206775e-07
2021-02-23,0.1141973031976576,0,0.9998631369623452,0.0001366449716247,2.1806599404899357e-07,3.8110216862091705e-07
2021-02-24,-0.081709653428161,0,0.999835479698126,0.0001642773806264,2.4292123870074866e-07,4.245358165300259e-07
2021-02-25,-0.0240348896090321,0,0.9998348366736072,0.000164922206972,2.411193139960485e-07,4.212602608776399e-07
2021-02-26,0.6771366517621171,0,0.9999258525173208,2.529500805148577e-05,4.885247471362409e-05,8.155677408690788e-05
2021-03-01,1.0353451455901892,0,0.9944304986964628,5.245987133925981e-06,0.0055642553163372,0.009682059910053465
2021-03-02,0.0440607782609397,0,0.9995190119998428,0.0004796088968953,1.3791033524191311e-06,1.3430742375361928e-06
2021-03-03,0.3629915147968891,1,0.0,0.9996083795471692,0.0003916204527322,0.0005006269477963077
2021-03-04,0.0109678956454663,0,0.9994995900670818,0.00049879209082,1.6178420224689595e-06,2.8270352019248083e-06
2021-03-05,0.1942660566919634,0,0.9998406149784412,0.000158544998895,8.400226906198843e-07,1.4593271649870536e-06
2021-03-08,0.8268447846360085,0,0.9992643466460472,1.3448445402357536e-05,0.0007222049086552,0.001261508646579694
2021-03-09,0.2111313456232157,0,0.9998183467573516,0.0001804790619659,1.1741807730559926e-06,2.0519406676718683e-06
2021-03-10,-0.0702786468932245,0,0.999796832155598,0.000202004088769,1.1637556864462156e-06,2.033758997388222e-06
2021-03-11,0.2906451911099869,0,0.999837574402836,0.0001604365148901,1.9890822856286456e-06,3.4760563824420496e-06
2021-03-12,-0.1120469479125476,0,0.999805288660424,0.0001930641644676,1.6471751683939902e-06,2.878675254251756e-06
2021-03-15,-0.2972847293308204,0,0.9998623120277128,0.0001373374201712,3.505521398683451e-07,6.12644859093401e-07
2021-03-16,-0.1483374309961072,0,0.9998432346436572,0.0001565776100369,1.877461952964276e-07,3.2812006014253485e-07
2021-03-17,-0.0162443576313339,0,0.999867271132988,0.0001326059319329,1.2293515918401357e-07,2.1485185912823305e-07
2021-03-18,-0.1431648183442831,0,0.9998598592586844,0.000140041146977,9.959434382452414e-08,1.7406312759752184e-07
2021-03-19,0.0954223062697513,0,0.9998909468356464,0.0001088296513908,2.2351297031195617e-07,3.906353461575986e-07
2021-03-22,-0.352710577647203,0,0.9998664708198628,0.0001333601915715,1.6898847785066845e-07,2.9533887834368203e-07
2021-03-23,-0.2963462280132461,0,0.9998620493015848,0.0001378213378531,1.2936056590553497e-07,2.2608152579783113e-07
2021-03-24,-0.1842762100208696,0,0.999862652895825,0.000137257517906,8.958622470516124e-08,1.56568451658619e-07
2021-03-25,-0.2153776104533821,0,0.999861965103318,0.0001379412728989,9.362371644328593e-08,1.6353699217317752e-07
2021-03-26,-0.4370255025253192,0,0.9997990581321694,0.0001373009737227,6.364089401213744e-05,0.00011118772991600704
2021-03-29,-0.917878477295012,0,0.9996032376840436,0.0003867756407923,9.986675229895916e-06,1.7447648993178816e-05
2021-03-30,-0.6477677347950416,0,0.999689969541887,0.0002963966328001,1.363382529229144e-05,2.3819542076259138e-05
2021-03-31,-0.8476091329491957,0,0.9996107368681856,0.0003797585980876,9.504533689134836e-06,1.6605346007301062e-05
2021-04-01,-0.7549067360835073,0,0.9996584678551106,0.0003311109076567,1.04212373137765e-05,1.81988178810284e-05
2021-04-02,-1.3219565902287558,0,0.9996851791619744,0.0002412209479578,7.359989011722422e-05,0.00012852753187076745
2021-04-05,-1.310790357607627,0,0.9996925912084086,0.0002333905140783,7.401827744614819e-05,0.00012931637574292485
2021-04-06,-0.7771891988986026,0,0.999647289282962,0.0003419601115235,1.0750605416289543e-05,1.878134429730404e-05
2021-04-07,-1.0418942452839013,0,0.9996038827315364,0.0003826186525892,1.3498615893888509e-05,2.3582151870939346e-05
2021-04-08,-0.9284974452442556,0,0.9995926369188834,0.0003973734469413,9.989634214676783e-06,1.7451970171535674e-05
2021-04-09,-1.005720287945561,0,0.9996109120993828,0.000377778568488,1.130933212962913e-05,1.9757654864791853e-05
2021-04-12,-0.929548478340134,0,0.9996006090840296,0.0003894094931467,9.981422768416176e-06,1.7437460248877112e-05
2021-04-13,-0.987818628455014,0,0.9995982526528426,0.0003901316758771,1.1615671372133688e-05,2.0282638495100385e-05
2021-04-14,-0.9111508459458836,0,0.9990480538267046,0.0009339723825783,1.7973790828484142e-05,1.7065573498140016e-05
2021-04-15,-0.7437112372551813,1,0.0,0.9935330877682444,0.0064669122317467,0.008253275057067112
2021-04-16,-0.6016921627441468,0,0.9984519984936854,0.0014867692465851,6.123225970681523e-05,5.894842398492447e-05
2021-04-19,-0.6023057754322889,1,0.0,0.99678163083759,0.0032183691624585,0.00400083848005423
2021-04-20,-0.1098929823576657,0,0.9928059019488208,5.318020884541725e-05,0.0071409178423049,0.012410883800788102
2021-04-21,-1.094489979738992,0,0.999614151244759,0.0003755085209631,1.034023432651742e-05,1.8064835722537047e-05
2021-04-22,-0.6263085083558633,0,0.9997700004798128,0.0002038681727014,2.6131347403591003e-05,4.565530266441512e-05
2021-04-23,-1.0826596696496171,0,0.9996252002783031,0.000364725727615,1.0073994068892766e-05,1.760062876111009e-05
2021-04-26,-0.8937212282003036,0,0.9996678389432198,0.0003229294628519,9.231593910240686e-06,1.612877847410477e-05
2021-04-27,-1.110339702253024,0,0.9996471123843276,0.0003432019324108,9.685683174614415e-06,1.692237657776754e-05
2021-04-28,-0.9677160746419592,0,0.999657423439536,0.0003347394178929,7.83714249495512e-06,1.369235050210691e-05
2021-04-29,-1.103069400716005,0,0.999638807197062,0.0003514344468557,9.758356062918813e-06,1.7048770668631837e-05
2021-04-30,-0.9354899274582844,0,0.9996300215067444,0.0003609542590174,9.02423430535748e-06,1.5765904121872007e-05
2021-05-03,-0.9741750149225236,0,0.999614717230785,0.0003758497412547,9.433028051579276e-06,1.5988511300960738e-05
2021-05-04,-0.3625309858987835,0,0.9962224639461124,9.99598722033956e-05,0.0036775761816935,0.0008997075910132457
2021-05-05,0.3492201401075012,2,0.0,0.2973059879180299,0.7026940120819973,0.7513554073343222
2021-05-06,-1.115941241610727,0,0.9991421812866804,0.0007593717971817,9.844691616602605e-05,0.00017186561071073615
2021-05-07,-0.689182036595687,0,0.9994761180916512,0.0004596282689487,6.425363949470197e-05,5.855782867577084e-05
2021-05-10,-0.8591934304648638,1,0.0,0.9835180893279898,0.0164819106720556,0.004368991622090618
2021-05-11,0.5360026337604986,2,0.0,0.0045513109687921,0.9954486890312468,0.9964369239834323
2021-05-12,-1.1485343652358395,0,0.9991050244464098,0.0008190328588542,7.594269483903252e-05,0.00013264284903153828
2021-05-13,-1.159136462336282,0,0.9995429700627436,0.0004501344950496,6.895442255246827e-06,1.2043676872646345e-05
2021-05-14,-0.6476004808593337,0,0.9998093718767546,0.0001315528327097,5.907529058358352e-05,0.0001032077756030377
2021-05-17,-1.2354383849067845,0,0.9995328569862209,0.0004594919781375,7.651035696395289e-06,1.3365729379474386e-05
2021-05-18,-1.2006875279266007,0,0.9995280335960244,0.0004652118469863,6.754556877016474e-06,1.1508784053756431e-05
2021-05-19,-0.2684228563245021,0,0.9968862795044684,7.567576899973375e-05,0.0030380447264265,0.0028925679925509828
2021-05-20,-0.4248619314706969,1,0.0,0.9941836772091132,0.005816322790857,0.009914557789054047
2021-05-21,-0.7038960973283748,1,0.0,0.9975559280483094,0.0024440719517278,0.003122796356387982
2021-05-24,-1.380881689546394,0,0.9989350908273484,0.001043466744853,2.144242788859568e-05,3.74499682783417e-05
2021-05-25,-1.2586839896761877,0,0.9995472450465038,0.0004447109008121,8.044052682308802e-06,1.4044270694721563e-05
2021-05-26,-1.3049371607099127,0,0.9989053019981944,0.0010769095377742,1.778846395458255e-05,1.7155856710228316e-05
2021-05-27,-0.8423204649503626,1,0.0,0.997251766224303,0.0027482337756404,0.003511166751994376
2021-05-28,-1.0825259568225494,0,0.9990344083946257,0.0009531939548486,1.2397650508054792e-05,2.1654231311696756e-05
2021-05-31,-1.2429379444677242,0,0.9995594372678548,0.0004338549849604,6.707747295146465e-06,1.1719125278788751e-05
2021-06-01,-1.0653197749692,0,0.999666130951593,0.0003253909613488,8.478087114983954e-06,1.4804032228755496e-05
2021-06-02,-1.2145050877999988,0,0.9989541939720376,0.0010347531417327,1.1052886171207533e-05,1.0635569567051598e-05
2021-06-03,-1.1522603380030707,1,0.0,0.996716360353876,0.0032836396460678,0.00419629111904835
2021-06-04,-1.3361434888683372,0,0.9972957391349608,0.0026800533754192,2.4207489682578554e-05,2.328303986794505e-05
2021-06-07,-1.0654086086668213,1,0.0,0.9964395119324028,0.0035604880675008,0.004547805239368117
2021-06-08,-1.354874658010338,0,0.998943568519551,0.0010340755691369,2.2355911298603987e-05,3.904557703632414e-05
2021-06-09,-1.2898289462190986,0,0.9995633358255837,0.0004271935562638,9.470618181449922e-06,1.6544631234993986e-05
2021-06-10,-1.2817716754898254,0,0.9995636531347728,0.0004264483804547,9.898484826604018e-06,1.7292779375198957e-05
2021-06-11,-1.1298032272418008,0,0.9996029452532292,0.0003883137554351,8.74099132846369e-06,1.5270812454964885e-05
2021-06-14,-1.148323286046827,0,0.9995963025075896,0.000395323366862,8.374125640902753e-06,1.4629530248879493e-05
2021-06-15,-1.2540994675637347,0,0.9995645871882464,0.000427442299079,7.97051260953645e-06,1.3924114524288406e-05
2021-06-16,-1.3053368628660085,0,0.999554396177677,0.0004373013722083,8.302450053560765e-06,1.4493849229074791e-05
2021-06-17,-1.2978740589148972,0,0.999001494483515,0.00095634319794,4.2162318582431005e-05,1.38810777977757e-05
2021-06-18,-0.2580151554281006,1,0.0,0.5403194375851403,0.4596805624148296,0.5211008282694687
2021-06-21,-1.1217245323578653,0,0.9977746100457056,0.0021452287168815,8.01612374253683e-05,7.525084480746023e-05
2021-06-22,-0.8368307926066402,1,0.0,0.9906545289918408,0.0093454710080935,0.015844159605281814
2021-06-23,-0.7856640756542472,1,0.0,0.9969476643299504,0.003052335670016,0.003898318219974
2021-06-24,-0.7948671340080604,0,0.9987094122857753,0.0011922808911753,9.830682293908691e-05,9.303693496266631e-05
2021-06-25,-1.122998203887687,1,0.0,0.9927207626857596,0.007279237314346,0.009287437166853837
2021-06-28,-0.9570101944114404,0,0.9992204555368028,0.0007558503337128,2.3694129551194263e-05,4.1367861655839465e-05
2021-06-29,-1.1048632434714518,0,0.9990411774526204,0.0009427462898923,1.6076257374620632e-05,1.5009973879851516e-05
2021-06-30,-0.5493442773754279,1,0.0,0.989462224469174,0.0105377755309277,0.013429489519389744
2021-07-01,-0.7038469248371104,0,0.9994813607948896,0.0004499008432224,6.873836199672707e-05,0.00012007478104792779
2021-07-02,-1.18397818895615,0,0.999553342964494,0.0004368227441169,9.834291338497715e-06,1.7179911823020764e-05
2021-07-05,-1.13368783861773,0,0.9995590921528728,0.0004317050413013,9.202805799819134e-06,1.6077705052383906e-05
2021-07-06,-0.918113189447368,0,0.9996445530562176,0.0003449131986402,1.0533745118705422e-05,1.8387125547113452e-05
2021-07-07,-0.9248721577865882,0,0.9991801454866576,0.0007410490535575,7.880545979288462e-05,1.708289835953713e-05
2021-07-08,0.4345453515747481,2,0.0,0.1804387647017737,0.8195612352982311,0.8527746628966875
2021-07-09,-0.2118199436804135,0,0.9972270075150592,0.0001432507905005,0.0026297416945182,0.004585634238820069
2021-07-12,-0.6783463393875081,0,0.999604151722178,0.0003850082609964,1.084001672231272e-05,1.8936926185705387e-05
2021-07-13,-0.9081983669804032,0,0.9995666905332484,0.0004214442614703,1.186520517398053e-05,2.072753015759943e-05
2021-07-14,-0.9045238919095152,0,0.9995668684637992,0.0004209141968689,1.2217339444077572e-05,2.1343982779844425e-05
2021-07-15,-0.5470290259621338,0,0.9996950614339124,0.000287462633034,1.7475933118286247e-05,3.0498380697761938e-05
2021-07-16,-0.9977483255505774,0,0.9990447924462064,0.0008598174653975,9.539008842991044e-05,1.765547190148053e-05
2021-07-19,2.809553771641483,2,0.0,2.6679668002764005e-50,1.0,1.0
2021-07-20,-0.3193244327289297,0,0.997886036574183,0.0014483590078385,0.0006656044180914,0.0001921483369681578
2021-07-21,0.5087918102569549,2,0.0,0.4422177288241901,0.5577822711758842,0.6172523462972622
2021-07-22,-0.3478918894985935,0,0.9990824994169868,0.0008528483241459,6.465225890478337e-05,0.00011292578314259906
2021-07-23,-0.174657252720206,0,0.9996865375024784,0.0002957427913119,1.7719706288031062e-05,3.0956328809238503e-05
2021-07-26,-0.5086241960440564,0,0.9995544248510398,0.000435412106063,1.0163042850726208e-05,1.77456799126027e-05
2021-07-27,-0.319878312600828,0,0.99901197891313,0.0009724048493858,1.5616237572110175e-05,1.4970430407672804e-05
2021-07-28,-0.1508979795192325,1,0.0,0.9958316554818804,0.0041683445182289,0.005323253248615808
2021-07-29,-0.3048124745674115,0,0.99904391744412,0.0009370940194713,1.8988536492807148e-05,3.316662169925348e-05
2021-07-30,-0.3244491870268163,0,0.9995926185698024,0.000399038010703,8.343419535359093e-06,1.4576008845508335e-05
2021-08-02,-0.3791156850934785,0,0.9995683941142408,0.0004245101102319,7.095775529170574e-06,1.2395822819808381e-05
2021-08-03,-0.6068279151634582,0,0.9995683949660696,0.0004198713046214,1.1733729207934009e-05,2.0498248966528616e-05
2021-08-04,-0.4293510942862332,0,0.9995594225318956,0.0004315704199005,9.007048227362447e-06,1.573450871219651e-05
2021-08-05,-0.5343080918803436,0,0.999575130408932,0.0004115210335316,1.334855763523804e-05,2.3318941892852507e-05
2021-08-06,-0.4779795097650359,0,0.9995596718825468,0.0004291857747612,1.1142342686554283e-05,1.946404267994942e-05
2021-08-09,-0.6295794229411524,0,0.999609294256632,0.0003696561269456,2.104961631828581e-05,3.6772569565458185e-05
2021-08-10,-0.4199438209720301,0,0.9995623210966316,0.000426605054325,1.107384912268231e-05,1.9345116504968628e-05
2021-08-11,-0.4663946845830622,0,0.999563978129124,0.0004244067737673,1.1615097188000682e-05,2.0290048427935867e-05
2021-08-12,-0.65039131858413,0,0.999594063363056,0.0003873923123539,1.854432466538366e-05,3.239349238412467e-05
2021-08-13,-0.6503947656880069,0,0.999625758414128,0.0003472642108889,2.697737500441768e-05,4.710415099118253e-05
2021-08-16,-0.2943962917260353,0,0.9990376320641836,0.0009387065429849,2.3661392756960306e-05,2.156020917411844e-05
2021-08-17,-0.0137866020051865,1,0.0,0.98342785955621,0.0165721404438599,0.025560796286508765
2021-08-18,-0.1832808384836674,1,0.0,0.9781033328886596,0.0218966671112937,0.005838307882745228
2021-08-19,1.0366326491576965,2,0.0,0.0065923353974255,0.9934076646026164,0.9948365054469126
2021-08-20,-0.4887495061796338,0,0.9991328969919736,0.000755042591406,0.0001120604165557,0.00019573210022998263
2021-08-23,-0.1576266728770714,0,0.9996553399374168,0.0003302287284247,1.4431334085504198e-05,2.521119394091925e-05
2021-08-24,-0.4826880232355128,0,0.9995640283327064,0.000424338501569,1.16331656570806e-05,2.0322325062329328e-05
2021-08-25,-0.4257972988376318,0,0.9995602312274712,0.0004293101510698,1.0458621532003262e-05,1.827035001377486e-05
2021-08-26,-0.4911327478106748,0,0.9995664656099648,0.0004216330026378,1.190138747200993e-05,2.0790782893924527e-05
2021-08-27,-0.4577519732355969,0,0.9995662534359532,0.0004218899987931,1.1856565144000382e-05,2.0701029403916802e-05
2021-08-30,-0.4272149595215339,0,0.9989523287924784,0.0010269468782914,2.072432919987144e-05,1.9060795071975424e-05
2021-08-31,0.1162460724444948,1,0.0,0.9857443674301896,0.0142556325697884,0.018154832303970223
2021-09-01,-0.3629498892390964,0,0.998949948322087,0.0010295048930354,2.0546784942761908e-05,3.5885525658726304e-05
2021-09-02,-0.4012773992968097,0,0.9995635746312224,0.0004253205827955,1.1104786065956176e-05,1.939919722915046e-05
2021-09-03,-0.3929947638280036,0,0.9995656296895378,0.0004227713508941,1.1598959670995484e-05,2.026286163821515e-05
2021-09-06,-0.2623511369078132,0,0.9995859162625936,0.0004027762341767,1.1307503124817084e-05,1.975351188786319e-05
2021-09-07,-0.3160717101141073,0,0.9995726187477176,0.000415217101091,1.216415117283964e-05,2.1250731497232644e-05
2021-09-08,-0.0495388598557014,0,0.9996674641843276,0.0003156036396323,1.6932175976845925e-05,2.9580347886204678e-05
2021-09-09,-0.3712409855034024,0,0.999569508671836,0.0004189108363523,1.1580491725320897e-05,2.0230278594605472e-05
2021-09-10,-0.3982091752016561,0,0.9995647001651294,0.0004239283066769,1.137152814849652e-05,1.9865779012454327e-05
2021-09-13,-0.2582273666578513,0,0.999607866857494,0.0003801038166413,1.2029325964074612e-05,2.101444389246184e-05
2021-09-14,-0.4640044243791265,0,0.999572026261694,0.000414557429392,1.3416308904150663e-05,2.3438392502489984e-05
2021-09-15,-0.1616536833857603,0,0.9996331325971066,0.0003543870401747,1.2480362617932984e-05,2.1802879038516028e-05
2021-09-16,-0.3540712113383168,0,0.9995688002627584,0.0004199510299447,1.1248707247338988e-05,1.962754215592665e-05
2021-09-17,-0.1935789883535664,0,0.9991804189679055,0.0006938460612123,0.0001257349709875,2.3271370147099496e-05
2021-09-20,2.202126973822662,2,0.0,3.2217477019186524e-17,1.0,1.0
2021-09-21,0.2485344495426431,0,0.9982768868802327,0.001270829659596,0.000452283460171,0.00035792383701263646
2021-09-22,0.9173651339194108,1,0.0,0.9453313853950605,0.0546686146049382,0.0688332549143903
2021-09-23,0.318164926942086,0,0.9993092724644902,0.000621187489751,6.954004569840677e-05,0.00012140484031415241
2021-09-24,0.2329455657388631,0,0.9991937321052128,0.0007660555641609,4.021233061791436e-05,3.32162463736191e-05
2021-09-27,0.2248473490339852,1,0.0,0.9575952612658336,0.0424047387341126,0.011418172923032188
2021-09-28,1.6853515432618678,2,0.0,1.4771044172682996e-06,0.9999985228955206,0.9999991138993509
2021-09-29,0.3534474907475859,1,0.0,0.9541373759972882,0.045862624002814,0.05790827617229167
2021-09-30,0.0721588598033834,0,0.9977983656589584,0.0021390932034106,6.254113760938088e-05,5.901304117724222e-05
2021-10-01,0.114809344376812,1,0.0,0.9919057766318912,0.0080942233681377,0.01356801388341666
2021-10-04,0.1541757341534429,1,0.0,0.9946274111552248,0.0053725888447981,0.008838229471082992
2021-10-05,0.4583472843287128,1,0.0,0.9907641057606849,0.0092358942392691,0.014436909563597115
2021-10-06,0.5547121086544435,1,0.0,0.9807680338129012,0.0192319661870537,0.02506437082063815
2021-10-07,0.6617892737252506,1,0.0,0.9384039176122052,0.0615960823879054,0.07742369100559687
2021-10-08,-0.0877552401864387,0,0.9990241329220828,0.0009441609239926,3.170615384360013e-05,5.53793572832051e-05
2021-10-11,-0.2916733051250273,0,0.9996191050766816,0.0003697722417241,1.1122681528366922e-05,1.9431587479804205e-05
2021-10-12,-0.4323725828875469,0,0.9996221491440904,0.000365344560731,1.2506295172616696e-05,2.1849581814013607e-05
2021-10-13,-0.326481632725206,0,0.999644680274992,0.0003451258290796,1.0193895924724036e-05,1.7809844331781112e-05
2021-10-14,-0.1490282279036515,0,0.9997102593719908,0.0002732205516924,1.652007636108486e-05,2.8862794952587904e-05
2021-10-15,-0.3545066358518431,0,0.9996351191759528,0.0003552330604852,9.647763606274714e-06,1.6855406952934835e-05
2021-10-18,-0.374557911399397,0,0.9996293501820483,0.0003607162716607,9.933546299963286e-06,1.7346421213455004e-05
2021-10-19,-0.4700066869414318,0,0.9991285153283366,0.0008512869942865,2.019767736048868e-05,1.934885772785445e-05
2021-10-20,-0.1544062563841878,1,0.0,0.9956772215448236,0.0043227784552514,0.005520144676969543
2021-10-21,-0.3997556305660256,0,0.999135710400834,0.0008470173030889,1.727229618610059e-05,3.0170962291393726e-05
2021-10-22,-0.4549301930944575,0,0.9996423053981024,0.0003485794309119,9.115171078695091e-06,1.5925311336097257e-05
2021-10-25,-0.5516035780522908,0,0.9996660117864294,0.0003230600655563,1.09281479361197e-05,1.9093274623402664e-05
2021-10-26,-0.4767239053052138,0,0.9996610734898436,0.0003306988491988,8.22766091641382e-06,1.4368057890724012e-05
2021-10-27,-0.4481725141345822,0,0.999181114008917,0.000796506265625,2.237972555474784e-05,1.3929813046409954e-05
2021-10-28,0.1744612761061993,1,0.0,0.8671528107919435,0.1328471892080829,0.20831501032365152
2021-10-29,-0.2133084634531457,1,0.0,0.9969478606220834,0.0030521393778263,0.005224851442561926
2021-11-01,-0.1366680314501499,1,0.0,0.9980110255900604,0.001988974409953,0.003394751032546917
2021-11-02,-0.3814470302464246,1,0.0,0.9973440184973772,0.0026559815027077,0.004530976672929569
2021-11-03,0.0910646829194471,1,0.0,0.9973313996574048,0.002668600342658,0.004552620721397979
2021-11-04,-0.3800711802716015,1,0.0,0.9973375515976738,0.0026624484022753,0.0034014994152793193
2021-11-05,-0.6503950084277987,0,0.9991578818169412,0.0008269899236167,1.5128259461812483e-05,2.64262399304346e-05
2021-11-08,-0.7386004638555002,0,0.9996427902039275,0.0003490819645049,8.127831634327773e-06,1.4199931707850802e-05
2021-11-09,-0.845659362806109,0,0.9996388296105092,0.0003495034541734,1.1666935380197036e-05,2.0383241156979593e-05
2021-11-10,-0.7458306354466923,0,0.9996305536633237,0.0003604735168793,8.972819811415686e-06,1.5677012921664843e-05
2021-11-11,-0.93816655408823,0,0.9996820328320272,0.000309328427842,8.638740113315351e-06,1.509401628519717e-05
2021-11-12,-0.7532746546328368,0,0.9996908802995578,0.0003031150681605,6.004632289341883e-06,1.0491529600565103e-05
2021-11-15,-0.8889932912532041,0,0.999682889327626,0.0003107719992904,6.338673174819333e-06,1.1075204099464954e-05
2021-11-16,-0.8521295723254446,0,0.9996843827364432,0.0003098200382904,5.79722517922961e-06,1.0129194158551042e-05
2021-11-17,-0.9027408365654862,0,0.9996923466586676,0.0003013398116101,6.313529685592512e-06,1.1027969311770236e-05
2021-11-18,-0.6373510284255466,0,0.9993708041161142,0.0006162189625045,1.2976921387279203e-05,1.2510208956615193e-05
2021-11-19,-0.2110241520265349,1,0.0,0.9972005874468206,0.0027994125532612,0.004740763658492538
2021-11-22,-0.4564576293491547,1,0.0,0.9959993416334876,0.004000658366408,0.006794488784565066
2021-11-23,-0.2707125766903211,1,0.0,0.9966603811855004,0.0033396188145903,0.005711395480767298
2021-11-24,-0.6559135149968016,1,0.0,0.9978664178452796,0.0021335821547749,0.0027255701351662728
2021-11-25,-0.841923642180145,0,0.9983992808614146,0.0014785637818107,0.0001221553567933,2.2613938104464293e-05
2021-11-26,5.380906141752819,2,0.0,1.8585469695464772e-116,1.0,1.0
2021-11-29,0.2994051719564756,0,0.9994277768513504,0.0004958465224749,7.637662618320433e-05,0.0001333324747442927
2021-11-30,0.3073802307658878,0,0.9994069364856673,0.0005177821191256,7.528139529841966e-05,1.4158612750436847e-05
2021-12-01,1.4700105303553674,2,0.0,0.019752075858121,0.9802479241418836,0.9844846470414778
2021-12-02,0.396945650851646,0,0.9987477169153012,0.0010333119980485,0.0002189710866865,0.00019995514981198563
2021-12-03,0.2880530694562676,1,0.0,0.9839392981029764,0.016060701897054,0.007257253137708807
2021-12-06,0.9012987648438568,2,0.0,0.4856673921005825,0.5143326078995211,0.21643643461137999
2021-12-07,2.426768006238848,2,0.0,4.616186622016241e-17,1.0,1.0
2021-12-08,0.1184058008715957,0,0.999269906379351,0.0006103833212196,0.0001197102994034,0.00020909947701966826
2021-12-09,-0.0341399436373235,0,0.9996746949753986,0.0003061842028274,1.9120821690161902e-05,3.340530721030687e-05
2021-12-10,0.0349000245542701,0,0.9996581873782256,0.0003263683803642,1.5444241436328063e-05,2.698361552197031e-05
2021-12-13,0.1218600129206857,0,0.9996765398149622,0.000314143378088,9.316806946729132e-06,1.6271556724216305e-05
2021-12-14,0.1162053046991657,0,0.9992344211711484,0.0007491465357079,1.6432293111271136e-05,1.530155537440153e-05
2021-12-15,0.1108070108396603,1,0.0,0.9888295650474922,0.0111704349525704,0.008989339417313297
2021-12-16,1.1432240452785625,1,0.0,0.7899012811891183,0.2100987188108779,0.25380524745939026
2021-12-17,0.0437479058997228,0,0.9981919888109954,0.0017483269592667,5.968422964053434e-05,5.331841679164055e-05
2021-12-20,0.8729444759780643,1,0.0,0.9783268329720864,0.0216731670279124,0.01721661214044034
2021-12-21,1.2209609360819569,1,0.0,0.7794686478449399,0.2205313521551092,0.3241456340165214
2021-12-22,0.4583795178532011,1,0.0,0.9909015789320728,0.0090984210678943,0.01160188384027515
2021-12-23,0.2990861177820788,0,0.9993451375041316,0.0006229525772897,3.1909918511923816e-05,5.565539167625962e-05
2021-12-24,-0.3302723899779052,0,0.9994314901110752,0.0003736885278476,0.000194821361036,0.00018500393514585576
2021-12-27,0.228858920165039,1,0.0,0.9936194410576884,0.006380558942394,0.010595586253800814
2021-12-28,0.1978880274401162,1,0.0,0.992657776769006,0.0073422232311064,0.0093678534879625
2021-12-29,0.0015454747892402,0,0.999200317221525,0.0007804595180984,1.9223260332957037e-05,3.357947074981247e-05
2021-12-30,-0.1620650303061339,0,0.9996983933003554,0.0002860264210332,1.5580278554641853e-05,2.7196253323497658e-05
2021-12-31,-0.3064661424017061,0,0.999457192447348,0.0004338829966887,0.000108924555941,9.854479230703985e-05
2022-01-03,0.6155451663434238,1,0.0,0.9816748584684946,0.0183251415314844,0.013787410838166909
2022-01-04,0.8141975923093655,1,0.0,0.7590851923198082,0.2409148076802114,0.28869048287484156
2022-01-05,0.0884298784184596,0,0.9981285154484946,0.0018017908727914,6.969367881005652e-05,6.683261726873595e-05
2022-01-06,0.4240301291265353,1,0.0,0.9958197029429334,0.0041802970570113,0.007044720284436117
2022-01-07,0.1825179702113427,1,0.0,0.995235378661262,0.0047646213388374,0.007844337010530588
2022-01-10,0.7985375058125548,1,0.0,0.9908704767736288,0.0091295232262896,0.015193904005155101
2022-01-11,0.7033891857094816,1,0.0,0.9933387795976224,0.0066612204024512,0.011112050104198223
2022-01-12,0.5079826589195088,1,0.0,0.993556095878768,0.0064439041211185,0.008222189141577638
2022-01-13,-0.1702003011892032,0,0.998228275479535,0.0016425282530889,0.0001291962674264,6.899312118555852e-05
2022-01-14,0.9185028904837578,1,0.0,0.8062201086693002,0.1937798913307899,0.23510121210675097
2022-01-17,0.0798932648830162,0,0.9981213996503588,0.0018119738910849,6.662645851054237e-05,5.924426620456217e-05
2022-01-18,0.6820251451593485,1,0.0,0.977127949691346,0.0228720503087412,0.029056795613483816
2022-01-19,0.0621669089089021,0,0.9991774827409914,0.0008008036869424,2.171357203581759e-05,3.7887753240422806e-05
2022-01-20,0.050158051390935,0,0.9992335640605594,0.0006556647613419,0.0001107711780107,2.050135303055225e-05
2022-01-21,2.82107651608415,2,0.0,3.454113169898843e-32,1.0,1.0
2022-01-24,5.857373886500213,2,0.0,5.005727137154204e-135,1.0,1.0
2022-01-25,0.7422187306687342,0,0.9971335860950472,0.0009894416103421,0.0018769722946264,0.0003479217396302927
2022-01-26,3.615622867498091,2,0.0,1.1591011385664524e-52,1.0,1.0
2022-01-27,0.9080701819223383,1,0.0,0.9105648166191024,0.0894351833807869,0.1337434975994001
2022-01-28,1.1483165790807748,1,0.0,0.9734546098799276,0.0265453901200451,0.03367960869208554
2022-01-31,0.8803694245447413,0,0.998358646815346,0.0014848351527456,0.0001565180318035,0.00011069729917769638
2022-02-01,1.3528547381533065,1,0.0,0.911030480170133,0.0889695198298885,0.1109703499080581
2022-02-02,0.5766706478139365,0,0.9983206952859888,0.0014930632018428,0.0001862415120748,0.0001388858740734692
2022-02-03,1.3762872030068802,1,0.0,0.9276937163947108,0.0723062836053905,0.10936760328268708
2022-02-04,1.1315444758858484,1,0.0,0.9756199823359192,0.0243800176641172,0.030955570435324355
2022-02-07,0.8127249984497039,0,0.99928926965208,0.0006614605026538,4.926984536748701e-05,8.591486045888306e-05
2022-02-08,0.6866110101561219,0,0.999240755461401,0.0005591296678274,0.0002001148707632,3.703860540010929e-05
2022-02-09,2.180331032684852,2,0.0,1.9653079552592246e-07,0.9999998034691282,0.9999998462615943
2022-02-10,0.6582564713793176,0,0.998271290563577,0.0012060982989907,0.0005226111374185,0.00036524581412808926
2022-02-11,0.9618451103482926,1,0.0,0.9070676397861132,0.0929323602138978,0.026027065588206683
2022-02-14,3.8050997999355136,2,0.0,1.0124236725792251e-53,1.0,1.0
2022-02-15,1.9984765048744288,2,0.0,0.0183452281464218,0.981654771853688,0.9855907645628357
2022-02-16,0.703085221184792,0,0.9993184879335232,0.0004301359937139,0.0002513760728123,0.0004385261945464377
2022-02-17,1.1757598965705678,0,0.9994382598936324,0.0004052568249904,0.0001564832812997,0.00010250838625176143
2022-02-18,1.147141753373662,1,0.0,0.8854337210146795,0.1145662789853452,0.03264652574093887
2022-02-21,3.1287472542125423,2,0.0,4.222878188669917e-33,1.0,1.0
2022-02-22,0.8771445814588925,1,0.0,0.8647552692203254,0.1352447307796434,0.16323711472764585
2022-02-23,1.060391162886174,1,0.0,0.8955095947439228,0.1044904052561391,0.029535006366077886
2022-02-24,7.323491684133085,2,0.0,6.438988574147004e-144,1.0,1.0
2022-02-25,6.6702498199199365,2,0.0,4.858763790613147e-155,1.0,1.0
2022-02-28,2.9887985830656896,2,0.0,1.144584547688472e-13,0.9999999999997726,0.9999999999995612
2022-03-01,5.77619614563117,2,0.0,7.714782157361281e-92,1.0,1.0
2022-03-02,2.108975900181206,2,0.0,0.0186535853614801,0.9813464146384198,0.9320735178675811
2022-03-03,3.762264804376552,2,0.0,6.470212064790157e-43,1.0,1.0
2022-03-04,6.818884658257713,2,0.0,3.188278518604184e-138,1.0,1.0
2022-03-07,3.1349945430174184,2,0.0,4.762213184109989e-13,0.9999999999995453,0.9999999999981759
2022-03-08,2.460154351615265,2,0.0,0.0001587396579486,0.9998412603421152,0.9993916702073339
2022-03-09,7.538290442021091,2,0.0,3.447262955388119e-146,1.0,1.0
2022-03-10,2.771514980239981,2,0.0,1.2168969432283924e-08,0.999999987830961,0.9999999550037462
2022-03-11,2.403625222809961,2,0.0,0.0065262467799593,0.9934737532199676,0.9754329327393108
2022-03-14,2.698287273649155,2,0.0,7.143157445095877e-08,0.999999928568516,0.9999999440499379
2022-03-15,1.08028114528389,0,0.9973630718917575,0.0007181737500995,0.0019187543582208,0.00035565064388961795
2022-03-16,5.385920588226056,2,0.0,2.143918823024965e-88,1.0,1.0
2022-03-17,1.5666212091189422,1,0.0,0.9010508259437175,0.0989491740563536,0.1231012812576501
2022-03-18,1.289397783975943,0,0.9986601785772852,0.0012287059162558,0.0001111155064426,9.544731232088943e-05
2022-03-21,1.3252556045158843,1,0.0,0.968147851962596,0.0318521480374693,0.040357587106587815
2022-03-22,1.3389920486736,0,0.9986938810196534,0.00119903336492,0.0001070856153711,8.167114093563709e-05
2022-03-23,1.789364416699491,1,0.0,0.9345576124997288,0.0654423875003202,0.08216267787815554
2022-03-24,1.253004497276576,0,0.998643679229422,0.0012582216356725,9.809913490616303e-05,8.305199440148715e-05
2022-03-25,1.2801740609584704,1,0.0,0.964257188208234,0.0357428117917744,0.045193072890505316
2022-03-28,1.1809175788803823,0,0.998563501369991,0.0010324886156827,0.0004040100142959,7.4799603751172e-05
2022-03-29,4.222385116301655,2,0.0,2.2994340826271596e-33,1.0,1.0
2022-03-30,1.7468418109914188,1,0.0,0.7853402628361842,0.2146597371637119,0.25884570222281406
2022-03-31,1.4935920835813474,0,0.9994056563951746,0.0003313736790364,0.00026296992582,0.0004593492804243947
2022-04-01,1.2055769599739374,0,0.9997516129539424,0.0002265911029521,2.17959430108512e-05,3.805509626501083e-05
2022-04-04,1.1099453141412292,0,0.9994117952138042,0.0005128592744045,7.534551181748575e-05,3.922896094298715e-05
2022-04-05,1.7249842032873155,1,0.0,0.7954348708355449,0.2045651291644292,0.06287460369818527
2022-04-06,2.6891279494529563,2,0.0,0.0002228770247139,0.999777122975248,0.9998256275212573
2022-04-07,0.9832500048729854,0,0.999369829137972,0.0003681386959678,0.0002620321661573,0.00045565486835139903
2022-04-08,1.6935326846673464,0,0.9993578840524044,7.116307657141794e-05,0.000570952870996,0.0009971310276155635
2022-04-11,1.3173532045603422,0,0.9997620959706596,0.0002069353048903,3.096872446917266e-05,5.410365821314881e-05
2022-04-12,0.962730901120608,0,0.99977149080398,0.000196058754166,3.245044196532085e-05,5.669528106530062e-05
2022-04-13,1.0770579578016517,0,0.9997528037819388,0.0002232220853427,2.3974132815034227e-05,4.188534633101298e-05
2022-04-14,1.1143771759886596,0,0.999740451546522,0.0002351921797904,2.4356273690043477e-05,4.247127028693294e-05
2022-04-15,0.6458312543551216,0,0.9996479999121832,8.625796335173637e-05,0.0002657421245245,0.0004633625165696985
2022-04-18,0.5549341387659119,0,0.9996646617335764,7.64870917644274e-05,0.0002588511745929,0.00045221487204780093
2022-04-19,0.9141361726453376,0,0.9997758652315292,0.0002046081224925,1.9526646016573995e-05,3.411801375190574e-05
2022-04-20,1.2268276540235936,0,0.9997772968789488,0.0002043128313653,1.839028966610444e-05,3.211110659281999e-05
2022-04-21,1.0625750293777083,0,0.9994193723994856,0.0005120026357006,6.862496476884663e-05,2.2921470966521116e-05
2022-04-22,1.999306719443016,1,0.0,0.5503189833070677,0.4496810166928343,0.17595040741053383
2022-04-25,2.51924804545264,2,0.0,0.0013318253962913,0.9986681746037734,0.9991923237545345
2022-04-26,1.5138453463098385,1,0.0,0.9425664383667514,0.0574335616331829,0.09273880578707268
2022-04-27,1.3202297455779912,1,0.0,0.992108775625606,0.0078912243743459,0.013027521448567534
2022-04-28,1.3849650478965057,1,0.0,0.991653543627584,0.0083464563725133,0.010646569059173338
2022-04-29,1.010701756158278,0,0.998599330156306,0.001351516964556,4.915287922498985e-05,4.00988892198183e-05
2022-05-02,1.665212695825358,1,0.0,0.9540629628546856,0.0459370371453257,0.07125820008959723
2022-05-03,1.518917564403207,1,0.0,0.98065661945329,0.0193433805467458,0.02459792823468707
2022-05-04,1.1580767392827087,0,0.9987030035783794,0.0012428921522581,5.4104269323235184e-05,4.9254229168327896e-05
2022-05-05,1.5000296504396988,1,0.0,0.983161557011918,0.0168384429881052,0.020712610664334115
2022-05-06,1.5946145589774674,0,0.9901499809151494,0.0002601181173859,0.0095899009675617,0.0017884983953366429
2022-05-09,4.286104655886508,2,0.0,1.0863681121209628e-50,1.0,1.0
2022-05-10,1.042868716837409,0,0.9984833385859998,0.0008620691019346,0.0006545923120122,0.00016995088979732998
2022-05-11,1.8685081122737768,2,0.0,0.3538015054666818,0.6461984945332216,0.5687445479233308
2022-05-12,1.6695295160311148,2,0.0,0.4682412062061743,0.5317587937937699,0.2285758544823602
2022-05-13,2.634800745520511,2,0.0,0.000209529609154,0.999790470390838,0.9998360679071876
2022-05-16,0.7411986126257314,0,0.9994009111140452,0.0003322896585003,0.0002667992274627,0.00046528766615399453
2022-05-17,1.48653066888218,0,0.9996837760037242,9.040293063455674e-05,0.0002258210656033,0.0003942913051052499
2022-05-18,1.1681651465293583,0,0.9994325353829656,0.000507958729335,5.950588761312594e-05,4.148528128754943e-05
2022-05-19,1.8219086523504264,1,0.0,0.9065095082640524,0.0934904917359183,0.11648945632049666
2022-05-20,0.9414051888410284,0,0.9986054998221152,0.0013021345814682,9.236559633806404e-05,4.5054587247836824e-05
2022-05-23,1.6605032970998674,1,0.0,0.765744395151441,0.2342556048484466,0.28111973687636
2022-05-24,1.1136276570950208,0,0.9987051112194978,0.0011250890077324,0.0001697997726807,0.00014743240990372053
2022-05-25,1.4947074580130018,1,0.0,0.9709940583641468,0.0290059416358943,0.043175057901989784
2022-05-26,1.52310813375863,1,0.0,0.9701034194771144,0.0298965805229375,0.04876763725723148
2022-05-27,1.2884237924113129,1,0.0,0.9912332629902928,0.0087667370098075,0.011180538481319578
2022-05-30,0.7417594905859198,0,0.9993943214928476,0.0005898655067219,1.5813000464461117e-05,2.7623971648165182e-05
2022-05-31,1.1616110612933788,0,0.9998117191849872,0.0001590693320661,2.921148296370254e-05,5.104879202093786e-05
2022-06-01,0.926038139517384,0,0.999872334754774,0.0001210133116672,6.651933545600808e-06,1.1624757802323006e-05
2022-06-02,0.5944469804380447,0,0.9997941390689876,0.0002045197005819,1.3412303588608931e-06,2.3438523148107767e-06
2022-06-03,0.4514905912003895,0,0.9997991510483965,0.0001997213248584,1.1276268147360484e-06,1.970590007121682e-06
2022-06-06,0.6962406835598804,0,0.999814284152201,0.0001839797043614,1.736143450895939e-06,3.0339855674543027e-06
2022-06-07,0.5701419271570234,0,0.999794372271828,0.000204360279786,1.2674483419170142e-06,2.215004452887514e-06
2022-06-08,0.2375309899896139,0,0.9998461106064253,0.0001531459035444,7.434900112269917e-07,1.2988288224928509e-06
2022-06-09,0.9200541797800404,0,0.9998089524937548,0.0001412168238583,4.983068240426628e-05,9.220746240405422e-06
2022-06-10,4.155569532777836,2,0.0,8.857221958969021e-60,1.0,1.0
2022-06-13,2.790981098692296,2,0.0,1.0773165068524644e-11,0.9999999999893134,0.9999999999910911
2022-06-14,1.7291389758290028,1,0.0,0.6435612384696007,0.3564387615304198,0.4744444824397129
2022-06-15,1.3108008019218471,1,0.0,0.9673853315598592,0.0326146684402011,0.008716902639086612
2022-06-16,3.3585121645960605,2,0.0,7.597346323266517e-30,1.0,1.0
2022-06-17,0.7510848739686028,1,0.0,0.9929035971118024,0.0070964028882864,0.00905376390708789
2022-06-20,0.8896280827093155,0,0.999686460069645,0.0002965462713778,1.6993659088136432e-05,2.9690964545239925e-05
2022-06-21,0.6595877370725034,0,0.9996184029153464,0.0003781735731346,3.4235114962517222e-06,3.2384617182797447e-06
2022-06-22,1.1174475144004776,1,0.0,0.9926956943360098,0.0073043056640032,0.009316309539361346
2022-06-23,0.8878498241198451,0,0.9993887542223326,0.0005171100478282,9.413572981730558e-05,4.326865582720329e-05
2022-06-24,1.7341085208003963,1,0.0,0.7371923751523748,0.2628076248475846,0.37989429777297357
2022-06-27,1.1733367239958328,1,0.0,0.9959066023420854,0.0040933976579171,0.007027445833272202
2022-06-28,0.8476278068143341,1,0.0,0.9986632769370348,0.0013367230628878,0.0017081720651235782
2022-06-29,0.6258349219388826,0,0.9990793169349748,0.0008676522966945,5.3030768411824274e-05,1.0784099873838712e-05
2022-06-30,1.491289362609257,2,0.0,0.1109030540269657,0.8890969459730649,0.9111229901592922
2022-07-01,0.3755215313836527,0,0.9989499233397444,0.0010187252291629,3.135143118428743e-05,2.8862357960777677e-05
2022-07-04,0.467362643819937,1,0.0,0.9859810121814016,0.014018987818595,0.0036948050295405126
2022-07-05,2.6874661774234343,2,0.0,4.806647574265892e-11,0.9999999999520242,0.9999999999708502
2022-07-06,0.9503920467650426,1,0.0,0.9419049869121028,0.0580950130878007,0.019173719594713756
2022-07-07,1.922450094364152,2,0.0,0.1985012802513148,0.8014987197487099,0.8377155100387914
2022-07-08,0.7118349999340218,0,0.9996227298315348,0.0003474534263949,2.9816741964676683e-05,5.2091446815292474e-05
2022-07-11,0.7911441977709714,0,0.9996318446060865,0.0003576459499304,1.050944390741445e-05,1.0199781688953684e-05
2022-07-12,0.7860028344641583,1,0.0,0.9988137760187638,0.0011862239812274,0.0015146431659001482
2022-07-13,0.6641166466241089,0,0.9989764698377024,0.0007610646407405,0.0002624655216112,6.680582626568437e-05
2022-07-14,1.6695695579839638,2,0.0,0.3365678739012882,0.6634321260988197,0.7467413813281704
2022-07-15,1.0620902744173362,1,0.0,0.883023098613759,0.1169769013862891,0.17508972852669452
2022-07-18,1.1843976536497052,1,0.0,0.976589431832818,0.0234105681671746,0.02972341245130926
2022-07-19,0.7848680731759489,0,0.9996301282851088,0.0002611274559432,0.0001087442588874,0.00018999534844959084
2022-07-20,0.3707172223721602,0,0.9997171475227312,0.0002762444944364,6.60798276091822e-06,1.1545743139635805e-05
2022-07-21,0.4305229105635385,0,0.9997415112421152,0.0002450398972205,1.3448860609034292e-05,2.3498319622918255e-05
2022-07-22,0.2849667133165616,0,0.9996947162516464,0.0002953428243511,9.940923969174056e-06,1.736886980043102e-05
2022-07-25,0.1249890350633973,0,0.999686553840066,0.0003044573753607,8.988784474677566e-06,1.5703932774835435e-05
2022-07-26,-0.0979661969148067,0,0.9996116043553605,0.0003762585787458,1.2137065993240031e-05,2.1203712996500084e-05
2022-07-27,-0.0388902648545864,0,0.9996398260755928,0.0003460761713196,1.4097753153606784e-05,2.4585888920426457e-05
2022-07-28,0.1950508486338525,0,0.9993472659192932,0.00043797364635,0.000214760434245,8.389734678816956e-05
2022-07-29,0.6562074435219516,1,0.0,0.6493694175671759,0.350630582432712,0.40840686189077646
2022-08-01,-0.2109631364473344,0,0.9990658763978644,0.0008775700863799,5.655351577564101e-05,9.877768695869709e-05
2022-08-02,-0.3507442823404341,0,0.9995711162843596,0.0004204142798337,8.469435879325124e-06,1.4795915729249119e-05
2022-08-03,-0.0991927112708888,0,0.9997262651874126,0.0002491951127736,2.453969977062741e-05,4.2871810926929925e-05
2022-08-04,-0.3955521974472382,0,0.9995712115062564,0.0004182332893918,1.0555204319138236e-05,1.8439623150468412e-05
2022-08-05,-0.3746319818310974,0,0.9995977199461624,0.0003905341807717,1.1745873175183732e-05,2.0519787990109112e-05
2022-08-08,-0.177187839842395,0,0.9997105391035956,0.0002654944307851,2.3966465512525832e-05,4.1866464929882105e-05
2022-08-09,-0.1391040176459824,0,0.9997513142039498,0.0002080984704668,4.058732548603047e-05,7.077931810610268e-05
2022-08-10,0.0666009675909676,0,0.9996505507924092,9.320335911946708e-05,0.0002562458485495,0.0004476169909761365
2022-08-11,-0.5300866550488079,0,0.9995658988557968,0.0004233209531028,1.0780191132434244e-05,1.8832476545921924e-05
2022-08-12,-0.5065439808299682,0,0.9995800293100248,0.0004089874551597,1.09832347142364e-05,1.918684749665862e-05
2022-08-15,-0.6696662017996772,0,0.9995753763854816,0.0004111626426998,1.3460971817912713e-05,2.3503859992877846e-05
2022-08-16,-0.4251734380145024,0,0.999062503134418,0.0009139831098298,2.351375572951488e-05,2.0831178386179835e-05
2022-08-17,0.1284493791924804,1,0.0,0.9762764725022332,0.0237235274977364,0.03013282949372347
2022-08-18,-0.5338154905144575,0,0.9989531727062422,0.0010221548629846,2.4672430761856117e-05,4.30926138951587e-05
2022-08-19,-0.2699984948417634,0,0.9996517042378248,0.000332805967435,1.548979464143793e-05,2.70246962721533e-05
2022-08-22,0.0881590092600552,0,0.9996970205428476,0.0001055708907875,0.0001974085663711,0.0003448584683136918
2022-08-23,-0.3343502245213617,0,0.999602712698022,0.0003851280807078,1.2159221331453052e-05,2.1241241286944084e-05
2022-08-24,-0.5190878965820915,0,0.9995764627921042,0.0004091686600124,1.436854798153838e-05,2.5100619291942445e-05
2022-08-25,-0.4562455431961825,0,0.9995793116207752,0.0004066160267207,1.4072352558854867e-05,2.4489002322334205e-05
2022-08-26,0.2472354546418457,0,0.9994258219388932,7.291412257574641e-05,0.0005012639385964,0.0008752724730763163
2022-08-29,0.0388494538222211,0,0.9997591932070102,0.0001806574877524,6.0149305291833375e-05,0.00010508536115072787
2022-08-30,-0.221892093192926,0,0.999639039038788,0.0003462980113397,1.4662949837381477e-05,2.558302411652593e-05
2022-08-31,-0.2209106866223582,0,0.999200249723738,0.0006589047659297,0.0001408455102869,2.6103976854384533e-05
2022-09-01,0.979373883373459,2,0.0,0.0016948169294286,0.9983051830704583,0.9938714486132791
2022-09-02,0.857107437156021,2,0.0,0.0099205923164588,0.9900794076834896,0.9921766253436628
2022-09-05,0.0374191900315365,0,0.9921779053133448,0.0003053691679014,0.007516725518786,0.0071937825900557344
2022-09-06,-0.2691402181336851,1,0.0,0.9952793086073464,0.0047206913926123,0.006027299561386215
2022-09-07,-0.41101336441413,0,0.9991705926085211,0.0008017638608432,2.764353070068032e-05,4.825244139809713e-05
2022-09-08,-0.6405732089375047,0,0.9990620428821092,0.0008932071433984,4.474997453178165e-05,1.837572723727266e-05
2022-09-09,0.1912354990423505,1,0.0,0.677856247287967,0.3221437527121447,0.2311181969921146
2022-09-12,0.3650907610522085,0,0.6180729690429856,3.197298500072875e-05,0.3818950579720586,0.2550729888223516
2022-09-13,0.2497359998247136,1,0.0,0.6865381632026465,0.3134618367974122,0.3685637886591662
2022-09-14,-0.3238011117766657,0,0.9992607831643776,0.0006593555355736,7.98613001378327e-05,0.0001394947275224265
2022-09-15,-0.5456667535639582,0,0.9995805308326488,0.0004085354052234,1.0933762038685156e-05,1.902450755317126e-05
2022-09-16,-0.0116459247798691,0,0.9992824248288588,0.0002126257459954,0.0005049494250823,0.00048253008750732875
2022-09-19,-0.324098337868526,1,0.0,0.9951361440102242,0.0048638559898106,0.006202386003801776
2022-09-20,-0.0106900977902718,0,0.9994169465909344,0.0002756461299113,0.0003074072791532,0.0005365917484292967
2022-09-21,-0.3472712175562396,0,0.999181101983202,0.0007651386311992,5.375938556090905e-05,2.589816563831478e-05
2022-09-22,0.3528752155173605,1,0.0,0.7599765431696338,0.2400234568304235,0.07610725841962512
2022-09-23,2.941485634073142,2,0.0,3.5788279458644547e-41,1.0,1.0
2022-09-26,0.0422091962232406,1,0.0,0.967068939758067,0.0329310602419381,0.041731174905188066
2022-09-27,-0.3833058512846001,0,0.9976909762385952,0.0022576168383763,5.140692310002168e-05,4.474740026354245e-05
2022-09-28,-0.0401181455910645,1,0.0,0.9715478649772832,0.0284521350227228,0.0075956012809477785
2022-09-29,1.0353381232649377,2,0.0,0.0023032476107453,0.9976967523892016,0.9981881031457328
2022-09-30,0.1613562422464298,0,0.9929990452485894,0.0004174769686011,0.0065834777828058,0.003866913889716175
2022-10-03,0.2758618415846022,1,0.0,0.8420258697270577,0.1579741302729702,0.046651258119210066
2022-10-04,4.265648759071157,2,0.0,1.7966032562912658e-75,1.0,1.0
2022-10-05,0.4372923163631618,0,0.998382259464018,0.0002286283055644,0.0013891122305025,0.002424364131259513
2022-10-06,-0.0924430842629356,0,0.9995918040514524,0.0003944550729771,1.3740875467741355e-05,2.3976623710609844e-05
2022-10-07,0.4264958483972825,0,0.99970371226721,0.0001185905807848,0.0001776971520632,0.00031042001925528747
2022-10-10,-0.1472424991058817,0,0.9995886527558968,0.0003976405322955,1.370671179338828e-05,2.3933232425785523e-05
2022-10-11,0.0260953977189144,0,0.9991109565882768,0.0008614968460229,2.754656560226468e-05,2.607169061076647e-05
2022-10-12,0.2778858478475627,1,0.0,0.9927748773409016,0.0072251226591705,0.009215808584673843
2022-10-13,0.2832488406467458,0,0.9993838830288324,0.0005295447225554,8.657224866395679e-05,0.0001511426343914194
2022-10-14,0.3665651422467384,0,0.9997478382914696,0.000154125863362,9.803584518872134e-05,0.00016184990793229016
2022-10-17,0.7424703687288944,0,0.9930264399013452,2.613529580602202e-05,0.0069474248027364,0.012076084323380016
2022-10-18,0.2321302487602712,0,0.9996814953110094,0.0002965507685311,2.195392047647132e-05,3.835434405102573e-05
2022-10-19,0.1325888512900677,0,0.9996361733624188,0.0003485335709208,1.5293066734206036e-05,2.6717368978018148e-05
2022-10-20,0.1126161553855689,0,0.99963499238752,0.0003506614165978,1.4346195971223429e-05,2.5062587072610155e-05
2022-10-21,-0.046420612186501,0,0.9995963110292964,0.0003903517266969,1.333724409722934e-05,2.32733288233583e-05
2022-10-24,0.5040597524686623,0,0.9997091260195988,0.0001180433166699,0.000172830663645,0.00030164782821936445
2022-10-25,0.480845352680731,0,0.9997327681611552,0.0001204886846806,0.0001467431540563,0.0002563636415236501
2022-10-26,0.0905098439792194,0,0.9996308053730308,0.0003570307406141,1.216388643325443e-05,2.12511158630012e-05
2022-10-27,-0.0141981512944779,0,0.999614658892816,0.0003762927673476,9.048339793808849e-06,1.580808665640915e-05
2022-10-28,-0.2431415012824288,0,0.9995918672787176,0.0004023668324748,5.765888708081318e-06,1.0073258322061788e-05
2022-10-31,-0.1686368580154416,0,0.9995914841714176,0.0004017028090103,6.813019657876429e-06,1.1902693183570765e-05
2022-11-01,-0.0744197201546975,0,0.9996027546747565,0.0003899039352339,7.341389903302331e-06,1.2826300820727876e-05
2022-11-02,-0.0067834980288072,0,0.9996436304467556,0.0003495677714865,6.8017817961114105e-06,1.1876114133795132e-05
2022-11-03,-0.0249735557092753,0,0.9993140326922376,0.0006295193125129,5.6447995221614514e-05,1.0455517175127858e-05
2022-11-04,1.0497776219174324,2,0.0,0.0010333019758443,0.998966698024179,0.9991916112065127
2022-11-07,0.0444103607053252,0,0.9994484970743502,0.0005062395013984,4.52634243420733e-05,7.907884609782288e-05
2022-11-08,-0.0413591808908477,0,0.999667675113545,0.0003292358884187,3.088997945266673e-06,5.393938837879915e-06
2022-11-09,-0.2317359374847828,0,0.999232987468388,0.0007286755932235,3.83369384086345e-05,7.095225754936637e-06
2022-11-10,1.680534877658902,2,0.0,2.690492874860535e-05,0.99997309507122,0.9999789570910003
2022-11-11,-0.0446409042184156,0,0.999310073520421,0.0006494145740541,4.0511905599422185e-05,7.077170953753057e-05
2022-11-14,0.0284615928556309,0,0.9996502157880608,0.0003440808457888,5.703366164717806e-06,9.964548004493316e-06
2022-11-15,-0.1370816623835768,0,0.9996116407855684,0.0003834798997622,4.879314602150012e-06,8.525470772046602e-06
2022-11-16,0.132022359193047,0,0.9997429242952832,0.000250423212556,6.652492204011405e-06,1.1623758294801305e-05
2022-11-17,-0.0575503247883165,0,0.999653104006416,0.0003441284249898,2.767568480644076e-06,4.835921483227038e-06
2022-11-18,0.174202030759367,0,0.999773103722434,0.0002214478033103,5.448474334631304e-06,9.519968447133873e-06
2022-11-21,-0.2594027348587087,0,0.9996345726776344,0.0003625911241162,2.836198224965615e-06,4.955784474798524e-06
2022-11-22,0.2377282957030332,0,0.9997990252816846,0.0001922224626111,8.75225567823367e-06,1.5292629878497188e-05
2022-11-23,-0.1958419145842062,0,0.9996339262765972,0.0003627041301592,3.369593172773051e-06,5.887304082238934e-06
2022-11-24,-0.0272981578308606,0,0.9996427156345036,0.0003536634351996,3.620930326040861e-06,6.32645217074179e-06
2022-11-25,-0.3294969656609628,0,0.99966794729239,0.0003257347964035,6.317911309866739e-06,1.1039466036752751e-05
2022-11-28,0.2038802220247304,0,0.9997556121963822,0.0002383102481543,6.077555369772731e-06,1.061911319872189e-05
2022-11-29,-0.1071641399394083,0,0.999637745127856,0.0003595759051671,2.6789669065537835e-06,4.68068642235151e-06
2022-11-30,-0.0680773727735192,0,0.9996443317507342,0.0003526261922272,3.042057004241635e-06,5.31523236448952e-06
2022-12-01,0.1681616089823943,0,0.9996904328877124,0.0003052869224974,4.280189774753712e-06,7.4787090239893915e-06
2022-12-02,0.1476405793486568,0,0.9997022157129248,0.0002927593319446,5.024955218632181e-06,8.779458472828023e-06
2022-12-05,-0.0930644360938157,0,0.9996137000774898,0.0003814497069578,4.850215506629178e-06,8.473980299334841e-06
2022-12-06,0.0204522259259454,0,0.9996419328078312,0.0003517812801359,6.285912034106863e-06,1.0982375136498951e-05
2022-12-07,0.0398826405922097,0,0.9996439825801776,0.0003487093199217,7.308099963884542e-06,1.276792286994516e-05
2022-12-08,-0.141186757951835,0,0.9996042073478124,0.0003888760225382,6.916629550012016e-06,1.2083889663544968e-05
2022-12-09,-0.0976475003814954,0,0.9996050616268546,0.0003887531130545,6.185260123975375e-06,1.0806025618001557e-05
2022-12-12,-0.0815540265114876,0,0.9996024456996784,0.0003902944865419,7.259813702322905e-06,1.2677960628020488e-05
2022-12-13,0.4015818698367585,0,0.999783782124162,0.0001349598496689,8.125802615956898e-05,0.00014179295795563118
2022-12-14,-0.2071352375651873,0,0.9991790839804114,0.000696042552459,0.0001248734672169,2.3111924281909394e-05
2022-12-15,1.7672638586010192,2,0.0,2.706258224851543e-07,0.9999997293742038,0.9999997882980518
2022-12-16,0.0676487004648064,0,0.9992824333160804,0.0005002864999462,0.0002172801840207,0.00037950167379291705
2022-12-19,-0.2830952375594351,0,0.9995811660393324,0.0004052392964186,1.359466415044365e-05,2.374869242940242e-05
2022-12-20,-0.2968978160004146,0,0.9995929027377456,0.0003912558259745,1.5841436308651646e-05,2.7518973935261957e-05
2022-12-21,0.4976449925601527,0,0.9992223623089505,6.49100687856057e-05,0.0007127276222047,0.001244603975075426
2022-12-22,-0.2036913017128672,0,0.9995910876540216,0.0003958880035155,1.3024342484519348e-05,2.2751804428100388e-05
2022-12-23,-0.4182362913701904,0,0.999635077067622,0.000340851953175,2.4070979296057544e-05,4.200170209706836e-05
2022-12-26,-0.5308358181950289,0,0.999651272620016,0.0001747308040802,0.0001739965758131,0.00030386777771798814
2022-12-27,-0.5191684983511782,0,0.999285202030966,0.0006970645355821,1.7733433487128982e-05,1.7062611852176597e-05
2022-12-28,-0.208291126907668,1,0.0,0.9967333544215858,0.0032666455785086,0.004172543517761526
2022-12-29,-0.235397223471129,0,0.9993405036327444,0.0006462803595623,1.3216007585051377e-05,2.3088394594074555e-05
2022-12-30,-0.0333970027821279,0,0.9998118720193122,0.0001678617784986,2.026620225956788e-05,3.53970975217393e-05
2023-01-02,-0.0179050720350778,0,0.9995828570107927,0.0003687675695524,4.837541956479435e-05,4.443741677238033e-05
2023-01-03,0.2151647704737972,1,0.0,0.9855046654734724,0.0144953345265567,0.018450410035718075
2023-01-04,0.0290800012642206,0,0.999665950244433,0.0002432165774912,9.08331780836529e-05,0.0001587032004742159
2023-01-05,-0.4380577272760974,0,0.9996916777865452,0.0003031109388185,5.2112746446508045e-06,9.10576915356917e-06
2023-01-06,-0.2950458969760064,0,0.9997309702892436,0.0002637458223626,5.2838883389132576e-06,9.231847977531612e-06
2023-01-09,0.013651529717959,0,0.9998481592533518,0.0001212243795507,3.061636705480362e-05,5.349852805836475e-05
2023-01-10,-0.4580893016671501,0,0.9997078596260042,0.0002876810465723,4.459327508270101e-06,7.79206497394618e-06
2023-01-11,-0.394407128475206,0,0.9997409899207556,0.0002550441382184,3.965941113759333e-06,6.930087481476897e-06
2023-01-12,-0.2971268604596666,0,0.9997687406116456,0.0002255986551678,5.6607332041162684e-06,9.888108900056974e-06
2023-01-13,-0.5173816599899944,0,0.9993221059998352,0.0006714600731916,6.43392692312051e-06,6.240661078287262e-06
2023-01-16,-0.2234568222858336,1,0.0,0.998642468837089,0.0013575311629466,0.001734961959226394
2023-01-17,-0.5801572344380241,0,0.9993674345972038,0.0006270418832343,5.523519455545117e-06,9.650367330585866e-06
2023-01-18,-0.5860369020076439,0,0.9997306294544313,0.0002662103844626,3.1601610462517875e-06,5.478783538815827e-06
2023-01-19,0.3050652580220873,0,0.9990136413414544,2.6711282545200187e-05,0.0009596473759337,0.001675741576166169
2023-01-20,-0.3561739000323207,0,0.9997014228154724,0.0002927913357782,5.785848762118913e-06,1.0109768098841325e-05
2023-01-23,-0.2233499463887204,0,0.9997452914244764,0.0002479396722425,6.768903343459075e-06,1.1827470034279364e-05
2023-01-24,-0.5265616082908439,0,0.9997173633418556,0.0002765310379713,6.10562023853255e-06,1.0668263129727525e-05
2023-01-25,-0.4581052402568074,0,0.9996998582032288,0.0002942578260385,5.883970619759295e-06,1.0280947600041425e-05
2023-01-26,-0.3012020658213939,0,0.9996983803198706,0.0002963304345936,5.2892455211240645e-06,9.241733496887391e-06
2023-01-27,-0.5244853233347191,0,0.9996920106647248,0.0003025161423296,5.473193042814343e-06,9.563263608441527e-06
2023-01-30,-0.3603599532294608,0,0.999706611586778,0.0002884192968336,4.969116338929804e-06,8.68252855581063e-06
2023-01-31,-0.6125351348987527,0,0.9997281670874076,0.0002644205435816,7.412369112194764e-06,1.2946962155583094e-05
2023-02-01,-0.4801153078255444,0,0.999294416857681,0.0006950916593104,1.0491482920072483e-05,8.248929269248846e-06
2023-02-02,0.3578176119712778,1,0.0,0.943623004154848,0.0563769958450613,0.07096428140054784
2023-02-03,-0.5308261514298608,0,0.999343581187176,0.0006470491388066,9.369673980238178e-06,1.6370329785568206e-05
2023-02-06,-0.1699544272686239,0,0.999791697750309,0.000201671221259,6.631028439621546e-06,1.1586930306599667e-05
2023-02-07,-0.5369083124661931,0,0.9997228051223784,0.0002724983127023,4.696564994757753e-06,8.206910950426368e-06
2023-02-08,-0.2603176593439108,0,0.999786785978197,0.0002086800438835,4.533978021129383e-06,7.921724737969505e-06
2023-02-09,-0.796810573628964,0,0.9996274691437944,0.0003636306616407,8.900194550980499e-06,1.5549388004689064e-05
2023-02-10,-0.4867175358080857,0,0.999772493764272,0.0002034676260491,2.4038609766104697e-05,4.200079540558408e-05
2023-02-13,-0.6020333749608819,0,0.9997281600623344,0.0002565343931926,1.530554444398509e-05,2.674041425371843e-05
2023-02-14,-1.0177866807361624,0,0.9996361830231936,0.000351039131639,1.2777845247309785e-05,2.2324172699485597e-05
2023-02-15,-0.8158847724483917,0,0.9996414048691914,0.0003490733956522,9.521735100469415e-06,1.6635060387932796e-05
2023-02-16,-0.988134759637488,0,0.9996153951487732,0.0003745119406246,1.009291053729854e-05,1.7632635102439836e-05
2023-02-17,-0.9994637655510924,0,0.9996048512017814,0.0003851643245078,9.984473629008274e-06,1.7442777123312214e-05
2023-02-20,-1.2275661719854547,0,0.999564777766715,0.0004267672113546,8.455021886915912e-06,1.4770621392878827e-05
2023-02-21,-1.1930075285204738,0,0.9995658734998648,0.0004254645108655,8.66198929271362e-06,1.5132835399853203e-05
2023-02-22,-1.0396981047264902,0,0.9996257597442209,0.0003649561926638,9.284063070409184e-06,1.621945811968079e-05
2023-02-23,-1.1328602780930588,0,0.999574217933726,0.0004176643897326,8.117676625183781e-06,1.4182328827706503e-05
2023-02-24,-0.8861929394308551,0,0.9997003965387816,0.0002861329567353,1.3470504378974128e-05,2.3529368927354887e-05
2023-02-27,-0.6294059699330311,0,0.999799988308711,0.0001435558409281,5.645585036458009e-05,9.863310736333886e-05
2023-02-28,-1.0722369005161037,0,0.9995546691572694,0.000437912450078,7.4183926004119005e-06,1.2959831948091756e-05
2023-03-01,-1.0307405367448257,0,0.9995796138794532,0.0004123997162598,7.986404381360263e-06,1.395279009354708e-05
2023-03-02,-0.9602888193623356,0,0.999650555007808,0.0003390435520425,1.0401440205100266e-05,1.8165862804031478e-05
2023-03-03,-0.9201061239676812,0,0.9993549837368824,0.0006175765650123,2.743969818087941e-05,2.6492849222441713e-05
2023-03-06,-0.9443317652522818,1,0.0,0.9975580064854902,0.0024419935144298,0.0031200598088684988
2023-03-07,-1.0831484072093098,0,0.9991275316549452,0.0008568545311102,1.5613813997404594e-05,2.727179226007976e-05
2023-03-08,-1.3585997844244029,0,0.9995435479105904,0.0004474786885412,8.973400768521985e-06,1.5666729496913393e-05
2023-03-09,-1.199759943767233,0,0.9991267091786992,0.0008319351316192,4.135568978018914e-05,1.481058307611372e-05
2023-03-10,-0.1721646056461444,1,0.0,0.5963237505405955,0.403676249459494,0.15006747189475522
2023-03-13,2.5294141613531176,2,0.0,3.4505920553562175e-41,1.0,1.0
2023-03-14,0.4631568883986039,2,0.0,0.0916586751053176,0.9083413248947704,0.7210442137306045
2023-03-15,4.8060969599176655,2,0.0,1.0849391240934002e-102,1.0,1.0
2023-03-16,0.3046646634532139,0,0.9969094210995476,0.0007565350307871,0.0023340438696001,0.0010613865118886958
2023-03-17,0.7229111293663512,1,0.0,0.730309407566638,0.2696905924333707,0.29148810389980523
2023-03-20,0.5024266248910566,1,0.0,0.8144651346566388,0.185534865343291,0.056411552858583604
2023-03-21,1.1010619309893217,2,0.0,0.006103699050131,0.9938963009498806,0.9952162115421319
2023-03-22,-0.0347635938527732,0,0.9973856895452232,0.0013221153596284,0.0012921950950415,0.0002394343980930732
2023-03-24,2.100910830838964,2,0.0,2.141081264164436e-08,0.9999999785891308,0.9999999832456793
2023-03-27,0.5128285819455535,0,0.9990963464975184,0.000353029232727,0.0005506242697861,0.0009608338105154603
2023-03-28,-0.0006110617161159,0,0.999143730837196,0.0007923469797716,6.392218312386995e-05,4.03384713365314e-05
2023-03-29,0.7842979720510941,1,0.0,0.8721507431327106,0.1278492568672246,0.04855394219508093
2023-03-30,1.3563686229487353,2,0.0,0.2649863963078984,0.7350136036919889,0.7800369747016943
2023-03-31,0.1980683290974477,0,0.9991752048018228,0.0007125614063689,0.0001122337919071,0.00019603207485691882
2023-04-03,0.2497488300125795,0,0.9996329383419142,0.0003510203810249,1.6041276970079702e-05,2.8023340304266746e-05
2023-04-04,0.0290685642583272,0,0.9996242330170628,0.0003572636023874,1.85033804614584e-05,3.232517200826002e-05
2023-04-05,0.2363845568428789,0,0.9996325972923223,0.0003512235401163,1.6179167550235864e-05,2.826456784608575e-05
2023-04-06,0.1040290108258964,0,0.9996157353833568,0.0003682327237002,1.6031892930638836e-05,2.796741654724085e-05
2023-04-07,-0.2670422958295485,0,0.9996362497619564,0.0001600157831954,0.0002037344549304,0.000355437526803636
2023-04-10,-0.2260998351218478,0,0.9996493076683616,0.0001630506919433,0.0001876416396615,0.00032777538295142874
2023-04-11,0.5302670003329829,0,0.999703644612672,0.0002671603253838,2.919506191999896e-05,5.100399737931208e-05
2023-04-12,0.2348540960024529,0,0.9996337768772384,0.0003481711257606,1.805199691836653e-05,3.153581026462632e-05
2023-04-13,0.1690006339580991,0,0.999645470361056,0.0003332216228065,2.1308016165078184e-05,3.7224841451784526e-05
2023-04-14,0.271859905248737,0,0.9996312287279724,0.0003518783054115,1.6892966564459608e-05,2.950835324339116e-05
2023-04-17,0.0090795801419476,0,0.9996810715465488,0.0002820532341551,3.687521933332466e-05,6.442106517263984e-05
2023-04-18,0.2647206905938206,0,0.999631428801908,0.0003517648022767,1.680639585359969e-05,2.935988726090809e-05
2023-04-19,0.1505573622366172,0,0.9996430901002296,0.0003362152682532,2.069463155234641e-05,3.615281955927792e-05
2023-04-20,0.1875488814137621,0,0.9996408947393876,0.0003396812771661,1.9423983453526145e-05,3.393238767499651e-05
2023-04-21,0.1056789994539441,0,0.999653393015206,0.0003234174376563,2.3189547177898776e-05,4.050952053041851e-05
2023-04-24,0.0693886239375543,0,0.9996700672710798,0.0003012090465346,2.872368249433365e-05,5.018051597050726e-05
2023-04-25,0.3032165168311258,0,0.9996381283642588,0.0003450111352965,1.6860500540463652e-05,2.943862249787766e-05
2023-04-26,0.1586062730675498,0,0.999149588492453,0.0008103256809913,4.008582658547898e-05,3.5251369592513175e-05
2023-04-27,0.7275735080238352,1,0.0,0.9743747750165268,0.025625224983445,0.032528612573527356
2023-04-28,0.2490302618568304,0,0.9991198643256026,0.0008454349437252,3.470073060987987e-05,6.050380115580958e-05
2023-05-01,-0.2214164471137071,0,0.9996111195971612,0.0001449113074561,0.0002439690954451,0.0004257138455946928
2023-05-02,0.7210908822953239,0,0.9997066192049708,0.0001283632849278,0.0001650175100829,0.0002882735045788789
2023-05-03,0.1810589970235937,0,0.99963488682305,0.000347488120318,1.7625056557123207e-05,3.0790950575309386e-05
2023-05-04,0.355185354498916,0,0.9996485185373076,0.0003339489660371,1.7532496696320366e-05,3.061349456550697e-05
2023-05-05,0.6948923097821411,0,0.9997441510874264,0.0001604853965035,9.536351605635878e-05,0.00016659880960335761
2023-05-08,0.2063184012853465,0,0.999645773259568,0.0003347190502563,1.9507690076367886e-05,3.407964456221186e-05
2023-05-09,0.2522428684277666,0,0.9996350229558444,0.0003473982906357,1.7578753581675384e-05,3.069251926926444e-05
2023-05-10,0.1560351352816662,0,0.9991677617686276,0.0007896851506879,4.255308069307857e-05,3.886155087039844e-05
2023-05-11,0.4078001477870573,1,0.0,0.9840050019349776,0.0159949980650528,0.02035729888477645
2023-05-12,0.1414655012571704,0,0.9991512570841834,0.000805586116413,4.3156799447495e-05,7.537577847789456e-05
2023-05-15,0.0417792925822158,0,0.9996605279706215,0.0003119952870495,2.7476742232199075e-05,4.800169407273997e-05
2023-05-16,0.2332643480968211,0,0.9996283278284884,0.0003551120491064,1.6560122365806822e-05,2.89268376559015e-05
2023-05-17,0.0447156447761895,0,0.999700242881376,0.0002605299625778,3.922715596562192e-05,6.849457965968296e-05
2023-05-18,0.1727927733621782,0,0.9991650979518496,0.0007980939340928,3.680811401739806e-05,3.480958400486134e-05
2023-05-19,0.5484080026872524,1,0.0,0.9925884590779585,0.0074115409220982,0.01225462565850852
2023-05-22,0.4896152573759278,1,0.0,0.9919145055364664,0.008085494463488,0.01030684112885794
2023-05-23,0.0894245882088723,0,0.9981036379318632,0.0016308653997235,0.0002654966683297,7.448066000439512e-05
2023-05-24,1.1609071437210323,2,0.0,0.4195357953360967,0.5804642046639127,0.6388366716892179
2023-05-25,0.3405384923905677,0,0.9992048770120896,0.0006889817331213,0.0001061412548313,0.0001853675980888956
2023-05-26,0.6073605077968972,0,0.999736375729082,0.0002189192406033,4.470503023512705e-05,7.809689812665984e-05
2023-05-29,0.1081280800474859,0,0.9996822808185434,0.000288605085591,2.9114095774564887e-05,5.0862816454789e-05
2023-05-30,0.4441200390236958,0,0.9996659902540608,0.0003143325924166,1.9677153494278e-05,3.436546993757812e-05
2023-05-31,0.6896860939324353,0,0.999746196332789,0.0001848665842335,6.8937083038842e-05,0.00012003863874815995
2023-06-01,0.6263728502927711,0,0.999166810962869,0.000432986277783,0.0004002027593288,7.552414084678202e-05
2023-06-02,1.814165573960552,2,0.0,0.0235672640387563,0.9764327359612954,0.9838911266814677
2023-06-05,0.4138221800821617,1,0.0,0.826741618338387,0.1732583816617068,0.21131334844606672
2023-06-06,0.2820819432499182,0,0.999298145039534,0.0006771011899181,2.4753770506644614e-05,4.324545287279108e-05
2023-06-07,0.0939787329386412,0,0.9997336835379492,0.0002584257462961,7.890715812279483e-06,1.378945159330767e-05
2023-06-08,-0.2681919511006808,0,0.9998347712235396,0.0001647614405348,4.673359360219713e-07,8.167353409767871e-07
2023-06-09,-0.2944827122354202,0,0.999848617876775,0.000150760048404,6.220748843159858e-07,1.0871629908149075e-06
2023-06-12,-0.2244611681411836,0,0.9998384386622622,0.0001612824234602,2.789141651120796e-07,4.874367936153922e-07
2023-06-13,-0.0616725047039988,0,0.9998310310684896,0.0001686468970552,3.22034434927841e-07,5.628011853615873e-07
2023-06-14,-0.182643205202451,0,0.999847353281598,0.0001524838992314,1.6281918183637668e-07,2.8451491345743313e-07
2023-06-15,-0.3606871039818569,0,0.9996871221760256,0.0003124853304071,3.924936408239022e-07,3.8282124913511506e-07
2023-06-16,-0.2355585255811738,1,0.0,0.9999817224089924,1.827759095415789e-05,2.3366773909908336e-05
2023-06-19,-0.1434583455345718,0,0.9996485063977756,0.0003514324228646,6.117942675741434e-08,5.967289208810941e-08
2023-06-20,-0.0523776169869433,1,0.0,0.9999821919480786,1.7808052001648416e-05,2.2765663906267676e-05
2023-06-21,-0.4892923952793451,0,0.9997888328766,0.0002111478566184,1.926671018578938e-08,3.367269421598686e-08
2023-06-22,-0.3689927863701642,0,0.9999165488066124,8.343858778668868e-05,1.2605560288959104e-08,2.203040309871622e-08
2023-06-23,-0.2878987109769977,0,0.9998283096964,0.0001716691769746,2.1126582127712736e-08,2.060512318679671e-08
2023-06-26,-0.3337111319765695,1,0.0,0.999986756085426,1.3243914625753066e-05,1.693091298224675e-05
2023-06-27,-0.5037003807714218,0,0.9997928093725056,0.0002071728973816,1.7730020381796544e-08,3.098409285518106e-08
2023-06-28,-0.2524967169494648,0,0.99979642277799,0.000203536763864,4.0458178736101146e-08,3.9456016841774075e-08
2023-06-29,-0.075564739630715,1,0.0,0.9999624302395136,3.7569760477681125e-05,4.8028427294832995e-05
2023-06-30,-0.3017367717052936,0,0.9998022360690354,0.0001977197494955,4.418152760445447e-08,7.721654069326893e-08
2023-07-03,-0.5167096158072484,0,0.9999083561392216,9.162985647664804e-05,1.4004263389829046e-08,2.4474179941436045e-08
2023-07-04,-0.6371086672029216,0,0.9997960679531912,0.000203905412721,2.663412290609543e-08,2.5972044856265686e-08
2023-07-05,-0.1204826470715088,1,0.0,0.9999412742043,5.872579569537142e-05,1.53178843675102e-05
2023-07-06,1.83424702565124,2,0.0,7.937457605695012e-13,0.999999999999318,0.9999999999993792
2023-07-07,-0.473968962180693,0,0.9997655961218718,0.0002334013274816,1.0025507501077572e-06,1.7520997994299047e-06
2023-07-10,-0.520578999879733,0,0.9998770086354124,0.0001228673503539,1.240141302934868e-07,2.1671118005980381e-07
2023-07-11,-0.1942540946350474,0,0.9997032234539804,0.0002965092922604,2.6725378585661186e-07,2.543072875850074e-07
2023-07-12,0.5178020434427055,1,0.0,0.9941275529108552,0.0058724470892565,0.0074953830877406685
2023-07-13,-0.3967654148125294,0,0.9996210095889052,0.0003784061537089,5.842573574130735e-07,1.0208119838392498e-06
2023-07-14,-0.3819452448057463,0,0.9996244003375848,0.0003751257106424,4.739517463971571e-07,4.621135753362151e-07
2023-07-17,-0.1246878655990075,1,0.0,0.9998950608480378,0.0001049391519531,0.00018192308799574902
2023-07-18,-0.1172277101510131,1,0.0,0.999915949563005,8.405043693056859e-05,0.0001456904901242794
2023-07-19,-0.1554944303535877,1,0.0,0.9998891558055116,0.0001108441943944,0.00014170437538617772
2023-07-20,-0.2311241926185387,0,0.9996286689384464,0.0003709560153727,3.750462425065465e-07,6.554012530661627e-07
2023-07-21,-0.4185325924183981,0,0.9998545820373916,0.000145112651811,3.053107459359193e-07,5.335843227057557e-07
2023-07-24,-0.390575328783811,0,0.9998609071474348,0.0001388893340851,2.035183827949389e-07,3.55682999286791e-07
2023-07-25,-0.294897669296377,0,0.9998530128070956,0.0001468388578687,1.4833496227103768e-07,2.591963171986574e-07
2023-07-26,-0.1994002893749098,0,0.9996421477560994,0.0003575775349488,2.747088462116148e-07,2.669429874836718e-07
2023-07-27,0.5630542903558446,1,0.0,0.9991034402130242,0.0008965597868675,0.0011458976157897416
2023-07-28,-0.5901875629099429,0,0.9997044617889002,0.0002951043363707,4.338747479177853e-07,7.582191597382923e-07
2023-07-31,-0.6216974588347393,0,0.9998437395138108,0.0001558319257679,4.2856048521346e-07,7.488562639732725e-07
2023-08-01,-0.3367284786179159,0,0.999652474591172,0.0003469534604318,5.719484154737834e-07,5.204396743051756e-07
2023-08-02,-0.0658105876584221,1,0.0,0.9831465459990524,0.0168534540009057,0.021452103826208102
2023-08-03,-0.7622965267030819,0,0.9981487918743068,0.0018293407421087,2.1867383538440173e-05,2.112824361531923e-05
2023-08-04,-0.5144396006599004,1,0.0,0.9976060411862204,0.0023939588137619,0.003775259641018466
2023-08-07,-0.5362423747973528,1,0.0,0.9823753441056016,0.0176246558944794,0.029697868353833718
2023-08-08,-0.3369251853632049,1,0.0,0.996745817473972,0.0032541825261267,0.005547439424411783
2023-08-09,-0.4631158974814863,1,0.0,0.9972666713947882,0.0027333286051474,0.0034917991070269215
2023-08-10,-0.7496293238378535,0,0.9992417426865464,0.0007354611183702,2.279619501866669e-05,3.979911439021861e-05
2023-08-11,-0.5551343063516745,0,0.9995028467287328,0.0004289421376997,6.821113359288068e-05,6.400411123391748e-05
2023-08-14,-0.8451832489228405,1,0.0,0.9907254652090166,0.0092745347909442,0.011827280216743119
2023-08-15,-0.8239248087692563,0,0.9990682249129732,0.0009115093322086,2.02657548363199e-05,3.537838812349751e-05
2023-08-16,-1.0848690153331788,0,0.9989896693336414,0.000992476336929,1.785432931953506e-05,1.695145293791077e-05
2023-08-17,-0.3355788767254484,1,0.0,0.993517148319518,0.0064828516805427,0.011025077058029215
2023-08-18,-0.7635730770696962,1,0.0,0.9971991175330984,0.0028008824668809,0.003578312633577607
2023-08-21,-1.0965102491154646,0,0.9990145767370026,0.0009672604248319,1.8162838135709463e-05,3.1724569225899275e-05
2023-08-22,-1.0075625956673029,0,0.999623785613908,0.0003667040114284,9.510374644041898e-06,1.6606952078009895e-05
2023-08-23,-1.2239305770286104,0,0.9990729905663532,0.0009088026552607,1.8206778380820236e-05,1.7438405768040904e-05
2023-08-24,-1.026157855524648,1,0.0,0.9956272813635952,0.0043727186363376,0.005583801381670271
2023-08-25,-1.4093292628644,0,0.9991389684830436,0.0008422589709051,1.8772546032704213e-05,3.2770774982819705e-05
2023-08-28,-0.8256503183837313,0,0.999600853937026,0.0003112155965728,8.793046641077291e-05,8.451118732016615e-05
2023-08-29,-0.8535989190285966,1,0.0,0.9965101703791438,0.0034898296207449,0.0044575594004944465
2023-08-30,-1.2670597513585942,0,0.9990831739961268,0.0008989453733412,1.7880630561139607e-05,3.1232472855624267e-05
2023-08-31,-1.260848928715455,0,0.9996222986828572,0.0003685156646621,9.185652372606842e-06,1.604083995354787e-05
2023-09-01,-1.2153887478010683,0,0.9991196606797512,0.0008648292996001,1.5510020649482702e-05,1.4875618734814048e-05
2023-09-04,-1.0408694614705305,1,0.0,0.9959550968173458,0.0040449031826757,0.005167112043710435
2023-09-05,-1.2062949857513128,0,0.9979009894632545,0.0020694606032866,2.9549933487259223e-05,2.8576805942198143e-05
2023-09-06,-0.8997948654150207,1,0.0,0.9977937470963484,0.0022062529037371,0.0037622307785286583
2023-09-07,-0.7830263404108853,1,0.0,0.9972056140076668,0.0027943859922436,0.003569914096244275
2023-09-08,-1.247352796225953,0,0.9991746926485172,0.0008101881126979,1.5119238825166188e-05,2.6411696157769826e-05
2023-09-11,-1.2072316522739184,0,0.9996824714035408,0.0003105079246358,7.020671843052935e-06,1.2266631048519806e-05
2023-09-12,-1.2512950047125573,0,0.9996769868050848,0.0003160031338669,7.010061009455246e-06,1.22389881250004e-05
2023-09-13,-1.2432195820013892,0,0.99932265330301,0.0006100064324807,6.734026459788726e-05,1.2462977224528418e-05
2023-09-14,0.4984160584508578,2,0.0,3.515860479967851e-05,0.9999648413950892,0.9999725071225021
2023-09-15,-1.095253352447997,0,0.9985183375970866,0.001368168622161,0.0001134937806977,0.00010782328411000545
2023-09-18,-0.500438562069895,1,0.0,0.9936279216523074,0.0063720783477338,0.008134617524106725
2023-09-19,-0.9992158285163206,0,0.9979293961756748,0.0020412701234518,2.9333700931237397e-05,2.7743555859390524e-05
2023-09-20,-0.4310105807689326,1,0.0,0.9924816796037292,0.007518320396223,0.011489456236761357
2023-09-21,-0.2366734827220891,1,0.0,0.9760561832910598,0.0239438167088508,0.030409701674529593
2023-09-22,-1.0335910634001824,0,0.9990988973798564,0.0008769352521471,2.416736797633837e-05,4.221521761194445e-05
2023-09-25,-0.6315369148152146,0,0.9997187175613216,0.0002665631614768,1.4719277314564742e-05,2.5716910380845876e-05
2023-09-26,-0.7705460018813659,0,0.999648589204758,0.0003416727147213,9.738080496567544e-06,1.7004972487336145e-05
2023-09-27,-0.8548643061732477,0,0.9990779626448166,0.0009052377184745,1.67996367374947e-05,1.6213866096474645e-05
2023-09-28,-0.7838518032492336,1,0.0,0.9974399574212872,0.0025600425786397,0.0032706941804367565
2023-09-29,-0.958189304680855,0,0.999253607638642,0.0007324348314467,1.3957529872826489e-05,2.4360578885360055e-05
2023-10-02,-0.510666124849655,0,0.999607202757364,0.0002730284125587,0.0001197688301617,0.00010617642666199151
2023-10-03,-0.2850205994751623,1,0.0,0.9765074334253946,0.0234925665745458,0.03855783068216593
2023-10-04,-0.724665078965232,1,0.0,0.9919180621132496,0.0080819378867587,0.010309744385657654
2023-10-05,-1.093090769751012,0,0.9992035699186574,0.0007826260459375,1.3804035497020366e-05,2.4102681904695024e-05
2023-10-06,-0.9577918942511996,0,0.9993404576376648,0.0006240206096514,3.552175271431884e-05,1.53129183886042e-05
2023-10-09,-0.2749967351680109,1,0.0,0.704299973116338,0.2957000268837688,0.09869937217746133
2023-10-10,2.7970074977017334,2,0.0,9.944478922997248e-87,1.0,1.0
2023-10-11,-0.8949101009887598,0,0.9992410135893108,0.0006665063804867,9.248003010030012e-05,0.00016153948932367575
2023-10-12,-0.9204342426488892,0,0.9996122471758536,0.0003779262756632,9.826548547795295e-06,1.7161021051162712e-05
2023-10-13,-0.6031475813493503,0,0.9993746532387768,0.0005915213776668,3.3825383599234926e-05,3.247971266869437e-05
2023-10-16,-0.5349358252749299,1,0.0,0.996260594376147,0.0037394056239467,0.004776070793955822
2023-10-17,-0.9826919098129092,0,0.9990234655644332,0.0009578618511123,1.867258449963554e-05,3.260148625110952e-05
2023-10-18,-0.6647441058879525,0,0.999390916519125,0.0005692628801097,3.982060081669202e-05,3.728857428267246e-05
2023-10-19,-0.3107166479252109,1,0.0,0.9902159524956288,0.0097840475043522,0.009054328601596988
2023-10-20,-0.1210085497655016,1,0.0,0.8411494864290386,0.1588505135709335,0.19450438378102639
2023-10-23,-1.000983979126238,0,0.9989068076441788,0.0010747154025968,1.8476953309948265e-05,3.2271872983374754e-05
2023-10-24,-0.8729496276131807,0,0.9995823231370592,0.0004121343496727,5.542513360120609e-06,9.677206754777943e-06
2023-10-25,-1.055520206457803,0,0.9988631908226056,0.0011272983246309,9.51085273358503e-06,9.19972710974148e-06
2023-10-26,-0.7959260311897213,1,0.0,0.9979445599157007,0.0020554400843805,0.002626662339463998
2023-10-27,-1.0710316920103224,0,0.9988915759046938,0.0010969583518021,1.1465743441436349e-05,2.00251830325759e-05
2023-10-30,-1.091943240137414,0,0.9995328916413272,0.0004611604987698,5.947860004816439e-06,1.0391381385664262e-05
2023-10-31,-0.8891619270740654,0,0.9996619777402744,0.0003294133012465,8.60895839807538e-06,1.5029090288463476e-05
2023-11-01,-1.1259220403923216,0,0.999055713419702,0.0008928009383545,5.1485641911755805e-05,9.529076868234352e-06
2023-11-02,0.9761097197039088,2,0.0,3.256474111649846e-16,1.0,0.9999999999999998
2023-11-03,-0.3925700001234351,1,0.0,0.974581215411318,0.0254187845887128,0.032284826135621704
2023-11-06,-1.0027745725621833,0,0.9972904853587956,0.0026856728211364,2.3841819997882e-05,2.2692048872561785e-05
2023-11-07,-0.5571489239054606,1,0.0,0.9939337676177246,0.0060662323822487,0.0077464351570654425
2023-11-08,-1.141622480304045,0,0.9972235293999376,0.0027526790710099,2.37915289700902e-05,2.2710931472808073e-05
2023-11-09,-0.4711956133532434,1,0.0,0.99463241935585,0.0053675806440499,0.006852664524562648
2023-11-10,-0.856515391049093,0,0.9990494482320942,0.0009387735842169,1.1778183645232068e-05,2.0559977166371203e-05
2023-11-13,-0.9167805221549052,0,0.9991566941622664,0.0007993592516913,4.394658607723505e-05,8.133460761133215e-06
2023-11-14,0.9429231341060036,2,0.0,1.1709967069716027e-10,0.9999999998829026,0.9999999999084561
2023-11-15,-0.945317285703216,0,0.9978715555254414,0.0020368849301705,9.155954443290116e-05,8.855095540298334e-05
2023-11-16,-0.5554666314715222,1,0.0,0.9978136874673116,0.0021863125325762,0.0027935832174859126
2023-11-17,-0.6723841693140744,0,0.9991546346600072,0.0008315222311523,1.3843108919184687e-05,2.4165767578258197e-05
2023-11-20,-1.077668345936284,0,0.9988968778719762,0.0010879104102121,1.5211717911107553e-05,1.4688431064674682e-05
2023-11-21,-0.6713226308988479,1,0.0,0.9975358249554328,0.0024641750445545,0.0031499831689697153
2023-11-22,-1.0142031039123622,0,0.9972006269909164,0.0027844813920988,1.489161703069945e-05,1.4347662619472778e-05
2023-11-23,-0.8928893976060189,1,0.0,0.99683851717762,0.0031614828222841,0.0040388149500445465
2023-11-24,-1.1563728412310064,0,0.9988979770395406,0.0010894684111853,1.255454932395868e-05,2.1914777136097906e-05
2023-11-27,-0.9413724894239294,0,0.9988602493113304,0.0011311225943093,8.628094463850515e-06,8.353970946422743e-06
2023-11-28,-0.6571919558231505,1,0.0,0.9981738343520108,0.0018261656479047,0.002333868871442866
2023-11-29,-0.9503957754886552,0,0.9988678454955522,0.0011242839234927,7.870580852823516e-06,1.3738575442085668e-05
2023-11-30,-0.9285520417011872,0,0.9988544206872556,0.0011384478307071,7.131482146686232e-06,6.886424158152382e-06
2023-12-01,-0.4387162158260483,1,0.0,0.9975399324769828,0.00246006752294,0.0031434238748261063
2023-12-04,-0.9423058386159304,0,0.9988543195623826,0.0011348516546981,1.0828783015531878e-05,1.891254712553556e-05
2023-12-05,-0.8342185901723799,0,0.9995322866791482,0.0004624031790079,5.310141925381918e-06,9.276580564160715e-06
2023-12-06,-0.8216073473062123,0,0.9995403632692814,0.0004543355274604,5.301203277878635e-06,9.260759414017755e-06
2023-12-07,-1.0339104463773017,0,0.9995307615947138,0.0004616382429809,7.600162266974625e-06,1.3277620674063632e-05
2023-12-08,-0.7673269377405666,0,0.9995991571771448,0.0003943485924494,6.4942302940245584e-06,1.1345096517345352e-05
2023-12-11,-1.0485701040787707,0,0.9995300670536464,0.0004621703000028,7.762646395829565e-06,1.3560793380504782e-05
2023-12-12,-0.9776921369399068,0,0.9995323295713122,0.0004614718716403,6.19855711402402e-06,1.0817566272635967e-05
2023-12-13,-1.11270548209544,0,0.9990472728043523,0.0008650458770305,8.768131858704644e-05,1.622867675076724e-05
2023-12-14,0.362370341637275,2,0.0,5.763313423257117e-06,0.9999942366864712,0.999995492544006
2023-12-15,-1.0209425062714093,0,0.9991377933647028,0.0007936760922563,6.853054293507492e-05,0.00011969775123359294
2023-12-18,-1.0709354009325724,0,0.9995478963539494,0.0004439613327061,8.142313327858587e-06,1.421674204548847e-05
2023-12-19,-1.024738327635639,0,0.998940899788647,0.0010460367664835,1.3063444954484013e-05,1.260247909798565e-05
2023-12-20,-0.9398345559231716,1,0.0,0.9973228201355472,0.0026771798645339,0.0045460812458853125
2023-12-21,-0.975547803029204,1,0.0,0.9964858678045588,0.0035141321955429,0.004488910873025297
2023-12-22,-1.2073468156048714,0,0.9988618155417976,0.001124637772684,1.3546685555457487e-05,2.365199777347558e-05
2023-12-25,-1.5440788678217103,0,0.9996570533329726,0.0002836928158032,5.925385119245479e-05,0.00010347424800350417
2023-12-26,-1.516155912435,0,0.9996682797958084,0.0002598637451778,7.185645900453766e-05,0.00012553112301202536
2023-12-27,-1.2189854074855488,0,0.9995812616121952,0.0004071572547732,1.1581133016577651e-05,2.022064604493326e-05
2023-12-28,-1.203166756987284,0,0.998989726868752,0.0009882460031339,2.202712817617253e-05,2.1009394746753187e-05
2023-12-29,-0.9231451483915508,1,0.0,0.994618547533982,0.0053814524659957,0.006865904098673028
2024-01-01,-1.388004966294051,0,0.9992438558064336,0.0005973736199421,0.0001587705735199,0.0002772293443492291
2024-01-02,-1.18636329628378,0,0.9992041409546684,0.0007826801617327,1.3178883708962649e-05,1.2462042414290693e-05
2024-01-03,-0.5636553561145141,1,0.0,0.9925662525062352,0.0074337474938188,0.0094838048817541
2024-01-04,-0.85595741596818,0,0.9993329262665508,0.0006411830233975,2.589070997899214e-05,4.522839633410949e-05
2024-01-05,-1.18855602351577,0,0.9996369072024346,0.0003539958492049,9.096948357005568e-06,1.5886959409053295e-05
2024-01-08,-1.0134953236739328,0,0.9991959468410008,0.0007883743193975,1.5678839640878978e-05,1.509822728635664e-05
2024-01-09,-0.8558132738112505,1,0.0,0.9969203218099976,0.0030796781900319,0.003934073781792977
2024-01-10,-1.1177523225274952,0,0.9991605488132144,0.0008235623701667,1.5888816572739775e-05,2.7756268205945808e-05
2024-01-11,-1.1292856313008608,0,0.999703118197806,0.0002893964675322,7.485334754168007e-06,1.3080006290717848e-05
2024-01-12,-1.241411227248601,0,0.999797291158757,0.0001973705072879,5.338333860986535e-06,9.328434644477237e-06
2024-01-15,-1.318644181185801,0,0.9997589028914644,0.0002370104531749,4.0866552778226906e-06,7.138736491357552e-06
2024-01-16,-1.3147398900792444,0,0.9993828560378484,0.0006086695036824,8.474458557165183e-06,8.094559006145839e-06
2024-01-17,-0.4145111629499246,1,0.0,0.9950029843760504,0.0049970156238502,0.008517810708440265
2024-01-18,-0.8625996208082203,1,0.0,0.9974555028836836,0.0025444971163255,0.003250883276673962
2024-01-19,-1.307368110278795,0,0.9992072445342464,0.0007785199021978,1.4235563661135628e-05,2.4859499592423333e-05
2024-01-22,-1.216036672323317,0,0.9992869053096644,0.0007005451818096,1.2549508631288978e-05,1.211489437500711e-05
2024-01-23,-1.1080394685519308,1,0.0,0.9975189988890776,0.0024810011108432,0.004216862559528507
2024-01-24,-0.8070091827899162,1,0.0,0.9966346837445508,0.0033653162555406,0.004299487736580616
2024-01-25,-1.4380550318440135,0,0.9982995310096806,0.00167902111523,2.1447875059448743e-05,2.0726248470170614e-05
2024-01-26,-1.0508707006270486,1,0.0,0.99765956274737,0.0023404372527265,0.0029909717545033043
2024-01-29,-1.465038475366107,0,0.998270732920488,0.0017063652169232,2.290186252620001e-05,2.2102143894475046e-05
2024-01-30,-1.240090002211138,1,0.0,0.9973446955158226,0.0026553044842426,0.0033928407854243504
2024-01-31,-1.3534281136817627,0,0.9985245772875996,0.0014529707866666,2.2451925813510625e-05,2.1700367488006197e-05
2024-02-01,-1.1536163426071964,1,0.0,0.9977247703532184,0.0022752296466691,0.0029069929719903894
2024-02-02,-1.5721824396576056,0,0.9993683552043546,0.0006203034829506,1.1341312805575584e-05,1.981505619281298e-05
2024-02-05,-1.403772755821588,0,0.999759974046904,0.0002352908068916,4.73514620683236e-06,8.272657116390565e-06
2024-02-06,-1.61792856408312,0,0.9995183317243568,0.0004767083896966,4.959885836177631e-06,4.817465265330311e-06
2024-02-07,-1.2424050532248958,1,0.0,0.998983466905605,0.0010165330943225,0.0017539007212797229
2024-02-08,-1.3116417104261289,1,0.0,0.9991843366417426,0.0008156633582671,0.0010425444879918534
2024-02-09,-1.7576774646567848,0,0.9995840233946008,0.0004119660882431,4.0105172674988415e-06,7.008219227976669e-06
2024-02-12,-1.550599904807278,0,0.9998493657811464,0.0001486272682582,2.006950524711506e-06,3.5074629332691252e-06
2024-02-13,-1.3293834512948517,0,0.9998887683385408,0.0001071126191681,4.119042375055214e-06,7.198516464000121e-06
2024-02-14,-1.5532657970929673,0,0.999826834377531,0.0001707569554837,2.408666957219213e-06,4.208485072395447e-06
2024-02-15,-1.5458218804606352,0,0.9995876785241172,0.0004081330616562,4.188414151487722e-06,4.06125316216535e-06
2024-02-16,-1.335976203695623,1,0.0,0.9985914651145824,0.0014085348854676,0.001800049135800793
2024-02-19,-1.741116611752887,0,0.9995024930212506,0.0004909674884095,6.53949025351532e-06,1.1426397791064867e-05
2024-02-20,-1.7802344921337854,0,0.999786686469098,0.0002092242999502,4.089230977157721e-06,7.145860772583744e-06
2024-02-21,-1.6821646424135208,0,0.9997877575317768,0.0002085863384641,3.656129837643524e-06,6.387971680403088e-06
2024-02-22,-1.4734439128873125,0,0.9996322502469354,0.0003585763992898,9.173353884410506e-06,8.892574452706124e-06
2024-02-23,-1.470149710805701,1,0.0,0.998536243837786,0.0014637561622506,0.0018706191568318951
2024-02-26,-1.990676952797238,0,0.999312154594255,0.000672868211726,1.4977194121173962e-05,2.6165851384077314e-05
2024-02-27,-1.961266034705084,0,0.999732904894656,0.0002597300998377,7.365005563782538e-06,1.2864619652100202e-05
2024-02-28,-1.956960726086431,0,0.9993586872732464,0.0006278691917789,1.3443534985226383e-05,1.2937380451612773e-05
2024-02-29,-1.783742488198926,1,0.0,0.9967844143736984,0.0032155856263923,0.004107207191864921
2024-03-01,-1.8354350777225383,0,0.999453644209747,0.0005299912250816,1.6364565252129643e-05,2.8590678939872895e-05
2024-03-04,-2.0152083545139514,0,0.9997182045816084,0.0002739316169264,7.86380137664912e-06,1.3740416390286013e-05
2024-03-05,-1.9890964773126567,0,0.9997269706446096,0.0002654203638666,7.608991463089345e-06,1.329515292378693e-05
2024-03-06,-1.984198124126208,0,0.999721291201645,0.0002709181000994,7.790698361443217e-06,1.3612765606625988e-05
2024-03-07,-2.0903087877971256,0,0.9997349469759949,0.0002572558262106,7.797197762343468e-06,1.3618116600662943e-05
2024-03-08,-2.234378021523296,0,0.999239732013242,0.0007453895091764,1.4878477638610669e-05,1.4260769041690897e-05
2024-03-11,-1.6784478707584003,1,0.0,0.9958148525387672,0.0041851474611368,0.005342695478635037
2024-03-12,-1.769885791583868,0,0.9992175776528872,0.0006832427379495,9.917960918013543e-05,9.557977300276676e-05
2024-03-13,-1.832840369537136,1,0.0,0.9971104309218904,0.0028895690781017,0.0036920921933890397
2024-03-14,-2.1457116403130856,0,0.9982872627570872,0.0016855512758803,2.718596698037081e-05,2.619830311821483e-05
2024-03-15,-1.903658744973872,1,0.0,0.9970002602660368,0.0029997397339957,0.0038319168223839174
2024-03-18,-2.2361527595096016,0,0.9992740491694718,0.0007092826079458,1.6668222469779005e-05,2.9120511086351177e-05
2024-03-19,-1.97147013071706,0,0.99980249379981,0.0001864576462774,1.1048553940734587e-05,1.9290589344457825e-05
2024-03-20,-2.4365785433637983,0,0.999310552264752,0.0006224894580759,6.695827711360095e-05,1.239223340980577e-05
2024-03-21,-0.9782526271261492,2,0.0,2.6324027868337863e-05,0.9999736759720804,0.9999794091588459
2024-03-22,-2.150092570795368,0,0.9995108159410478,0.0004151907051379,7.399335371948488e-05,0.00012927045245340427
2024-03-25,-2.3574347538965545,0,0.9996833144198444,0.0003085077967357,8.177783426405891e-06,1.4288468557504565e-05
2024-03-26,-2.276794707582652,0,0.999692167604949,0.0003003080741733,7.524320851550224e-06,1.314706461564266e-05
2024-03-27,-2.4448249910423323,0,0.9997252456463638,0.0002667881378057,7.966215833278031e-06,1.391983836274477e-05
2024-03-28,-2.3931968654679303,0,0.9997676746965612,0.0002246185753084,7.706728133494143e-06,1.346415434315608e-05
2024-03-29,-2.710169805062563,0,0.999757901050257,0.000211361277696,3.0737672002533305e-05,5.3670527063820464e-05
2024-04-01,-2.74258547986069,0,0.9994131176531496,0.0005198916566701,6.699069023049787e-05,6.470000823470072e-05
2024-04-02,-2.082260824053948,1,0.0,0.9976438984368184,0.0023561015631625,0.004035521006119134
2024-04-03,-2.132520279014825,1,0.0,0.9980270497331742,0.0019729502667394,0.003372479226241324
2024-04-04,-2.2476778578067904,1,0.0,0.9976164680464052,0.0023835319535029,0.004051579767142994
2024-04-05,-1.862758122299516,1,0.0,0.9966412165250536,0.003358783474855,0.004289845383946501
2024-04-08,-2.219195628098417,0,0.9995124454593526,0.0004695459541208,1.8008586479712885e-05,3.1465377199327916e-05
2024-04-09,-2.2678451203924266,0,0.9997997298506776,0.0001912758582966,8.994291005161605e-06,1.571723023040549e-05
2024-04-10,-2.558730661275712,0,0.9998095861392524,0.0001829665796988,7.447280995431866e-06,1.3011107883541162e-05
2024-04-11,-2.325419086162459,0,0.9996585495807616,0.0003212253416335,2.0225077510207617e-05,1.943191604744569e-05
2024-04-12,-2.283907122443456,1,0.0,0.996428999392795,0.0035710006070956,0.004559007409304418
2024-04-15,-2.544556337524285,0,0.9989105419743448,0.0009464301162751,0.0001430279094292,2.6474311337696483e-05
2024-04-16,-0.1041119059704847,2,0.0,5.068777221895448e-15,1.0,0.999999999999996
2024-04-17,-2.155331319983607,0,0.9994801389166876,0.0004461929775508,7.366810566595073e-05,0.00012870934649736408
2024-04-18,-2.054420038578053,0,0.999779731861735,0.000210810621576,9.45751664618033e-06,1.6518245969846538e-05
2024-04-19,-2.278282739913762,0,0.9992733838724276,0.0007087061691308,1.790995833864162e-05,1.435023749361014e-05
2024-04-22,-1.3128313554943962,1,0.0,0.9490553984864788,0.0509446015134633,0.0718795547490246
2024-04-23,-1.277170913770986,1,0.0,0.9559414217351916,0.0440585782646952,0.07330237681898846
2024-04-24,-2.0002141135991787,1,0.0,0.9976475321611704,0.0023524678387345,0.004032132859995305
2024-04-25,-1.7680489962849282,1,0.0,0.9981546006018372,0.0018453993982658,0.0031230615344904704
2024-04-26,-1.3472328087153231,1,0.0,0.9957753235964988,0.0042246764035467,0.005396247632186296
2024-04-29,-2.048610425549129,0,0.9981491785176844,0.0018261344966887,2.468698567958625e-05,2.3843128884905852e-05
2024-04-30,-1.7387906892395515,1,0.0,0.9975129864964614,0.0024870135035856,0.0031768628782436617
2024-05-01,-2.4251070940559467,0,0.999245478244983,0.0006945736244814,5.994813049186013e-05,0.00010472336628591155
2024-05-02,-2.053641707095075,0,0.9996615115541548,0.0003329491786748,5.539267161296551e-06,9.673345973441577e-06
2024-05-03,-2.177623192027561,0,0.999084930214888,0.0009033008530947,1.1768932097331596e-05,1.1366883150803249e-05
2024-05-06,-1.5831862475845255,1,0.0,0.9976132811683148,0.0023867188317521,0.004059425518061307
2024-05-07,-1.6448754187475672,1,0.0,0.996751272747757,0.0032487272522285,0.004150889528185982
2024-05-08,-2.117277082539335,0,0.998073998413811,0.0019030506129722,2.295097325343588e-05,2.2027879486762285e-05
2024-05-09,-1.6499161517576555,1,0.0,0.99601696764985,0.0039830323501412,0.0050859850726371805
2024-05-10,-1.8909802783577003,0,0.9995736742751156,0.0003992394878248,2.7086236946584164e-05,4.730143128270856e-05
2024-05-13,-2.340352010251688,0,0.9991055717960744,0.000886147070097,8.281133917818926e-06,8.023262602833184e-06
2024-05-14,-2.0940514767975094,1,0.0,0.9983527776195484,0.0016472223804855,0.002105070486115828
2024-05-15,-2.214551524656414,0,0.9992543043764308,0.0007381460299867,7.549593690054356e-06,1.318861058054187e-05
2024-05-16,-2.339374297210791,0,0.9996413287429196,0.0003544500555214,4.221201588174356e-06,7.372041608283259e-06
2024-05-17,-2.42267274210029,0,0.9991044206870868,0.0008909053667219,4.673946160045944e-06,4.535057580303026e-06
2024-05-20,-2.2139889792925262,1,0.0,0.9986983375519524,0.001301662447965,0.0016637075724870015
2024-05-21,-2.452214398072432,0,0.999097400607857,0.0008975796175765,5.019774555868262e-06,8.768806789439543e-06
2024-05-22,-2.393685578563845,0,0.9996423065566112,0.0003549834848914,2.709958493569466e-06,4.7347332218495765e-06
2024-05-23,-2.438211070511048,0,0.9996222542017272,0.0003739630428102,3.782755416264127e-06,6.609116258969918e-06
2024-05-24,-2.3882759815652705,0,0.9996510070922514,0.0003439297011381,5.063206660879571e-06,8.843155279202072e-06
2024-05-27,-2.3061830972054844,0,0.9992270816517036,0.0007641502080969,8.768140111794904e-06,8.277007952902568e-06
2024-05-28,-2.0354307865978223,1,0.0,0.99215385395755,0.0078461460424375,0.0022737996749820173
2024-05-29,-0.8020989023216769,2,0.0,0.1109868333069697,0.8890131666930335,0.9324529206040747
2024-05-30,-1.8952964034293809,1,0.0,0.9931334826719496,0.0068665173281289,0.008765844842473752
2024-05-31,-2.1696715124955865,0,0.9976335251164364,0.0023527434774253,1.3731406219387702e-05,1.3092001639056606e-05
2024-06-03,-1.873270680537084,1,0.0,0.9943865958972352,0.0056134041028511,0.0016974663811665553
2024-06-04,-0.9139759796152525,2,0.0,0.1570654906660509,0.8429345093339122,0.9028042320503424
2024-06-05,-1.7887193855875094,1,0.0,0.9977557809382308,0.0022442190617807,0.003874955414542496
2024-06-06,-1.7812907355080454,1,0.0,0.9994718628740926,0.000528137125848,0.0006752045492651745
2024-06-07,-2.0210246835613885,0,0.9989870993116956,0.0010100565324882,2.8441558309504e-06,4.965610205523501e-06
2024-06-10,-1.9970275538543687,0,0.9989933713301457,0.0010046418883203,1.986781471959384e-06,1.929857587221568e-06
2024-06-11,-1.1861153852474162,1,0.0,0.9989445688996692,0.0010554311002453,0.001760331886149083
2024-06-12,-1.0793712464303604,1,0.0,0.993014466337498,0.0069855336625238,0.0018314662244144494
2024-06-13,-0.0710453555783863,2,0.0,9.110423710884779e-11,0.9999999999088232,0.9999999996507156
2024-06-14,-0.1548955508842568,2,0.0,3.416548441057308e-06,0.9999965834514726,0.9999973280716388
2024-06-17,-1.5741794599445802,0,0.9991583729568076,0.0008230348403421,1.8592202838977383e-05,3.247832182133154e-05
2024-06-18,-1.4070592702294291,0,0.9996331263123036,0.0003648079653686,2.065722301769323e-06,3.6089211045003332e-06
2024-06-19,-1.5798263489932571,0,0.9995294520677614,0.0004685113585876,2.036573612917207e-06,3.558364210547316e-06
2024-06-20,-1.2285225098606525,0,0.9997251260072564,0.0002710686606428,3.805332061937849e-06,6.645324632320125e-06
2024-06-21,-1.3938722153158398,0,0.9989822816762938,0.0010132148505859,4.503473088468865e-06,4.374026907762761e-06
2024-06-24,-1.1249389674298909,1,0.0,0.9989213078272308,0.0010786921726637,0.001378897454298372
2024-06-25,-1.526470953348568,0,0.9988556343050824,0.0011400545061611,4.311188827853239e-06,7.52983434313805e-06
2024-06-26,-1.4401619750530197,0,0.9995530487416904,0.0004445357075043,2.415550852517853e-06,4.22003951620029e-06
2024-06-27,-1.4383476936409592,0,0.9995555877100816,0.0004419818565437,2.430433443299797e-06,4.24363516628683e-06
2024-06-28,-1.521571063714764,0,0.9988576971970916,0.001137800819288,4.501983692525921e-06,4.353967634059127e-06
2024-07-01,-0.9945660811861256,1,0.0,0.997903210119778,0.0020967898801225,0.002679490936573403
2024-07-02,-1.4421428148537023,0,0.998962250804708,0.0010324326225151,5.31657280483658e-06,9.286828452966217e-06
2024-07-03,-1.289729176193376,0,0.9996554355228268,0.000340773808941,3.79066824308372e-06,6.622627157561069e-06
2024-07-04,-1.389564524423915,0,0.9995573033944396,0.0004395322811545,3.1643244959297728e-06,5.527984147327353e-06
2024-07-05,-1.496637412105163,0,0.9995172264671034,0.0004797594872532,3.0140455377999995e-06,5.262587199441833e-06
2024-07-08,-1.448904373928873,0,0.9988623152721096,0.0011331107801056,4.573947716134832e-06,4.395069032732614e-06
2024-07-09,-1.1390543937676618,1,0.0,0.9963724248009233,0.0036275751990073,0.004633048053788817
2024-07-10,-1.3235836558071332,0,0.9993294699748207,0.0006538468686213,1.6683156606714504e-05,2.9132033102668865e-05
2024-07-11,-1.4165494205755853,0,0.9991357845460092,0.0008539872291016,1.0228224999879757e-05,9.89111991079107e-06
2024-07-12,-0.9407859370172376,1,0.0,0.9979127050720578,0.0020872949278599,0.0035908206855931055
2024-07-15,-1.0815548454626909,1,0.0,0.9987899697985908,0.0012100302014234,0.0020859448886984926
2024-07-16,-1.2898786708408616,1,0.0,0.9990529565352496,0.000947043464781,0.0016252139087914476
2024-07-17,-1.3592056541254105,1,0.0,0.9982072026674772,0.0017927973325603,0.0022912112673973907
2024-07-18,-1.499339524449837,0,0.9988874722587284,0.0011023490795478,1.017866164295148e-05,1.776984379383808e-05
2024-07-19,-1.387980532731342,0,0.9990457442902628,0.0009440536608901,1.0202048794558808e-05,9.736668248161702e-06
2024-07-22,-0.9846619280442884,1,0.0,0.9947708719948706,0.0052291280052206,0.006676369423893825
2024-07-23,-1.6164358654320772,0,0.9989185176883102,0.0010689106004466,1.2571711140034564e-05,2.1947725254295664e-05
2024-07-24,-1.432717356531323,0,0.9990928781011498,0.0008913564169052,1.5765482001947963e-05,1.1474880535415483e-05
2024-07-25,-0.7602563340150866,1,0.0,0.9202904552605466,0.079709544739528,0.09969897521927912
2024-07-26,-1.3987712379593031,0,0.9991485948287432,0.0008345302483535,1.6874922935534182e-05,2.947598177168439e-05
2024-07-29,-1.6130859162417217,0,0.9995607903631624,0.0004340774135268,5.132223356799054e-06,8.962084301201953e-06
2024-07-30,-1.5282454129704195,0,0.9990654484201976,0.000923272743864,1.127883584465512e-05,1.0480286716963371e-05
2024-07-31,-1.2090506566794526,1,0.0,0.9882866713845097,0.0117133286154563,0.00308182467127509
2024-08-01,0.508794842369363,2,0.0,4.665698303230233e-24,1.0,1.0
2024-08-02,2.581450977421976,2,0.0,3.9445811322689e-89,1.0,1.0
2024-08-05,4.484966538427127,2,0.0,4.2215841119013197e-134,1.0,1.0
2024-08-06,0.1996178575494556,1,0.0,0.7117974508685446,0.28820254913146,0.09551941675703349
2024-08-07,3.102583921582445,2,0.0,1.2712626970148988e-76,1.0,1.0
2024-08-08,-0.1772534845810879,0,0.999274386148076,0.0005755118703978,0.0001501019815613,0.00026206312150121495
2024-08-09,-0.1234466660228602,0,0.9991567668827503,0.0008180707193859,2.5162397754185807e-05,2.3827692494218497e-05
2024-08-12,0.1466754956417074,1,0.0,0.9929062875651864,0.0070937124347712,0.009051132123516038
2024-08-13,-0.1751347807924349,0,0.9991336949591296,0.0008352360746187,3.106896614430256e-05,5.424133415916026e-05
2024-08-14,-0.0808027414469468,0,0.9991094572254972,0.0008662680418531,2.4274732749398736e-05,2.2293240299276267e-05
2024-08-15,0.3561384552235481,1,0.0,0.9853937604808068,0.0146062395190895,0.022659810844952322
2024-08-16,0.2660285770666127,1,0.0,0.9793123410774992,0.0206876589225536,0.02629782016552383
2024-08-19,-0.1170319689314891,0,0.999056042467247,0.0009160802841748,2.7877248602047213e-05,4.869125106850629e-05
2024-08-20,-0.0585145009449144,0,0.999618331867961,0.0003679059938276,1.3762138151846218e-05,2.4042289565999865e-05
2024-08-21,-0.2427930948577187,0,0.999614019991681,0.0003718121295378,1.41678787956876e-05,2.4748681180915874e-05
2024-08-22,-0.395554400309701,0,0.9996771389807824,0.0002895435474711,3.331747181208003e-05,5.82069906086233e-05
2024-08-23,-0.1034215241607308,0,0.999619509945267,0.0003678842851987,1.2605769621087704e-05,2.2021741315233965e-05
2024-08-26,-0.2954128170533252,0,0.999648054140356,0.0003318516445286,2.009421515596351e-05,3.510439419977775e-05
2024-08-27,-0.2891519523325384,0,0.9996487992592302,0.0003324862827116,1.871445813709588e-05,3.269327547195391e-05
2024-08-28,-0.312995398337918,0,0.999664392211823,0.0003123895893488,2.321819876968613e-05,4.056329651227247e-05
2024-08-29,-0.1168957701299452,0,0.999624523040076,0.0003629459306396,1.2531029366251626e-05,2.1891733050831493e-05
2024-08-30,-0.2483204027953008,0,0.9996511703043632,0.0003315128280428,1.731686757624628e-05,3.023666697335074e-05
2024-09-02,-0.2979075559817873,0,0.9991552273702552,0.0008087938925589,3.5978737098075475e-05,3.3323806011197726e-05
2024-09-03,0.5607457462563216,1,0.0,0.9875032329908257,0.0124967670091924,0.015924351157586343
2024-09-04,-0.0047827164870766,0,0.9980563814832132,0.0018912330038455,5.238551297377038e-05,4.912005855618846e-05
2024-09-05,-0.0541508751755812,1,0.0,0.9904025442769137,0.0095974557231831,0.008882470193588206
2024-09-06,0.6688884990203534,1,0.0,0.8412589139393447,0.1587410860606145,0.19434500267827984
2024-09-09,0.0117960835320055,0,0.99926924783949,0.0006754289619088,5.532319862357927e-05,9.663691265271027e-05
2024-09-10,-0.1709996046644429,0,0.9996220612926012,0.0003654109599454,1.2527747441632796e-05,2.188615962527849e-05
2024-09-11,-0.2222761390939667,0,0.9996116964586674,0.0003761418862168,1.2161655189563405e-05,2.1246585164396593e-05
2024-09-12,-0.2053960979049443,0,0.9996208120469918,0.0003665254949864,1.2662457989122326e-05,2.2110635038171025e-05
2024-09-13,-0.13359285305899,0,0.999152128588325,0.0008190378539782,2.8833557623827535e-05,2.697305409885592e-05
2024-09-16,-0.1975362827973199,1,0.0,0.9899454048568715,0.0100545951431383,0.01687114986940115
2024-09-17,-0.1129268519494542,1,0.0,0.9950295965453404,0.0049704034546974,0.006341477820372638
2024-09-18,-0.4126125337669453,0,0.9978786060974478,0.0018472354028675,0.0002741584996183,5.0765186542250653e-05
2024-09-19,0.99209206181293,2,0.0,5.507611735454523e-07,0.9999994492388092,0.9999990392116446
2024-09-20,0.4547451252003948,2,0.0,0.2119870120620358,0.7880129879380465,0.8261626432865605
2024-09-23,-0.3008626361975172,0,0.9991350871947888,0.000742973153782,0.0001219396514567,0.00021297979565123267
2024-09-24,-0.1558834501956043,0,0.9995991659645694,0.0003876604479351,1.3173587523707876e-05,2.299660936919789e-05
2024-09-25,-0.2921259962112168,0,0.9990415456324953,0.000904921550288,5.353281732806996e-05,2.535913208084458e-05
2024-09-26,0.6081102464343029,1,0.0,0.7519177602285801,0.2480822397713785,0.2965531986872657
2024-09-27,-0.1763561887017695,0,0.9978957931356858,0.0016434124509711,0.0004607944133146,8.584477761116491e-05
2024-09-30,0.7906752577052392,2,0.0,0.0073708884949784,0.9926291115050728,0.9955205194422166
2024-10-01,0.2621378784192972,1,0.0,0.9431599208195784,0.0568400791805041,0.09177284139751424
2024-10-02,-0.0965906381803327,1,0.0,0.9920051951027534,0.0079948048971723,0.0101982803427516
2024-10-03,-0.0809335850058163,0,0.9991572505282412,0.0008122368161141,3.051265570772553e-05,5.326849102215781e-05
2024-10-04,-0.238309538117203,0,0.9990489648132422,0.0009278851677034,2.3150019124508296e-05,2.1697558851623766e-05
2024-10-07,-0.2075558926327313,1,0.0,0.9903992147602442,0.0096007852398071,0.015044066773410046
2024-10-08,0.0855440983264697,1,0.0,0.9812829131419548,0.0187170868580395,0.023806033667021713
2024-10-09,-0.2215857624985568,0,0.9990489030738976,0.0009249698154709,2.61271105587977e-05,4.563363280244426e-05
2024-10-10,-0.3311617470487899,0,0.999592993070628,0.0003938965824975,1.3110346786367929e-05,2.2903448649569523e-05
2024-10-11,-0.2553250957332685,0,0.9996001797247444,0.000387297348649,1.2522926624709476e-05,2.186561159100533e-05
2024-10-14,-0.2126592247920423,0,0.9990317590523268,0.0009445735014799,2.366744622514736e-05,2.2472724516258197e-05
2024-10-15,-0.0803581520082074,1,0.0,0.9935445745462648,0.0064554254536489,0.008238630499918296
2024-10-16,-0.2948848398323784,0,0.9990067666384402,0.0009675951798717,2.56381817346614e-05,4.4779866298646804e-05
2024-10-17,-0.0920899064498449,0,0.9996567080022232,0.0003261742847988,1.7117712995726498e-05,2.9888087099505352e-05
2024-10-18,-0.3585251459973625,0,0.9990229077966966,0.0009508466864493,2.6245516767320745e-05,2.5052849902584945e-05
2024-10-21,-0.0080684675700178,1,0.0,0.9948131931464652,0.0051868068535978,0.007598606339581796
2024-10-22,0.0515248359443484,1,0.0,0.9671711802312508,0.0328288197688414,0.0415913239758157
2024-10-23,-0.3680193677545145,0,0.9990224499486272,0.0009438307917583,3.371925959344782e-05,5.888847162243767e-05
2024-10-24,-0.5080581150768245,0,0.9996480701600128,0.0003223033549816,2.9626484956697213e-05,5.175851512960023e-05
2024-10-25,-0.4824445861971576,0,0.9996238917608816,0.0003638280720936,1.2280167018401889e-05,2.1458654630225495e-05
2024-10-28,-0.8202859247668386,0,0.9998001736259932,0.0001986745133254,1.1518606558978304e-06,2.012424899642217e-06
2024-10-29,-0.760749321872441,0,0.9995026511568844,0.0004943501860998,2.99865706330506e-06,2.921106865890219e-06
2024-10-30,-0.2060660457365563,1,0.0,0.999670258385173,0.0003297416147673,0.0005714311672263198
2024-10-31,-0.6076657906255242,1,0.0,0.9998796765656645,0.0001203234342548,0.00020849432908856148
2024-11-01,-0.5438660524545798,1,0.0,0.9998337620481532,0.0001662379519167,0.0002876354028876172
2024-11-04,-0.5450083172672793,1,0.0,0.9995814527579484,0.0004185472419992,0.0005350992189559712
2024-11-05,-0.9329829064753792,0,0.9991025011018294,0.0008952615234632,2.237374679280436e-06,1.3986855757132847e-06
2024-11-06,0.3263446775004944,1,0.0,0.8687431668595794,0.1312568331405095,0.20530383187322002
2024-11-07,-0.2656282436991347,1,0.0,0.9955821883428548,0.0044178116570463,0.005640938171094937
2024-11-08,-0.93580571503224,0,0.999678481639578,0.0003211156990018,4.026614668969448e-07,7.036194411357965e-07
2024-11-11,-0.7843914169258958,0,0.9997790664819374,0.0002186191489619,2.314369179868716e-06,4.2824748734424687e-07
2024-11-12,1.5704728938970804,2,0.0,5.610275437181815e-37,1.0,1.0
2024-11-13,-0.9889417583823557,0,0.99945200897473,0.0005452412105619,2.7498146117518587e-06,2.6683620930155098e-06
2024-11-14,0.0400298729643578,1,0.0,0.9987567778588984,0.0012432221411013,0.002141842760428893
2024-11-15,-0.1508105733780432,1,0.0,0.9989463692892698,0.0010536307108218,0.0018212510597349918
2024-11-18,-0.7479312362068515,1,0.0,0.9995178629707804,0.0004821370291415,0.00012592381405927236
2024-11-19,0.4013311938742252,2,0.0,0.0011686452580952,0.9988313547418672,0.9990856547080523
2024-11-20,-0.9304808354651828,0,0.9997243806985128,0.0002723316091871,3.2876923030139693e-06,5.744353188938893e-06
2024-11-21,-0.8937006851668,0,0.9996070411168289,0.0003919950816993,9.63801558747562e-07,9.101185332781883e-07
2024-11-22,-0.2634699574987208,1,0.0,0.9922733947941608,0.0077266052057534,0.009858190818639222
2024-11-25,-1.097889338580759,0,0.999081405043322,0.000915933716379,2.661240231070434e-06,2.5936958714018843e-06
2024-11-26,-0.6815490498300499,1,0.0,0.9997426945466767,0.0002573054532738,0.0003289724829442787
2024-11-27,-1.0333028786341212,0,0.999104887372386,0.0008937166673402,1.3959602850173065e-06,1.3607373507417765e-06
2024-11-28,-0.8463414567018567,1,0.0,0.9997807388152812,0.0002192611848258,0.000379970187744068
2024-11-29,-0.919123006748346,1,0.0,0.999864401734579,0.0001355982653305,0.00023173434223740518
2024-12-02,-0.4276586311426418,1,0.0,0.9973657248575364,0.0026342751423624,0.004558059911224972
2024-12-03,-0.8482052611106066,1,0.0,0.9999038641858268,9.613581417493673e-05,0.0001665105630197469
2024-12-04,-0.706897214494895,1,0.0,0.999754110270854,0.0002458897291455,0.00031436297751635096
2024-12-05,-1.0382384481905462,0,0.9992858526069064,0.0007125925715989,1.554821527386499e-06,1.5158156493586254e-06
2024-12-06,-0.7777241965973584,1,0.0,0.9998341579898086,0.0001658420103006,0.00028733442743910867
2024-12-09,-1.056264044845202,1,0.0,0.9998188410814872,0.0001811589186099,0.0002315867111225773
2024-12-10,-1.2364325382154335,0,0.9996954256659994,0.0003040518076683,5.225263074510141e-07,9.131689747719747e-07
2024-12-11,-1.2867234157076013,0,0.9998825180299096,0.0001172749730652,2.0699701589411386e-07,3.6177989260333144e-07
2024-12-12,-1.4266786001188672,0,0.999903841374028,9.599666313676084e-05,1.6196292458685658e-07,2.8307677128438745e-07
2024-12-13,-1.4828652417245145,0,0.999917594817484,8.228703523343892e-05,1.1814738018419501e-07,2.0647665384312417e-07
2024-12-16,-1.188987773453583,0,0.9997900885681938,0.0002097587366841,1.52695184897666e-07,1.4890800263094966e-07
2024-12-17,-0.7576545278491157,1,0.0,0.9999541271926268,4.587280730794121e-05,7.92486959047701e-05
2024-12-18,-1.2221762503889873,1,0.0,0.9992899327709656,0.0007100672290232,0.00018544781009588107
2024-12-19,-0.145826938088264,2,0.0,0.0009293792090879,0.99907062079082,0.9994408283015832
2024-12-20,-1.6745954158888752,1,0.0,0.9512629587523248,0.0487370412477793,0.061475045283221084
2024-12-23,-2.1760057486524267,0,0.9992536980826372,0.0007242960561683,2.2005861303765204e-05,3.844010962494263e-05
2024-12-24,-2.312510096369672,0,0.999691015958776,0.0002915801435646,1.7403897559525726e-05,3.0400977906260635e-05
2024-12-25,-2.360496139955517,0,0.9997291010354772,0.000226817055923,4.408190860812984e-05,7.696499208620457e-05
2024-12-26,-2.3239138884055497,0,0.9994301237056809,0.0004935022455718,7.637404865975e-05,7.359617958902128e-05
2024-12-27,-1.69348662893759,1,0.0,0.9971118332679162,0.0028881667321786,0.0036894752038885495
2024-12-30,-1.9945430067780945,0,0.9993363975851166,0.0006488802567866,1.4722158138201563e-05,2.5719993038732914e-05
2024-12-31,-2.0678372450199216,0,0.9997258058154296,0.0002648697920453,9.324392453400316e-06,1.6282514687733088e-05
2025-01-01,-2.25217844553079,0,0.9995029878619156,0.0004320633646251,6.494877353867799e-05,6.276535160790962e-05
2025-01-02,-1.2358440071065642,1,0.0,0.9977940700786848,0.0022059299212732,0.003745629317717996
2025-01-03,-1.4327672943739118,1,0.0,0.9964231918653708,0.0035768081345918,0.004400684582277501
2025-01-06,-1.231448508951772,1,0.0,0.9267116830832788,0.0732883169166443,0.09183319978366788
2025-01-07,-1.7536108742214265,0,0.9987036194102964,0.0012622141142157,3.41664755425501e-05,3.269262982304896e-05
2025-01-08,-1.5274322873009347,1,0.0,0.9953573093751226,0.0046426906247987,0.007907227046634751
2025-01-09,-1.7066652921729637,1,0.0,0.99725877817917,0.002741221820925,0.003582207498920329
2025-01-10,-1.158463625536144,1,0.0,0.9416285900235696,0.0583714099763773,0.07343072850908816
2025-01-13,-1.828070886648606,0,0.9994135938054046,0.0005659472779483,2.0458916642015665e-05,3.5728812082127544e-05
2025-01-14,-1.986811872004207,0,0.999269430914921,0.0007157727654958,1.4796319596886318e-05,1.3896517668127174e-05
2025-01-15,-1.0633962506309735,1,0.0,0.9909222457304456,0.0090777542696632,0.015306264736393353
2025-01-16,-1.554425055925901,1,0.0,0.99586380998866,0.0041361900113062,0.0069013366429207645
2025-01-17,-1.373340602335665,1,0.0,0.9933608048032544,0.0066391951968202,0.008472730927956255
2025-01-20,-1.9562352692215943,0,0.9991560388614296,0.0008279825413482,1.5978597183173377e-05,2.7912402861699115e-05
2025-01-21,-1.887512231757576,0,0.9996766520205408,0.0003155187777641,7.829201644366017e-06,1.3679635205255908e-05
2025-01-22,-1.8603743275962088,0,0.9997201212505132,0.0002718603303091,8.018419069675995e-06,1.4010806063893867e-05
2025-01-23,-1.7746870561174872,0,0.9997676600918786,0.0002225497327785,9.79017536278546e-06,1.7106468730943994e-05
2025-01-24,-1.9757005019566312,0,0.9997137364033324,0.000278514326778,7.749269888224933e-06,1.3539755695985117e-05
2025-01-27,-2.087013787523827,0,0.9996976344448468,0.0002927866621763,9.578893024627403e-06,1.6736881020355794e-05
2025-01-28,-1.963682096409476,0,0.999714476060064,0.0002778237789916,7.700161044496263e-06,1.3448935394516398e-05
2025-01-29,-1.9577981732705927,0,0.999272306382546,0.0007133092226996,1.438439469064651e-05,1.3796377383959396e-05
2025-01-30,-1.3815644295413056,1,0.0,0.995976711703882,0.0040232882960715,0.005138499469701395
2025-01-31,-2.0648211347975205,0,0.998165314393449,0.0017729367263888,6.174888019164325e-05,3.5215029823081024e-05
2025-02-03,-0.5858093914059137,1,0.0,0.8334525118255302,0.1665474881745054,0.20349100717793342
2025-02-04,-1.7357764674537854,0,0.9992912829364444,0.0006831336980094,2.5583365645075116e-05,4.4657915496878396e-05
2025-02-05,-1.8237120711610453,0,0.9993233230361498,0.0006036011388056,7.30758251447251e-05,1.3944263694816177e-05
2025-02-06,-0.2584241956739814,2,0.0,0.0371820769718277,0.9628179230282088,0.9779474695617205
2025-02-07,-1.3561036954403796,1,0.0,0.9855432887972654,0.0144567112027493,0.018408583299723797
2025-02-10,-1.5274666747270085,0,0.9992863192947024,0.0006973899182655,1.6290786981396535e-05,2.845046886607332e-05
2025-02-11,-1.7086291692027342,0,0.9993361057831532,0.0006515201264414,1.2374090478483831e-05,1.1493459673546046e-05
2025-02-12,-1.4070248954109386,1,0.0,0.9882180807145426,0.0117819192854083,0.0034111479404669402
2025-02-13,-0.6149443568617108,2,0.0,0.1066233805536672,0.893376619446224,0.9146350485409255
2025-02-14,-1.703891137328732,0,0.9986533368748997,0.0012386528632324,0.0001080102619534,0.00010449645528380539
2025-02-17,-1.454198889126438,1,0.0,0.9979755521657776,0.0020244478342291,0.0033560210373630717
2025-02-18,-1.3838512163389387,1,0.0,0.991959801241436,0.0080401987586248,0.0023998742922906285
2025-02-19,-0.5573303031955971,2,0.0,0.1416956474968052,0.858304352503285,0.8856590779223947
2025-02-20,-1.7206672280952584,0,0.9987178044185856,0.0011871638693107,9.503171215838896e-05,9.056576546896847e-05
2025-02-21,-1.3415084199937923,1,0.0,0.9943967185364956,0.0056032814634093,0.007897452150076988
2025-02-24,-0.95920833495891,1,0.0,0.9586782132880624,0.0413217867119227,0.052216301999529216
2025-02-25,-1.6472448895837664,0,0.9987921387539852,0.0010866690280094,0.0001211922181035,2.2434369587035315e-05
2025-02-26,-0.299938621477827,2,0.0,7.183195338838912e-05,0.9999281680466376,0.999958148107421
2025-02-27,-1.2634898066008944,1,0.0,0.9876692772271828,0.0123307227729123,0.020843480063268516
2025-02-28,-1.3607672515631004,1,0.0,0.9967293117036956,0.0032706882963886,0.0027997299859281025
2025-03-03,-0.8565860456173986,1,0.0,0.8168294495909904,0.1831705504090611,0.055257200464469795
2025-03-04,3.217571184040599,2,0.0,7.491318902640074e-117,1.0,1.0
2025-03-05,1.9029837924105928,2,0.0,4.0232739941545136e-40,1.0,1.0
2025-03-06,-0.5883329208883479,1,0.0,0.9823825937460482,0.0176174062538819,0.025346819660219105
2025-03-07,-0.5625869073788268,1,0.0,0.962500215269262,0.037499784730704,0.01011407351196856
2025-03-10,0.1597454338314471,2,0.0,0.0061806681275029,0.9938193318724564,0.9768279984410823
2025-03-11,0.2731293351058368,2,0.0,0.0009433688515151,0.9990566311484936,0.9965035308394644
2025-03-12,0.1732425797285063,2,0.0,0.0056544405428967,0.9943455594570446,0.9966790050004508
2025-03-13,-0.7325443254857285,1,0.0,0.98113775157222,0.0188622484278808,0.026885701955185647
2025-03-14,0.0659864945565407,1,0.0,0.9602542303518004,0.0397457696482409,0.050268279033322594
2025-03-17,-0.660338688247009,0,0.9980427354275356,0.0019069889653771,5.027560718056269e-05,4.84402496248218e-05
2025-03-18,-0.6000833907747105,1,0.0,0.9969336074277256,0.0030663925722057,0.0039173084732208605
2025-03-19,-1.0210896506828306,0,0.9989011510967816,0.0010783054005636,2.054350270505392e-05,3.586079033452969e-05
2025-03-20,-0.8363792290348742,0,0.9989536791664116,0.0010311441873476,1.517664632636161e-05,1.4601925234492525e-05
2025-03-21,-0.6072261056916368,1,0.0,0.9966888990612648,0.0033111009387023,0.004229669283747463
2025-03-24,-0.8900575955858905,0,0.9989260915032218,0.0010569351312893,1.6973365387530665e-05,2.9645189309802224e-05
2025-03-25,-0.8256584626970154,0,0.9995801534316496,0.0004112579863144,8.588581963787688e-06,1.5004559382167178e-05
2025-03-26,-0.7292681738095219,0,0.9996355591122222,0.0003531906773134,1.1250210428250238e-05,1.964213507095872e-05
2025-03-27,-1.0028505683573403,0,0.9989123662764892,0.0010662039634829,2.142976013133788e-05,1.7720077219318376e-05
2025-03-28,-0.3342904450787725,1,0.0,0.9578563696541216,0.042143630345823,0.011345589984915727
2025-03-31,1.325202539304869,2,0.0,2.4877378698334157e-16,1.0,0.9999999999999998
2025-04-01,-0.2651350721235532,0,0.9992494893759964,0.0003174428904036,0.0004330677336125,0.0007557049544083035
2025-04-02,-0.7436254034374169,0,0.9990554588206428,0.0008776956195964,6.68455598702788e-05,1.2372025164138932e-05
2025-04-03,2.9257343256180466,2,0.0,5.643953997716546e-51,1.0,1.0
2025-04-04,7.690629981022679,2,0.0,4.392450873914908e-181,1.0,1.0
2025-04-07,6.864349607053674,2,0.0,6.96297486444955e-125,1.0,1.0
2025-04-08,6.386010675789047,2,0.0,8.645744241435131e-157,1.0,1.0
2025-04-09,6.336363179511604,2,0.0,8.14985383567086e-139,1.0,1.0
2025-04-10,6.877892694390445,2,0.0,1.3684622542720325e-138,1.0,1.0
2025-04-11,1.804010743142232,2,0.0,0.1774757253977419,0.8225242746022703,0.5472690987586973
2025-04-14,5.097516211626687,2,0.0,8.329858983970126e-80,1.0,1.0
2025-04-15,3.39993962647658,2,0.0,4.74166870043261e-14,1.0,0.9999999999999629
2025-04-16,1.493498362011041,0,0.9988827099915532,0.0002002980490546,0.0009169919593186,0.001600375329356769
2025-04-17,1.5382224211819224,0,0.9997959239602208,0.0001199491726697,8.412686715761081e-05,0.00014500610888999103
2025-04-18,1.2037703969747264,0,0.9983105247091496,3.464210383389711e-05,0.0016548331870436,0.0028491991731647553
2025-04-21,1.2102281355492144,0,0.9982884278529108,3.437712201384965e-05,0.0016771950251239,0.002911226629564037
2025-04-22,1.9252822550407376,0,0.999063521298343,0.0002696707874569,0.0006668079142152,0.00012345893419833166
2025-04-23,3.209811464077733,2,0.0,5.077393064078102e-05,0.999949226069306,0.9999602563984047
2025-04-24,1.566075640218474,0,0.9989472182833088,0.000200537818893,0.0008522438977364,0.0014877680396054914
2025-04-25,1.7171047826999126,0,0.9998034073927164,0.0001403210709939,5.627153636184812e-05,9.810457027175681e-05
2025-04-28,1.5218664992861384,0,0.999474845353534,0.0002505040602845,0.000274650586219,0.00018158388457062823
2025-04-29,1.9410801773762083,1,0.0,0.8886070021405444,0.1113929978595383,0.13807498822986608
2025-04-30,1.8110717424097047,0,0.9994744545694418,0.0003665793583697,0.0001589660720904,0.00024777980781120633
2025-05-01,1.200351327059224,0,0.985571393166576,6.695087186610522e-05,0.0143616559615413,0.0026890891687845826
2025-05-02,2.9958618511700346,2,0.0,0.0001273858759325,0.9998726141241004,0.9998903427329123
2025-05-05,1.86752497724436,1,0.0,0.61131991168407,0.3886800883159447,0.44828047199376586
2025-05-06,1.6001170888634983,0,0.999425396553493,0.0003155886193481,0.0002590148271326,0.00045237827623219936
2025-05-07,1.7193511220477866,0,0.9997976109705288,0.000156618528273,4.5770501215928594e-05,7.985674403752e-05
2025-05-08,1.7713532834377366,0,0.9994607877019293,0.000363968307193,0.0001752439908159,8.048030299782953e-05
2025-05-09,1.991935930315063,1,0.0,0.7367369651832134,0.2632630348167559,0.09280893064193349
2025-05-12,2.6106871985568665,2,0.0,0.0816892620316531,0.9183107379682496,0.9349078385436826
2025-05-13,1.4649994382906395,0,0.9990699927200332,0.000225531275782,0.0007044760042922,0.0012284984555596527
2025-05-14,1.511187364213829,0,0.9995099448971896,0.0003105487572155,0.0001795063456888,0.00012260498427732269
2025-05-15,1.8267602537346888,1,0.0,0.8997010369261935,0.1002989630737378,0.12179547366309192
2025-05-16,1.9038361652138256,1,0.0,0.903833630493743,0.0961663695061969,0.10731976867623197
2025-05-19,1.737620939049067,1,0.0,0.8749467090529208,0.1250532909470815,0.15444857175479282
2025-05-20,1.6906430618393151,0,0.9994697201422768,0.000391630395428,0.0001386494622052,0.00024214729930049263
2025-05-21,1.468835004207668,0,0.9997936941481232,0.0001481434890136,5.816236285192434e-05,0.00010151548894174165
2025-05-22,1.6629252251794473,0,0.999475964092157,0.0003975527026642,0.0001264832052225,8.265108807678296e-05
2025-05-23,2.009534682364081,1,0.0,0.8845822006295445,0.1154177993704222,0.107279134477507
2025-05-26,2.1426615231688046,1,0.0,0.7979961131165817,0.2020038868834679,0.20061031200468493
2025-05-27,1.6211985569646594,1,0.0,0.7922552720621822,0.2077447279379237,0.25100480297958205
2025-05-28,1.5065497811739557,0,0.9994526275137297,0.0003865050053229,0.0001608674810419,0.000280907175701949
2025-05-29,1.356646709982117,0,0.9997894515131178,0.0001345710273124,7.597745963190225e-05,0.0001327056058358487
2025-05-30,1.4042306910563078,0,0.999791681181176,0.0001449275284404,6.339129028136839e-05,0.00011071639604222251
2025-06-02,1.3727173879122558,0,0.9997906863458196,0.0001386264981385,7.068715609489059e-05,0.00012342911912174633
2025-06-03,1.312295717278423,0,0.9997800675278076,0.0001190434966487,0.0001008889754796,0.0001762270457479896
2025-06-04,1.4838395002784517,0,0.9997921923717972,0.0001533758963753,5.443173186998233e-05,9.507709821622564e-05
2025-06-05,1.4607397493820096,0,0.9997933320300612,0.0001477180665947,5.894990342290706e-05,0.00010294125743070107
2025-06-06,1.3450204278058484,0,0.999785053779434,0.0001216550581106,9.329116256888778e-05,0.0001628077684071479
2025-06-09,1.2561484820838529,0,0.9997363323814904,9.55653921539104e-05,0.0001681022263983,0.0002936365702969931
2025-06-10,1.5985211482886776,0,0.9997842418328556,0.0001699233159372,4.583485109576884e-05,8.003972126156988e-05
2025-06-11,1.3390571726534244,0,0.9997847738353444,0.0001227742805291,9.245188422295508e-05,0.00016148229732613537
2025-06-12,1.4381893088678188,0,0.9997928319633108,0.0001460938608608,6.107417579210378e-05,0.00010664856685433883
2025-06-13,1.830860675362283,0,0.999770149348958,0.0001355296008535,9.432105019260302e-05,0.00016476501126073875
2025-07-02,1.551492327932594,0,0.9997848646347596,0.0001699049166511,4.52304486656431e-05,7.90115883060347e-05
2025-07-03,1.6291286470796282,0,0.9997827747281328,0.0001701473791904,4.707789257410414e-05,8.223107522782068e-05
2025-07-04,1.4217622749407537,0,0.9997924356158756,0.0001473478896298,6.021649448797575e-05,0.00010516758782890281
2025-07-07,1.356257158210162,0,0.9997902458766248,0.0001341289851875,7.562513829910145e-05,0.00013209045516397123
2025-07-08,1.4102922327118792,0,0.999793060250135,0.0001435775540471,6.336219577087832e-05,0.0001106810529220538
2025-07-09,1.6793369467638315,0,0.9997822699951512,0.0001661356348015,5.159437008050129e-05,9.006818922629082e-05
2025-07-10,1.5723484711907356,0,0.9994815775907634,0.0004153494308924,0.0001030729783834,7.792774014667922e-05
2025-07-11,1.8109763440484377,1,0.0,0.9320241103581444,0.0679758896419339,0.08525102416989215
2025-07-14,1.338664169165999,0,0.9994941114691656,0.0003472382933173,0.0001586502375511,0.0002770693607534653
2025-07-15,1.0804815553599556,0,0.999520990120594,0.0004447721540259,3.423772533444679e-05,3.254991783459547e-05
2025-07-16,1.053822470876562,1,0.0,0.9938953345396946,0.0061046654603516,0.007791172907135316
2025-07-17,1.046216944455541,0,0.9996402998336026,0.0003571070911815,2.5930751362874527e-06,4.53164164826686e-06
2025-07-18,0.3522830337087164,0,0.9999000124990292,9.995779614218616e-05,2.9704763958731537e-08,5.1917665957360336e-08
2025-07-21,-0.0821550424251879,0,0.9999194178085647,8.058214249709856e-05,4.8970212856934615e-11,4.7762283486845775e-11
2025-07-22,0.2198883080474639,1,0.0,0.999999928522814,7.147718195753507e-08,9.137250675468579e-08
2025-07-23,0.0406297581666311,0,0.9999461061728177,5.389382340958903e-05,3.848675613438005e-12,6.727136663440307e-12
2025-07-24,-0.1453849380734696,0,0.999984928389613,1.507161032613704e-05,1.5635933793790784e-13,2.733062894324422e-13
2025-07-25,-0.4022268119211647,0,0.9999868677317044,1.3132267924398188e-05,4.690878002559494e-13,8.199353794385329e-13
2025-07-28,-0.2267977201073707,0,0.9999850524946688,1.4947505152217812e-05,1.628940333116854e-13,2.8472368095043953e-13
2025-07-29,-0.0992043559902833,0,0.9999653294290496,3.467057080777659e-05,2.295573829805384e-13,2.2389054729709125e-13
2025-07-30,-0.1503063123186285,1,0.0,0.9999999990438936,9.56027885056145e-10,1.2221405418499673e-09
2025-07-31,-0.0969968794050285,0,0.9999245286596984,7.547134008819796e-05,3.0866223567700137e-13,2.9981345863955696e-13
2025-08-01,1.535935891469883,1,0.0,0.9990359398682308,0.0009640601318652,0.0016710385140587657
2025-08-04,0.3785668451080394,1,0.0,0.999999996862698,3.137384795154096e-09,4.010651938489521e-09
2025-08-05,-0.2436266189178958,0,0.9999543348755584,4.56651224060402e-05,1.93596134938033e-12,3.383803436317067e-12
2025-08-06,-0.1898266083070284,0,0.9999505942248196,4.940577341509648e-05,1.841695926692936e-12,1.7962435214389724e-12
2025-08-07,0.4604913409908223,1,0.0,0.9999999952760844,4.723887264009021e-09,6.038758895815071e-09
2025-08-08,-0.1605592268954611,0,0.9999457588341988,5.424116227699709e-05,3.509591463191331e-12,6.134415722404903e-12
2025-08-11,-0.2127717680915835,0,0.9999783936445044,2.160635355374263e-05,2.0391505002241318e-12,3.5642878673282766e-12
2025-08-12,-0.3301970868517636,0,0.9999831805016812,1.6819496754454065e-05,1.5311816706162058e-12,2.676394452715265e-12
2025-08-13,-0.129123073169459,0,0.9999806915406776,1.930845878661954e-05,6.188306614572581e-13,1.0816713232259552e-12
2025-08-14,-0.0781834823918006,0,0.9999821156723928,1.7884327339283832e-05,3.5209028864526213e-13,6.154297230885442e-13
2025-08-15,-0.2835498658878295,0,0.9999841540832598,1.5845915951788356e-05,7.922241963164688e-13,1.3847498477632251e-12
2025-08-18,-0.05548666702513,0,0.9999797286572292,2.027134199150126e-05,6.893565310972369e-13,1.2049448346116655e-12
2025-08-19,0.0699622244508455,0,0.999981915209496,1.8084789939451204e-05,6.174937794930052e-13,1.0793372301964578e-12
2025-08-20,-0.2263897164869273,0,0.9999846828622886,1.5317137543489784e-05,2.10469861607925e-13,3.678821625742488e-13
2025-08-21,-0.2966258520559923,0,0.9999666703363064,3.332966325389271e-05,3.941560787666565e-13,3.84425747651372e-13
2025-08-22,0.2061135753499661,1,0.0,0.9999999995307008,4.693642094882651e-10,6.000065408302669e-10
2025-08-25,-0.2190238820038278,0,0.9999645943243368,3.540567532358859e-05,2.555391256009426e-13,4.4666239335987605e-13
2025-08-26,-0.0029658344949849,0,0.9999851967322436,1.4803267489892622e-05,2.9848604619634416e-13,5.217328787815848e-13
2025-08-27,-0.1193081129571355,0,0.9999820047330826,1.7995266502359768e-05,3.9221160917503724e-13,6.855585457964369e-13
2025-08-28,-0.2391957063574122,0,0.9999832863673632,1.6713632211121623e-05,3.778840810777605e-13,6.605145591827065e-13
2025-08-29,-0.0382458522255956,0,0.999981800534754,1.819946477049956e-05,5.057797974593089e-13,8.84050150778403e-13
2025-09-01,-0.2438048626295711,0,0.9999581502057682,4.184979339265235e-05,9.192954667274456e-13,8.966046089351871e-13
2025-09-02,0.749737442955915,1,0.0,0.9999999940496308,5.950290791393221e-09,7.606497917519123e-09
2025-09-03,-0.0853883121225513,0,0.999959810006666,4.018999289474934e-05,5.336869267008321e-13,9.328410069794805e-13
2025-09-04,-0.1083160594106497,0,0.9999847423180044,1.5257681927984964e-05,1.7713068336240238e-13,3.0961132429174017e-13
2025-09-05,-0.246662906579547,0,0.9999789193205398,2.1080677734491146e-05,1.7851713078667218e-12,3.120171172374514e-12
2025-09-08,-0.7399505551235886,0,0.9999106947171204,8.926998125424167e-05,3.530164120103533e-08,6.169864351153445e-08
2025-09-09,-1.0262474906308048,0,0.9998912836544324,0.0001086076295885,1.087159132527993e-07,1.900019932539833e-07
2025-09-10,-1.0174802050136318,0,0.9998573350934712,0.0001422853801662,3.795264219974032e-07,6.632463658956099e-07
2025-09-11,-1.2408981709372071,0,0.9997940761112682,0.0002040486006135,1.8752880847882896e-06,3.2769393361256064e-06
2025-09-12,-1.456182047540127,0,0.9997549181098768,0.0002405964125607,4.4854776455233696e-06,7.838051563937478e-06
2025-09-15,-1.3557030736505895,0,0.9997609785025424,0.0002356178014938,3.4036960335056105e-06,5.94584255437597e-06
2025-09-16,-0.9297231900372528,0,0.999845967020686,0.0001003265375012,5.370644187399908e-05,9.379100553657602e-05
2025-09-17,-1.5956603453238314,0,0.9991112147162776,0.000871032642328,1.7752641424282394e-05,1.709699226782381e-05
2025-09-18,-1.2552457489586837,1,0.0,0.9969361596521884,0.0030638403477915,0.00391376422016566
2025-09-19,-1.659684927239503,0,0.9991385237642298,0.0008382596987367,2.3216536953562057e-05,4.05535297007666e-05
2025-09-22,-1.636395441213705,0,0.9996243727720632,0.0003661556433133,9.471584542193911e-06,1.654875137570791e-05
2025-09-23,-1.4827674260598434,0,0.9997270207756828,0.0002624849219873,1.0494302240146029e-05,1.833533503154222e-05
2025-09-24,-1.6986269323345873,0,0.9996385454083716,0.0003530442398086,8.410351896922337e-06,1.4694171102180823e-05
2025-09-25,-1.7368750047043346,0,0.999653033348875,0.000339878575944,7.088075157363291e-06,1.2379652730920253e-05
2025-09-26,-1.5980015622370751,0,0.999296611293103,0.0006869997454263,1.6388961385073787e-05,1.5672938125272474e-05
2025-09-29,-1.6859503133657163,1,0.0,0.9952795240995812,0.0047204759004893,0.006029182032735093
2025-09-30,-1.7958041863124636,0,0.997837537835489,0.0021369849946131,2.5477169804583223e-05,2.451023982209345e-05
2025-10-01,-1.3478371300616256,1,0.0,0.9965537818501216,0.0034462181498167,0.004401998996693218
2025-10-02,-1.7641553495917686,0,0.9990800388191994,0.0009069373080229,1.3023872805347989e-05,2.274935863389853e-05
2025-10-03,-1.809144830103076,0,0.9995973846640518,0.0003975571566973,5.0581793183594815e-06,8.837275712199826e-06
2025-10-06,-1.909874717635743,0,0.9996058977391294,0.0003916610994788,2.441161297003939e-06,4.2650146086347295e-06
2025-10-07,-1.933126051040967,0,0.9996002450676328,0.000397319489859,2.4354425524427503e-06,4.255128845026196e-06
2025-10-08,-1.8234305004967228,0,0.9996368753580404,0.0003604171836422,2.707458362323559e-06,4.728029184479278e-06
2025-10-09,-1.9616408294031729,0,0.9990154257806058,0.0009792030631319,5.371156299695373e-06,5.186441510802645e-06
2025-10-10,-1.4059803575891552,1,0.0,0.997549683187236,0.0024503168127819,0.0031308941749325497
2025-10-13,-1.885405488295972,0,0.999037326071417,0.0009573891218581,5.284806813293879e-06,9.230954886680226e-06
2025-10-14,-1.9974826434302424,0,0.9995515084213276,0.0004463638880732,2.127690565211748e-06,3.7168806454275385e-06
2025-10-15,-1.865751651990116,0,0.9994814365353708,0.0005147692884207,3.7941762361949855e-06,3.79417623619488e-06
