date,tci_w60,tci_w100,tci_w150,tci_w200
2017-03-24,69.31956261831833,,,
2017-03-27,69.94659749095192,,,
2017-03-28,70.32216502494902,,,
2017-03-29,70.61255229098713,,,
2017-03-30,69.07656063844921,,,
2017-03-31,68.85229584775298,,,
2017-04-03,69.18892269882708,,,
2017-04-04,68.75022293149338,,,
2017-04-05,69.58346606589217,,,
2017-04-06,69.88271144072526,,,
2017-04-07,70.09933579762645,,,
2017-04-10,70.7657547164484,,,
2017-04-11,71.00980828794793,,,
2017-04-12,71.95401858230068,,,
2017-04-13,72.44748906506277,,,
2017-04-14,73.00740981352546,,,
2017-04-17,74.15474861069849,,,
2017-04-18,75.77271861925743,,,
2017-04-19,74.09823853761027,,,
2017-04-20,73.86588219034704,,,
2017-04-21,72.3571917992996,,,
2017-04-24,82.11538358495348,,,
2017-04-25,78.61725756784845,,,
2017-04-26,77.8923886262892,,,
2017-04-27,77.69707171349587,,,
2017-04-28,77.55315027955125,,,
2017-05-01,77.74292563919758,,,
2017-05-02,77.54010052941979,,,
2017-05-03,77.49062522898497,,,
2017-05-04,77.34871719002318,,,
2017-05-05,76.95776633866359,,,
2017-05-08,76.30693721663867,,,
2017-05-09,76.46991965146063,,,
2017-05-10,76.30439880586933,,,
2017-05-11,76.09126655462542,,,
2017-05-12,76.15392187897963,,,
2017-05-15,76.09326098526829,,,
2017-05-16,76.41721445978227,,,
2017-05-17,76.08524445844782,,,
2017-05-18,76.37605675186109,,,
2017-05-19,76.4882097491849,68.65096020732734,,
2017-05-22,77.30456473474973,68.93337094303949,,
2017-05-23,74.67398681756748,68.67693408692452,,
2017-05-24,74.23557997320849,68.25395338239231,,
2017-05-25,74.34896288739624,67.8750089898686,,
2017-05-26,73.95382717073038,67.79061510651874,,
2017-05-29,75.28505402934734,67.8558479560631,,
2017-05-30,74.7732590949572,67.80268244347788,,
2017-05-31,74.41294987226551,67.79240213802203,,
2017-06-01,73.9969054200427,67.74254886209044,,
2017-06-02,74.58616020990021,67.87232234187928,,
2017-06-05,74.12729224077027,68.14295356539078,,
2017-06-06,74.23382685646833,68.10099325034719,,
2017-06-07,73.33729867405366,68.27245662471275,,
2017-06-08,72.79128219015666,68.28765510196394,,
2017-06-09,72.73065520206241,68.13576700142765,,
2017-06-12,72.28785427835966,68.29790387493102,,
2017-06-13,72.56594695169154,68.43556554090571,,
2017-06-14,72.98628059659501,68.59932559339474,,
2017-06-15,73.33632331012774,68.98822082510058,,
2017-06-16,73.28668196306823,68.30570005205294,,
2017-06-19,73.52240164018173,68.91089606932947,,
2017-06-20,74.10607396985579,68.9805846706458,,
2017-06-21,74.05688617270535,68.72355719753577,,
2017-06-22,74.46815447797597,68.73213683721954,,
2017-06-23,74.01427971452748,68.52947284321945,,
2017-06-26,74.09794806554301,68.3425190219067,,
2017-06-27,74.18563046287777,68.18474684357669,,
2017-06-28,73.92874330500898,67.81465891978868,,
2017-06-29,74.82149979852669,68.80813132928368,,
2017-06-30,73.5867324726014,67.8379427119217,,
2017-07-03,73.1623226577093,67.78179366346136,,
2017-07-04,73.13983907699694,67.91372852837472,,
2017-07-05,72.99858834369459,67.39531916481293,,
2017-07-06,72.83349606054965,67.42611231614922,,
2017-07-07,72.26548596520085,67.85376391087887,,
2017-07-10,72.24403938467621,67.64060309056534,,
2017-07-11,72.74257209790402,67.71512071314346,,
2017-07-12,73.21609292400602,67.59079206312978,,
2017-07-13,73.24125447452975,67.22917802248048,,
2017-07-14,66.88286945075255,67.6131583119982,,
2017-07-17,67.4324404787184,67.92394413479347,,
2017-07-18,68.40942494366658,65.13120233987254,,
2017-07-19,67.66487814382742,64.98345206027845,,
2017-07-20,67.20927125803891,64.9438778705069,,
2017-07-21,67.11819504792477,64.98237672685757,,
2017-07-24,68.07402572472279,65.07163215041247,,
2017-07-25,68.29783217057735,65.03072888273996,,
2017-07-26,66.36961514710421,65.26136553386979,,
2017-07-27,67.07561007270591,65.27602925594805,,
2017-07-28,68.87241137873235,65.280738779919,63.211593417730604,
2017-07-31,68.98826313489639,65.59670340698457,63.537284517531354,
2017-08-01,68.96454994173517,65.6829253655931,63.464094680644166,
2017-08-02,68.2014206423635,65.04933736480389,63.37259294172159,
2017-08-03,68.14790963045515,64.92859778018448,63.04689860499602,
2017-08-04,67.44991833258727,64.69508631564497,63.03727437081953,
2017-08-07,67.49806699792748,65.09388844959621,62.965207317085095,
2017-08-08,65.89710939054405,65.29635422182895,62.90086723117378,
2017-08-09,64.3917412535212,65.44647690798145,63.001845737894115,
2017-08-10,63.40111628377289,65.41312001483993,62.91484294289749,
2017-08-11,63.75914456660752,65.48818791319512,63.075183659630554,
2017-08-14,64.23234530781195,65.11564043145376,63.11075202384136,
2017-08-15,64.07222354072523,64.53342402150403,62.82925706824625,
2017-08-16,63.90943198952014,64.86612675027725,62.854937449900284,
2017-08-17,63.72448364689141,64.76908577132495,62.78427953174661,
2017-08-18,62.3783974453659,64.48555000455552,62.73026469675319,
2017-08-21,62.14296293862821,64.856366238493,62.963015403175994,
2017-08-22,62.6667147999045,65.0419232873817,63.27021939374022,
2017-08-23,62.935698026004985,65.12869842237832,63.35522384988719,
2017-08-24,62.65302088644283,64.50978186876405,63.542396024432016,
2017-08-25,62.40485172679182,64.65894848679321,62.42717099538859,
2017-08-28,62.72381712968558,64.52166467114779,62.53375075797791,
2017-08-29,63.59226472330205,65.25954674837409,63.13681194153693,
2017-08-30,63.14766817563866,65.40257478624363,63.20056709166704,
2017-08-31,63.29763290191342,64.92193343223643,63.258623868438534,
2017-09-01,63.40538717030482,63.954726813542116,63.0664605891485,
2017-09-04,62.94350828886009,63.73447178677038,63.03742528095139,
2017-09-05,63.43198567929229,64.14407822812397,63.235335314156906,
2017-09-06,63.705024356561864,64.34717954455317,62.967284672352385,
2017-09-07,63.45612004134962,64.33682338378969,63.13216721746784,
2017-09-08,63.879260194225736,57.16191302552204,62.82077508461082,
2017-09-11,63.30117913873384,58.33202533761484,62.801124054058164,
2017-09-12,64.03221669930893,58.71463713665355,63.04659061453922,
2017-09-13,64.17371633169505,58.878903508524495,63.225687404433074,
2017-09-14,63.398699183835475,58.72779412131486,63.138857199634515,
2017-09-15,63.731438770714554,58.15508199796094,63.01082695277638,
2017-09-18,65.57230367890085,59.96705984824987,62.69929857296216,
2017-09-19,65.43757600518487,59.81315557340311,62.83427093817032,
2017-09-20,66.08579794061315,58.9968345595769,63.08837797348205,
2017-09-21,65.80658081906398,58.66865453195732,62.56420506427217,
2017-09-22,65.56450183914609,58.53052066626907,62.60274902598182,
2017-09-25,66.65045244483485,59.481533721071834,62.74985643474712,
2017-09-26,66.41844867985,59.720943189171734,60.22637219806924,
2017-09-27,66.79035009723147,59.39225888627322,60.37191561219707,
2017-09-28,66.57692684107278,60.2970115918768,60.51142733062693,
2017-09-29,66.42987217963162,60.41377225925507,60.40544409431505,
2017-10-02,66.38141888821227,60.32952677373989,60.50210433154509,
2017-10-03,65.06577317546987,59.851928148915,60.60847214414734,
2017-10-04,64.4737080377765,58.306210770231736,60.46024583832102,
2017-10-05,64.81287905402075,55.798837386920255,60.30053301536099,
2017-10-06,64.7155540213755,56.481655728747114,60.28840092041652,60.11474885223137
2017-10-09,66.04145948633607,56.800508846069995,60.42195011667908,60.402773264426365
2017-10-10,66.59514262541322,57.18222184580984,60.64202207491658,60.454039391944846
2017-10-11,67.259623911309,57.19902470943211,59.89196312365511,60.32097005407915
2017-10-12,65.61319438943967,56.74032093624778,59.555888702718384,60.11497731301472
2017-10-13,65.22980237989711,56.46427190926807,59.39758585439563,60.029219686093114
2017-10-16,65.87078181538143,57.13364210824415,59.630610914942174,60.000316947588374
2017-10-17,66.94546483724487,57.55291611081884,59.928202393203186,60.11064613073369
2017-10-18,67.61758246538815,57.94593846284781,60.02761136739531,60.331190993462535
2017-10-19,67.73418206981327,57.93282554926774,60.056698466798316,60.296280018964374
2017-10-20,66.06524627109982,57.53737494072722,59.87479291445994,60.24980790623473
2017-10-23,66.89360765182329,58.28397215066617,59.961212827397645,60.509574854128175
2017-10-24,66.82854477901446,58.611717736082845,59.8037392968654,60.362485553743994
2017-10-25,67.04008955045998,59.040462801161766,60.25526256430036,60.4222990065185
2017-10-26,69.4436501241209,58.91764924959856,59.746780408558884,60.110208323366635
2017-10-27,67.63833954765562,58.60566635150858,59.97612388491817,60.15117598287018
2017-10-30,67.26139778430804,58.91836423220318,60.27626590508234,60.18577013421241
2017-10-31,66.70140099108863,58.56042727863829,60.296175341455196,60.01219646485303
2017-11-01,66.40318024095254,57.874351347341246,59.94435176031851,59.85477292643431
2017-11-02,64.68402118452934,57.624510313034314,59.56198420872326,59.90732938727486
2017-11-03,61.19643934410085,57.06987677681846,59.41154869164315,58.709357026321165
2017-11-06,60.78392150992723,56.63810821277671,59.26709658889791,58.809651367854855
2017-11-07,61.17770263505618,56.74998998235638,59.537651320832005,59.04705013487101
2017-11-08,61.70641117935695,56.85258457678559,59.517187605758245,59.09751122829069
2017-11-09,61.7575400614326,57.292639441452955,59.10904366181076,59.18081634915594
2017-11-10,62.27764853938299,57.08955639308104,58.631011848397854,59.00559946090581
2017-11-13,62.30299858448887,56.966937194148585,58.91478571856239,58.99778791825596
2017-11-14,61.75439448211632,56.9911731361602,58.95288066150418,58.898909286979176
2017-11-15,61.519444111440045,57.22740234837372,58.87106461838986,58.5779602784928
2017-11-16,61.519774398181795,57.28760518977124,58.8772359979997,58.60351216807169
2017-11-17,61.84077054966678,55.5970424918697,52.81988425862218,58.549499732503165
2017-11-20,60.006511792133146,55.81922969747063,53.35592755415672,58.42842193980638
2017-11-21,60.467708640602034,55.38134224791202,53.5605845036539,58.56247889629653
2017-11-22,59.750545269820485,55.5164713681304,53.70095397799568,58.54619643033543
2017-11-23,59.907745422175296,55.091048787068566,53.65311512614455,58.63267365722463
2017-11-24,60.62029155804798,55.41362716942492,53.312166979952316,58.653959217861406
2017-11-27,60.45416998057438,55.07245524836982,53.534370736602085,58.466393871493196
2017-11-28,61.333097304720184,53.265314458219706,53.40440865108121,58.49534457879201
2017-11-29,61.53395881611425,53.46077824164054,52.324633182513146,58.40224568369719
2017-11-30,60.606158714659095,53.29084766322566,52.08894675025763,58.057112791424274
2017-12-04,60.531938787260096,53.45993763831163,51.856432761858585,57.90678036518611
2017-12-05,60.52126621794894,53.561916209637275,51.727416896823264,58.06819198260925
2017-12-06,60.12061909474975,53.56977795091402,51.794105198761834,55.410937580140654
2017-12-07,59.9609841014568,53.57744969759325,51.57953882529392,55.34098394215478
2017-12-08,60.53759641189992,53.05133270263437,51.50438576599687,55.42360111130705
2017-12-11,60.50763244714109,53.168597791073125,51.516930460838225,55.30698382610114
2017-12-12,59.09661717761252,52.9221370503119,51.4575315004986,55.20806786232107
2017-12-13,59.33228057970844,53.15628100851305,50.572439142154266,55.02830072589045
2017-12-14,58.88013158128407,52.65936308561635,50.00671305879468,55.18387181233283
2017-12-15,58.69697901901581,52.17660549928491,48.54823518364056,55.16269715700631
2017-12-18,61.34986362550151,53.70637028046661,49.41453230902589,55.33320513980894
2017-12-19,60.275975450657604,52.54883991133451,48.864030371855335,55.10715260500297
2017-12-20,60.62291840811638,52.22967294951001,48.58373747571744,55.01819535310173
2017-12-21,59.77021750453364,52.699160506786505,48.465418237736515,54.565131817095356
2017-12-22,59.97863616388247,52.781767878548166,48.74206936386763,54.54623105624459
2017-12-25,60.56449912016646,53.19568641733943,49.043710407371485,54.74354798796925
2017-12-26,62.23803486893622,53.95202993388093,49.64408064158642,55.431515459726164
2017-12-27,62.62947727735263,53.4697995431588,49.916149690830245,55.56346342746041
2017-12-28,62.79137569841373,53.75440396532154,50.46908862076528,55.86427086393634
2017-12-29,63.15332010195359,53.29842828161794,50.52619800121846,56.030126132850775
2018-01-01,63.89737408958606,52.488197606653294,51.48750598787862,56.464958313071534
2018-01-02,63.12046247503101,52.5121598100775,51.70441550326398,56.47256596184329
2018-01-03,63.29464587823204,52.91150382092744,51.75641427519674,56.40145635078216
2018-01-04,66.36455192415023,55.976197562969766,53.51607318757797,57.343877608192514
2018-01-05,65.15092094509069,54.116825667452794,53.03648027581849,57.066595266820066
2018-01-08,65.00045182847882,54.08084966570201,52.95952273127401,57.17060153311442
2018-01-09,64.66048869560255,53.85529236471483,53.11814825056135,57.39277749763772
2018-01-10,64.37791842586256,53.798325641527555,52.83435172136879,57.27912697576677
2018-01-11,63.11730912985553,53.27810868294415,52.75878189174807,57.079345928285576
2018-01-12,63.99710583640784,53.67444912319781,53.13715024325033,57.05018406281032
2018-01-15,64.38265878521455,54.25408532524646,52.840045359456276,57.08559858741231
2018-01-16,63.991220593377726,53.485867083498526,53.02295011355555,57.133123014482315
2018-01-17,63.9018541079972,53.42220508983375,53.16332971166122,57.25764376350158
2018-01-18,64.55356767533127,53.19234351715721,53.23353849687027,57.338632317467365
2018-01-19,65.00939657090134,53.283593597080525,53.23711503206335,56.85333003788303
2018-01-22,65.68762254008206,53.62477517159191,53.22748303769033,56.45716269881941
2018-01-23,65.27885887801688,53.33560100029352,53.20968987346571,56.58478337376924
2018-01-24,65.17522317298388,53.15800473703599,53.261464189928766,56.65732163550628
2018-01-25,65.33023431114454,53.14065607679643,52.47400535317547,56.61338224749307
2018-01-26,65.21549651423962,52.706918116190046,52.52073698081921,56.49211337711117
2018-01-29,63.75787690072819,52.004327181603074,51.17068931979695,50.74249902078654
2018-01-30,64.81751274536336,53.49786580009807,52.23421393580142,51.603623806822874
2018-01-31,64.9732481727397,53.27066918682929,52.308151856034776,51.84413951424476
2018-02-01,63.55581851518771,53.18578851308576,51.99150309307547,51.7513059846505
2018-02-02,64.64307889976756,54.890982941932556,52.45724509876668,52.373834290712594
2018-02-05,66.99779636688777,57.14011730910883,54.19682459354019,52.69055753300111
2018-02-06,83.65006686843137,74.42400292038886,66.6691547554452,60.90590485032369
2018-02-07,84.81152562447454,76.47716965485162,68.84932691065097,63.52327557064527
2018-02-08,81.38503794020869,73.78606761481554,68.6465370889182,63.47245073099289
2018-02-09,81.09730035697133,73.25485268638245,68.15874244787163,63.5643745701709
2018-02-12,82.70857761222909,74.93564094525529,68.80357214556447,64.00042465287669
2018-02-13,84.52716694079895,75.35230413268907,68.73319148224762,63.89917577086726
2018-02-14,83.70097490540668,75.44694984993802,68.58052360001503,63.770867652512784
2018-02-15,83.65320570650425,75.15978352666781,68.70645358668955,63.7501176902295
2018-02-16,82.45526118033135,75.45346257040447,69.01377937947846,63.93827935568539
2018-02-19,83.09886237841803,75.50456803638842,68.90065247033786,63.947349329924265
2018-02-20,83.70357695133933,75.58770353286214,68.77318455136887,64.01396080173394
2018-02-21,83.77311610714358,75.50398054290162,68.88998482764588,63.92596599015066
2018-02-22,83.3160766371901,75.48978483456841,69.03282952671633,64.1261951896842
2018-02-23,83.24197967729114,75.6771082868843,69.2074531318541,64.29629607059717
2018-02-26,83.28894143807653,75.01454166435214,68.62016445235142,64.18392185881487
2018-02-27,83.85119836887321,75.18810753626917,68.78498633774089,64.41447391441523
2018-02-28,83.70727196779988,75.14204443151486,68.47698532725637,64.32347151392642
2018-03-01,83.66054141236995,75.52486252297582,68.62116101465,64.22913311639408
2018-03-02,82.94020282940352,74.95454516855162,68.43813404415073,64.77185350760176
2018-03-05,84.93352489981888,75.15590421486066,68.29098997054118,64.56192092937147
2018-03-06,84.62104119169452,74.55719922168956,68.16678501004726,64.47528294389265
2018-03-07,83.94223344056337,74.25069667593127,68.02830150704044,64.37084256756295
2018-03-08,84.92689267204068,75.03482978245583,68.7651251779131,64.82403055640633
2018-03-09,84.59001997619978,75.01201709096775,68.50437528383688,64.81170428276839
2018-03-12,84.33858611201975,75.05444386559438,68.55457756530772,64.84713905600786
2018-03-13,84.35903067897081,75.5664836214699,68.56389513389854,65.00072574064377
2018-03-14,84.46464893851588,75.96399363618936,68.76044062127359,65.12619694274449
2018-03-15,84.11698422774937,76.26707210414567,68.7871961951962,65.20173255699163
2018-03-16,83.79809811644982,76.12011282975764,68.40580002419834,65.18727902632064
2018-03-19,82.39315450553647,76.66434846909836,68.49930173811308,65.55736787994408
2018-03-20,82.2737150871229,76.30777891452259,67.99498420377509,65.19503170052383
2018-03-21,82.27737792135265,75.85277298846552,67.79135290597733,64.97988679987992
2018-03-22,83.30674744958708,77.9030610528209,70.18477777363194,66.39275025597087
2018-03-23,82.4061449170285,77.79491852049291,69.78195145157407,66.1332916113158
2018-03-26,82.49107833439243,77.71871180333957,69.89743178605605,66.03920797255144
2018-03-27,82.18293112397797,77.66210733144918,69.8025322311649,66.12441196024574
2018-03-28,81.93020916632202,77.89140354090446,69.69544099510583,65.8718999406962
2018-03-29,79.66663334142031,77.73118859806453,69.78354569082778,65.76397383780792
2018-03-30,81.05218647805602,78.51357841465965,70.34608525315164,66.14927424984145
2018-04-02,81.26815871658724,78.94011927286421,70.7546623023824,66.52933421583815
2018-04-03,81.32786419100745,78.3920784667717,70.18354105473534,66.4387274102746
2018-04-04,81.29820356323452,78.18566984300553,70.01159141061561,66.24116416137845
2018-04-05,84.16250826911799,80.9277080181466,73.71141542256528,69.35371241995519
2018-04-06,83.16128084009023,80.25516816432614,73.07219491827546,68.7879802564551
2018-04-09,84.26746827358652,80.78164171698043,73.22801553403761,68.81680228488646
2018-04-10,83.6905046795901,80.2061394167122,73.02721750232728,68.76255813635565
2018-04-11,83.40970913507674,80.27933996340137,73.09973700356632,69.16691144641834
2018-04-12,83.4057320337241,80.26702398538636,73.28968449254792,69.13624607821751
2018-04-13,83.67393735020305,79.99750494309025,73.47672731524192,69.3278026122678
2018-04-16,83.91061413482504,79.89749163120263,73.46752818423221,69.22287726088796
2018-04-17,83.7787105747466,79.85230952999093,73.29728364688289,69.11301896494375
2018-04-18,83.56182846801559,79.87964839811298,73.38730571617887,69.14690511704974
2018-04-19,83.25577483597647,79.77933134547011,73.45774512401375,69.24713073045851
2018-04-20,83.51921538882289,80.06392935068577,73.40010222825805,69.00786196742824
2018-04-23,83.47352909456504,80.17252490529657,73.77267501768125,68.96867174189344
2018-04-24,83.5139793864458,80.19363387808966,73.81088382912435,68.96787930770274
2018-04-25,83.12830151378515,79.9571433233524,73.71185126056166,68.76925631962052
2018-04-26,81.76274156750881,79.86699079726652,73.714978068572,68.86970192979757
2018-04-27,81.33926267856232,79.7171103754779,73.48654817777285,68.80900836189258
2018-04-30,73.99744776795802,79.78430900458697,73.48051063768067,68.80147690291449
2018-05-01,74.24126998711489,80.26562790651204,73.87346585277702,69.17606281641808
2018-05-02,74.03759670911553,79.90355586614368,73.79084383744907,69.03225672698619
2018-05-03,73.75401649390166,80.09259373715312,74.13411752881055,69.18828344043284
2018-05-04,73.08450691438428,80.09037618633143,74.05083858234732,69.18985489526435
2018-05-07,73.08792031721245,79.99982469295392,73.51786104090439,68.87125637225417
2018-05-08,72.80459579271799,79.83099944405981,73.28568044653426,68.78024125877009
2018-05-09,72.6671214188756,79.73313523891015,73.34860525600432,68.65377018370347
2018-05-10,72.647863070518,79.69911365291911,73.34442005078182,68.69099012900476
2018-05-11,72.40453609143177,78.639047531737,73.02924181335216,68.53757447200162
2018-05-14,72.06559286204876,77.77493360546998,72.75095034883009,68.21928301720439
2018-05-15,71.86371558335934,77.54910710983332,72.38391587153845,67.99737951387512
2018-05-16,71.508811209766,77.23517881621144,71.98601160469667,67.87856978964027
2018-05-17,71.37796952961922,77.2876582194642,72.14311946341905,67.95339229291957
2018-05-18,71.22704899593872,76.54613401551742,72.06058936507527,67.75902906891854
2018-05-21,71.14913435702907,76.53017279850488,71.65604886835828,67.80623795151115
2018-05-22,70.14047338093764,76.23467707294613,71.66840729915268,67.55738042758658
2018-05-23,69.67113928952932,75.88623129482768,71.87798302775126,67.94951936034371
2018-05-24,69.55178894839061,75.40581733982285,72.16169589070732,67.86671710342188
2018-05-25,69.29169452109208,75.14270014131333,72.1192343169239,67.61137423634966
2018-05-28,69.53951843161109,74.88170765670198,72.01146137130955,67.14818368724883
2018-05-29,70.8850687615052,75.08997209068824,72.31910209046558,67.72225456372757
2018-05-30,69.85681970382667,74.77184124974023,71.68999590005615,67.3923481721341
2018-05-31,69.9752295809701,74.99519342891998,71.94482545327394,67.52271787060778
2018-06-01,70.12596139309068,74.90500678382791,72.37780434210576,67.72550727555699
2018-06-04,70.51202658532021,74.70359698879396,71.86896588611012,67.50801402763629
2018-06-05,70.79199440717619,74.52493507643841,71.60770533819428,67.25757121383552
2018-06-06,70.46053667898839,74.31088855541333,71.67081628934588,67.22939118945371
2018-06-07,70.19885982553939,74.20119615587674,71.85540815114484,67.39597844854988
2018-06-08,69.9171318445143,74.10873924660001,71.74554843958533,67.31206765437695
2018-06-11,70.140697725428,73.56859505909883,71.51011227627473,67.0868396189505
2018-06-12,69.49800403702613,74.20082580246333,71.63713315609967,66.96498089292896
2018-06-13,67.54891495907634,74.54781119410818,71.78961612519949,67.01454293262667
2018-06-14,68.71087021887718,74.32581898290557,71.95004954776375,66.9677628706608
2018-06-15,69.0981567719281,75.52105325850916,73.1851231989514,67.8947982007173
2018-06-18,70.22666478225268,75.05681547902569,72.69266130150321,67.53798304030573
2018-06-19,70.14488026995501,74.88351307538885,72.54692042141212,67.46168414437348
2018-06-20,70.239400663023,75.03605842490481,72.46231839929864,67.42053871556647
2018-06-21,69.44547616689721,73.35791341066337,72.22023681378896,67.50323614392752
2018-06-22,68.4628863802678,73.16756865662771,71.75688680166242,67.40854335297728
2018-06-25,70.73165818398088,66.33311839265635,71.92643131413523,67.76403246783808
2018-06-26,71.56894249356884,66.76286471853024,71.96404085942152,67.68722886937576
2018-06-27,65.0453298279874,66.70352897785493,72.15133507006755,67.75833042244255
2018-06-28,64.76340049243221,66.12023715379452,72.15761048089784,67.70690894441665
2018-06-29,64.79032694952978,65.65590834318871,72.299733178885,67.7953669723523
2018-07-02,65.14344957285316,65.80632488406526,72.45964150312295,68.17110153024316
2018-07-03,64.98351864529106,65.73039257780223,72.30569553302357,68.03723429307786
2018-07-04,65.13282162207035,65.69403515259286,72.06666227911553,68.06359151768262
2018-07-05,64.77530969253472,65.3839216029164,72.05874866019344,68.07448960427003
2018-07-06,65.3528466804243,65.63843587598434,72.09460185574194,68.11082291236922
2018-07-09,64.83914247276881,65.31704542849742,72.03908462327006,68.03157359174975
2018-07-10,64.75597082230932,65.24574356508526,72.12855240251636,68.135719621258
2018-07-11,65.98634317053198,65.54084897902224,72.16357459178076,68.47544078375462
2018-07-12,65.03913548325582,65.48303625521862,72.1853794097327,68.53849566931402
2018-07-13,64.90422791427427,65.2743204137035,72.26695559360627,68.56983134369588
2018-07-16,64.97611222365656,65.11067881480056,72.24900347699077,68.1723670649104
2018-07-17,64.37199809813494,65.10600069733717,72.16342335240958,67.99411289685932
2018-07-18,64.93735741778615,64.73102596283793,71.8738655001507,68.03848591360328
2018-07-19,63.90816560518352,64.25100666760673,71.81367520514543,67.81080513160518
2018-07-20,63.946989701434646,64.49010850451782,71.13236945904107,67.62313428640816
2018-07-23,61.666260231951675,64.48884374785511,70.28738326662027,67.46978516183866
2018-07-24,61.735891568435754,64.2982984265079,70.22245548424041,67.25840258102224
2018-07-25,62.42052619976425,64.01906346583328,70.34910446674125,67.20574061172208
2018-07-26,62.006978286137915,63.761386752865,70.21969643190313,67.18148410342498
2018-07-27,61.410731122394736,63.879096066967044,69.60637590353406,67.19407442418512
2018-07-30,62.071374029658735,64.30476559742473,69.88109378397449,67.09036152352186
2018-07-31,62.24801711940404,64.4404369038197,69.9420338637913,67.34277284638225
2018-08-01,62.713692164800726,64.28421636647977,69.79749976958202,67.22617377085884
2018-08-02,63.20420612250657,64.65201515246696,69.88190959666892,67.60016833971102
2018-08-03,63.578895005145355,63.77156279378325,69.6463949232285,67.74174478428935
2018-08-06,63.62623548555446,63.76023341385507,69.45377071046967,67.97611371909514
2018-08-07,64.35516638867715,63.75681296436056,69.59591628020752,68.00884256373611
2018-08-08,64.24847573624562,61.819435982673966,69.68843583486685,67.92706188468563
2018-08-09,63.953607442743476,62.634237589591244,69.66680257708732,67.99067261376226
2018-08-10,66.86045415502217,63.843205210373796,69.9290761254114,68.71563682209953
2018-08-13,67.36132491232824,63.955003343067865,69.74351492879667,68.49245886395154
2018-08-14,64.40639531748404,64.20375520890943,69.90349800458505,68.63785899685094
2018-08-15,64.36062138252096,63.94688527809629,69.46153054294825,68.4259867341632
2018-08-16,64.06954791334958,62.90144558545363,69.32283602796988,68.36105448425886
2018-08-17,64.31545604121013,62.138363370138094,69.35030061486171,68.3759318803785
2018-08-20,64.94698816695778,62.24893056913733,69.5393076161853,68.5377093928632
2018-08-21,65.41728368793788,62.05685472878971,69.51937274550593,68.39930343846233
2018-08-22,64.99906116657746,55.48090304675342,69.45708698958593,68.29876485075785
2018-08-23,64.81368100040751,56.45312017251393,69.42216764674531,68.48734891983055
2018-08-24,65.3992288782829,56.226323699514246,69.3885655326281,68.56963406644543
2018-08-27,66.02999569475493,56.3516026126707,69.17942206994442,68.33211495136308
2018-08-28,66.3143294426465,56.51007077412039,69.12751731600254,68.22019214483204
2018-08-29,65.92528474385595,56.94128828984694,69.52273805598453,68.37519976140469
2018-08-30,66.22524743237544,56.13568581424698,68.30385087879583,68.15791837670282
2018-08-31,67.00856956698162,56.28529596959474,68.16344141065403,67.93728169807835
2018-09-03,66.78249905419923,56.637202942704555,61.57369758537193,67.9184568997976
2018-09-04,66.2950355697318,56.55404775867048,61.406056050207404,67.92463868475053
2018-09-05,66.82155631651379,57.4554314973687,61.296067220752136,68.17717021957962
2018-09-06,63.37066719193517,56.82631706826983,60.64321083675374,68.08393308188127
2018-09-07,64.64788435223065,56.65536627748303,60.20649157485257,68.11068162315571
2018-09-10,65.62519163360157,56.29081393531376,60.04237920260732,67.88013995827565
2018-09-11,65.38861140239864,56.191168915886756,60.08120739253858,67.85304087156314
2018-09-12,64.69709173742005,56.44041693246521,60.158665188095064,67.59294209819646
2018-09-13,65.8147904044579,56.75363023772814,59.848018417444685,67.5381481585878
2018-09-14,64.29730306432276,56.677789380118924,59.90393413760368,67.61585666814037
2018-09-17,64.83810565781143,56.034080471925584,59.77021277687691,67.6796936921578
2018-09-18,65.68330268467174,56.42968980135884,59.59482025562942,67.59936934490824
2018-09-19,65.30219573946493,56.805012896411,59.8058299695501,67.86030157252898
2018-09-20,65.49428038440197,56.31730404112296,59.80107645282278,67.89507915014697
2018-09-21,64.96496183987097,56.05326477130558,59.62276347535096,67.79612985081803
2018-09-24,65.55733319958304,56.3816961792896,59.60845804823885,67.86875402304246
2018-09-25,65.84238231617127,56.62574644160737,59.52838965022992,67.78103578364365
2018-09-26,66.06786991188656,56.800082989307846,59.361107931301134,67.89867197663577
2018-09-27,65.97770468238802,56.88654028513458,58.99638933038355,67.93227883088052
2018-09-28,67.3297015970938,58.41432743635184,59.714547353855295,67.47263064688633
2018-10-01,66.56907658104772,58.33171272022861,59.986832119491616,66.89984605584783
2018-10-02,63.10930234822676,58.67250789796435,59.92285979380595,66.89881057799158
2018-10-03,63.66813501918481,58.68175879081823,59.7909643965857,66.76918880583088
2018-10-04,64.1030421970478,58.765806076922985,59.42676098639016,66.56059255189297
2018-10-05,64.40270449555405,59.51403129363083,59.61117626668019,65.96028926193668
2018-10-08,65.37611247223903,60.440061573128176,60.6911959028492,66.32917245567268
2018-10-09,66.30546256258785,57.999516263190344,60.757330392248875,66.3780071680148
2018-10-10,70.65185340306972,61.80469430889438,61.778272359384204,66.84322999228408
2018-10-11,73.75971934138006,64.30508398561237,63.39513652166907,68.06027715941322
2018-10-12,73.29727564944488,63.97943448308302,63.18718107410748,67.8761061877747
2018-10-15,73.34736132582368,63.65713650803343,63.38819192566313,67.89260987115038
2018-10-16,74.99200094712396,66.10384106001503,65.09039013858433,68.91614493613358
2018-10-17,73.19014943054647,64.70838830190972,62.75531709761771,68.54898326667235
2018-10-18,73.30651052449866,64.84456118241341,63.058489426191166,68.4266738464778
2018-10-19,73.51555997193232,65.37377379370668,62.89060708138719,68.11498128027516
2018-10-22,74.17859278203271,65.95699641288888,63.00804965925902,68.08119981262153
2018-10-23,76.66472981157125,68.63749062799538,64.6138140433883,68.6203581264285
2018-10-24,75.4587530776648,68.3318018977434,64.41374347865388,68.2807619271698
2018-10-25,74.77740283756938,68.39135148609029,63.71062608038422,68.15248722627047
2018-10-26,75.08826839387427,68.58736864238116,62.925213180598746,68.15061347586709
2018-10-29,75.34965166532807,68.24125521772216,62.77297671660642,68.02535070141393
2018-10-30,75.13634415648323,67.92683344830408,62.63184709867545,67.98594863890628
2018-10-31,75.69119261754857,68.12851556615203,59.15911021759137,68.00446676192755
2018-11-01,74.45833569575365,67.08839350510034,59.52811818524681,67.81919186137098
2018-11-02,73.61196110688746,67.15429008002899,59.28371754448273,67.62001099981272
2018-11-05,73.57684332813743,67.39172406904785,59.46612293639107,67.63231240380986
2018-11-06,74.16421417043814,67.43162294812274,59.63891678679111,67.62069691746689
2018-11-07,74.65221698892944,67.86337603133357,60.19238275899955,68.00247688711379
2018-11-08,74.59374679618122,67.70614285085634,59.68604928452134,67.25316428066206
2018-11-09,73.89039013387763,67.08841370597851,59.56426943335881,67.16046011743494
2018-11-12,73.99338992742335,66.09431974068369,59.489754238371475,62.79453969732308
2018-11-13,74.42446675985951,66.0520520063657,59.45946012895879,62.22590351186156
2018-11-14,74.55286249548854,65.91881495233567,59.35296168143973,61.492644227594106
2018-11-15,73.86631747818623,65.6690253089994,58.86217771754715,60.70466166755898
2018-11-16,74.2018934541669,65.57582958479692,58.87334277233454,60.60594110482932
2018-11-19,74.31705781060677,65.78512562765043,58.70409069211998,60.64109800137999
2018-11-20,75.44591018143623,67.22963274181521,60.203717441809644,61.667909690374515
2018-11-21,74.80900055183322,67.31627606421128,60.808678409402226,61.99296190511706
2018-11-22,74.74994710820901,66.76579624871586,60.70189412743547,61.78738742634246
2018-11-23,74.42725126885091,66.8225487191372,60.81087669524251,61.82575829897116
2018-11-26,74.6951299060154,66.70615921755211,59.759522235098096,61.696929114122746
2018-11-27,74.5288105037409,65.87201294450301,59.84572254109381,61.57277228747837
2018-11-28,75.0041000454876,66.55082118518835,60.2476399369029,61.624533987777106
2018-11-29,74.17053321379959,66.11736240584617,60.05919990258721,61.4509783954585
2018-11-30,74.47301039472322,66.43629656789847,60.255306762253404,61.43330708951162
2018-12-03,75.19891295217457,67.73850853130314,61.47368045813584,62.25447337114226
2018-12-04,75.57086019643977,68.03509503770891,61.519195495973854,62.29226091060131
2018-12-05,75.14944813932712,67.5210979452887,61.267530218538724,62.16991110548167
2018-12-06,81.39210762417184,73.3159911592501,66.52764666049895,65.44890829671948
2018-12-07,79.35269300438851,72.73300069673897,65.90544818231965,65.15832732404309
2018-12-10,79.46567269330485,73.48023156758424,66.99457758985488,65.89089779678918
2018-12-11,78.99550073404222,73.34818884267399,66.89535947420238,65.84908558883342
2018-12-12,78.55821155520255,73.14112805470376,66.78400914912534,65.74399283156637
2018-12-13,77.60476599048398,72.91086622022202,66.75717885947641,65.70936638657842
2018-12-14,77.55632225282766,73.00697529786,66.9797703506208,65.90338430723047
2018-12-17,77.91170881297825,73.66443560567456,67.38227060444858,66.1139244062586
2018-12-18,77.7226175812678,73.55462950113485,66.81858921379984,65.88734176907222
2018-12-19,78.59784823998808,73.72731534453945,66.38163746486589,64.96969549392905
2018-12-20,75.79482889817506,71.70045045291468,66.0380491413096,65.06119272238269
2018-12-21,75.67550335263596,71.24877107684699,66.12757653869241,64.95776094892803
2018-12-24,75.53710823913737,71.3947758822508,65.77470274239737,65.00054190174109
2018-12-25,76.42785483031588,72.64903644928027,66.9950718898131,66.08366039357962
2018-12-26,77.27264930826114,73.20991752729569,67.72968360365601,66.06886364233651
2018-12-27,77.29055051689578,73.50195566919942,68.05368421713146,66.6425782139107
2018-12-28,77.89188879514738,73.81560797053976,68.70350442003792,67.03041013856644
2018-12-31,78.58043138683692,73.84570194361305,68.68076414203944,66.94790159885882
2019-01-01,78.1924117893977,74.65727112278245,69.22379301059898,67.39717804640615
2019-01-02,76.39451698178547,74.50186596106438,68.7907078672558,67.20069310516304
2019-01-03,76.46625517595163,74.08486822694317,68.6469463950855,66.53524000448576
2019-01-04,76.74397055193235,75.00441413496748,69.96911524517805,67.50055806250931
2019-01-07,76.9108150264161,74.70618910852099,69.5100710914858,67.3128416225857
2019-01-08,76.99658216594226,74.69057339901826,69.39013852863154,67.25740214956436
2019-01-09,77.18259077676584,74.8077866523742,69.43268285297157,66.17027712897008
2019-01-10,77.66031196216515,74.94223048719843,69.6029208460113,66.36632454566247
2019-01-11,77.89603892756702,74.9573509462927,69.67284068206511,66.29594871951234
2019-01-14,77.96529187992815,74.5358130643756,69.71727897357172,66.25974252416945
2019-01-15,78.28073817082982,74.38689455341955,69.62735345560708,66.19062811905326
2019-01-16,78.16286178221804,74.35124647381531,69.63825228400272,66.28254155819559
2019-01-17,77.77069111162601,74.51568095468907,69.85772298836875,66.08015190518474
2019-01-18,78.30996432960727,74.21784476174366,69.87119775022006,66.0298072797463
2019-01-21,78.86517452591721,74.60988353412489,70.21764151028856,66.17112014099449
2019-01-22,79.04169399216966,74.79812958717498,70.2512841378359,66.27806422223989
2019-01-23,77.37189576178261,74.50967564747548,70.19044030404903,66.12912745638975
2019-01-24,77.24935774734544,73.74427681606586,69.95143702742523,65.86092890013128
2019-01-25,77.54563273150995,73.75893345446809,69.81585261283007,65.60328536788217
2019-01-28,77.35353696859765,73.89321834767706,69.83820049215103,65.51505109186003
2019-01-29,77.49250025268573,73.95305997252579,69.75101798683299,65.5700740216234
2019-01-30,77.78486721521575,74.04410837615308,69.79508547198577,65.68491784032811
2019-01-31,77.05517119237355,73.42296554554952,69.39042878417126,65.40952242494976
2019-02-01,77.24085768392558,73.43818602423978,69.45699504218243,65.37290174526005
2019-02-04,77.29273253324462,73.30210596131559,69.40842354302805,64.82564258242614
2019-02-05,77.97038001521828,73.08099734272125,69.47898819571162,64.93641602868516
2019-02-06,77.62072269470981,72.93783757682843,69.52269445649767,65.02839921935066
2019-02-07,77.89160791261578,72.93358639849569,69.51055985363473,65.27755754532227
2019-02-08,78.00466054648014,72.65632430748074,69.48832276779771,65.28720913710231
2019-02-11,77.4303936485594,72.79214877510675,69.5512319304014,65.2202474909751
2019-02-12,77.08023696144592,72.44329108647432,69.60271951569148,65.17675712044436
2019-02-13,77.35990103184417,72.41129897849105,69.29048288295569,65.10402410602487
2019-02-14,77.51656184676507,72.37688158196413,69.14522542836662,65.11469225516959
2019-02-15,77.87577221690513,72.2965856469222,69.18895286302057,65.45515982087223
2019-02-18,77.06413530563445,71.90882225970384,69.11464892477814,65.51862340381008
2019-02-19,77.19069462770645,72.16920019244738,69.09031158310086,65.62369606215186
2019-02-20,77.15998221248505,72.21096565106573,69.178482876783,65.59183192225791
2019-02-21,77.18344127892361,72.24336379597908,69.12517462743575,65.62130113356136
2019-02-22,76.58418489207628,72.37246211099594,69.26210198487712,65.71100649945872
2019-02-25,76.76467613229411,72.3569490205482,69.20303097824649,65.62170591242726
2019-02-26,77.03115254017405,72.22263708663986,69.4985747204398,65.5828984205433
2019-02-27,75.98197213681466,71.08266870167805,69.35125544108102,65.65256092974778
2019-02-28,74.850679753705,71.12725982570318,69.34179141113918,65.66020689696055
2019-03-01,74.62150665999428,71.13060200055709,69.18885233915593,65.69802842066116
2019-03-04,73.73217284170317,70.74321220307927,68.7183327046952,65.18922503584886
2019-03-05,74.51001241873281,70.82855547544827,68.6480271303138,65.20759713055044
2019-03-06,75.00817829022746,71.04682535181415,68.71434886143464,65.30257430147512
2019-03-07,74.44022704448244,71.0394230442972,68.49462462448767,65.2722118887741
2019-03-08,74.22450707481659,70.91422994654467,68.55042340208811,65.37124916501469
2019-03-11,73.32817599006125,70.67530065279453,68.52088322254109,65.32115923670405
2019-03-12,73.90429666739277,70.90529192657552,68.8913222572005,65.44177100326571
2019-03-13,72.26685279658427,70.99932785982489,68.88154348858376,65.41782104909458
2019-03-14,72.45636337384201,70.5787229959704,68.76524180548643,65.3706868843318
2019-03-15,70.5787407332164,70.31135840044419,68.51173884875489,65.41968621452219
2019-03-18,70.88132496851614,70.19457992551062,68.51660664881027,65.34169454291168
2019-03-19,70.72448000325066,70.3478821193118,68.58303717750334,65.2172632726874
2019-03-20,70.442233642169,69.78209809237406,68.55236409760795,65.22357213869884
2019-03-21,69.46365904527924,70.07559470771936,68.47711942136155,65.19474163641691
2019-03-22,70.45142223516804,70.66017823436911,68.78585483418105,65.55399608929329
2019-03-25,70.32190075545168,70.63249794841958,68.49161186787398,65.68640652775144
2019-03-26,70.23512778180474,70.57337888883323,68.48153349081886,65.73420588146199
2019-03-27,70.9273323757262,70.74268411080308,68.62659542207939,65.90597932593107
2019-03-28,70.64375696478623,70.72316546354162,68.73086437314,66.14788329016474
2019-03-29,70.77804523578527,71.20369221508099,68.81587407224477,66.14187374341958
2019-04-01,72.45162856305956,72.03406245518123,69.21684921177032,66.55014677767743
2019-04-02,71.58231123382329,72.59149312477047,69.53212872680315,66.6441344223844
2019-04-03,72.77108686527194,72.67039861863465,69.26180213364339,66.6411216808933
2019-04-04,72.31188549649033,73.04946972807727,69.43071079779365,66.92804726732146
2019-04-05,71.3248388667787,73.02606837289142,69.53956974948954,66.88037232211023
2019-04-08,72.3870757601792,72.31454272089391,69.66749882111213,66.94700726139544
2019-04-09,72.67208856389917,72.19847980035533,69.81700579458557,66.94670183508327
2019-04-10,72.95998823443807,72.40842080828592,69.84222027001572,66.95199148251281
2019-04-11,71.3564709798533,72.42115815787422,69.7608807049674,66.90420225083045
2019-04-12,70.22040394943943,72.7482756434043,69.66561307033363,66.86180015727335
2019-04-15,69.47269278136979,72.6667870303556,69.58172059135592,66.85763873691108
2019-04-16,69.22543871531893,72.75251969444672,69.52037167656835,66.87555920479399
2019-04-17,69.32443787842772,72.90929240092147,69.68430259784625,67.0592426756297
2019-04-18,69.83255966331171,73.15254118774769,69.77259602582005,66.96141989488356
2019-04-19,70.8924239383548,73.3460374584695,70.16472096973384,67.36587809909086
2019-04-22,71.75627149084282,73.96500898369283,70.74880382066544,67.88400989450707
2019-04-23,72.08823091059911,74.12972051244144,70.54278682640327,67.9511154281809
2019-04-24,71.74620996427986,71.95117213792977,70.56849221387725,67.7661276321135
2019-04-25,71.93405101830254,72.0811092269421,70.68191956771453,67.80369793838989
2019-04-26,72.33610461617636,71.74615103555216,70.74033562838838,67.94452361250096
2019-04-29,69.10567895079497,71.92886817383196,70.70956121525825,67.93499114849179
2019-04-30,68.25935247182896,71.37460010576903,70.77688107455825,67.89216695786392
2019-05-01,65.71357390203303,72.2776906390003,71.22835620773608,68.39013017869208
2019-05-02,66.38177609188942,72.02805116516313,71.19845267559387,68.33051990834996
2019-05-03,66.61568269155659,71.32835289877363,71.16445406282573,68.35436663454499
2019-05-06,66.89864672779683,71.06331596193503,71.27157905482643,68.46287343421018
2019-05-07,73.14901212981475,71.27245045347867,71.2682722253214,68.83359825187148
2019-05-08,71.4375386837597,71.05244247462753,70.07980367200093,68.68898871581001
2019-05-09,73.70084711351069,71.75736655540757,70.36631128884174,68.88844063542999
2019-05-10,72.71559628022295,71.30111319083102,70.3152324614661,68.7294633027049
2019-05-13,72.85122254530039,71.25292933157284,70.22077264647318,68.78247224284196
2019-05-14,72.29801543536027,70.43602014871503,70.20473295357571,68.63359241626092
2019-05-15,73.14072323642921,70.09974459117659,70.37087986339125,68.60734542322024
2019-05-16,73.07313034895765,69.94560625917273,70.32479244039047,68.3839634887914
2019-05-17,73.35585721639282,70.20021537751244,70.27180103167005,68.49387730599494
2019-05-20,73.06290054543085,69.77961934888344,69.93504872753192,68.48225496215997
2019-05-21,72.54796819802657,69.8923048046025,69.96858899096337,68.69668299155774
2019-05-22,73.74421465256246,70.36843141984065,69.95603452714265,68.74183780758297
2019-05-23,74.61828465362599,68.64711824566164,69.76910590163806,68.61669488368116
2019-05-24,74.75617865826518,68.1120168727455,69.79876848224127,68.5701219840347
2019-05-27,74.71690425701797,67.6572147005569,69.37294241156373,68.31309332953636
2019-05-28,76.80694725106166,67.88304041617896,69.46819233687609,68.30898336139265
2019-05-29,77.1879260635526,68.14470731782689,69.40513213477,68.38981736872253
2019-05-30,76.78512910867494,67.4285610618212,69.25705256579879,68.02991719742633
2019-05-31,76.88214061790956,67.02779077010811,69.25851049853543,68.06024146944434
2019-06-03,76.60772477158544,67.4948014916954,69.30457640482398,67.92838753269254
2019-06-04,76.55633156006138,67.36743366649168,69.12311873348716,67.8002169290114
2019-06-05,76.32755005139586,67.20490268555716,69.08645154563246,67.7381767710031
2019-06-06,76.33172465635324,66.52405274319513,69.00361105381072,67.83889973098943
2019-06-07,76.12383466093068,66.36250243388207,69.06335451335185,67.72013482324715
2019-06-10,75.27701631662507,66.53366710186441,68.9610868587743,67.72669629251918
2019-06-11,75.61668719903282,66.46223672857093,69.04741957116937,67.6934968640035
2019-06-12,75.91477419095825,66.29262594815368,69.17639910343631,67.55593870548455
2019-06-13,75.11538041013962,66.46988688816651,69.23951462448493,67.53768171503808
2019-06-14,75.42224268240287,66.6685748618702,69.30816278191577,67.6845326910729
2019-06-17,75.53673834252686,66.70927365124598,68.59229253473134,67.80200446745853
2019-06-18,75.65786672908314,67.82516736373238,68.67598948670593,67.97660354123765
2019-06-19,75.20002611157243,67.43544083855933,68.73694913174344,67.99887477091632
2019-06-20,76.44870792731696,67.88084360733552,68.85625941922203,68.00237415549468
2019-06-21,76.27957154930938,68.2063361117892,69.21573025929395,68.10768222271342
2019-06-24,76.65189759557096,67.54316365441085,69.2856294178813,68.1073481062929
2019-06-25,76.45577330631859,68.10732666061934,69.25668323353469,68.07977193746318
2019-06-26,76.8969607708501,68.35763663678269,69.53122896497767,68.1846059117982
2019-06-27,75.47708815967327,67.83641728051867,69.47831078301097,68.09222006134588
2019-06-28,75.33124693735282,67.90441324907145,69.26087562371733,67.8710110424697
2019-07-01,75.71556396470741,68.2737726666288,69.43170963846778,67.95459740923513
2019-07-02,75.53192941507227,68.67671172455687,69.7311596032478,68.07476952931698
2019-07-03,74.8917894441822,68.50229326698879,67.18690331804386,68.04630597207321
2019-07-04,74.52307353227766,68.12038583953972,67.33626355484711,68.12808087097206
2019-07-05,74.46103181680928,67.96832699835392,66.9335036330713,68.15929529090539
2019-07-08,74.23829386592938,67.73709290353712,66.78780241129274,68.10342276116424
2019-07-09,74.0958439878797,67.75489693310979,66.38428225760596,68.05976854778312
2019-07-10,72.60058722522554,67.2482659291514,66.3707605270243,68.1306278797097
2019-07-11,72.2982910133226,67.43318539342756,66.47004463221533,68.23153670672274
2019-07-12,72.04674614226244,67.61167799889736,66.20018990293164,68.30807144458481
2019-07-15,72.34615243085901,67.56891385918165,66.15840570069527,68.39067334245406
2019-07-16,72.0536644070973,67.621297557568,66.02286235947439,68.14473437849259
2019-07-17,72.19966416778952,68.13364477370418,65.68236009938616,67.057953051591
2019-07-18,72.35777256637297,68.27681117968402,65.95535650175934,67.10808894753374
2019-07-19,72.64606856356262,68.51948882076518,65.66843402908682,67.05947427691177
2019-07-22,72.56074033530503,68.04654217023737,65.40422657641975,66.86671850729304
2019-07-23,72.8386160949357,68.46096933834464,64.88806394242377,66.8583347779607
2019-07-24,72.80149303759643,68.42904742136906,64.60695031350299,67.09880971157715
2019-07-25,72.48785065056647,68.09516259110362,64.18231456205783,67.08204810960608
2019-07-26,72.0068759590167,67.81846376702522,64.45099780621398,67.12285533484304
2019-07-29,71.80386766883132,67.91429579436327,63.93986593839674,66.85925379475822
2019-07-30,71.60212155522201,67.95794364684193,64.46279857600622,66.83925287513304
2019-07-31,70.82759716869307,68.20790099757858,64.51248013644071,66.75741837753156
2019-08-01,70.54710497939742,68.37036858072378,62.7863884436348,66.62625554272852
2019-08-02,72.46039470255485,70.85456083931977,64.36528211845683,66.77434207505779
2019-08-05,74.85323909597557,71.58878181599495,65.45238751397375,67.53704829387695
2019-08-06,72.58719849352406,70.63272655747792,65.12739304946275,67.39036823636293
2019-08-07,72.74664253977767,70.75108465265397,65.02076883327449,67.28130382286723
2019-08-08,73.03719161745119,69.6949863761937,65.09412582420634,67.41805604637065
2019-08-09,73.82305461724094,69.39058029035824,64.75751003313066,67.35102563782353
2019-08-12,73.60468356719718,69.21253645687587,64.91609122680117,67.407187744427
2019-08-13,73.68950651578643,68.94453683396466,64.82651682699897,67.35420625125104
2019-08-14,75.3544916919369,69.96107243108305,65.9235921080951,67.92864684092876
2019-08-15,74.25796844097991,69.51342869047764,65.37443556093572,67.81132144897937
2019-08-16,74.69577225335851,69.45404514025199,65.52891843139443,67.87698285223547
2019-08-19,75.90381029467534,70.1014008684108,65.90547681135055,68.16776766612693
2019-08-20,75.8342065700488,69.88002126558526,65.71855877111226,68.23187501844266
2019-08-21,75.83317470713882,69.8754244824937,65.58145798057751,68.46826636114389
2019-08-22,75.5369024678385,69.92050032497244,65.69376606879182,68.42953586395546
2019-08-23,75.11756282276771,69.88513671935394,65.68050673858468,68.42281736885394
2019-08-26,75.39996815272194,69.97139898807929,65.8557035440028,67.92819167855941
2019-08-27,75.64069896158244,70.04188989784218,65.96215543234841,67.68591762190866
2019-08-28,75.65741869994167,70.19419412054395,65.82071101228941,67.67302280287912
2019-08-29,75.47483507443188,70.37782398335816,66.10275976751122,67.83660062846863
2019-08-30,76.16179539125203,70.31631353477123,66.09742762898743,67.94601716944133
2019-09-02,76.45072905388936,70.3760848431414,65.98484806166704,67.96149402745574
2019-09-03,76.85043397754913,69.94003645501601,66.07329779155533,67.84358312617704
2019-09-04,76.14462900177455,69.97853524753133,65.91517117792402,67.93209609904079
2019-09-05,76.69560934326023,69.34045340891473,65.89198293016301,67.96610352130553
2019-09-06,76.48831308258792,68.6224250633597,65.7852314110147,67.89378023782767
2019-09-09,74.81338503881636,68.11984152250305,65.60297371455648,67.88171950267137
2019-09-10,74.24333658837355,68.08531089755793,65.58503063945143,67.81553075882277
2019-09-11,73.27507162042572,67.8529530849667,65.3469600031525,65.52939535892763
2019-09-12,72.93574977104335,67.71066584739579,65.21862343609358,65.73930114975529
2019-09-13,72.88040419668292,67.71008705405723,65.2229834188457,65.39711551806205
2019-09-16,72.66039439789475,67.4364173598008,65.12398063940125,65.34120409811284
2019-09-17,72.43035342011545,67.25201322590696,65.0612040256557,65.08666390044687
2019-09-18,71.73051300616851,67.45802323802138,65.1612395099416,65.34812572023806
2019-09-19,71.99133819274823,67.63367272928417,65.09988178455511,65.32830068661715
2019-09-20,72.2645017433507,67.68510218529099,65.17781619239716,65.10276579164459
2019-09-23,72.21596993978642,67.47883597803023,65.10268590525884,65.16141261250947
2019-09-24,72.48692861748287,67.36308690238462,65.04170921989089,65.12711514968208
2019-09-25,72.5122327984501,66.98250246180123,65.0481617272383,64.53621058905505
2019-09-26,72.34999822162848,67.1582156876122,65.17486499430566,64.73334697319665
2019-09-27,72.22082283659704,66.24025887083612,65.09442936860245,64.6214083405797
2019-09-30,72.65664815808631,66.32508519876218,65.00827344482146,64.45250998886777
2019-10-01,72.56989523190451,66.03857680026009,65.20439584026367,64.15302348186628
2019-10-02,75.2824066728331,68.0337128969744,66.96830212472372,65.44214838337699
2019-10-03,74.26202322687645,67.44712577729736,66.09474364121179,64.71641817639781
2019-10-04,74.20307233421791,67.88899855281146,66.24126354468221,64.74387582463925
2019-10-07,74.13228283715185,67.87429470462611,66.01527669711072,64.1813748804558
2019-10-08,74.43052670919592,68.37506798371471,66.26873940244565,64.43594606928599
2019-10-09,74.76074565618968,67.61264436455335,66.45828218753739,64.55902048222416
2019-10-10,75.33667661534193,67.69632787128923,66.49558120537021,64.12043525127247
2019-10-11,75.40662684881445,68.35454056418584,67.33393823801826,64.68490846796125
2019-10-14,75.22264181828557,68.44721485127326,67.86235843097256,65.17517903329228
2019-10-15,74.00138447815775,67.96171122602405,67.76405030788692,65.11680844429681
2019-10-16,74.17965552290046,68.28596163166672,67.76262431707522,64.90301573030358
2019-10-17,74.60624738646456,68.4499604315505,67.01437007369634,64.69255637922802
2019-10-18,74.83772548549507,68.58317089671398,67.0849961345356,64.61626573363188
2019-10-21,74.22700996179427,68.68805704747987,67.08331307177616,64.73402962322797
2019-10-22,74.31981253524059,68.5102571820178,66.82100067202875,64.74151967291415
2019-10-23,74.10848838708918,68.76229396263996,66.69386000174762,64.80129961817362
2019-10-24,74.83338921426886,68.60997610145115,66.50563267350704,64.39236892797601
2019-10-25,76.01184913228452,68.67111597965841,66.5159168511357,64.5513397850657
2019-10-28,76.66386399716659,68.88677415901272,66.64933214280794,64.59103262797032
2019-10-29,76.85076181180189,69.06840838141747,66.71845232784071,64.67803548767618
2019-10-30,76.18549001738005,68.8811082168798,66.65322148498413,64.52573192389951
2019-10-31,77.65334028486318,69.02517756293372,66.69868625072509,64.69936062001536
2019-11-01,77.10603318697832,68.77089431137713,66.50767061909143,64.6588019156437
2019-11-04,77.02886983976815,68.59970820160125,66.73750284503555,64.90059227916325
2019-11-05,74.22123637440471,67.7704668481059,66.74782863755505,65.02814398674039
2019-11-06,74.72388107585923,67.93925664600773,66.88036244183836,65.02912839748716
2019-11-07,74.02732066295286,67.81813131484584,66.72351437465925,65.06698289348586
2019-11-08,74.45594481662164,67.95717218674967,66.71391337418366,65.06638469639668
2019-11-11,74.67715868605659,67.90094050813383,66.64444894400737,64.90198237088013
2019-11-12,74.96351151771898,67.92260529059763,66.46849722426313,64.9329542751676
2019-11-13,74.51763643886726,67.85066577172944,66.37111770335657,64.40364199594138
2019-11-14,73.89701404695077,67.59910922398177,65.814765310359,64.36388268776584
2019-11-15,73.09967981990549,67.71969108106974,65.17152432429319,64.38408183990603
2019-11-18,74.70775001201766,68.0473582503306,65.29192976652658,64.52263531015954
2019-11-19,75.13259132579982,68.26919839079451,65.36839778158739,64.64202079933084
2019-11-20,75.15193899093909,68.5169503604676,65.53076515368093,64.69777676676142
2019-11-21,75.26130319143455,68.52810063253932,65.36169866970215,64.59713686787893
2019-11-22,75.30903461498175,68.58764697651405,65.40171691196979,64.61480257410956
2019-11-25,75.69606129834405,68.52165232537088,65.22067243266581,64.40958793386483
2019-11-26,75.66260624618238,68.75573693229488,65.09139989549676,64.43187239459611
2019-11-27,75.95425897911585,69.01824606009444,65.18794893480745,64.60082380885393
2019-11-28,76.08222975477901,69.02101420527961,65.3541447189346,64.59103148570252
2019-11-29,76.32624021255981,68.91508208567816,65.38940218335676,64.66960582772003
2019-12-02,77.14946686939058,69.23192765629915,65.3847263238748,64.68367103102736
2019-12-03,76.80169231909485,68.96478949795831,65.58930684006556,64.54162558138145
2019-12-04,77.28840209654561,69.08289860291406,65.06364049092973,64.6210905566474
2019-12-05,76.68938546898045,69.1939278428784,65.10947398833483,64.64882930298579
2019-12-06,75.6018453052409,69.03683017270156,64.47045674704137,64.52021866041228
2019-12-09,75.77411930087425,69.00753107188457,64.13072129815048,64.3896865961893
2019-12-10,75.81346942499583,69.2281927526762,64.2318948943729,64.58694707469263
2019-12-11,75.14339332946385,69.30962588212365,64.4709410437679,64.46073088143403
2019-12-12,74.18353846310531,69.8399607229646,64.4698490396978,64.36422115697023
2019-12-13,75.85718010956164,70.01202112145128,64.65113705910773,64.44303323004016
2019-12-16,76.17635806378678,69.69396584982167,64.50762870617325,64.25621623429011
2019-12-17,76.94830091068434,70.1691500640994,64.4985782805834,64.21477982552112
2019-12-18,77.38742164499727,70.52886390866378,63.84320054252651,64.34818876819503
2019-12-19,77.58616253673462,70.72384159135306,63.845511215255016,64.58477890358898
2019-12-20,76.89743846316776,70.71648556794634,64.28566970492942,64.65448009545457
2019-12-23,77.1125644381497,70.39414691392052,64.2838132681753,64.55376472530368
2019-12-24,69.50023836100587,69.86439753781241,64.26257610226634,64.91750103626114
2019-12-25,70.43420963303213,71.04668310305776,65.13884041864773,65.42172703991255
2019-12-26,71.8166606983043,72.44062583189536,65.96256925140996,65.33878394880936
2019-12-27,71.91785642698457,72.52150334225625,66.24212945488,65.39106746355854
2019-12-30,71.45916842148159,72.3331878421697,66.27866630464729,65.31808975178296
2019-12-31,70.77758895081337,69.89348471491287,66.27725358369008,65.26819728211252
2020-01-01,71.88080257451507,71.13760296086087,66.78857134185733,65.57115671545239
2020-01-02,72.60631243668622,71.09812858436804,66.74783949726873,65.62822186020715
2020-01-03,72.50455926124172,70.82788798242866,66.57695973428208,65.52336784400336
2020-01-06,73.07906624313596,70.40357077028756,66.62156323949006,65.36500989516527
2020-01-07,73.48396408755961,70.44906235604795,66.68810303635166,65.4966287919985
2020-01-08,73.7970713038799,70.29542255281778,66.69934547611987,65.5458315639192
2020-01-09,73.24678595389989,70.20510905991286,66.51684494198672,65.4145634561363
2020-01-10,72.01939107654405,70.02730933979674,66.64351481148223,65.54959764094853
2020-01-13,71.76300224544863,70.47406860836499,66.31104612807276,65.56052131915386
2020-01-14,71.79773591306247,70.603130665197,65.82081614046889,65.57601931887717
2020-01-15,72.45486236767681,70.56828373381583,65.68751877985643,65.59993070383622
2020-01-16,73.173377356453,70.65932232128614,65.62421331123,65.49884864351036
2020-01-17,73.70575243876132,70.59172574533888,65.60676300456268,65.48276445210686
2020-01-20,74.41424543930334,71.67277176919397,66.12839798872359,65.67937733806947
2020-01-21,74.7921772763838,71.83817720175159,66.25731974192215,65.64041435092267
2020-01-22,74.22433444494808,72.08918134033786,66.60735261023628,65.59894973692882
2020-01-23,74.45055599361909,71.86320888771235,66.58707910027465,65.23889428498005
2020-01-24,72.25222272439161,71.83615369944,66.64340599015772,64.78388208310521
2020-01-27,81.23293183021943,76.29491971071069,69.5549825364137,66.6146892869861
2020-01-28,77.49782542481776,75.03391063786967,68.82169998637791,66.0809696999423
2020-01-29,76.65394369226001,74.90520746764396,68.81187020177536,66.04565430130437
2020-01-30,77.42393960166426,74.9650222084968,68.8611949009729,65.97101375801165
2020-01-31,77.90954821773295,74.60175374518654,68.84448749645402,65.9046848440951
2020-02-03,77.7367685818948,74.75719048935412,68.93470407341533,65.88442962661925
2020-02-04,77.30481037745542,74.61397652376696,68.76830274535392,65.57459844537847
2020-02-05,77.19788623439848,74.37723461484408,68.84086552212487,65.29527501393157
2020-02-06,76.20652819804165,74.39339637775284,68.82755178698324,65.362445817023
2020-02-07,76.15393914585037,74.28701827595225,68.66174738097338,65.27563934114461
2020-02-10,75.23372268535715,74.19675722776745,68.73981898552269,65.23907063146076
2020-02-11,75.06172815016052,74.10333338615632,68.61973809306792,65.23337415509732
2020-02-12,75.70715539623787,74.04072272581045,68.73417264687541,64.90622329209413
2020-02-13,75.78424803442161,74.4044104411586,69.0266257956204,65.04089830688577
2020-02-14,75.76110070186239,74.4596936486316,69.21145467474649,64.78319392287716
2020-02-17,75.84935741840705,74.3256810354869,69.18518220474091,64.69959137736045
2020-02-18,75.94048094252784,70.47074388270934,69.19856662364846,64.65524943713724
2020-02-19,75.80351115498407,70.43234147235611,69.3067456698065,64.83647877817697
2020-02-20,75.44591597171379,70.3958033663811,69.3147600483131,64.78268289586735
2020-02-21,75.06326285544111,70.17876423277811,69.15676822682467,64.83572991532355
2020-02-24,88.17220313639608,83.84255501993955,79.08044672196174,75.13690653891513
2020-02-25,86.72295259155327,82.62466943192562,79.94406067866218,75.84003464088536
2020-02-26,86.26388701042481,82.47778312530825,79.75534030595233,75.58272525144845
2020-02-27,86.74180663205476,84.4742982749355,81.68724050169985,77.76801289941349
2020-02-28,90.1328142293527,86.47958323981806,84.51927390246536,81.22073171155206
2020-03-02,88.02313525036783,85.53497336859675,83.75467759886604,81.24013133101313
2020-03-03,88.6071285742965,85.69420830437436,83.53965145528171,81.42484282198916
2020-03-04,87.95673300242397,85.50336434946027,83.59593311789715,81.33632294528701
2020-03-05,88.38912619217393,85.92908131633243,84.0547472191047,81.84809084192067
2020-03-06,88.8332120874078,86.59887257127424,85.02314298587956,83.18505184591679
2020-03-09,94.42322050539829,94.56698204996279,94.5944605953728,94.49391509322845
2020-03-10,92.45071915012576,91.87507601413908,91.32935341278134,90.32735570907417
2020-03-11,92.25167920134754,91.62152354644363,91.09851115751705,90.14889611964429
2020-03-12,93.65620746745508,93.12457425647403,92.80788419189753,92.21231757056509
2020-03-13,93.56444339307085,93.44215413751999,92.78556936079856,92.06907933641581
2020-03-16,93.87384942541142,93.41479167429979,92.8318441992247,92.2142599622507
2020-03-17,94.3070271132893,93.67907414071581,92.87760914988831,92.30523774886544
2020-03-18,93.34406482919199,93.13655882621423,92.51436120086062,91.97791865419843
2020-03-19,93.27133821269994,93.06755329589514,92.50430838630187,91.94356540630807
2020-03-20,93.11006225579816,92.94800491322609,92.32307130557665,91.79852174363876
2020-03-23,93.01874604162634,92.86093303797807,92.33373627370783,91.8295651170387
2020-03-24,92.97414312486531,92.78108090578071,92.24065928661513,91.73061810433676
2020-03-25,92.74919921833806,92.63758108974534,92.21366990378871,91.73432849788185
2020-03-26,92.69705800609186,92.5616936351033,92.18482216323099,91.70105209394784
2020-03-27,92.53089251227695,92.41287628784652,92.11466601963994,91.67331203403671
2020-03-30,92.4722978578754,92.34140605632852,92.08329657833146,91.63887985384008
2020-03-31,92.40378459569278,92.23649455604476,91.9434464468294,91.51323209541768
2020-04-01,92.50720660623666,92.37474384334455,92.13428305517016,91.62483177171961
2020-04-02,92.60757633175017,92.35844404126344,92.08091908345595,91.5666091678571
2020-04-03,92.57168291598965,92.34895169038558,92.07996053351414,91.56202111279606
2020-04-06,92.70026701703488,92.46447352804297,92.24656190336296,91.71527134370807
2020-04-07,92.53196551332256,92.32927558163449,92.1262236695647,91.60502764934897
2020-04-08,92.42883753456175,92.2872920820116,92.09617997409273,91.5950921224395
2020-04-09,92.27212908276789,92.25606697990489,92.04848458315664,91.54305628506782
2020-04-10,92.20691994636248,92.17496817643462,92.01304712542738,91.50987810170346
2020-04-13,92.19667889078282,92.17759756366097,92.00930653618343,91.54498729007905
2020-04-14,92.01673886693867,92.06459815586075,91.94352859376662,91.4790749762266
2020-04-15,91.88545617178289,92.04668212708465,91.9358089817522,91.50866775452747
2020-04-16,91.78611044735806,91.99139586984334,91.87475662487029,91.45838917328769
2020-04-17,91.6926411742886,91.8869624324022,91.79117672572363,91.3504106459747
2020-04-20,91.7229570990575,91.888107926464,91.75887880035695,91.34486987344884
2020-04-21,91.65656388749255,91.84662658815846,91.76191872659881,91.33059831717829
2020-04-22,91.65538508460314,91.7965569115592,91.70356265310504,91.30640520244745
2020-04-23,91.6454605220812,91.80489706977816,91.7094535596705,91.3238385102856
2020-04-24,91.73866615188494,91.80368318207155,91.70082002398694,91.31083677591599
2020-04-27,91.61816484374235,91.67762626799363,91.62892023915622,91.27671246986534
2020-04-28,91.62640096716116,91.69690917803898,91.64563298114899,91.31600642657132
2020-04-29,91.59387676609346,91.72173264326683,91.68416631570703,91.3429345193964
2020-04-30,91.52776544641664,91.57256171113829,91.58256585141554,91.27721842065704
2020-05-01,91.54700510157396,91.56391418989762,91.57885190788618,91.25624864558027
2020-05-04,91.38825052654447,91.52646248911132,91.57173278930327,91.26809304333212
2020-05-05,91.21595401236135,91.45635535824992,91.49552767740798,91.21210747048939
2020-05-06,91.21741060103963,91.407438425793,91.49024024629556,91.21601656681456
2020-05-07,91.20055580874575,91.39873629015807,91.51701748499104,91.27020997704084
2020-05-08,90.97490262243629,91.39512306299518,91.49419081008551,91.20193356051595
2020-05-11,90.8925387237567,91.27453604149804,91.45985073587924,91.1518900331379
2020-05-12,90.85826622553816,91.20481712736567,91.44182759023654,91.13749392257539
2020-05-13,90.83535270756018,91.15257316914321,91.40315431602592,91.10770568761644
2020-05-14,90.83097696080813,91.12121091279613,91.37494769181419,91.10943297950935
2020-05-15,90.8202224464608,91.11422237601545,91.35178296013363,91.09428439774106
2020-05-18,90.66572461012547,91.06976172701866,91.35628178885084,91.11386785123553
2020-05-19,90.45154925759725,90.94119651342115,91.2726204264461,91.07544269826266
2020-05-20,90.6334141947164,90.95509212805094,91.27076597405008,91.04791545993362
2020-05-21,90.80516968362807,90.90773276183131,91.25640686467858,91.03368401085052
2020-05-22,90.45778275324217,90.93544163506859,91.22944389574315,91.018830607188
2020-05-25,90.7307376103658,90.85075296347013,91.22098611487172,90.99591243708713
2020-05-26,87.10493850507366,90.77992429058533,91.14235711023723,90.93838368545804
2020-05-27,87.27717263481516,90.69621368067227,91.08170372749855,90.88868404353207
2020-05-28,87.7521124806167,90.6843888517581,90.9935045229772,90.85764515920015
2020-05-29,85.68133741265002,90.60133008190347,90.96630484075907,90.83719637226552
2020-06-01,85.28559455354589,90.62622371398433,90.95387330281343,90.83986904210391
2020-06-02,84.41746944467144,90.41296782118152,90.82589548117701,90.77351148933195
2020-06-03,82.43421408734523,90.38699996002642,90.81525018671641,90.79543658853778
2020-06-04,83.65305181507237,90.35076525074057,90.81325646963855,90.82274056719855
2020-06-05,84.0892889996316,90.2697662845552,90.80806918146722,90.81691051364054
2020-06-08,84.14961433567557,90.27439636067236,90.79868657074147,90.82520942531033
2020-06-09,84.33634513095029,90.2308149123788,90.76061564193223,90.78667899683668
2020-06-10,84.15538292111127,90.1486073008962,90.74643602232966,90.7774654042664
2020-06-11,84.66900386852669,89.91978470361958,90.55582814830287,90.660185817347
2020-06-12,84.09039109712964,89.95452893371959,90.59120345070214,90.68875033920847
2020-06-15,81.98507857418697,89.94305833899952,90.5345503754112,90.66656548303924
2020-06-16,82.68568876378824,89.9308221627647,90.50188186730213,90.65920384754173
2020-06-17,82.87728262272714,89.91326990977228,90.48535347185852,90.62873390862678
2020-06-18,82.2884968646355,89.95342946531073,90.49508741230875,90.62787616332162
2020-06-19,83.16124818419496,90.03038053383365,90.49440704296391,90.65189494902259
2020-06-22,83.78923979853343,90.07125402906645,90.48597185601056,90.62693480137052
2020-06-23,83.99635711051044,90.09521156580853,90.45707249355101,90.6240956479202
2020-06-24,83.95201875474515,90.04596982218368,90.40156529461643,90.56211538851278
2020-06-25,84.0577779929844,90.05512540748917,90.39501449367165,90.57287977963512
2020-06-26,82.58218568237827,90.03601648674193,90.36494191301053,90.55422400800794
2020-06-29,82.43004140532929,90.047456743168,90.40104226632883,90.54633257120712
2020-06-30,82.27476888247868,89.96592539322677,90.3708577646506,90.5522383696604
2020-07-01,83.38701896107435,90.0278965449464,90.31875803180176,90.51688065012169
2020-07-02,83.1648250296746,89.9669257430145,90.29913136041318,90.48650980362787
2020-07-03,82.67156087200675,89.86177960761835,90.26899244322124,90.4777771589886
2020-07-06,83.32210383450172,89.82548650955552,90.23705475682023,90.46563347546964
2020-07-07,83.43773410293751,89.80324200091356,90.20685558944112,90.42256814644063
2020-07-08,83.68005892350581,89.86401163522515,90.27435144416224,90.44705662736592
2020-07-09,84.33005244973378,89.85004636299786,90.21330806195252,90.41494442210177
2020-07-10,84.26182174507358,89.77244526947021,90.2337229984823,90.42500036846364
2020-07-13,80.27993429672804,89.6830977504119,90.21254500412596,90.41109983069025
2020-07-14,79.82687638025557,89.68400403229809,90.22752467497077,90.40361528096933
2020-07-15,80.01570425174634,89.72993829425796,90.17405791221653,90.38492267196979
2020-07-16,79.81904415529257,89.8626522606666,90.20567024126018,90.43772350177946
2020-07-17,80.48329467441783,89.90880505478037,90.26386252965892,90.4419485694954
2020-07-20,81.15090098128157,90.04446185209358,90.17780681499913,90.41991084895407
2020-07-21,80.56361124154535,89.11890401173899,90.13326573712487,90.40773840926899
2020-07-22,80.88185585422553,89.2113363033982,90.11028871703593,90.41377118784804
2020-07-23,81.29863222729823,89.31478875230046,90.11006109242136,90.39941223221271
2020-07-24,80.21745663775225,87.98194735601311,90.08276843906519,90.37060847195708
2020-07-27,80.28015520936309,87.61576766147495,90.0623724310545,90.37105545977658
2020-07-28,80.48003011197203,87.55273763607492,90.0550452629177,90.36653819035094
2020-07-29,80.86519027615144,85.25414990016657,90.07359774709309,90.38498198985675
2020-07-30,81.43848600146306,85.47825142105312,90.03003488371387,90.36420691431213
2020-07-31,81.73618386714531,84.99951290377345,90.043560526315,90.33590053410035
2020-08-03,81.76726197771987,85.09482426974134,89.98756862724949,90.3147381089306
2020-08-04,81.72047107422178,84.63005259624916,89.97650524491512,90.2716170598071
2020-08-05,81.95170745094524,84.4115735397326,89.97378556032895,90.2713770510628
2020-08-06,80.70789526528193,84.97239537273916,90.0595229702024,90.25230341145327
2020-08-07,79.37997746644714,84.5380887262083,90.04834789167874,90.25483925356849
2020-08-10,79.62608169622492,83.6032522065157,90.02282273025827,90.2167944689372
2020-08-11,79.79538756599854,83.33971690579179,89.98066704768786,90.17719654664789
2020-08-12,80.35696573776536,83.44266730069862,89.95080996504547,90.1573370308664
2020-08-13,80.33880420533539,83.35686069356812,89.92784474607294,90.1548338571592
2020-08-14,80.44314307885729,83.53060385385066,89.89067552079098,90.13916065037478
2020-08-17,80.82627336924853,83.93400387367655,89.91219860827758,90.13454733759681
2020-08-18,80.7030084124474,83.84023855440476,89.90214197636011,90.12937737177981
2020-08-19,81.44677764747158,83.8865752738698,89.94010511899153,90.17351139016458
2020-08-20,81.55090689590197,83.99909503638514,89.9406057488624,90.15423779473991
2020-08-21,81.64883796244115,82.20345171977192,89.97376950544937,90.1666946727866
2020-08-24,81.0737585896877,81.23372519596425,89.95304238921206,90.12982287228043
2020-08-25,81.5943669491449,81.19234678064154,89.93453935566072,90.0923547555091
2020-08-26,81.33621583332268,81.6571495382125,89.96477461468781,90.10134114259553
2020-08-27,80.3649406964238,81.35294042967438,89.95562413525256,90.09291976539986
2020-08-28,80.76893462480685,81.17212262379797,89.93950641293384,90.06332597228423
2020-08-31,80.71614616727354,81.5843641714237,89.99792252378596,90.07283236715577
2020-09-01,80.40269941795079,81.51045976635216,89.99299107512246,90.04037613247718
2020-09-02,77.10272243974873,81.63752697692603,90.02491760560716,90.04220523420969
2020-09-03,77.09553806325921,82.16175528134005,90.01589576372542,90.01903335431066
2020-09-04,77.36328806062787,81.9256516199643,89.96295456881172,89.98237171199021
2020-09-07,75.30995298071251,77.90370593269748,89.91723866431096,89.97658737012053
2020-09-08,75.04890948466696,77.64947473434735,89.87752428293187,89.96183035804155
2020-09-09,75.40325280607458,77.73432673610893,89.85683021174407,89.8877658473272
2020-09-10,75.8602678264371,77.70588121806425,89.82700675529047,89.88691697455454
2020-09-11,74.65698423301184,78.23816152210212,89.81290324599227,89.89082638496924
2020-09-14,74.16320083407196,77.92974688893783,89.78016433113709,89.8468601672749
2020-09-15,72.32310777928258,77.49737225082647,89.8056551308708,89.85174578058673
2020-09-16,72.67809630040165,77.59083468470057,89.82816282727454,89.88897867833067
2020-09-17,72.200341240641,78.11651722822344,89.83678956373285,89.85163586457115
2020-09-18,71.95628380037174,76.40816971282881,89.6257439154264,89.83794190242041
2020-09-21,79.50305816359283,78.7924632216644,89.66368276386275,89.87347973996297
2020-09-22,78.18579257399352,78.1893545994182,89.66715294859272,89.88286256080961
2020-09-23,76.82039559194986,77.99883238213953,89.7064513704233,89.85714796228118
2020-09-24,75.96694430826837,78.27416412731415,89.74409621893456,89.85701003787064
2020-09-25,76.2274471439377,78.15103514905016,89.81947277254481,89.91581020845938
2020-09-28,76.27868595315661,78.0346192596879,89.86462797187687,89.82100671859374
2020-09-29,75.92289234246623,78.4008847256601,89.51316153710206,89.79180165110317
2020-09-30,76.47256265997613,78.66683527552439,89.55736279344485,89.78337614384688
2020-10-01,76.79403707152662,78.4559019509334,89.5198997630186,89.753242381343
2020-10-02,76.71084394860945,76.55473557752718,88.1357066656316,89.80076128637471
2020-10-05,77.02165530194209,76.45271795374123,87.67706854296459,89.77601016909003
2020-10-06,77.56277314496339,76.38724121184083,87.55624728850479,89.7669682070263
2020-10-07,77.77839877112488,76.80563473523728,84.79295352169342,89.77673568125176
2020-10-08,77.87737733637933,76.58939795480156,85.13546485645135,89.77327662387982
2020-10-09,77.70133531621835,76.67320978952932,84.40537780805543,89.79199530200678
2020-10-12,77.7713825460284,76.19842254884321,84.3656676441944,89.75099060066768
2020-10-13,77.5198104331525,76.1940034327439,83.91342383407905,89.77428751852071
2020-10-14,77.57043521191159,76.58637373055376,83.71242459874243,89.76579375862353
2020-10-15,78.40134080306947,76.87611845878101,84.16731655145705,89.7438357662437
2020-10-16,78.67815454913197,77.30307653429743,83.55698449381505,89.71302162917667
2020-10-19,79.17384743400602,77.6047741183273,82.56972358513282,89.72351323803383
2020-10-21,78.78363993047832,77.62451220019886,82.30407550237427,89.71646516085472
2020-10-22,77.44010384930495,77.49184831010277,82.39550112122902,89.69054961924789
2020-10-23,77.6036612407647,77.0623519435985,82.14125913825318,89.67697659178015
2020-10-26,77.82917253836031,76.56919495854785,82.24862925440674,89.63477900513193
2020-10-27,77.51739937101706,77.08312059072865,82.37597851460376,89.61236616649477
2020-10-28,78.55967419001882,76.947363163744,82.21528895861793,89.58565615218554
2020-10-29,77.06552021888517,74.02320080267577,81.95902599480475,89.51366975274843
2020-10-30,77.0348996016105,73.84157625279492,81.91809521638204,89.47645581451447
2020-11-02,77.24923600646092,74.05392145518948,80.0981937134981,89.47083926169327
2020-11-03,78.30623870439577,73.5497962472977,79.99117508136294,89.42551749016904
2020-11-04,77.47004483535666,73.33881085717098,79.68477240665034,89.3969335727003
2020-11-05,78.0775107744703,73.5117504740296,79.99669701520092,89.37794591561753
2020-11-06,78.8012612299233,73.64469198616847,79.94639869851837,89.3811036394036
2020-11-09,88.50033515805575,80.6813866788486,81.61846284287016,89.55667866026778
2020-11-10,84.0946049339436,80.33092082915348,81.92724880659543,89.49760996700273
2020-11-11,84.158501918182,79.83454048212964,81.66238903025821,89.4819317730111
2020-11-12,83.86034699759504,79.91228918968659,81.6636902689105,89.50303609490213
2020-11-13,84.23491710233529,80.6890942626251,82.04737310432971,89.51364099824731
2020-11-16,83.89731065711527,80.37507863322988,81.8877792390235,89.4775722758454
2020-11-17,83.60483761076422,80.3079023663779,79.45613309527928,89.54864564016773
2020-11-18,83.64216781943134,80.19190695601712,79.47255744807342,89.51802373052425
2020-11-19,83.70778190736688,79.95142152498747,79.43778015389631,89.53458646228488
2020-11-20,83.76951811097139,79.9561119685265,79.40004805211598,89.50820741846054
2020-11-23,83.8727931390098,80.0694509122613,79.4950552842058,89.47015136383658
2020-11-24,83.69381196133536,79.94272245553024,79.39470136899456,89.4760006557154
2020-11-25,83.70695100785493,79.85991172602108,79.1264470454844,89.47664511787252
2020-11-26,83.74031320524635,79.82023965017223,79.23463804965824,89.45968401069517
2020-11-27,83.21941047377064,79.74569445344095,79.32196669595966,89.47789490802917
2020-11-30,83.81582223930066,79.8256491456374,78.7244175115364,89.28484216304365
2020-12-01,83.57478790677283,79.67312329392679,78.75061622282679,89.31731296133162
2020-12-02,83.9151346982397,79.48984228395348,78.61866036233299,89.27115456651605
2020-12-03,83.77466264347902,79.45445830060628,78.62776362490355,89.34415567672967
2020-12-04,83.428351644797,79.21743662808073,78.64564660120574,89.31296849564667
2020-12-07,83.58615027887485,79.57639010246102,78.57095205736464,89.41000109604663
2020-12-08,84.16416696450364,79.74152116306446,78.65522778472187,89.4793808502907
2020-12-09,84.16510057218225,79.67948632443367,78.65304022614428,89.30533577008546
2020-12-10,84.11261032488329,79.58311365620607,78.70445348247077,89.32864121969712
2020-12-11,84.1688182516531,79.40660425932737,78.70996053480246,89.28349028781965
2020-12-14,83.81801607357384,79.44208192951623,77.5053064042511,87.6690769615417
2020-12-15,84.22311613502458,79.55344263333227,77.7266419812123,87.47342072918437
2020-12-16,84.31049129793409,79.48199969756594,77.71153207490961,87.24077883486568
2020-12-17,84.47931583249755,79.6009642776279,77.98488869982178,84.58557768243959
2020-12-18,84.621898444884,79.37806978630884,77.85290369780348,84.9077298824945
2020-12-21,84.92610762997167,79.74129273786681,78.15029167899857,83.71862263851338
2020-12-22,84.54796228253171,79.76441929888774,78.30290189155377,83.93634381166187
2020-12-23,84.1832195760437,79.72532268766021,78.29676824901924,83.41721036911558
2020-12-24,84.60050495090331,80.02542266900748,78.67602395968657,83.39888873586527
2020-12-25,85.12642630804761,80.34304750475499,78.9322029187631,83.84106533559171
2020-12-28,85.18373106031328,80.35286490494323,78.95277316996446,83.37125107783908
2020-12-29,85.25671426971621,80.52671038734348,79.01166954022621,82.03823687258921
2020-12-30,85.52001226296383,80.73118425271241,79.15278970992824,81.82834556142903
2020-12-31,85.58723442754757,80.85037905746813,79.12254846804933,81.9665020397129
2021-01-01,85.70703109575341,81.15167314511463,78.82219585814227,81.8746476049852
2021-01-04,85.8624149809881,81.11118715038916,78.65198017369906,81.97524657390372
2021-01-05,85.91556431374354,81.07609608063319,78.79369138643574,82.0606066411514
2021-01-06,85.1168054670632,80.71291166200648,78.59000179477184,81.5813571940491
2021-01-07,84.94426436773541,80.52134909996758,78.00181048869302,81.54554682426391
2021-01-08,84.96569330354475,80.49136846074717,77.8802449698486,81.5887482491857
2021-01-11,84.70513012176761,80.38426155095839,77.90178111422162,80.24622390756278
2021-01-12,84.84020457275527,80.32441581738355,77.39287001417198,79.88788866044843
2021-01-13,84.91524681411032,80.45804054477654,77.36336315240318,79.89595668035287
2021-01-14,84.96230282646195,80.62041111737811,77.40149516052783,80.08135738153533
2021-01-15,85.32610693992245,80.56741089939824,77.31910825866804,79.86437594899297
2021-01-18,85.3505613742886,80.68542860901808,77.53428785707574,79.81449450773242
2021-01-19,84.78894800467451,80.55919790551975,77.64413286196582,80.02249127931451
2021-01-20,85.32539388668778,80.70051585284548,77.19238541422718,79.42488172618407
2021-01-21,84.7999389639967,80.66899013117276,77.2258477738547,79.3190209309052
2021-01-22,84.42424615044982,80.43651752092968,77.37528505163743,79.63242813182806
2021-01-25,84.47348683712373,80.64174425360684,77.41823735173257,79.61454293520536
2021-01-26,84.71654880026375,80.73010920871513,77.45864215924793,77.96562070182927
2021-01-27,85.08712080298565,80.774575231655,77.37366689807178,77.89435754515068
2021-01-28,84.62935388620414,80.75396797219882,77.15465677689409,77.84211452084496
2021-01-29,73.48359176832483,80.61940171836504,76.95681242395924,77.73871362880553
2021-02-01,74.43196219219341,80.48722551275743,76.9337080431469,77.79643644550568
2021-02-02,74.32567996628464,80.6017814274716,76.76628964649272,77.70373615076429
2021-02-03,74.07995249958377,80.76508285282388,76.83390267200201,77.43526504676545
2021-02-04,74.0464211197173,80.75309923834861,76.92032089653325,77.51094856176834
2021-02-05,73.20783566572733,80.82816591284808,77.01091510108972,77.55869270054426
2021-02-08,72.48318491262505,80.07485538241387,77.21057755180534,77.12348634101438
2021-02-09,72.45398233427957,80.08925977831827,77.18258253015392,77.16634850448469
2021-02-10,72.2119450179815,80.17472407232567,77.23343967933769,77.19638290179137
2021-02-11,72.13580340333347,80.2705043300134,77.31213492111951,77.24075449339718
2021-02-12,72.32962284623585,80.3682977290216,77.22319209990353,77.21736843160436
2021-02-15,72.0133007084756,80.3320963941824,77.30176034605127,77.20015838362005
2021-02-16,71.63322770567756,80.22368383849015,77.28440355263324,77.12948289878425
2021-02-17,71.66220035586774,80.00363281591302,77.28497631843749,77.17188638314644
2021-02-18,72.00228867336673,79.99781222726403,77.25801979532092,77.08975515305754
2021-02-19,72.08137666294843,79.83673230186375,77.17733323033326,77.10499846247313
2021-02-22,72.38150906362748,79.79923470334354,77.09418256342029,75.81178805078204
2021-02-23,72.3294795753848,79.73507126515203,76.98050264694159,75.90214775871003
2021-02-24,70.9930562475787,79.57879232061553,76.86733776269602,75.86452439696993
2021-02-25,70.81106340829211,79.51871143071332,76.6933898380368,75.95274470359377
2021-02-26,72.1350910055215,79.40169992413495,76.64123224333564,75.88357043098657
2021-03-01,73.6205396994154,79.91263143037284,76.82642134375742,76.08927004212988
2021-03-02,73.46182874390922,79.87503867708435,76.88494461456047,76.10339258037415
2021-03-03,73.4177216153816,79.5611169045764,76.71805339494307,76.02580195332975
2021-03-04,72.87444447352567,79.04748724822986,76.66190983791775,76.04873543125369
2021-03-05,72.07075632900116,78.97941410809707,76.60649397651024,75.98991801470073
2021-03-08,71.76206087726761,78.81296424817293,76.61960463796902,76.01284201387865
2021-03-09,72.20867505294511,78.95230708778375,76.64013436794363,75.72955636567832
2021-03-10,71.4434681095982,78.96713244582915,76.71767217036107,75.8109173468845
2021-03-11,71.47293534456777,78.72710173435301,76.55758631939868,75.58305478009824
2021-03-12,69.0163946406195,79.00294333215871,76.6542497838347,75.20907184947076
2021-03-15,70.31114496948025,79.26248873251289,76.68217942324654,75.14981343439231
2021-03-16,70.0092377461434,78.61300853273264,76.72175128684016,75.24064795956501
2021-03-17,69.4449070759099,79.3217031493248,76.61903456807772,75.20066099238618
2021-03-18,68.28163563583279,79.22133565590028,76.6271899666585,74.74221209394604
2021-03-19,69.04580130028005,79.03946315290659,76.5921989865335,74.80956031826477
2021-03-22,68.11630033992098,78.7292939030546,76.70170349815602,75.09145295315388
2021-03-23,67.67370437022929,78.84353964525586,76.67239627239721,74.4599218938404
2021-03-24,67.83611675794563,79.05794930330468,76.70103826039963,74.46274790868162
2021-03-25,67.07290135659063,78.99156157358514,76.70185594204109,74.49329298074369
2021-03-26,67.60603846370155,65.19683311298833,76.67869925944069,74.41280672808985
2021-03-29,67.29127912254566,65.33003924588401,76.64403374017724,74.32006764252608
2021-03-30,65.6865413501056,65.37716679728007,76.57930123155138,74.30825496763092
2021-03-31,65.99800938124807,65.46542928838684,76.65930928052408,73.80089478556116
2021-04-01,65.63808404550116,65.34785340871137,76.74479583915398,73.84075392260984
2021-04-02,66.5545309156616,64.67462915162973,76.96951831330725,74.24677708648169
2021-04-05,67.4358468189858,65.06666171398169,77.43727213451666,74.552317865651
2021-04-06,66.98097172108926,64.74687488413832,77.44743287111386,74.58745366420263
2021-04-07,66.3720253259612,64.88956930404058,77.52462399192291,74.59319575197058
2021-04-08,66.66055901055101,64.71945426033344,77.46430524751719,74.43723087733213
2021-04-09,67.44644343331284,65.25271470738944,77.53886370303631,74.53835318696663
2021-04-12,67.47191129960007,65.10218471571537,77.57981122516784,74.56622099721237
2021-04-13,68.27248917829945,65.06098047245312,77.71245277598945,74.62411758160765
2021-04-14,68.68485162063253,65.31287287438904,77.79416751286185,74.6687168331255
2021-04-15,68.45935743277458,65.50158469672212,77.79350604933357,74.73644913625635
2021-04-16,68.25336011188037,65.52986894055654,77.81529667018917,74.73971434727964
2021-04-19,67.79863181020801,65.67749672880376,76.38635395610187,74.81578106226227
2021-04-20,68.03100139161128,65.7143934546544,76.61011299294402,74.810027302285
2021-04-21,65.98941030717926,64.14184130886268,76.72994631735976,74.90990875422231
2021-04-22,64.72249701632296,64.39026538169486,76.78462527618302,74.91145423310212
2021-04-23,65.68783871178795,64.7190154999883,76.94093283115213,74.9231086216066
2021-04-26,64.79354938254093,64.55599828589314,76.83395341888497,74.95722315890208
2021-04-27,64.74842604692167,65.13839137841767,76.99479845850576,75.0244991098451
2021-04-28,65.10491921214697,64.9817578984121,76.85992555007736,75.0196563965813
2021-04-29,65.66821417421592,64.93273020450175,76.9618425332553,75.10608222768116
2021-04-30,65.57776469602366,64.48955493660084,76.95022343497683,75.15613788118841
2021-05-03,65.14939279149058,64.35025143463365,76.95716349836562,75.14068395731505
2021-05-04,67.29276130482633,64.53371570650197,76.92765650962595,75.076940767722
2021-05-05,66.17875861573313,63.966892683098244,76.67630361425107,74.94728202722385
2021-05-06,66.11591825873765,64.15103361070467,76.62617900031438,74.72739918701313
2021-05-07,66.8506478773141,61.768353515815946,76.56415626696662,74.75979309571193
2021-05-10,67.3798818488303,61.89337133027516,76.6018671643521,74.69091753692156
2021-05-11,67.0569409789553,61.725153736894086,76.31255764943946,74.54073143237906
2021-05-12,66.80021599638165,60.89986062850923,76.20926447076867,74.59007187683092
2021-05-13,67.21463971838581,60.0864701189005,75.69203655970533,74.49710173923313
2021-05-14,66.74524163571715,60.077635629571944,75.63381113854284,74.42413553611384
2021-05-17,66.49340498419083,60.008007486737355,75.67438189148277,74.59121550014065
2021-05-18,66.49814336128861,59.79158278674087,75.78326216485979,74.6035577390803
2021-05-19,67.50270900571348,61.04101861457637,75.92281821944042,74.73716414129056
2021-05-20,67.27607329801315,60.036844004194236,75.78125069584279,74.60583583352182
2021-05-21,66.1562741482437,59.51370039858283,75.78731935981622,74.58395411240923
2021-05-24,65.27610313370742,59.95362245361159,76.02899034601938,74.68148551616292
2021-05-25,65.33100450933527,60.014862118776556,74.80129818523868,74.63753885554019
2021-05-26,65.78306323166882,60.17986823430358,75.4361968380349,74.7009648454113
2021-05-27,65.84008724916448,59.591183622946886,75.15281642220874,74.52326824484345
2021-05-28,65.65004662118362,59.087125649384795,74.93077716777785,74.54212524810278
2021-05-31,66.18887576168231,59.11067599351919,74.34196687028448,74.52622631739588
2021-06-01,66.1863148382268,58.5939442545096,74.31556687669615,74.44699619217789
2021-06-02,66.42448060121492,58.72887514036521,74.3882022612276,74.43967829187436
2021-06-03,66.53950716653415,58.604150794045715,74.26412993980757,74.49969502493865
2021-06-04,66.42900998410887,58.79470570284248,61.26204173085979,74.57230181002565
2021-06-07,67.6012922439022,59.843627376907016,62.29899885242144,74.54659056005927
2021-06-08,67.1687072169894,60.359852926806454,62.648732478634436,74.69125443252045
2021-06-09,67.40165790701363,60.60000375209504,62.55130586129724,74.84108453569816
2021-06-10,67.20121247907605,60.8327961332912,62.64160795505715,75.09557464318625
2021-06-11,67.15615091757056,60.89687366157788,61.433129187250266,75.06939783037456
2021-06-14,67.15667229227927,60.443761259085505,61.13834426013058,75.20062095653564
2021-06-15,67.28791982394931,59.94875523640493,61.04775469560764,75.31528825072505
2021-06-16,67.68233728066235,59.801767415847785,61.01807052458066,75.23018684679262
2021-06-17,67.09170825598528,59.6478276868044,61.26399516662544,75.23047340022119
2021-06-18,69.47405740763631,60.66946426159966,62.08441397321393,75.30420194823671
2021-06-21,70.00503154616155,60.61979839018476,62.14572402094196,75.3717495176118
2021-06-22,70.17203786816282,60.55796347763154,61.95050432363347,75.36446521461819
2021-06-23,70.54179150539494,60.70335624335594,62.03524101105224,75.38295456971782
2021-06-24,69.33590838397731,60.969531665459655,62.09202180114062,75.35745307106836
2021-06-25,68.83694988471417,60.67248726104769,62.0230917779186,75.35941272977318
2021-06-28,69.53522295811032,60.90103788694331,62.10331528520581,73.62065564153534
2021-06-29,69.16174083459494,60.6801120279984,62.01279407133556,73.85456841882885
2021-06-30,69.30994950763257,60.83137301348385,61.05733068945235,74.0290718176609
2021-07-01,68.99102163422286,61.47250382081042,61.00732755062529,74.035063937831
2021-07-02,69.13829219831209,61.488549212629536,61.18940644990336,74.18325842325511
2021-07-05,69.69389866658756,61.72277615612366,61.349183534309546,74.0840233093224
2021-07-06,69.68174527337128,61.47695033616295,61.4861064499658,74.15556729858412
2021-07-07,69.64377688833954,61.842331860593525,61.47938773287957,73.97179520217068
2021-07-08,70.00859446532164,62.777899358300374,61.95690916208253,74.10809483817606
2021-07-09,71.06390898795208,64.57178887329341,62.42098481090188,74.24493427261103
2021-07-12,71.56774901264599,64.58813360209479,62.30897886009643,74.19724563105558
2021-07-13,72.19134269422784,64.75082828465052,62.52404753524665,74.3174019877582
2021-07-14,71.77562769722579,64.8265862281264,62.31014178986811,74.19899713884007
2021-07-15,72.51517234301717,64.68056748308292,62.6790995210098,74.21145884870522
2021-07-16,72.01185863412721,62.8954720308705,60.84781309409959,74.24359335371541
2021-07-19,77.35078330667612,67.02902297479332,63.937272563412805,75.01435424627604
2021-07-20,75.26492556591116,66.9249675736662,63.769838962379346,74.8905642045388
2021-07-21,74.85870707211035,67.37620776977575,63.5945702426611,74.73290732946862
2021-07-22,75.06921215465935,67.44698155984183,63.06320757700451,74.3552571218409
2021-07-23,75.15505057930702,66.84876207361576,62.96925236445434,74.33078176788817
2021-07-26,75.57120479709344,66.65752609951838,62.577684168723835,74.25340452491164
2021-07-27,75.47757297956863,66.37118857469207,62.52293669092368,74.39703037163684
2021-07-28,76.05211253063388,66.50332620897282,62.3913000915298,74.3837573238688
2021-07-29,75.63651816821593,66.48418129778163,61.901097309445205,74.37700707792997
2021-07-30,75.79010786906906,66.18581926464063,61.89617903888794,74.37114567117521
2021-08-02,75.71004232611251,66.0591034996021,61.87292300667247,74.50045864152592
2021-08-03,75.5456697735436,66.20656996585869,62.49321627907239,73.32363456659182
2021-08-04,75.42579300852466,66.60900152129656,61.70483831921728,73.81469135421564
2021-08-05,75.22930908709135,67.22603492106641,61.90215260272819,73.97005804992544
2021-08-06,75.61721443882983,67.27264946959363,62.04458133627643,73.81535652806156
2021-08-09,75.85066709018366,67.39879923062534,62.1813219598146,73.29029304590131
2021-08-10,75.91792809915287,67.6749959871885,62.185672847345344,73.37360716174597
2021-08-11,76.2522213268793,67.69288706044257,62.26102904053583,73.4059164887695
2021-08-12,76.10069320137254,67.57058413931325,62.093479245973846,73.42777910515261
2021-08-13,76.80219151980327,68.2846309454501,62.37521301157546,63.47873851167417
2021-08-16,76.84905499647643,68.44851961593088,62.46744830620333,64.04046844858446
2021-08-17,76.57495199516833,68.42701461402903,62.629900580426124,63.97194705791085
2021-08-18,75.85597619634224,68.28957856968101,62.59168062318625,63.89487889589057
2021-08-19,76.25944050384665,68.0259108549428,63.32161122353575,64.16072683952345
2021-08-20,76.36003596907904,67.3202680081882,63.15903304658408,63.43485542904869
2021-08-23,76.52625766567664,67.44330281536698,62.94569959442002,63.28914949286871
2021-08-24,76.76278664627304,67.32803422239755,62.96108442720205,63.381355991211905
2021-08-25,76.99770284256054,67.3624374308613,62.963506720441096,63.44902980651309
2021-08-26,77.49642124576694,67.3029093334888,63.0774492358379,63.45875089006859
2021-08-27,77.47175448126582,67.57416049931288,63.429351899082896,63.55771952239133
2021-08-30,77.74279677878985,67.50555522795165,63.43453439937413,63.50710067040172
2021-08-31,77.83304443479842,67.5956222224022,63.30878198739596,63.28688443361949
2021-09-01,77.96474315458649,67.59301388099517,63.577834183647276,63.520947375785944
2021-09-02,77.72125763705876,67.79724521892739,63.659587930531025,63.59454665431811
2021-09-03,77.80781330358391,68.0800750987714,63.84778603680349,63.64148147759392
2021-09-06,77.67747059165481,68.2721417665434,63.945367188561974,63.6903953229325
2021-09-07,78.94379729157785,68.90597333573557,64.18284186839237,63.78190041181103
2021-09-08,78.12860214851757,68.53083301979763,64.13170715947247,63.01617977704287
2021-09-09,75.92880687394906,68.15769068431634,64.28811967663086,62.91756511628934
2021-09-10,75.24872240113702,67.96620347422827,63.986898726837836,62.88317331683798
2021-09-13,74.40572934645084,67.75714873159015,63.88826719047385,62.82202231010794
2021-09-14,74.48709546401054,68.07341929593154,63.92647042840881,62.96563784419797
2021-09-15,74.9815257827005,67.68619947277571,64.0449886531745,63.01341177188364
2021-09-16,75.37386724116789,68.15380484248861,64.3102635194879,62.9400626279574
2021-09-17,75.00157695019664,68.0596322514359,64.49174818444557,62.843974713979215
2021-09-20,78.35259250226547,71.41711006498048,67.27437749733505,64.8522922182691
2021-09-21,78.34551799631775,71.55699062512947,67.30372679301065,64.94443807853989
2021-09-22,79.27524879536006,72.20205456737865,67.57277431631205,64.77535263461512
2021-09-23,77.9934964983471,71.88424729674315,67.17525843963715,65.08572304402543
2021-09-24,77.8642370741803,71.94292787136739,65.71117258152448,63.438999243817484
2021-09-27,77.64849717295816,71.75270295983466,65.55825070537908,63.33515980354532
2021-09-28,78.78556090338456,72.73107632831612,66.40619534020601,63.72625558681669
2021-09-29,78.52756220134779,72.93656516786925,66.74552474973441,63.50652839216727
2021-09-30,78.08292087598666,72.28836875750119,66.75958363482451,62.919020777190596
2021-10-01,78.63493872937913,72.3928512400174,66.05352618713394,62.779289860709085
2021-10-04,77.44115321865722,72.01092138558695,65.78130077902664,62.62457979267185
2021-10-05,77.71313384405234,71.4342207251101,65.54177049077829,62.59893146520326
2021-10-06,77.07834838042376,71.39603313281995,65.66683056932324,62.58381009185272
2021-10-07,76.86864026155838,71.35115912896781,65.59051073711117,62.17487298819665
2021-10-08,72.00953567178045,70.79863277341701,65.37062070270636,62.08757839165301
2021-10-11,72.7475983285594,70.75457909260393,65.37433495414909,62.16975758799796
2021-10-12,70.14469211193021,70.77388118928508,65.50457061242045,62.53012308873886
2021-10-13,70.24642582526657,70.35800287306401,65.66746311264329,62.12028903580207
2021-10-14,69.77767710643653,70.45064484203719,65.60701148272555,62.079130535181605
2021-10-15,69.74084999014775,70.72068853796519,65.70945632879756,62.208483849210396
2021-10-18,69.85576407472725,70.92267830770176,65.70713928349078,62.24422311924281
2021-10-19,70.1620144822277,70.96285452578881,65.78083548985984,62.222684640105975
2021-10-20,70.75046001633837,70.90824479248008,65.79836635951087,62.310019675893244
2021-10-21,70.90818441736214,70.95048137849226,65.82117269157128,62.24349127858567
2021-10-22,71.0411015992031,70.91716384781887,66.05197893663606,62.24651761251984
2021-10-25,71.52113812187085,71.16798808559817,66.25528762838854,62.453031385155825
2021-10-26,71.52026561583244,71.42326641591326,66.4946084434163,62.81862681054686
2021-10-27,70.61446691070354,71.20761259605601,66.48985900493595,62.7434461246209
2021-10-28,70.481005026194,70.62558678130449,65.62262147808347,62.48935663265238
2021-10-29,69.79847821326204,70.49501922201387,65.0252288127875,62.092262554446535
2021-11-01,70.34142724054958,70.37829393646794,65.19561505780098,62.02101205556816
2021-11-02,69.5111750440234,70.26146086682343,64.6720965596277,61.52258819724686
2021-11-03,69.17763417630974,70.17053454071956,64.6534261574345,61.451478806797866
2021-11-04,68.52724775119597,68.71401807993287,64.27310466140209,61.28922082915312
2021-11-05,68.42706535649728,68.49611444553547,64.21326299558305,61.511112573622086
2021-11-08,69.13555033888109,67.91377393982161,64.05668472517569,61.44016601584753
2021-11-09,68.95600656428786,67.71636104685498,64.14389743846426,61.475284895947404
2021-11-10,68.37601663391301,67.73026658112907,64.0182178507133,61.445890761183605
2021-11-11,68.45687791437051,67.91543878313122,64.20021589383543,61.64857008174387
2021-11-12,68.6195838149957,67.87621454330744,64.26707181944279,61.654384289097855
2021-11-15,68.08041986516464,67.92658174799215,63.901662095143365,61.80941422995821
2021-11-16,67.47397330903728,67.76499379934667,64.09248820489888,61.81089530251273
2021-11-17,67.780158781429,68.24196146876659,64.31298546623466,62.129253574625
2021-11-18,67.28300115515555,67.95738790644413,64.18715415468844,62.24356749335516
2021-11-19,66.87218133719774,67.53159761631764,63.931336827519324,61.92542915392144
2021-11-22,67.57428620013506,67.58960291935327,63.93871048374788,61.87568294374223
2021-11-23,67.3768752625967,67.99583066001462,64.03144773044961,61.82807151617196
2021-11-24,67.22388634201418,67.07345623129288,63.70726130269902,61.84011400840156
2021-11-25,66.58895043937866,66.82916959296936,63.740146948193456,61.911205315627335
2021-11-26,82.38814166529932,77.74589955847618,72.62360028415488,69.87895873815268
2021-11-29,80.38453745722214,77.31991372686956,72.31027118946326,69.6017295921743
2021-11-30,80.38752279872223,77.28148392833887,72.26253267310646,69.42374692194268
2021-12-01,80.29154959094045,77.19625819971007,72.29325627559676,69.49753684065726
2021-12-02,80.44815546961675,77.10001869129056,72.18203198284041,69.27125540539679
2021-12-03,80.31640391855535,74.48160038590613,72.31868656195539,68.58844046515695
2021-12-06,80.1809037299104,74.49672675495407,72.17378240254033,68.39614931517501
2021-12-07,81.33933487114841,75.34117926313137,73.42068044360191,69.84911520083946
2021-12-08,80.82610530183587,75.20648638454051,73.48951587028205,69.96353525934667
2021-12-09,81.41085144407167,75.40505648747006,73.50669737201868,70.11282567888519
2021-12-10,80.36858516443539,75.44720277099539,73.67451596856729,70.05830965450632
2021-12-13,80.41958652881253,75.54305514822398,73.75174462998278,70.04171516676513
2021-12-14,80.40278556202087,75.59870649790939,73.60613339699572,69.99089283861606
2021-12-15,79.8810941847809,75.44550111734416,73.7644398077525,70.05796939295867
2021-12-16,79.16466778404416,75.66789777668218,73.75408088441323,70.321315370125
2021-12-17,79.38658873217723,75.97054764766456,73.76669569662558,70.2448247491359
2021-12-20,79.33451239139463,76.03628397052701,73.69276347241272,70.27747606428257
2021-12-21,80.18293760028928,75.96213379065404,73.5445569951818,70.24452992559712
2021-12-22,79.90050449644443,75.54529110086582,73.4155137826584,70.30898876482834
2021-12-23,80.03459420628346,75.4262368919656,73.40410162315646,70.32382515432501
2021-12-24,81.06328349021526,75.82705253732634,73.72397988246514,70.65835513360366
2021-12-27,80.89804546082424,75.67107950375154,73.87243244498318,70.60406442831703
2021-12-28,81.38574040953624,75.59145084302985,73.9309398109727,70.54270570930832
2021-12-29,81.2002163908889,75.49614033862652,73.8790348671347,70.5058229006472
2021-12-30,81.20435337641887,75.27565436797529,73.94183023724116,70.67694374644985
2021-12-31,82.08081455616252,75.89174195937686,74.53546069298272,71.11513767464167
2022-01-03,81.52323714000185,76.15913563832777,74.21491586123452,71.09620243292628
2022-01-04,80.81947632569573,75.7404932685366,73.80922145870802,70.8103982821521
2022-01-05,81.24600212801958,75.7117200731089,73.77713186270316,70.87440287907228
2022-01-06,81.1146747027017,75.21861945369652,73.58256398598151,70.2621382313129
2022-01-07,80.73214747914359,75.35045808876345,73.47011767972337,69.82099431309238
2022-01-10,80.00751267999618,74.99981513032174,73.32368913807696,69.83198294590828
2022-01-11,80.49597063489277,75.02793832444212,73.513441036825,69.7918320687397
2022-01-12,80.481482040797,74.90555914059254,73.3747112749185,69.66235140961284
2022-01-13,80.31570536686111,74.8214574148043,73.30331733270812,69.69324171275758
2022-01-14,79.87003214268394,74.96487161688539,73.44352115398388,69.84198293941625
2022-01-17,79.25776584523808,75.02360830764614,73.52360659984892,69.70665723872357
2022-01-18,79.64439279655707,75.15778772281928,73.66884425917597,69.89990082810517
2022-01-19,79.30572037682067,75.01730376333887,73.71713894601969,69.84360363677095
2022-01-20,79.72715814810766,74.90696860118945,73.65433158214705,69.86829640561973
2022-01-21,81.86224625924193,76.66063811332398,74.83821236295442,70.93027090965822
2022-01-24,84.80837884245427,80.19535112613487,78.3036854881808,74.58658047770174
2022-01-25,84.1489199876326,79.38475685022767,77.47958547529423,74.08972877553455
2022-01-26,82.92644661492588,79.30999845627076,77.78913503368273,74.56566989255717
2022-01-27,82.90799301232828,79.23721078115186,77.6099837654509,74.39869272465933
2022-01-28,82.73587067447976,78.98749209994588,77.38473577604866,74.2952954541597
2022-01-31,82.47483520496965,78.50929622007229,77.30577823948899,74.21741976225086
2022-02-01,82.55824159374494,78.49300694316892,77.40348996996383,74.26364515320266
2022-02-02,82.2648588252728,78.51200753198164,77.51437695250833,74.2039587559822
2022-02-03,82.16832048606993,78.58972822147233,77.23478533407146,74.17756552652708
2022-02-04,82.61455592151897,77.88701714998525,77.05999230386705,74.05872398352557
2022-02-07,82.5679859577109,77.54775084916172,76.93137524686344,74.17028439325482
2022-02-08,81.5109683755954,77.67799205458603,76.79928177634704,74.23493288359583
2022-02-09,81.01117516085712,77.62124221895142,76.64996738210068,74.09347569365217
2022-02-10,80.13625239064496,77.70887572907415,76.62984489240708,74.12115393463962
2022-02-11,80.30048445562002,77.70453841999763,75.10369507841752,74.25905896747406
2022-02-14,80.20150163362581,78.45299902958445,76.37169057447991,75.32760224225797
2022-02-15,80.65476022370346,77.77026019235794,75.92064418403866,74.93707822522478
2022-02-16,81.7402507778289,78.32223935952265,76.01330115057455,75.06776253010426
2022-02-17,79.18119172311086,78.38626272147613,76.0849476501639,75.14130442651525
2022-02-18,79.1871188471001,78.37280417870906,75.91150158843946,74.92045419861701
2022-02-21,79.25282033186437,78.66305296273808,76.02006899786036,74.93470237807962
2022-02-22,78.89124376528038,78.96248562542974,76.07015028318527,74.996981723767
2022-02-23,79.04783431958798,78.67298706140038,75.889313639672,74.86525257022863
2022-02-24,86.28617045539009,85.21297092851938,82.77720868289556,81.08146954043563
2022-02-25,87.46399629775283,84.77229429612842,81.79693969004526,80.6209940934845
2022-02-28,85.92143819696018,84.12558425619888,81.71641440461492,80.60018753912568
2022-03-01,87.22232756556187,84.07418315008037,81.75395452914395,80.65053716569747
2022-03-02,85.8900387173902,84.27618513298863,81.82120600656138,80.74909799253386
2022-03-03,85.33682589079747,83.97390293189623,81.5450919511019,80.63959955109293
2022-03-04,87.3732352410879,86.13990881376805,83.9032373482155,82.82073910300207
2022-03-07,88.39294330579483,86.78988051085824,84.8942832495494,84.01234276797398
2022-03-08,88.60239596392508,86.68105776917112,84.57762789449612,83.88055121824948
2022-03-09,88.63095504735472,86.60897284252182,84.89240804027733,84.53275520158726
2022-03-10,87.56154111003947,85.56151443865957,83.98574519257495,83.65766840110724
2022-03-11,88.00776928065103,85.95504581833914,84.35377600086159,84.01832937122838
2022-03-14,87.83543046189489,85.70079729050242,84.29424084953467,83.79556639148234
2022-03-15,87.68991229724715,85.69601467129722,84.30374965531428,83.72521109038186
2022-03-16,87.56366281087826,85.86151732061991,84.55361741564631,83.84580547070135
2022-03-17,87.4075856360722,86.04783059528668,84.6081592289327,83.80893587041473
2022-03-18,87.38447988164774,86.02534457774217,84.61537900214424,83.78611169702535
2022-03-21,86.89032141733954,85.9408508271831,84.40136576759907,83.59850044537494
2022-03-22,86.61538184468922,86.09372148424406,84.34809176901567,83.59891995739495
2022-03-23,86.27848453213961,85.69117776103472,84.21912480260666,83.44837777405883
2022-03-24,85.91826624806946,85.85445358325451,84.15065896856484,83.45607938164443
2022-03-25,85.8219039972717,85.68837438125165,84.00963601976906,83.37607948788505
2022-03-28,85.60299027928224,85.54325443387563,84.20780520572166,83.44195754630881
2022-03-29,85.04854614713109,85.5154987445296,84.32411969271658,83.64386421165779
2022-03-30,85.4675291545833,85.03483980796094,84.03588644383225,83.43781683271666
2022-03-31,85.25553037341416,85.01504892014977,83.98577597208738,83.44451089602106
2022-04-01,85.32956677303886,85.02665138248574,83.9845170505731,83.47166135578912
2022-04-04,85.65359825347993,85.19207965094203,84.04027279013218,83.51206894256006
2022-04-05,85.53691569425416,84.93012411159853,83.95806463108488,83.41431398772204
2022-04-06,85.28870587188914,84.85296396221193,83.84800696112545,83.3288696917158
2022-04-07,85.46362167488401,84.83747563330385,83.84143433547388,83.2993532734773
2022-04-08,85.28185748323445,84.67933028545303,83.84858367327604,83.24174801415003
2022-04-11,85.36902157646522,84.71917866063482,83.65262582186759,83.20328323767748
2022-04-12,85.55992488226295,84.79953002859378,83.75769976766531,83.29818572017929
2022-04-13,85.25232556730835,84.76000265009841,83.66748357473281,83.23556932876897
2022-04-14,85.7889182842644,84.11347695380259,83.67917765396783,83.31642257477635
2022-04-15,85.71570374047344,84.69842637607735,83.65150087939197,83.4370346916435
2022-04-18,86.39095252231513,84.9495069504609,83.84795788011057,83.53709555083094
2022-04-19,86.05035361310641,85.08022958822153,83.9414046732401,83.48854074926075
2022-04-20,85.74633969557321,85.00602440113664,83.91731121462696,83.4419539524375
2022-04-21,85.71800728698496,84.91753782816257,83.93312078952887,83.4099216042459
2022-04-22,85.74223762217362,85.11410756029282,83.90634779813007,82.9643885347886
2022-04-25,86.0008113975998,85.26085402753286,84.0720258483891,83.16115604230284
2022-04-26,85.53061653794647,85.29483279326108,84.13943017251594,83.16035158757697
2022-04-27,85.60985545605311,85.2058133357913,84.08882880964241,83.0746352127757
2022-04-28,85.7386411276004,85.03286681632953,84.08761666330963,83.08058561564934
2022-04-29,85.93827459293806,84.95885410223813,84.11006159664993,83.08778717122773
2022-05-02,85.84512321309754,84.90278278905464,84.12520760952255,83.04898927750412
2022-05-03,85.87715637576207,84.74607269965689,84.08091769098208,83.00713333665938
2022-05-04,86.00758971814206,84.9828900593171,84.05037859437026,83.01573663632391
2022-05-05,85.88167535741815,84.88555543529841,83.97450551030182,82.98975918565779
2022-05-06,85.93858553078233,84.85722743157108,83.89211554134421,82.84894338057465
2022-05-09,86.13036837623007,85.10835023035945,83.99323301927815,83.0383847863407
2022-05-10,85.96488767575583,85.14645370543417,84.01791535984178,82.96449147044953
2022-05-11,85.58051700158853,84.90019509173081,83.8576218799958,82.85201918166928
2022-05-12,85.53944028760235,84.53301253120117,83.98339547462894,82.97829413618351
2022-05-13,85.51035645040906,84.30032127306933,83.79477527993177,82.81278946060957
2022-05-16,85.44215047667946,84.18089378421423,83.77501712019479,82.741625926816
2022-05-17,85.3127157952368,83.96147030468534,83.72767547373994,82.65975230118929
2022-05-18,83.10112165155773,83.77770111961838,83.59055306263,82.56457136940597
2022-05-19,83.57734142021822,83.5748261911705,83.65377868365316,82.62013622952587
2022-05-20,83.67475612727179,83.76617510589355,83.59503517938023,82.60064468964995
2022-05-23,83.6587056164285,83.2460864453871,83.48765255082051,82.61793501187141
2022-05-24,84.05482418541693,83.26633784024943,83.51029407693544,82.69155295653347
2022-05-25,83.35952013253852,83.52965068810344,83.61763594565186,82.76443521947824
2022-05-26,81.54586576056646,83.49304687542673,83.48049825002377,82.65049688673514
2022-05-27,81.32029153440715,83.42638724720199,83.40806355185552,82.57455532112907
2022-05-30,81.3273289501279,83.33414294395244,83.44927146272498,82.50336307594178
2022-05-31,74.9951030680396,83.44787648206854,83.61022159820322,82.47233483053232
2022-06-01,75.22825046644704,83.24183899259158,83.37225441391638,82.40711668366143
2022-06-02,75.16596264575647,83.42330294396166,83.43407013813616,82.35151476169239
2022-06-03,75.29341762309649,83.21282025612075,83.38282360166073,82.29844101210495
2022-06-06,75.11651161570227,83.20145568980139,83.15603396443822,82.41937139195429
2022-06-07,70.94728811694455,83.3599149382571,83.16127599331176,82.40431629573874
2022-06-08,71.02369658751303,83.42850641162836,83.1290665552439,82.46258090940154
2022-06-09,71.01660908031452,83.41060672566498,83.09216608797523,82.39184290843534
2022-06-10,73.04963665106557,83.4490967063864,83.40605385003946,82.70274835711434
2022-06-13,73.5615330566327,83.37169215289644,83.28520138464202,82.65747047503183
2022-06-14,73.46659165087237,83.09452194640171,83.12860541336015,82.60052708364329
2022-06-15,72.9810168614072,83.02151787788571,83.13402292958897,82.52853892507822
2022-06-16,73.2791064848248,82.73925134896236,83.00394824919273,82.38018458411763
2022-06-17,71.61166513306392,82.6142930416453,82.76741266110045,82.23122758813089
2022-06-20,71.71238552259528,82.57496505987359,82.76520306214664,82.0364817139508
2022-06-21,72.00646212990407,82.37569183795348,82.66629271121602,81.99302961331112
2022-06-22,71.86874744089607,82.2703580884904,82.56328196352814,81.88388107265382
2022-06-23,71.06799022529981,82.15609734352721,81.74282216453415,81.79854803342391
2022-06-24,72.17520274047861,81.84617257630151,81.6600108455643,81.4860228878486
2022-06-27,73.02944491839838,81.75224998448773,81.47644367854346,81.36480925812634
2022-06-28,72.31369989311288,81.73589236747546,81.4544544993005,81.32979013402961
2022-06-29,72.65143207341754,81.50484303782383,81.48710295074358,81.33102637613602
2022-06-30,72.90161702428837,81.48966720686005,81.45838332159543,81.36877890224564
2022-07-01,73.02351630944844,81.46441364903026,81.59764821245194,81.37057062573557
2022-07-04,72.9257285510091,81.63476740478409,81.66175152581508,81.49382427463235
2022-07-05,73.48422052832375,81.6351632532696,81.86733034940752,81.63823513464322
2022-07-06,72.05237090996152,81.6201152384515,81.68379581560757,81.57468301064986
2022-07-07,71.93350507976064,82.01789319286893,81.90283096775525,81.84192386303762
2022-07-08,70.79973224295118,82.13634249887578,81.7795339849692,81.77952136470937
2022-07-11,69.39389273843358,82.12895551966626,81.75400151037066,81.8207156955985
2022-07-12,69.47836684033363,82.16004749263192,81.6830363297778,81.81502048083846
2022-07-13,69.39320766173974,79.13517438298567,81.71280259429344,81.7719216776457
2022-07-14,67.84815616527938,79.54997072481319,81.61896329612944,81.70685377518585
2022-07-15,67.77831952793481,79.51266757548264,81.56607846084981,81.57711724681465
2022-07-18,67.57973399529992,79.06307331417767,81.61621275117024,81.49259580541424
2022-07-19,67.32240571785329,79.18245810016487,81.51094017250638,81.39764607925521
2022-07-20,68.82920498229683,78.8412523592972,81.45014775632032,81.36351732675045
2022-07-21,68.62025730572834,77.25352340891058,81.09450924651568,81.31818386930138
2022-07-22,68.7787507204249,76.80755992544557,80.99672347283736,81.21130367963318
2022-07-25,68.66980236414456,77.03794683348153,81.07134355829184,81.289121093507
2022-07-26,70.38241514517381,69.00347597719096,81.01152370293654,81.29643137034415
2022-07-27,70.44843793010754,69.01179196980584,80.83976027246467,81.23342711768315
2022-07-28,70.54126700899944,69.03426188220983,80.50588317605482,81.12875118173847
2022-07-29,71.48952088375182,69.402285632169,80.62165784038405,80.99856503420095
2022-08-01,72.71204298135447,69.40905008615196,80.36446701091413,80.90241090623215
2022-08-02,73.78773403822055,66.69351373540651,80.42442405198781,80.89188901796459
2022-08-03,74.19354621821768,66.80388630607193,80.51980815213724,80.94526910795436
2022-08-04,74.38479791909523,67.32216664399682,80.64631798782547,81.04017119807713
2022-08-05,74.43694871785,67.41529672142292,80.69022174877759,81.03288671452714
2022-08-08,74.32452382120039,67.15228169623066,80.66533883910353,81.06181112280753
2022-08-09,74.56684085926454,67.39199835348802,80.63237545418977,81.1303475521832
2022-08-10,74.9425275173157,67.51186738469673,80.44488863791346,80.94897496848833
2022-08-11,74.43487865111774,66.8047318913378,80.53890055088937,80.94141842794312
2022-08-12,74.61725264187005,66.94345948934499,80.47727341242904,80.89842807467777
2022-08-15,75.23104359460805,67.17163274814337,80.57449897987304,80.79441561328412
2022-08-16,75.70600288782575,67.77871806390941,80.51607226337643,80.74558057567141
2022-08-17,76.11355726576305,67.68054614344508,80.40463323767216,80.54983484341719
2022-08-18,75.64800326682655,67.39555799318593,80.4159260704606,80.5391966866307
2022-08-19,75.4848459738013,67.43142221502772,79.86778724081913,80.4981395762426
2022-08-22,75.38401369917767,67.69520809643916,79.86589827025972,80.44472258025701
2022-08-23,75.71006632013916,67.75568635215625,79.74123763300014,80.3676958081143
2022-08-24,75.83127044530379,68.18458558440892,79.87329889851637,80.49326602414271
2022-08-25,76.31928150358695,68.8335926987506,79.80285950120324,80.5457892267745
2022-08-26,76.09658505630709,68.8648348845354,79.76511293723806,80.44616442887657
2022-08-29,75.98025530451345,68.55717367393875,79.70419578740811,80.41189250893632
2022-08-30,75.40072273185139,67.98870234045371,79.41405866063236,80.24535337176795
2022-08-31,75.0747725989157,67.9322313106834,79.46989423719324,80.26732188597968
2022-09-01,73.23073723180774,67.55065340847966,79.50576406152884,79.47511750994266
2022-09-02,72.3640734464042,68.10706925538463,79.32812452035346,79.3919728967976
2022-09-05,72.2753255564969,67.42653786796173,79.36156401385894,79.35863899578453
2022-09-06,72.1025790957231,67.51470002025115,79.26342408608879,79.30750239581819
2022-09-07,69.25566258574221,67.36338498892094,78.93906982341464,79.2749212982006
2022-09-08,69.04673532048456,67.00841859989852,78.95715044965223,79.26401975287743
2022-09-09,69.09450177911346,66.82104591640035,78.74443000247861,79.33582642223654
2022-09-12,69.38665417549625,67.20421458594788,78.84377387878982,79.35538572097379
2022-09-13,69.39315670633718,66.59594646733379,78.6634975149135,79.27298622855679
2022-09-14,69.63230426805622,66.76498398576977,78.65799025018975,79.15469028680043
2022-09-15,69.57846716276117,66.72313078540205,78.69857937084278,79.05093845630638
2022-09-16,70.05079133375304,66.81170772020891,78.83587984559796,78.95548142182534
2022-09-19,70.40299916082387,67.25381942098197,78.83599518738676,78.92277954417483
2022-09-20,70.03778423453291,67.4214063851406,78.85649795496298,78.8571490678929
2022-09-21,67.92432827746492,67.66837227708467,75.2551406573551,78.93649883877988
2022-09-22,67.34863850356527,67.287958272796,75.65988996160415,78.79875303763347
2022-09-23,70.23540352567885,67.81878538940516,76.3005122996575,79.31977326919841
2022-09-26,66.81869223643385,68.70819906821404,75.64328828609726,79.24261457762796
2022-09-27,66.50775849872456,68.64483839663053,75.81724821549038,79.35207824858931
2022-09-28,66.8056573277998,68.36768847640015,75.45050507338166,79.21060457658737
2022-09-29,67.36559310881252,68.75011641503566,73.7517371816683,78.98627683981661
2022-09-30,68.00411864805473,68.38972154219881,73.22669976214117,78.85318316060659
2022-10-03,68.57761234417093,68.51383212090445,73.05976360715694,78.78783019000535
2022-10-04,72.59394207728164,71.46267876831122,67.12353223707282,78.99580065255587
2022-10-05,71.61790130738795,70.79373545631505,67.75246085662339,78.71102972474085
2022-10-06,72.40551508298891,70.88242107728291,67.97446347615963,78.50067283449877
2022-10-07,72.21293548215037,70.67922294043683,67.73551921374012,78.62603561168937
2022-10-10,72.87284946331887,70.72942780860127,67.85755398658537,78.43757459026655
2022-10-11,72.2424977448011,70.48579413883994,65.93383062401777,78.4345743049454
2022-10-12,72.97199177870448,71.3544262192725,66.12954545591788,78.50123596449326
2022-10-13,72.49409175487529,71.17661261001122,66.18421519728042,78.5642459664565
2022-10-14,71.57631184323658,70.38380597059994,66.34672733024608,78.56811794268724
2022-10-17,72.7620047150844,70.86616799106314,66.39896194830825,78.57925828109478
2022-10-18,73.05389234429613,71.08542043068245,66.57852226676654,78.57811555722357
2022-10-19,73.86605930437207,71.26086462691097,66.74107986828174,78.50054163681057
2022-10-20,73.67151985399248,70.78782500535243,66.59487185828652,78.59499586291247
2022-10-21,73.39726596750535,71.03935470997635,66.95909764135403,78.6731856515107
2022-10-24,73.61571939674774,70.97983728769105,66.17815323415157,78.63974317220735
2022-10-25,72.93660308278554,70.3711437910995,66.51288997939503,78.59242455433949
2022-10-26,72.90735943292913,70.1805731304326,66.40610101767426,78.43563811130507
2022-10-27,73.09870432847126,68.97142470702813,66.34119269351257,78.41616537363973
2022-10-28,73.06088148361246,67.17494180397517,66.38503858983078,77.89708678497362
2022-10-31,73.30014803529409,67.83366002239359,66.83638894099894,77.96634889640183
2022-11-01,73.54630542303767,68.57976108291447,66.84157442677444,77.82702528025052
2022-11-02,75.04386960973041,67.69084162042543,66.82665975585756,77.77224949107965
2022-11-03,74.775780871941,66.72395871205306,66.85524379249935,77.69826339181742
2022-11-04,74.34379091571024,66.30607763947096,66.68087219207187,77.56171699721027
2022-11-07,74.83264886247551,66.16185451375976,66.34489402026996,77.55233730489253
2022-11-08,74.02213666278452,65.97362533692778,66.28554580897274,77.40488562529828
2022-11-09,74.27186756925315,66.81921493168585,66.27723360630169,77.56153608500746
2022-11-10,74.4711469240982,67.27185239935567,66.03156810819722,77.56481598056287
2022-11-11,74.21027802737157,67.21623635069524,65.21350931899269,77.56661599453905
2022-11-14,75.1564103559991,67.73176131531945,65.0577827491257,77.61485443722816
2022-11-15,74.21233084938343,67.64284048853084,65.27508612112089,77.72543712640208
2022-11-16,74.35538705201446,66.62908266231933,65.21272199363726,77.53399747516615
2022-11-17,74.4884051963515,66.1615133416373,65.0647315167947,77.5393746963993
2022-11-18,74.62628423595558,66.17132955053391,65.23960200306385,77.40273393561793
2022-11-21,75.92569754372244,66.14215449133489,65.5714422452785,77.50035215154088
2022-11-22,75.77640022135475,66.49162556513707,65.6964479456642,77.36930447341639
2022-11-23,75.03320420852108,66.85951011662662,66.12830617584603,77.57342002629929
2022-11-24,75.38581243387557,67.02410246980173,66.13075272364497,77.6317380176821
2022-11-25,75.24095296512164,66.9951088893891,66.53937924841624,77.78430812203901
2022-11-28,75.72217837872445,66.99163822154634,66.8156989270577,77.839262987718
2022-11-29,76.09555447543148,66.91690991239633,66.63326342234981,77.8821370576742
2022-11-30,76.44178916091808,67.52272978501694,66.97520368886572,74.5619795731804
2022-12-01,76.06320204133824,68.03458783365463,66.84869022915156,74.7437316901436
2022-12-02,75.11818415376254,67.57482541325585,66.18267040930465,74.86257118747626
2022-12-05,75.6949653935368,67.70560746851174,66.54098424106235,74.37708204982955
2022-12-06,75.59710529880725,67.98499334017369,66.4239782692592,74.54083072189853
2022-12-07,75.45153110875474,68.30406297410295,66.44986838732531,74.4021834655546
2022-12-08,75.96409313215041,68.39406367520105,66.54202765998436,72.36347781976228
2022-12-09,76.38759951834147,67.96732504288121,66.48560599581866,72.20830822365069
2022-12-12,77.03291467052269,68.6660026170104,66.64739716050137,72.32129131445873
2022-12-13,77.67815089725944,69.05967169161214,66.85956335766114,65.3887615700463
2022-12-14,77.30396398484633,69.51415731448772,67.31679623911513,66.12402880874882
2022-12-15,70.45944954981996,70.07553581522244,67.27637077760689,66.03847200677122
2022-12-16,69.34961926792641,69.37839072816217,66.91290051504012,65.7029205643925
2022-12-19,68.84121821914275,69.50253403840325,67.24871174818945,65.98566010306628
2022-12-20,69.64019549819793,69.85251971157824,67.4147383612064,64.40456720523919
2022-12-21,70.66588410199185,69.93373774965555,67.94086757100483,64.59511025737864
2022-12-22,70.01520249706176,70.29332637588182,68.0672449103402,64.81610142401205
2022-12-23,69.45419027597623,70.87372699547775,68.25589896561226,65.29175387631298
2022-12-26,67.20113981962598,72.23854274592905,69.2314320082369,65.93182421552139
2022-12-27,68.45658623702873,72.49580257275673,69.42825489266953,66.24739103331547
2022-12-28,68.47885191165918,71.73278138705257,68.8789640246257,66.02139857398122
2022-12-29,68.37227677235829,72.1258040983755,68.85930617109548,66.11241039502099
2022-12-30,69.26516100793776,71.97564363051538,68.92074522537615,66.26848319811505
2023-01-02,69.11871076303558,71.82305597072917,69.00533093491251,65.38359025931408
2023-01-03,70.00457843534716,71.7884109826521,68.6461978232064,65.63918085520632
2023-01-04,70.27378933019511,71.90502939172703,68.52118870095013,65.63635399291809
2023-01-05,70.3580203341852,71.8964354357878,67.27670727622251,65.76295103493332
2023-01-06,69.09776882173799,72.14897800698154,65.71780993097613,65.77307521403449
2023-01-09,69.07657908413425,72.11871046202268,66.03058997416052,65.93022927454504
2023-01-10,69.76714661313581,71.60712627004342,66.27106987789254,65.79050599993529
2023-01-11,68.97601394191476,71.82460067959785,65.77316458549618,65.71571987658828
2023-01-12,68.67999129726266,71.72284675835128,65.38776121827314,65.6575114737843
2023-01-13,68.56207838324725,71.84198041084497,65.60606035009572,65.89471005780592
2023-01-16,68.62824045423051,72.06470907012977,65.36839659349513,65.19053234760902
2023-01-17,68.31377970587538,72.24597546946758,65.77049661460369,65.83071460111452
2023-01-18,68.48886144468436,71.83597332324301,66.00311089141857,65.61895745315175
2023-01-19,69.62908923356012,72.31541153318307,66.16409546169342,65.36780621742541
2023-01-20,69.36454363773551,71.69393520096496,66.26212397918809,64.88841815138643
2023-01-23,69.73730266984845,72.15395965559722,66.40808313888776,64.76343633911604
2023-01-24,69.68074328708211,72.7393382066128,66.54667887982431,64.86259301968964
2023-01-25,69.50201487114454,72.72639975690525,66.29312278062955,65.10737636587069
2023-01-26,67.58225356321094,72.68859421727407,66.2566346596933,64.91201469152085
2023-01-27,68.34641026267086,71.62139452781533,66.32702288231359,65.11630660108399
2023-01-30,69.19056139466355,72.09486312091083,65.63458986904686,65.10386164424531
2023-01-31,69.22880800422544,72.32151411435052,66.12775782883462,65.61176394701089
2023-02-01,68.43599456682247,72.4516413039621,66.03258259814025,65.85419051404318
2023-02-02,68.730752398282,72.68703718206385,66.27003562229513,65.85025691772117
2023-02-03,69.21684137662318,72.67522427337514,66.30488050161176,65.97401668680979
2023-02-06,69.53055944003034,72.5943018010304,66.35584280429813,66.02632911573065
2023-02-07,68.9956256311776,72.67021264499995,66.26625266458005,66.02843985986074
2023-02-08,69.10183253677911,72.43424454440981,65.83966145025218,65.96641810822604
2023-02-09,68.7302228229504,66.56647149425103,66.06615692605503,66.12289925910562
2023-02-10,68.84196682530853,66.37472585743038,65.99592574343436,65.48876637686828
2023-02-13,68.65690979142481,65.94417789318393,66.00387945729949,65.7592958805669
2023-02-14,68.48948876863251,66.04957692654999,66.61046435746141,65.76696010877247
2023-02-15,69.2053786095013,65.24504455940307,67.03934177577992,65.82853130371952
2023-02-16,68.71406786237003,65.28981484519431,67.1966641303175,65.76321955057232
2023-02-17,67.81073487622164,64.6812261968721,67.14449138602903,65.86578196809593
2023-02-20,67.3615913718838,60.52135289740844,67.42939329020888,65.81868335380415
2023-02-21,66.8410325851065,60.93634492856496,67.6110895400891,66.10951663028646
2023-02-22,65.91053856893282,60.77925804553885,67.53763995927834,66.19424629403608
2023-02-23,66.06624743516247,60.73279394210343,67.8319306020758,66.1424246217694
2023-02-24,65.44331298533056,60.577513811489005,67.85608330093153,66.08019303633029
2023-02-27,66.55323356404959,61.00332615663313,67.82282436074868,66.13373770074489
2023-02-28,66.40743189937342,60.87086338644122,67.8386201187237,66.14971439329823
2023-03-01,66.05859574215201,61.050264572802526,67.69222028770479,66.44940514125572
2023-03-02,66.16199233923324,60.89715274689055,67.64385767101822,66.58720495251522
2023-03-03,66.812715267677,59.57213600395009,67.68885835833727,66.62029128025978
2023-03-06,66.69345875884807,58.90042986690861,67.57795055243975,66.42266814818174
2023-03-07,65.71820757461654,59.05547631175114,67.59257060760085,66.43472281178575
2023-03-08,63.93258248135309,59.47880741567888,67.6456251478046,66.57762479865852
2023-03-09,64.5564593654264,59.65865255970204,67.84394750059164,66.67210277657215
2023-03-10,66.25803455167166,59.954776953964824,67.77277758310144,66.71947311915028
2023-03-13,71.21907378288584,64.25119125601302,69.85707132100089,68.43990688527273
2023-03-14,69.03272777250548,65.12338928012184,69.86966570256907,67.91742787021269
2023-03-15,79.80650691888508,73.1200160649875,73.05746988249456,70.18386891864132
2023-03-16,74.47782571837324,71.22844091361806,72.06064948146043,68.3433077180966
2023-03-17,74.79984928443872,71.11522867070818,72.18123296490656,67.63304963801743
2023-03-20,73.02531471052957,71.18902687321939,71.90418540783,67.48936010262405
2023-03-21,75.1401543055264,72.11192587506996,71.77159790768813,67.79152463887218
2023-03-22,75.11964649102569,72.08180783108944,71.94083898943798,67.81791926023475
2023-03-24,77.95998181531135,72.87529792196456,72.43211100786418,68.14725052060618
2023-03-27,77.94582590131989,73.1097119844827,72.55375484890259,68.34093522047824
2023-03-28,78.87103347265739,73.48743460655243,72.96127772064925,68.71158820524977
2023-03-29,78.70074086097219,73.23391737310723,72.96412415464003,68.65075582253502
2023-03-30,78.53139640062898,72.92526419015914,72.75261014321016,68.72004969626477
2023-03-31,78.87461136218236,73.01203842455955,72.85543869195914,68.73045171449945
2023-04-03,79.05854356916899,73.10379573153583,72.6194056601684,68.93217518300798
2023-04-04,78.994886357886,73.03289133899155,73.05704361779188,69.08917030936547
2023-04-05,79.41866103466397,73.11613675260435,73.21653213325303,69.15536923473215
2023-04-06,79.24061111043827,73.07329808558293,73.16641088919506,68.73924536472757
2023-04-07,80.00943443080564,74.05538827613557,73.69040088649224,69.20049984588782
2023-04-10,82.72726411328156,74.38442282198524,73.5693946584632,69.61772389691102
2023-04-11,83.16588459202536,74.57350479073703,74.03079539204782,69.25636011370216
2023-04-12,83.53815120157697,74.67271559003933,74.08552871544082,69.44648301189913
2023-04-13,83.86587162508033,74.66895103343973,74.06539035535384,69.31828424126557
2023-04-14,84.06758723795048,74.59038121190132,74.20530901054249,69.5187849124065
2023-04-17,84.35843602261374,74.64048074012666,74.50721571678662,69.62702997988228
2023-04-18,84.49664015698147,74.67166001702029,74.53760732281394,69.72301747101251
2023-04-19,84.78238624350641,74.87232574129233,74.53755004888852,69.50301287266842
2023-04-20,84.88292946438575,75.13922936497832,74.76701783678745,69.41417411725116
2023-04-21,84.95969404159925,75.01196446942723,72.1445688670619,69.76929923067536
2023-04-24,85.25171100405426,75.16730891907261,72.3806087829959,69.99951235585617
2023-04-25,85.15906019227228,75.1821985315097,72.21572955547173,70.18713253185499
2023-04-26,85.04705999455861,75.16772798589466,72.82299964642715,70.41144681537624
2023-04-27,84.64550459857428,74.82274444693373,71.78041714493372,70.42351840212856
2023-04-28,84.59724315121363,74.82061970840759,71.78325216089121,70.39727019478589
2023-05-01,85.03561073757616,75.11431366946483,72.4944350076451,70.7909754090422
2023-05-02,84.33163170309248,74.9642029090173,69.46723276399197,70.95126285997013
2023-05-03,84.70793380270113,75.00891395724845,70.42287857200942,70.99314433978324
2023-05-04,84.79237361162728,75.28147265589669,70.4329700115799,71.08345918927391
2023-05-05,84.77287502458121,75.33971819984751,70.34624734683949,71.18809993491709
2023-05-08,85.02637201059979,75.5606169430579,70.42118307593367,71.32259904194186
2023-05-09,85.26718514622213,75.16777408369103,70.53139565654831,71.2954801889237
2023-05-10,85.51788399278489,75.2482739023697,70.82480779200002,71.4762828710933
2023-05-11,85.00800450666766,75.25376174001931,70.64396048715025,71.24068571417767
2023-05-12,84.95051291141267,75.00696932292485,70.67977277224078,71.32135171560817
2023-05-15,84.98932588743125,74.41455089868954,70.26667654992987,71.47939603082007
2023-05-16,84.94040861751492,74.43490675794511,70.10788891086878,71.46788008579364
2023-05-17,84.8674451268636,76.07164123701288,70.45388407364018,71.58102156369075
2023-05-18,84.43112956764267,75.68324202898879,70.46255637359604,71.5688635695897
2023-05-19,84.60260249673338,75.4328685368323,70.21845518904904,71.43226047480815
2023-05-22,83.55626710888583,75.60162044103488,70.00958712483806,70.97188765958069
2023-05-23,83.73060484194784,75.68049546283075,70.21467502232493,71.05006431366766
2023-05-24,84.36339463472426,75.76335862867921,70.24099769030767,71.11405346945361
2023-05-25,84.05131556342265,75.51273956440293,70.31480444435483,71.12684643097124
2023-05-26,84.23832355504709,75.53495230848321,70.36820623206863,71.13310120215228
2023-05-29,83.97146130524884,76.06570487932031,70.39763629340389,71.3143116478578
2023-05-30,84.23567918759701,75.68153564503282,70.43599211763826,71.27411921729997
2023-05-31,83.98257053374493,75.60429313420848,70.24908671347548,71.18765679091015
2023-06-01,84.01191135438711,75.66963956245469,70.32312185701976,71.33536878302384
2023-06-02,83.81113403586144,76.83928535440073,70.75652244538311,71.75521454012612
2023-06-05,80.03606064054574,78.07564932545705,70.51819159570935,71.56207746689279
2023-06-06,80.40165180145215,78.3636888068009,70.6721861958498,71.78549506090278
2023-06-07,74.0185025895421,78.45756950183936,70.60656117767968,71.85410449923968
2023-06-08,74.23616807925913,78.42630330970239,70.29178141152364,71.77955769910433
2023-06-09,74.3647922329581,78.80756196371036,70.59030601773945,72.11200094810864
2023-06-12,73.89690593489341,78.68434365270645,70.55079921649981,71.74388066358004
2023-06-13,73.52009263826925,78.4984990980254,70.46251180864739,72.0257630528766
2023-06-14,74.0450968101376,78.49144100304039,70.5283017525161,72.20963335398523
2023-06-15,72.6394736796058,78.96630474519523,70.96411033243486,72.36512103002609
2023-06-16,71.59319492140428,78.57801289248556,70.77380682006286,72.25143272439807
2023-06-19,71.19345583848269,78.61535434714122,70.53304872109074,71.62682863969239
2023-06-20,70.62601819884658,78.34514306303927,70.48697611389517,72.00351226619087
2023-06-21,68.19117606963259,78.14777339107471,70.43333817608485,72.01890755937512
2023-06-22,68.39301149352515,77.91892631659405,70.34532078798952,71.9452664168971
2023-06-23,67.71929367423759,78.11325379988936,70.15631060183546,71.9609354812016
2023-06-26,67.3183525279586,78.16556908560447,70.08410331343778,72.03006415240309
2023-06-27,66.56499921332903,78.12447305383256,70.02017438725211,71.96266587770953
2023-06-28,66.41564274158874,78.0861556226573,70.11191849647433,71.92897886623622
2023-06-29,66.07660801427278,77.55388534373692,70.0021310106012,71.81154549888893
2023-06-30,64.65830112538147,77.57772841817389,69.9276555528075,69.49888577499713
2023-07-03,64.24691209029729,77.7950390699163,70.20524687947744,69.60231072610759
2023-07-04,65.25136655026934,77.70466899841772,70.34025577151756,69.61832852128865
2023-07-05,66.2714249703123,77.58929657425519,70.25624925023766,69.81881206268864
2023-07-06,70.54342564848007,77.53073657113828,70.61829672364303,69.41280543283327
2023-07-07,69.4090219969017,77.30264735128138,70.4194855414794,69.46797398326665
2023-07-10,70.42400757952142,77.46411036642023,70.44727722767188,69.0844778943607
2023-07-11,69.98441101684179,77.22037587488964,70.2722760632507,66.22030179110683
2023-07-12,71.7761291478624,77.21098787875454,70.31944125913509,66.89273605350306
2023-07-13,72.22504051955114,77.35284754876413,70.66696710817858,67.06165978637846
2023-07-14,71.92069321105933,77.5038958154414,70.9734335433866,67.13759717634666
2023-07-17,71.81531015778812,77.0376904651934,70.8155807657524,66.938895236116
2023-07-18,71.81155833839604,77.14936973401926,70.77311387971315,67.02934521534715
2023-07-19,72.79686673203655,77.42660498750861,70.55448443731973,67.11300809357382
2023-07-20,72.4810931278258,77.47720160991926,70.60473775782506,67.06397536785941
2023-07-21,72.27134331295234,77.72128500966836,70.51719925701505,67.14272139066217
2023-07-24,72.35223724598843,78.13912334243057,70.34327466485341,66.95248047115872
2023-07-25,72.68515297840405,78.20896516783863,70.3668622458607,66.90217477563985
2023-07-26,72.33393916237625,78.02165118374027,70.66387142136058,66.98477842713366
2023-07-27,72.09976372490505,77.63324440377684,70.2233331805387,66.83330979572936
2023-07-28,71.53420331817625,77.03263199376579,70.36934916186839,66.9665012800152
2023-07-31,71.87068029471216,75.28813858616125,70.65990963569568,67.00850785585043
2023-08-01,71.89615894129136,75.41428565693698,70.71820792690359,67.14199198353332
2023-08-02,71.7132207822572,68.98863828713134,70.71742260378873,67.15219244476269
2023-08-03,71.75454805741322,68.27718959576404,70.53370173799527,67.13551892737279
2023-08-04,71.64588266321375,67.2792485851061,70.47838168991939,67.06877250909059
2023-08-07,72.4033362906624,67.7649288533862,70.51145435546772,66.99241574611291
2023-08-08,71.69190462217543,66.72954897373114,70.38791674642046,67.01507559567219
2023-08-09,72.07827107084498,66.62833127952202,70.30152213519754,66.87917984793813
2023-08-10,72.57440033403144,64.96158823710222,70.43633089622307,67.01004377109632
2023-08-11,71.92533288633494,64.56423662009536,70.379658667001,66.79299845382116
2023-08-14,71.91257492158334,64.67669261426377,71.48284328003754,66.77928814413887
2023-08-15,70.96404030635813,64.161295776195,71.31585240770777,66.74654243521086
2023-08-16,70.93892769793737,62.83066384076888,71.3818020060812,66.6746958413846
2023-08-17,70.67952144907525,62.46637510680162,71.12416196645532,66.00455056259253
2023-08-18,70.40085775910472,62.62522637718436,71.02341092659532,66.02322216698875
2023-08-21,70.62632249302642,62.603009466327876,71.05682716218672,66.06268917534909
2023-08-22,69.77675168182498,62.70275969358588,71.09499072971582,66.06216691067749
2023-08-23,70.50037098661862,62.86953042166703,71.19511720798207,66.18517062671987
2023-08-24,63.12538538727208,62.33354074444861,70.9231348442792,66.09863643692337
2023-08-25,62.9428964233634,61.68787163927135,70.85001753373493,66.13349622755061
2023-08-28,64.15403228828357,61.95405260793161,70.92907202528241,66.02214037372252
2023-08-29,63.765214697970784,61.796835828975425,70.78454083583982,65.94811294412912
2023-08-30,63.88986506242178,62.10093036160945,70.80724005154114,66.00730260063867
2023-08-31,63.07437676894326,62.296561188685196,70.80994361401454,66.0859118467564
2023-09-01,63.304319747119344,62.51762077712243,71.2119703447133,66.06298637866168
2023-09-04,63.73147332570749,62.82587983930953,71.06916195285518,65.93373152574479
2023-09-05,63.81651352012882,62.819845659279714,71.0983790797461,65.95205213005414
2023-09-06,64.11841397549712,62.90019867828263,71.10689306021439,65.89814004510902
2023-09-07,64.43563528252888,63.244735682918574,70.4822756421851,65.53886695870929
2023-09-08,64.8087905070125,63.006106110311336,70.75884658475168,65.59212120349093
2023-09-11,65.49968643002443,63.069696670347355,70.83786621990971,65.68871452533713
2023-09-12,65.47704400221053,63.07011656149456,70.95440010976672,65.88934799597949
2023-09-13,65.63639396436528,63.82671710009831,70.94965439053142,65.9775116496786
2023-09-14,69.36582376450853,65.71841888763204,70.98446389716699,66.25448051661996
2023-09-15,69.06360700245997,65.07422624127412,70.84701531943885,66.2523523754096
2023-09-18,68.62459410247054,64.64121759645826,70.95789620817541,66.31228628284073
2023-09-19,69.35166510572826,65.28202343095842,70.86001938560939,66.23726540448361
2023-09-20,69.53826135182459,65.10336759186359,70.87702907413033,66.23041780404
2023-09-21,71.41527519119384,65.41843538812175,70.74980024983685,66.2795112722119
2023-09-22,70.53975225174169,65.46732910597072,70.81466183797367,66.5775657988253
2023-09-25,70.16422276359296,65.64774491692073,70.72855426810918,66.53537228804828
2023-09-26,70.40119621378305,65.58972857053203,70.70710753272589,66.39419729453414
2023-09-27,67.5409220896752,65.48225924694543,70.87775675616157,66.18681277023498
2023-09-28,67.53497125428353,65.5721549095481,70.85741188160188,66.21019331070023
2023-09-29,66.70467862323163,65.08364401027083,70.94658092045051,66.00806647766075
2023-10-02,67.83834547173426,65.38334376629841,71.13501631091039,65.71101298145197
2023-10-03,67.62378767744602,64.94498723201733,70.94152530517312,65.55973052374455
2023-10-04,66.55200044274346,64.58605848549912,70.50787415531423,65.78901438138683
2023-10-05,65.84129302293586,64.76189746658984,70.39847742283932,65.63348746202534
2023-10-06,66.66053184619699,64.1575755650354,69.96735356424406,65.63737590909395
2023-10-09,66.66834678868308,63.33550219894276,67.56837805417113,65.74226292157465
2023-10-10,71.5969423141842,65.97538074455201,69.49080894690445,67.17649469010509
2023-10-11,70.76541670114666,66.17164443152994,64.28038974485524,66.9874829748345
2023-10-12,70.54981797807048,65.67694828067216,64.25194936958002,67.04239156973021
2023-10-13,70.43436346486098,65.29184647838686,63.8668662279277,67.0624656685088
2023-10-16,69.78581966314114,65.20682469868301,63.849668251379335,66.62912019723719
2023-10-17,67.76471803459594,63.82719060268667,63.06607693657562,66.57403581534172
2023-10-18,67.67281737855271,63.99743736264221,63.1955240748988,66.63376465697701
2023-10-19,67.56568575201109,61.07350311710243,61.545162750601726,66.49802550297291
2023-10-20,67.54993672893004,60.90535716626386,61.5834948058533,66.73218499340558
2023-10-23,67.33160042625124,60.9107567151747,61.05628750010319,67.16760511765558
2023-10-24,65.18989849719023,60.60886107350449,60.80274124305778,66.8748723782916
2023-10-25,65.13155130837136,60.155056979664344,59.97723774738885,66.95898770190182
2023-10-26,65.86861639805113,59.926749207720235,59.752066445251295,66.80633981734715
2023-10-27,65.4900059138801,60.14395060482951,59.83698328398427,66.78204373188053
2023-10-30,65.62619904393773,60.18742849186482,59.88950434814914,66.82931933169851
2023-10-31,65.52284604261472,59.92131890688292,59.84866211689081,66.78754891001049
2023-11-01,66.13817793606088,59.69448535406742,59.862828780806545,66.6899949234811
2023-11-02,68.08573368755715,61.00072374318224,60.24886459961082,66.8493323732384
2023-11-03,67.66677850515153,60.56851036689965,59.79938770556611,66.7759623221079
2023-11-06,67.40055248681355,60.96475360681978,59.960329193700034,66.89262855282637
2023-11-07,67.19980439682739,60.54952924259855,59.824199758741415,66.7522429814652
2023-11-08,67.02823709537749,60.35660785046414,59.762127577554224,66.7821473049619
2023-11-09,66.63733490489338,60.35335570158017,59.77743615695481,66.75003515956091
2023-11-10,66.72885615058622,60.428548063532595,59.66932025871985,66.85756985872479
2023-11-13,66.40005288468916,59.89572998056811,59.62727820963154,66.75027352763146
2023-11-14,67.79217430557917,61.03794194927631,60.36727235283254,67.17009464294648
2023-11-15,67.34086584300888,61.298262318349074,60.276501472762014,67.09522506024335
2023-11-16,67.9157824266355,61.54372135040761,60.2511886996495,67.06452659055779
2023-11-17,68.21775581514964,61.34986536658552,60.356858332688155,67.2282687882057
2023-11-20,69.81973629831381,61.44314828008387,60.55785395219176,67.32699295755671
2023-11-21,68.91404488229334,61.4916719324019,60.466006479654524,67.15858114985105
2023-11-22,68.57517654909148,60.20584337555509,60.935709140284764,67.16625082273573
2023-11-23,68.71095874098519,60.08390040530605,61.07817761815162,67.12765567567062
2023-11-24,68.40061569473379,60.18100711496602,60.828780936893246,67.24428788288603
2023-11-27,68.86519461107117,60.87985819475276,60.81855266759029,67.25719592769072
2023-11-28,68.61895980328123,60.311828455477766,60.72547305454981,67.09934968220618
2023-11-29,68.09713496907044,60.335475439093635,60.56777497398321,67.16400351628072
2023-11-30,69.25675589728762,60.68599047145725,60.58836225249701,67.18298623452606
2023-12-01,69.5170036371246,61.362925027164025,60.57927436434747,67.18738614516833
2023-12-04,69.86099932742297,61.575443118933556,60.576783804808485,67.19412689870582
2023-12-05,69.76696962443928,62.02270728179331,60.705664807345585,67.26777787965743
2023-12-06,69.71538866405096,61.893339459972005,60.617649326479786,67.35924422724983
2023-12-07,69.97827781639316,61.61806322926985,60.64739174902671,67.55792376760695
2023-12-08,70.00943578781492,61.52247332260373,60.37179169515662,67.70543458250874
2023-12-11,70.00267727989453,61.56412257908072,60.58498277620712,68.04476760079822
2023-12-12,69.81552032910002,61.23523837039308,60.1733713271275,68.06017939018294
2023-12-13,69.77584880660531,61.46138793269119,60.33068259242632,68.12174707059467
2023-12-14,73.11709992880353,61.98888042110459,60.359424412510165,67.88934238236078
2023-12-15,72.28772729376136,61.2088850885746,60.43524976739041,67.57052834912679
2023-12-18,72.36861046327799,61.47109109677147,60.050817364761734,65.3108551998678
2023-12-19,72.65638510230582,60.89895360627203,59.47605376782417,65.47841560964372
2023-12-20,72.5598799185887,60.72248036055065,59.45249290741227,60.52480115844787
2023-12-21,72.35613979702306,60.642962172690616,59.09044362943746,60.56964607398726
2023-12-22,71.91249299569043,59.92055834459536,58.89133753028973,60.22312110609164
2023-12-25,72.24125571818962,60.649426313144495,59.426539032344635,60.684601283460616
2023-12-26,73.37342982107833,62.02433895700571,59.59166018850662,60.57960695011263
2023-12-27,73.49232120598649,62.29476663625777,59.725798787995856,60.698499079153315
2023-12-28,73.46285914843395,62.48826815001557,57.58461358021195,59.21481232696992
2023-12-29,74.43423132311376,62.730905190751464,58.12491417071705,59.60584999361128
2024-01-01,71.40841934267594,63.639289104105956,58.81727281329812,59.99877937674909
2024-01-02,72.00630400989849,63.89348542811499,58.82151080371022,59.91390070663759
2024-01-03,71.47080897162954,63.723850946308666,58.47264987020539,59.29078247417784
2024-01-04,71.07174745114368,63.659912218256956,58.202997955781186,59.14766694654233
2024-01-05,72.111575306879,63.71975052282897,58.47674731120719,59.27776697180531
2024-01-08,70.87628923568602,63.68175440934123,58.589235925186415,59.32858565965804
2024-01-09,70.50679271522476,64.0944839344279,58.79499987964627,59.448110066925416
2024-01-10,68.90900494322176,63.24316788778596,58.253885891858026,59.328263799185166
2024-01-11,67.20624004508247,63.13270142741126,58.33523958559462,59.02361499887828
2024-01-12,67.41541490999914,62.795653758314515,58.412781099761744,58.53297954141112
2024-01-15,67.57275522394877,63.33385149945278,58.64410130640191,58.54100089724659
2024-01-16,67.80846528287894,63.14927816354597,58.490539889037784,58.54813974795029
2024-01-17,68.93407447308391,63.6740998272257,58.87626512867939,58.96568592833171
2024-01-18,68.4615331167068,62.86798079517316,58.63001512014871,58.816439430002454
2024-01-19,68.56365901148675,62.643082546063276,58.49420444356161,58.709232254830866
2024-01-22,69.31381847528101,62.68287374271991,58.36678195051882,58.70281921383085
2024-01-23,68.4401982318975,62.71342636036425,58.304806630079234,58.61176292087183
2024-01-24,64.87770103292213,62.523455091694444,58.335453112918515,58.35431418527733
2024-01-25,64.05278912993766,62.12784375507528,58.3491173897977,58.30596555434385
2024-01-26,64.51558250105677,62.18338825445884,58.110777838378645,58.1534109396731
2024-01-29,64.9786944142262,62.041816392467666,57.83722968977971,58.24343990113242
2024-01-30,64.44022384809335,61.68616990516934,57.781982543145496,58.11024613407606
2024-01-31,63.417768186652744,61.448935348475366,56.39790771420908,58.30405359944083
2024-02-01,63.75842845390104,61.86617003798113,56.28116522938138,58.274185580222095
2024-02-02,63.23536110348152,62.218161177225575,56.169147547338085,57.912727848315626
2024-02-05,61.29731584422649,62.04373903117148,56.321539698596865,57.66105107854492
2024-02-06,61.81410318635585,61.89128206682276,55.803467617578114,57.59716524217853
2024-02-07,61.87473270214184,61.914974673424084,55.690182466311434,57.437369455142104
2024-02-08,59.10376034904573,61.99291461837772,55.617628911621395,57.23100459106296
2024-02-09,59.14783311808534,62.01026374009353,56.07496606370955,57.27742586689413
2024-02-12,59.321430533706454,61.996470093978694,56.240588673186785,57.251071910459984
2024-02-13,60.15833730595349,62.29935078139608,56.41087146115348,57.32663702799188
2024-02-14,59.67501440105967,61.920373555800566,56.29163060535745,57.18884283488458
2024-02-15,59.408887486174,62.01832643069844,56.173100107143256,57.21808114063436
2024-02-16,58.875724378057996,61.260115299330984,55.8499693689884,56.84247640288116
2024-02-19,59.39637589443324,60.894382559162885,55.693023972326394,56.889925970728015
2024-02-20,59.43800596826052,60.82879809517707,55.870542429219086,56.793838261586785
2024-02-21,58.51471490455849,60.6469786034084,55.85777914069854,56.854214349954525
2024-02-22,58.42507177273656,60.6380777720972,55.736762693306794,56.85106226303513
2024-02-23,58.85814796707398,60.74802329088017,55.419414914429964,57.04027988192358
2024-02-26,58.453280348837,55.268156908091,55.565125946796954,56.57515565943111
2024-02-27,57.71483043647484,55.535274464792685,54.95073007359647,55.859858306354624
2024-02-28,57.480648047403484,55.42401286488441,54.89689139636242,55.83240088628396
2024-02-29,57.18384086469241,55.18236885239855,54.80206079137781,55.61970118908054
2024-03-01,57.18334348558742,55.53853743353777,54.569212936169954,55.42853259849673
2024-03-04,57.517974066759045,55.6246389052815,54.938808538002114,55.70099029736424
2024-03-05,57.182955553565904,54.86446684521472,55.12973219505308,55.30650407125698
2024-03-06,55.85027935445084,54.27524087893515,55.32588960402034,55.39665973999446
2024-03-07,54.5555752187746,51.92713691186408,55.03157318008201,52.97406958618708
2024-03-08,54.37499818707515,52.16677694840865,54.86583568991398,53.02364035100574
2024-03-11,54.3288406272927,52.02693694920456,54.76948708493205,52.95509421189447
2024-03-12,55.53873455774057,52.420961059001506,54.85573427238093,52.92597074345882
2024-03-13,54.74263593389516,52.63427958772101,54.74027230169875,52.680010011787935
2024-03-14,55.32584872527643,52.67847335330581,54.747069494904366,52.594285262541554
2024-03-15,54.82969097329751,52.593543820342894,54.61111121484308,52.52397001949356
2024-03-18,53.54597004799264,52.67124338197814,54.59384421513344,52.570137435256555
2024-03-19,53.310202555536016,52.61677751006625,54.47253391998736,52.57523766815025
2024-03-20,54.08052694193694,49.470822950736185,54.55427311652329,52.542357156505325
2024-03-21,55.08594543847133,50.378123616825874,54.46746207493178,52.48001664082541
2024-03-22,54.069673479182114,50.17233252556459,53.91365139482013,52.48612766975359
2024-03-25,53.598834309131185,50.88241449442717,54.328428251600194,52.71887105321327
2024-03-26,52.884675761710554,51.25558573188634,54.37910791626008,52.74963387786825
2024-03-27,53.76793566780131,50.18456829509329,54.40658646083209,52.721354300742696
2024-03-28,54.216300587528906,50.2227721160076,54.45440052968408,52.872308695267186
2024-03-29,55.54924150822556,51.04385938789008,54.920050830041845,53.352772556760605
2024-04-01,56.82012997657125,50.565287619838074,55.82220321420508,53.908910404722086
2024-04-02,58.30941778726114,50.70134691626321,55.74902807312838,53.62290227075961
2024-04-03,57.54906339506917,50.816090159725725,56.24649716014736,53.895520134397344
2024-04-04,57.35711387600887,50.24140596787807,56.4080246852165,54.045816369412734
2024-04-05,59.133077720494164,50.82209155464449,56.45105701327419,53.89556284964778
2024-04-08,57.83198601040672,50.33689451655092,56.34060014771678,53.72123148389506
2024-04-09,54.41608570005032,50.14196811869704,56.32828812806358,53.73602684046137
2024-04-10,54.67902480059909,50.09668680519383,55.79507323392639,52.27310040937212
2024-04-11,54.9422812954508,49.93795957103702,55.9134101102036,52.266288471701294
2024-04-12,54.70068571494141,49.828005657266154,55.85864230514578,52.03872616231205
2024-04-15,54.211044841192816,49.77561545518275,56.07131769577942,52.28671400647361
2024-04-16,60.65293389050812,53.14893688231859,57.1087057278559,52.70328896262995
2024-04-17,59.41272721802973,52.022462915189074,56.961130728899,52.754819851956725
2024-04-18,59.93187321063318,51.6638294730141,57.04620654700254,52.76940873905599
2024-04-19,59.80010366173876,51.88138415906302,57.210329421963124,53.302650192028075
2024-04-22,60.420859036381295,51.76415794767686,57.0678767595606,53.33179749111005
2024-04-23,58.96108021526374,51.23527561622632,57.03514733660347,53.49979040399757
2024-04-24,59.73050922723723,51.753822875529124,57.03208233858385,53.572894456719226
2024-04-25,59.75725723837893,51.57172972940127,57.06687859046322,53.41107781929906
2024-04-26,60.707045664431824,52.28377646865685,56.47869218170146,53.373730339891914
2024-04-29,60.59192538716018,52.36298868697046,56.29084948127766,53.37209651245304
2024-04-30,60.20341551454082,51.381590135278934,55.83969125475494,53.17971602605335
2024-05-01,60.89220862039764,52.112786299947885,56.68228934418846,54.043004444737186
2024-05-02,60.721582083435855,51.263722181950854,56.50725155243007,53.817165717498916
2024-05-03,60.475451238126986,51.48126113082909,56.82627547782645,53.800741079438886
2024-05-06,60.11293423259624,51.20128374244324,51.62462306987807,53.82503593307327
2024-05-07,60.312117261665236,51.851062431895244,51.844647543150266,53.09666684124588
2024-05-08,60.647851349383544,51.5889519586576,51.55062374432489,53.039575782923784
2024-05-09,61.7874546139921,51.74051961804776,51.23024059112142,52.964386274794876
2024-05-10,61.88777225477416,50.59931649508044,51.874102361487,52.911112866361464
2024-05-13,62.88987450166874,48.9857718677434,52.00573289467842,53.09209263722089
2024-05-14,62.05527043253834,48.73052729398454,51.781960498319854,53.26686206653834
2024-05-15,61.8826284223831,48.388919278877104,51.5069336810466,53.36184135924324
2024-05-16,61.35636914409217,48.62052116884573,49.17534600227329,53.13002890591589
2024-05-17,61.53077539036704,46.90472929648307,49.203061689611765,53.0156104592439
2024-05-20,61.9347339423464,47.15313659505528,49.37132219147551,53.073105565375975
2024-05-21,61.81218510406525,46.73159425605961,49.49554464723062,53.35906104671038
2024-05-22,62.604851813485936,47.0425830788176,49.65911839791935,53.38841157487465
2024-05-23,63.74256778463718,47.79155470168712,50.0326852703794,53.553351424431604
2024-05-24,63.79178390266655,48.747913775373966,50.27165077651708,53.54453578947995
2024-05-27,63.29467922230641,48.71241011568889,50.24836421255713,53.49832695732706
2024-05-28,62.88554032677387,49.055338104042775,50.09115284093666,53.43117057450642
2024-05-29,66.74209320900235,51.45015463049012,48.68971687454883,54.22224779929207
2024-05-30,65.34820872967015,50.1714608041434,48.19687334877988,54.035552289083434
2024-05-31,66.05541965829606,50.0599634004217,48.41605933422075,53.85546306900393
2024-06-03,65.93836626435431,50.20385768622483,48.46376745990191,53.956188939561976
2024-06-04,67.23361694658227,49.9140136973627,48.69504549787747,53.989487839757544
2024-06-05,66.73323586168385,48.84646171548515,47.864052658583,53.85222794403468
2024-06-06,66.60151502322098,49.159318719215776,47.80168313141086,53.75169195960804
2024-06-07,66.3425814495488,49.26951814370552,47.90468135451252,53.8947616085889
2024-06-10,66.92089990224574,48.952661930889576,45.75574510331128,53.7930641177052
2024-06-11,67.67073047842611,50.10332558517847,46.83575139583407,54.2396369857212
2024-06-12,68.46747215455223,51.440880629885974,47.54003757553603,54.1835847350337
2024-06-13,67.47937440653227,53.27254421210853,48.494527582304634,54.51015755242642
2024-06-14,69.25903593375769,54.289617803799494,48.550826990653775,54.55277828592253
2024-06-17,66.65104958916714,53.77996582680106,48.41694434214297,54.73926307032882
2024-06-18,66.5851113469921,53.63002278413912,48.37241703895837,54.701850371407346
2024-06-19,67.04804329761267,53.965074996867216,48.426709439529056,54.01445806961193
2024-06-20,66.87075867852992,54.33228475622165,48.57228749028169,54.312372215214076
2024-06-21,66.08045059209321,54.8973823105962,48.57651126167457,54.239771079650566
2024-06-24,66.3413151638444,54.73055477838399,48.39493534934654,53.92614453678048
2024-06-25,66.00491318176778,54.555955699416906,48.48651005881964,53.80594436989586
2024-06-26,65.53495028971899,54.911625009711365,48.422874038294985,53.41218959600219
2024-06-27,65.4762344199618,54.894450600246216,48.315199931452064,53.365090084335186
2024-06-28,65.74553778561682,54.78631908966165,48.42490980355262,53.3141988400419
2024-07-01,66.45692246492726,54.55969979963767,48.34603823165322,53.23059882299891
2024-07-02,66.4559430791038,54.830362645423634,48.4087514753868,53.22784041927701
2024-07-03,66.89172843794651,55.17672642760021,48.36296175176244,53.21076073910781
2024-07-04,67.65841585111001,55.76995095182462,48.428304998886034,53.271247113880236
2024-07-05,67.84654795528567,55.63253332583997,48.57398691743238,53.01786762269861
2024-07-08,65.11075651019087,55.33083289239214,48.496613690291554,52.66652940367089
2024-07-09,64.26237194185369,55.039974994721554,47.98568249979153,52.504377063065455
2024-07-10,63.97117345498366,55.41977535790591,47.876528650120896,52.4092189604537
2024-07-11,63.60975338358724,55.539711758396,47.85510462625629,52.519166376398694
2024-07-12,63.25295658539998,55.36956627484583,47.85039861692195,52.44639275455173
2024-07-15,61.723562193464474,55.41186314378346,47.82428662111964,47.98211939134085
2024-07-16,60.735821420232384,55.62719455930743,48.19808812722403,48.23920606211945
2024-07-17,61.150905750981664,55.955942701061545,48.1313430192395,48.148868411518144
2024-07-18,61.41156836888679,56.59505343384844,48.314800117786376,48.07311231773099
2024-07-19,62.28989818810435,56.45839409726386,47.50467902014985,48.542655332866396
2024-07-22,64.0467965285356,56.39237371509225,46.587299441452814,48.63434787817941
2024-07-23,62.989702838135486,56.26224485376955,46.32004145023003,48.66542498556628
2024-07-24,63.85745333575649,56.56107234753275,46.06711978741476,48.43371623242375
2024-07-25,64.22433495575171,56.15287270257129,45.50908571943852,46.576122906750356
2024-07-26,63.49762151103854,56.29400538540311,44.60678649849824,46.45623973078199
2024-07-29,62.48483072508763,55.414018742172914,44.56347320482868,46.68171077157916
2024-07-30,62.22090635753633,55.73619976332292,44.09827023746962,46.751451460946555
2024-07-31,61.68390912235453,55.500993248582255,44.14327252003007,46.75054320068425
2024-08-01,64.50105082249857,56.664911135910145,45.208369955618736,47.18200395185922
2024-08-02,68.23865278115264,61.70328634559541,51.623078133548006,51.32459727998439
2024-08-05,86.82157623463395,72.30805307524228,63.797847079966715,59.555551716142304
2024-08-06,74.40901656295506,71.33259049591709,62.36282324164236,59.21914437058706
2024-08-07,78.54933574089445,74.69952728626298,65.71464043907055,60.66064131680399
2024-08-08,77.99989815411985,74.08898223570691,65.22801678944215,60.74468133098888
2024-08-09,77.84866803620825,74.07396486933915,65.22171389074444,60.802359481826684
2024-08-12,76.6526675203156,73.45547835696237,65.00830685340838,60.737036104493534
2024-08-13,76.41966073358081,73.34554621248292,64.66020369560667,60.747621529607464
2024-08-14,76.34381661432299,73.45854686345949,64.90179548087967,60.47578725844046
2024-08-15,76.22089883488309,72.58719961548573,64.69175279795785,60.54340513512375
2024-08-16,76.86198996159746,71.99184250046423,64.64369946261492,60.32265202735552
2024-08-19,76.43432900216264,71.90598714975839,64.60318721827659,59.94303315327784
2024-08-20,75.61154982564705,71.647119600495,64.3917442703755,60.277353641842005
2024-08-21,76.12844679621482,71.87166403561027,64.37212163773118,60.50065063826763
2024-08-22,76.37432114705175,72.30009477737651,65.0872580651582,60.852740667674
2024-08-23,77.05191826160016,72.34534001870493,65.25073483288557,60.720163023147656
2024-08-26,78.54822245816729,72.55341267254614,65.63062016126166,61.097744263471576
2024-08-27,78.65301629382043,72.68885476162848,65.79073607551396,61.184766016910885
2024-08-28,78.94778220114293,72.83701840638452,65.96157750805286,61.27504216310399
2024-08-29,78.53555353542369,72.91684995923386,65.99653544032617,61.151177030857305
2024-08-30,78.33651533022949,73.13923298370634,66.13170212342138,61.271888643187566
2024-09-02,78.57558374308783,72.55172552838997,66.38406142094485,61.592929803598594
2024-09-03,78.47293229019093,72.63526378670248,66.80661138832346,61.79355057162731
2024-09-04,78.17540416098826,72.38970093509988,66.9893287330495,61.58071093496941
2024-09-05,79.22401097497097,72.278465660099,66.99039951665243,61.56441524375719
2024-09-06,79.1852322465477,72.63742211439525,67.0347678382322,61.617365134918124
2024-09-09,78.2519440498457,71.74374431676597,66.76920376321877,61.39441385763737
2024-09-10,78.0725686780165,71.0465523617053,66.65883350368105,61.339284303857724
2024-09-11,77.35588902223512,70.90436282546231,66.57320530449077,61.18481085055999
2024-09-12,77.41656387490885,70.44852852294493,66.86300440947602,61.32234259120419
2024-09-13,77.66084637804359,69.93104579098149,66.75517324434172,61.38862906241347
2024-09-16,78.58295402822183,70.66355380892949,66.70130164719555,61.427124002557974
2024-09-17,78.57560732956337,69.18339783003077,66.64995878545386,61.213431552377386
2024-09-18,78.32452109204861,69.62425036863557,66.87998515738917,61.068435757980765
2024-09-19,79.00066189874619,70.1892327658272,66.9825417030674,61.618055039074925
2024-09-20,79.36127645221846,70.40598391069669,66.82968124274883,61.2258731367823
2024-09-23,79.12613174102961,70.75490782366559,66.96881242098365,61.10624809630005
2024-09-24,79.50787733802291,70.54622515065331,67.10217360103974,61.4096232381699
2024-09-25,78.9840093484166,70.54389093706762,67.23942035676802,61.31602889629143
2024-09-26,79.14519832813916,70.74052156743817,67.49741105583699,61.44353391119035
2024-09-27,79.17362423656348,70.56040568042151,67.23584637044219,61.082909861126126
2024-09-30,79.65391153304338,71.11138425936183,67.06179805290472,60.326238420932356
2024-10-01,79.34841458728688,70.75978560885382,66.94173716920521,60.20509172686567
2024-10-02,79.43208724637796,70.55250172978923,66.99684263803356,60.09144006148114
2024-10-03,79.11270938014685,70.76959449708603,66.93815671193555,60.37092526612401
2024-10-04,78.37045836638984,70.39685234011858,67.22440857265961,59.840491279511795
2024-10-07,78.89027608421134,70.25842818195127,67.40960815572438,60.070094012961384
2024-10-08,79.00115899277912,70.05828384439306,67.32928554451526,59.87568900265682
2024-10-09,79.07895259078309,70.260254842229,67.27483776043648,59.96862959322948
2024-10-10,78.93075902029885,70.24446615066235,67.44637936181728,59.991808144578144
2024-10-11,80.0390849505276,70.66171096487312,67.53229348125306,60.22313480234976
2024-10-14,80.38231298497294,70.66710449494427,67.60474945259595,60.241149804260566
2024-10-15,79.764785447186,69.63540497149175,66.94482892313538,60.11066164688481
2024-10-16,81.059115710393,70.07087860957408,67.39567500603513,60.20309551025868
2024-10-17,80.6257750923463,69.76979663381594,67.29488624412102,60.07773930870917
2024-10-18,80.39736767296463,70.20572694341564,67.24917641121002,60.06949946806023
2024-10-21,80.49547428072914,70.01233234121628,67.24201631729576,60.13394429637472
2024-10-22,80.02356164874847,69.94010323226574,67.0342571523974,59.77954778928552
2024-10-23,79.02932794480456,69.9976013195588,67.12497620206781,60.06634832701695
2024-10-24,76.31682532061774,70.42412921265863,66.69730468633794,60.36206268103206
2024-10-25,63.82456786909706,70.42792496192163,66.01994480573671,60.42263373625359
2024-10-28,61.97651535668054,70.24189669036168,66.1954238602211,60.48705075677668
2024-10-29,57.19707087842439,69.80029895048114,66.1476559283387,60.37693810010255
2024-10-30,60.28364531420208,70.12515320599887,66.45253999712152,60.868327837036304
2024-10-31,60.95331386530224,70.76510679871427,66.28160087531299,60.901907491280994
2024-11-01,61.36796123582222,70.71928647568906,66.0306813569996,60.79918274453039
2024-11-04,59.34544492360403,70.68534122248336,65.99470689134449,60.93382646495298
2024-11-05,59.42855470676406,70.67258721831134,65.8750748601325,60.97634460716288
2024-11-06,65.1591151973472,71.36993669617283,66.46266025793288,61.49764237858915
2024-11-07,60.855067722517596,70.89468303085904,66.05156801970178,61.097072545162966
2024-11-08,60.18744200545878,71.2170914246155,66.11201902723988,61.12677422218865
2024-11-11,60.41592651218139,71.27876816208551,65.16045545488794,61.10538002298751
2024-11-12,64.00177987540118,72.12195245458301,65.94023500641133,61.96302928001399
2024-11-13,62.49753350937305,71.9136164620776,65.92512147323103,62.0108949585133
2024-11-14,62.690404147849634,71.7987108914576,65.81186390824897,62.006434172403935
2024-11-15,63.58627891125811,71.56663196325862,65.94198466171399,61.737977318161676
2024-11-18,62.57418454038597,71.71102038647015,65.32528250553764,61.595840323027396
2024-11-19,62.25266116565658,71.57481053583341,64.92654763575023,61.66680580579072
2024-11-20,62.15820028184203,71.32963324948062,64.96786307035333,61.578414229195886
2024-11-21,61.70819636855245,70.45748599136829,64.47273725290653,61.68979062967157
2024-11-22,61.81079544096729,70.38131022416225,64.1252122706936,61.48160497712395
2024-11-25,60.480405862206474,70.44458539172818,64.35106138291283,61.27586306231109
2024-11-26,61.87175355420958,70.25284659811561,63.55011551902224,61.29910591291774
2024-11-27,61.1969550314175,70.06474673678011,63.58686175207859,61.35162044143346
2024-11-28,61.73926870632198,70.27199069813771,63.620250419463744,61.17872228390602
2024-11-29,62.534700194110094,69.57710351869396,63.755605169657336,61.01616665154223
2024-12-02,63.24944226711388,69.28044695356273,63.39641036452359,60.77450386758123
2024-12-03,62.28456097464069,69.25485782035312,63.11894779827995,60.632899450085006
2024-12-04,60.9550623619758,68.38401318999006,63.0220006408901,60.585389000402046
2024-12-05,61.37414318392346,68.41600390559904,63.26165114065157,60.71122514742463
2024-12-06,61.0033598224267,68.44639051686121,62.72516873480487,60.2036047573948
2024-12-09,60.71690668983562,68.33028806374196,62.76241882949657,60.082404624430794
2024-12-10,61.17204714983108,68.31045395856266,62.76479145792146,60.10275247143466
2024-12-11,60.854721057580385,68.61874394370389,62.639515424559,60.1050466442802
2024-12-12,59.90233016482228,68.9745850753939,63.085241004166335,60.175273455774025
2024-12-13,60.29874953620998,69.18438640784184,63.42852896621602,60.69817979738602
2024-12-16,60.61298843049082,68.98438295295615,62.949858073523565,60.70878800833594
2024-12-17,60.05491526081733,68.73878706899474,62.686003253062026,60.56499568625847
2024-12-18,60.274514502529776,67.68813993213723,62.3924045139293,60.52914408167717
2024-12-19,62.483767627865014,64.56968977005276,62.73371183463542,60.931573652341555
2024-12-20,62.15393281606178,54.497206989638805,62.627697916396976,60.868107279259
2024-12-23,62.9039254963786,53.77473291872171,62.74060554324936,61.00454169720383
2024-12-24,64.06532076365389,53.44648493094996,62.90127595175895,61.32739291754034
2024-12-25,65.48557666902704,54.72638602909644,63.80678211307631,62.286051365434915
2024-12-26,66.67483144667585,55.90177673134241,64.61495179938225,62.90628297776591
2024-12-27,65.64713754923585,56.01117948662687,64.69856315683661,62.76971178082948
2024-12-30,66.0771533865197,55.8904884797629,64.52552680582862,62.67190060442947
2024-12-31,66.46689044091953,56.33369823491516,64.7143596401077,62.68009209317101
2025-01-01,67.29752312720744,57.548222254885815,65.12791031043112,63.10919558217329
2025-01-02,67.42545586970347,57.9998888667336,64.61387597860558,62.20786900091094
2025-01-03,67.18024088023252,57.98974217928334,64.64232989126111,61.52575342242187
2025-01-06,68.2088314165386,57.49714732664529,64.2929420913335,61.48173395803376
2025-01-07,67.70912983066097,56.913197931692025,63.85358868856545,61.41887480707692
2025-01-08,67.36342067242317,56.159222529755084,63.6403486604913,61.307066378476826
2025-01-09,67.1668663854572,55.852351778983135,64.01713790589521,61.2695033725926
2025-01-10,67.20165104420211,55.330395429299486,63.717352732196375,61.172195010505334
2025-01-13,66.5730022039736,55.21022217013515,63.85586577685326,61.23106028061846
2025-01-14,65.51391813945835,54.85528028832619,63.94062162224823,61.247059831266924
2025-01-15,64.88478149199129,55.106424246306,63.81782504012724,61.460346126421925
2025-01-16,64.81371864493548,54.641226828472696,63.75537838162767,61.3713797584921
2025-01-17,65.87537726204577,54.60151239619986,64.08151638083432,61.56320204986583
2025-01-20,66.6819404619507,54.57020155147569,64.34524053691281,60.92604686595461
2025-01-21,66.21466497216389,54.99272701210134,64.2961279719717,61.06199411761648
2025-01-22,66.24266486328546,55.137767041838,64.34560787334198,61.30599690013142
2025-01-23,66.88439642128031,55.12727311451487,64.2478955683696,61.2336727918328
2025-01-24,66.54566530653561,54.7587842507353,64.68188886675162,61.722608313681036
2025-01-27,67.43130710579061,55.15790937504358,65.07010522588808,61.55948282160203
2025-01-28,66.2654483276826,55.22955993233487,65.10882908968699,61.45346034175921
2025-01-29,66.9609397326526,55.11701391600899,65.02545849480252,61.54916099634916
2025-01-30,66.90680353599893,55.15438398652343,64.80626547501709,61.23544103428308
2025-01-31,67.27997493975508,55.148192244089564,64.93618263045174,61.20144428736513
2025-02-03,68.04074703550455,56.64231332269881,65.51293599678043,61.696952268043525
2025-02-04,67.89708885717431,56.39259853624945,65.30597004277979,60.73738127163247
2025-02-05,66.69368105717723,56.34306445959869,65.4006640448861,60.89404738743512
2025-02-06,68.95665625729043,58.10738790441009,66.32632799928774,61.52748848713948
2025-02-07,68.29844454474927,58.62332952215997,66.57088090227671,61.956915717054805
2025-02-10,67.7690093627114,58.78113597679571,66.89414239702775,62.25068981985778
2025-02-11,68.24270959409809,58.787351511261896,67.18907441943894,62.32180130278262
2025-02-12,68.23948016370845,58.50508969313681,66.92702487634881,62.339021006054466
2025-02-13,68.08016938666795,58.36991088803741,66.78466898001126,62.18904851282178
2025-02-14,67.75887550633216,58.41936686221496,66.71573754233835,61.992852477450235
2025-02-17,68.33116242449914,58.92941631021207,66.83236738243673,62.11082858005592
2025-02-18,69.22596943242553,59.38078165340457,66.83599656291892,62.10816997135616
2025-02-19,68.70030796836679,59.699114812564815,67.2293348277524,62.11221739658333
2025-02-20,69.43866789070363,59.84513514082035,67.29068140079066,62.17105068425746
2025-02-21,69.01164672295197,58.75577995661313,66.73462562956392,61.910786074926186
2025-02-24,69.11676837334333,59.31257313800046,66.67651286946776,61.70000875912075
2025-02-25,68.68814448664142,59.25539414985851,66.71828236709706,61.708902996992244
2025-02-26,69.39472840951231,59.49386358344425,66.60718737967669,61.84394442972163
2025-02-27,69.22634728641363,59.168831672917534,63.82590314564553,61.62411061521988
2025-02-28,68.82180094500067,59.23419959573407,53.69182374756446,61.55731663665358
2025-03-03,69.5564592719462,59.38103076867649,52.90971984789915,61.32418110037373
2025-03-04,75.20476627615163,64.43770376406853,57.612449722357596,65.51447583294933
2025-03-05,73.65202891876832,64.91263214325146,59.108367511662806,65.25522067130478
2025-03-06,72.33187885381138,63.39092411740332,57.82576092970183,64.48005330654617
2025-03-07,72.36541247497253,63.191023146598724,57.848360723897464,64.52101149305969
2025-03-10,72.40588712672651,63.024189013521315,57.25709181553677,64.23642518122938
2025-03-11,72.14825021760385,63.049908040990275,57.75170584498204,64.5833173398973
2025-03-12,72.70167269158235,62.91147097357682,58.00888761605659,64.50165398223649
2025-03-13,72.69896228255875,63.29149185341817,58.44315999922573,64.3576706587405
2025-03-14,72.24536761467527,63.20300463480996,58.51406501358867,64.52369708687289
2025-03-17,71.87525347477415,63.0661248097458,58.402883909503046,64.22435584847469
2025-03-18,70.37469402220728,62.53029949395666,58.09789852958925,64.01378095500347
2025-03-19,69.95404754059874,62.818859758248365,57.684488915925336,64.05996907263696
2025-03-20,69.68934421656618,62.840554706240525,57.6007765610792,64.300295845601
2025-03-21,69.6886548885824,63.01216789317421,57.416911559956084,64.2939501844852
2025-03-24,69.35693372511935,63.03328818897995,57.229358943326226,64.27588349978005
2025-03-25,68.54941899909701,62.716231416793036,56.887996018979884,64.23655092349605
2025-03-26,68.4153439362327,63.2251882965075,56.80593280919464,64.0919415537366
2025-03-27,67.97183930118719,62.98805350518817,56.727091248043656,64.20747590220643
2025-03-28,67.47591004797555,63.07879856377462,56.599853328755586,64.41853464657507
2025-03-31,69.63501055788079,64.33703772794178,57.89848504517289,64.9559338132235
2025-04-01,69.37139073709503,64.43371266331013,58.06398743563417,64.82051496374511
2025-04-02,69.40875248090317,63.54425680880491,58.045075487193806,64.81699750811704
2025-04-03,75.56810816455459,69.13204854982985,62.303586337062924,67.58401522366643
2025-04-04,85.71898059993946,81.97742939224666,79.0118932063077,77.8380279764194
2025-04-07,88.82872277806469,85.80831848697463,81.6774048082768,79.93246334653597
2025-04-08,89.3665453689949,87.35274679227459,84.16396549326679,82.21251000816649
2025-04-09,92.59519924518311,88.5968567668943,85.02011020371593,82.86434647814997
2025-04-10,91.42127249052345,89.31867132267544,86.44516713440957,84.93688018155432
2025-04-11,90.93135106893729,88.17550098875057,85.21557407664822,83.93325872753027
2025-04-14,90.98009322694524,88.62429999900165,85.63002673836053,84.3272569425266
2025-04-15,90.68541603224696,88.38850457564502,85.38883932535126,84.1561643776956
2025-04-16,90.7722712523059,88.56060801824577,85.44235932110699,84.19656630650562
2025-04-17,90.84755570214955,88.596325074157,85.4845553433243,84.23524568985012
2025-04-18,90.60808160349993,88.84571731092791,85.59061671688376,84.49955270854318
2025-04-21,90.6882269657253,88.92509956151244,85.73637203061098,84.638224098764
2025-04-22,90.61400447524429,88.87127996178856,85.6194717476752,84.65939281524084
2025-04-23,90.78350980470941,89.10284235941192,85.85541993456216,84.78111418620023
2025-04-24,90.55099348478963,89.26572318588981,85.94165613137356,84.84471258996432
2025-04-25,90.72374678190602,89.30392434084577,86.0080761708083,84.87960233542191
2025-04-28,90.71887962052105,89.31223921679266,85.94343135450522,84.82581686246877
2025-04-29,90.63326781299817,89.11554753617811,85.86700890928711,84.77231038256473
2025-04-30,90.76877245829291,89.05184087388778,85.79761330667324,84.82922675937236
2025-05-01,90.90965002688573,89.18502463069721,85.98158359305341,84.94424108192551
2025-05-02,90.79091347503744,89.15281855796437,86.00006684351727,84.9159350153555
2025-05-05,90.3006012443201,88.94153425163317,85.98205702875823,84.83967249208642
2025-05-06,90.23466760077555,88.94671901074067,85.96974695663965,84.82928194171751
2025-05-07,90.21544247877215,89.16355125427611,85.88230592441019,84.83379575543985
2025-05-08,89.964238722806,89.16251989079879,85.78263683225997,84.2672524565262
2025-05-09,89.9651830397233,89.12947624821844,85.7061683280533,83.786675716115
2025-05-12,89.90571949903803,88.85148871397239,85.65777998987562,83.9904570764553
2025-05-13,90.23201545649306,88.69633692048585,85.59895824189626,83.83436396960026
2025-05-14,90.1911101193097,88.57277075738598,85.67217255385827,83.73852131775263
2025-05-15,89.76306855231776,88.40148113805351,85.3742884457105,83.50623713841001
2025-05-16,89.55099695772289,88.11447289557422,85.26108184424531,83.53178929759815
2025-05-19,89.16932937433354,87.66666045633195,85.04482746293505,83.21497691746977
2025-05-20,89.25907892949067,87.5348249912659,85.0455112086903,83.24117312862354
2025-05-21,89.11291375028098,87.50940608476408,84.85208854974734,83.25656214703615
2025-05-22,89.20925446927536,87.35407800576004,84.74849519337322,83.2224189943546
2025-05-23,89.33459177356254,87.21661644925938,84.61283246500993,83.08540227939953
2025-05-26,89.06996157009478,87.12584906287901,84.54895564042927,83.05148547526781
2025-05-27,89.0234592475401,87.02994010473631,84.39713868099075,82.91713678736255
2025-05-28,88.58084095336926,86.97979255942269,84.41567000726096,82.69620372320936
2025-05-29,88.35166285449762,86.94380731522578,84.43040711092111,82.70808168698596
2025-05-30,87.98186234180643,86.8367823414649,84.38048771301318,82.60812945274596
2025-06-02,88.91165090673235,86.82790890006392,84.38835482412148,82.5954532262481
2025-06-03,88.13661231028043,86.99742960969364,84.806837346111,82.6487484425083
2025-06-04,88.23169733343641,87.11854633093728,84.85740333205054,82.66534136932145
2025-06-05,88.53096286547742,87.08420987700673,84.83760968387445,82.59634788491368
2025-06-06,88.88706111174116,86.82185464126816,84.83319513712712,82.59249996938631
2025-06-09,89.2514551683857,86.90665381628922,85.09659648572072,82.63956161079192
2025-06-10,89.14903554640773,86.74764779659748,84.9919468324288,82.5930133904673
2025-06-11,89.50989830890933,86.93047822023848,85.1229020885628,82.68983066429855
2025-06-12,89.54321606740152,87.07374915207441,85.22606873992403,82.7397172635623
2025-06-13,89.54920077353424,86.47844089898929,85.33513948047681,82.79562999869849
2025-07-02,89.54143086267396,86.39054040580808,85.4377601326496,82.8018620513766
2025-07-03,89.56359075727867,86.51721038740486,85.47638688034176,82.74095516103996
2025-07-04,89.93956237276963,86.59486000269334,85.5287743774379,82.77657480910236
2025-07-07,89.88012116960698,86.50692224166534,85.55334154518178,82.73712822589643
2025-07-08,89.85685568592807,86.5280868669494,85.38191560209448,82.73371794004369
2025-07-09,89.73967154643407,86.56882503114194,85.33780160013097,82.69642848469007
2025-07-10,90.03225934233772,86.67596880590386,85.29029603326549,82.69084400585687
2025-07-11,87.70228692265162,86.6797218038898,85.31243654137694,82.70610328027995
2025-07-14,81.16354477604834,86.89885851112044,85.36566884197701,82.81260735527728
2025-07-15,77.80548313428024,86.96801415334366,85.47159300633318,82.7173428207639
2025-07-16,76.7586440379913,86.57303786511262,85.30321484639116,82.66436501324229
2025-07-17,73.80730187004892,86.59747541448866,85.32562134603062,82.57883143747901
2025-07-18,72.66918929856378,86.68381786650106,85.37281410198588,82.65836324587191
2025-07-21,73.74777960792187,86.66722542374785,85.56318937139847,82.70441929563019
2025-07-22,71.4402462787455,86.59490023015977,85.50520920590357,82.7594983532124
2025-07-23,70.25851576100978,86.54283773862772,85.51155864635949,82.70665066655374
2025-07-24,70.12112735763904,86.72251779969228,85.29942484108814,82.69860977446817
2025-07-25,69.75660366352358,86.59037687679223,85.28402396064641,82.69745676895396
2025-07-28,68.89069834586873,86.83741358697814,85.35392022163333,82.76953924067413
2025-07-29,66.3599719627411,86.8482376585031,85.33528556674354,82.68543895738097
2025-07-30,66.69359379282547,86.73016183831092,85.2250758128735,82.7012573515675
2025-07-31,62.219735409281405,86.73626068859043,85.20127983257284,82.65424750913397
2025-08-01,65.69878889219552,86.5742071058464,85.30432929551642,82.5379157222504
2025-08-04,64.2586780326684,86.60249121509693,85.20363150618913,82.35963741538356
2025-08-05,64.71294848771117,86.65015170831862,85.16543803585677,82.36843464129176
2025-08-06,64.42074425406803,86.51059138061264,84.99610782548818,82.46063616530982
2025-08-07,64.79559009016668,86.86804534670402,84.85857348021773,82.4752235230769
2025-08-08,63.49446738781236,86.6785658851677,84.70253324183481,82.53231472776564
2025-08-11,59.831649602142534,86.4805499322832,84.7828312827622,82.4332881685815
2025-08-12,60.279529385394504,86.58576703326591,84.69442222038262,82.4549633949325
2025-08-13,61.150759473321216,87.18921627672775,84.68486966772431,82.49073446425905
2025-08-14,61.236180292817934,87.08917627440094,84.43672193851084,82.44753693012186
2025-08-15,61.25863173230465,87.15946458580052,84.49476196413416,82.3429273774465
2025-08-18,60.88387954232222,87.14256338388428,84.42397569130465,82.26390485527554
2025-08-19,61.227217178678615,87.2171999737272,84.34784824326475,82.21210589980853
2025-08-20,61.54217153734864,87.07401263821461,84.3326101912445,82.16918921848479
2025-08-21,61.46012675125646,87.20452667941349,84.47756128346253,82.12496845362477
2025-08-22,62.48987158109306,86.80962004989082,84.26106117733475,81.92197356517788
2025-08-25,60.90016731809463,86.74600044943594,84.20701991963949,81.90860285164709
2025-08-26,61.66848288161786,86.68933260894205,84.20082934296009,81.9127257088922
2025-08-27,61.855444717422245,86.79657621414802,84.13251537549877,81.86225785681934
2025-08-28,62.14013148038507,86.71458665332992,84.11134928810728,82.15404776652629
2025-08-29,61.94617253568667,86.76256556068812,84.2604552332236,82.22180558361941
2025-09-01,61.36669973494144,86.75190448457715,84.20480472638786,82.18899826528644
2025-09-02,63.690240818914475,86.54795380927233,83.83684283551781,82.08158728928517
2025-09-03,62.96101239191684,86.75697561858368,83.9194009528184,82.26468455656325
2025-09-04,62.719606136560635,86.76715817362029,83.89391931289744,82.23483559095428
2025-09-05,62.65269241230153,84.60330208789337,83.94018570333157,82.22358608251078
2025-09-08,63.37025423521624,73.8058418670523,84.0245780302643,82.35537492038921
2025-09-09,63.473928751151476,72.59767840500156,83.57302439802496,82.4287123194904
2025-09-10,62.70566582463836,69.56834267657769,83.6092847225267,82.5400275802997
2025-09-11,62.399898339168594,66.05458502108658,83.61959962920353,82.5839839607601
2025-09-12,62.63655369646226,63.89143604884118,83.70928976793286,82.63311069771578
2025-09-15,62.200088204810775,64.15427264010297,83.60932388980808,82.67390492030975
2025-09-16,62.189999712287346,61.40915754904983,83.62642233258669,82.52147053954766
2025-09-17,62.887570325791586,59.230416129559735,83.76096680616337,82.52605150771753
2025-09-18,62.05150286204463,59.181314822019296,83.80511454640852,82.47411981846979
2025-09-19,62.279197975096125,59.355774265495384,83.8185441787682,82.63159884148871
2025-09-22,61.52164273069944,58.4387615895222,83.97277601374874,82.67919764970243
2025-09-23,61.631379333546974,57.24290410871138,83.99077461128637,82.75877379663477
2025-09-24,62.44311442575747,57.26664974439263,83.77135450555885,82.67145216007961
2025-09-25,62.86980424695968,54.72134916913771,83.87395620604488,82.67261888649085
2025-09-26,62.95070560712964,55.1228536992307,83.91591932177053,82.68967065495649
2025-09-29,63.67887110201451,55.2769556716539,83.93590058711337,82.84016107868305
2025-09-30,62.71773083644644,54.936131811926494,83.8687388057119,82.7820605317125
2025-10-01,63.98212805095959,55.280255306785364,84.01409702750998,82.82444550118456
2025-10-02,62.146861613262374,54.789490759759154,84.19241249271445,82.74725637166463
2025-10-03,62.45098003567051,53.492927593281046,84.14616760061155,82.7399465225298
2025-10-06,62.053287606040385,50.66664771201715,84.24898292194604,82.72390637723535
2025-10-07,62.13287719241221,50.584192326281794,84.3474200788704,82.7530419459791
2025-10-08,61.709097720180885,50.9954054322867,84.375154083652,82.7777909196431
2025-10-09,61.573980033623,50.92856518216855,84.36244852624387,82.7733639877237
2025-10-10,62.029518846609875,51.28884391555767,84.39630590628084,82.92573152322034
2025-10-13,61.57600153666429,51.115855459531105,84.59784592611051,83.03965627997968
2025-10-14,61.54545280418585,50.57703742103629,84.65503304941399,83.02794933783089
2025-10-15,61.636511473969605,50.511004236135825,84.45675348116801,82.87123978509644
